<?xml version="1.0" encoding="utf-8"?>
<COLLADA xmlns="http://www.collada.org/2005/11/COLLADASchema" version="1.4.1" xmlns:xsi="http://www.w3.org/2001/XMLSchema-instance">
  <asset>
    <contributor>
      <author>Blender User</author>
      <authoring_tool>Blender 3.0.1</authoring_tool>
    </contributor>
    <created>2026-05-30T02:43:11</created>
    <modified>2026-05-30T02:43:11</modified>
    <unit name="meter" meter="1"/>
    <up_axis>Z_UP</up_axis>
  </asset>
  <library_cameras>
    <camera id="Camera-camera" name="Camera">
      <optics>
        <technique_common>
          <perspective>
            <xfov sid="xfov">39.59775</xfov>
            <aspect_ratio>1.777778</aspect_ratio>
            <znear sid="znear">0.1</znear>
            <zfar sid="zfar">100</zfar>
          </perspective>
        </technique_common>
      </optics>
      <extra>
        <technique profile="blender">
          <shiftx sid="shiftx" type="float">0</shiftx>
          <shifty sid="shifty" type="float">0</shifty>
          <dof_distance sid="dof_distance" type="float">10</dof_distance>
        </technique>
      </extra>
    </camera>
  </library_cameras>
  <library_lights>
    <light id="Light-light" name="Light">
      <technique_common>
        <point>
          <color sid="color">1000 1000 1000</color>
          <constant_attenuation>1</constant_attenuation>
          <linear_attenuation>0</linear_attenuation>
          <quadratic_attenuation>0.00111109</quadratic_attenuation>
        </point>
      </technique_common>
      <extra>
        <technique profile="blender">
          <type sid="type" type="int">0</type>
          <flag sid="flag" type="int">0</flag>
          <mode sid="mode" type="int">1</mode>
          <gamma sid="blender_gamma" type="float">1</gamma>
          <red sid="red" type="float">1</red>
          <green sid="green" type="float">1</green>
          <blue sid="blue" type="float">1</blue>
          <shadow_r sid="blender_shadow_r" type="float">0</shadow_r>
          <shadow_g sid="blender_shadow_g" type="float">0</shadow_g>
          <shadow_b sid="blender_shadow_b" type="float">0</shadow_b>
          <energy sid="blender_energy" type="float">1000</energy>
          <dist sid="blender_dist" type="float">29.99998</dist>
          <spotsize sid="spotsize" type="float">75</spotsize>
          <spotblend sid="spotblend" type="float">0.15</spotblend>
          <att1 sid="att1" type="float">0</att1>
          <att2 sid="att2" type="float">1</att2>
          <falloff_type sid="falloff_type" type="int">2</falloff_type>
          <clipsta sid="clipsta" type="float">0.04999995</clipsta>
          <clipend sid="clipend" type="float">30.002</clipend>
          <bias sid="bias" type="float">1</bias>
          <soft sid="soft" type="float">3</soft>
          <bufsize sid="bufsize" type="int">2880</bufsize>
          <samp sid="samp" type="int">3</samp>
          <buffers sid="buffers" type="int">1</buffers>
          <area_shape sid="area_shape" type="int">1</area_shape>
          <area_size sid="area_size" type="float">0.1</area_size>
          <area_sizey sid="area_sizey" type="float">0.1</area_sizey>
          <area_sizez sid="area_sizez" type="float">1</area_sizez>
        </technique>
      </extra>
    </light>
  </library_lights>
  <library_effects>
    <effect id="__auto_-effect">
      <profile_COMMON>
        <technique sid="common">
          <lambert>
            <emission>
              <color sid="emission">0 0 0 1</color>
            </emission>
            <diffuse>
              <color sid="diffuse">0.3513726 0.4015686 0.4517647 1</color>
            </diffuse>
            <index_of_refraction>
              <float sid="ior">1</float>
            </index_of_refraction>
          </lambert>
        </technique>
      </profile_COMMON>
    </effect>
    <effect id="__auto_4-effect">
      <profile_COMMON>
        <technique sid="common">
          <lambert>
            <emission>
              <color sid="emission">0 0 0 1</color>
            </emission>
            <diffuse>
              <color sid="diffuse">0.1066667 0.1066667 0.1066667 1</color>
            </diffuse>
            <index_of_refraction>
              <float sid="ior">1</float>
            </index_of_refraction>
          </lambert>
        </technique>
      </profile_COMMON>
    </effect>
    <effect id="__auto_5-effect">
      <profile_COMMON>
        <technique sid="common">
          <lambert>
            <emission>
              <color sid="emission">0 0 0 1</color>
            </emission>
            <diffuse>
              <color sid="diffuse">0.7058824 0.7058824 0.627451 1</color>
            </diffuse>
            <index_of_refraction>
              <float sid="ior">1</float>
            </index_of_refraction>
          </lambert>
        </technique>
      </profile_COMMON>
    </effect>
    <effect id="__auto_2-effect">
      <profile_COMMON>
        <technique sid="common">
          <lambert>
            <emission>
              <color sid="emission">0 0 0 1</color>
            </emission>
            <diffuse>
              <color sid="diffuse">0.2541177 0.2541177 0.2541177 1</color>
            </diffuse>
            <index_of_refraction>
              <float sid="ior">1</float>
            </index_of_refraction>
          </lambert>
        </technique>
      </profile_COMMON>
    </effect>
    <effect id="__auto_3-effect">
      <profile_COMMON>
        <technique sid="common">
          <lambert>
            <emission>
              <color sid="emission">0 0 0 1</color>
            </emission>
            <diffuse>
              <color sid="diffuse">0.5019608 0.2572549 0.1380392 1</color>
            </diffuse>
            <index_of_refraction>
              <float sid="ior">1</float>
            </index_of_refraction>
          </lambert>
        </technique>
      </profile_COMMON>
    </effect>
    <effect id="__auto_1-effect">
      <profile_COMMON>
        <technique sid="common">
          <lambert>
            <emission>
              <color sid="emission">0 0 0 1</color>
            </emission>
            <diffuse>
              <color sid="diffuse">0.6839216 0.5176471 0.1003922 1</color>
            </diffuse>
            <index_of_refraction>
              <float sid="ior">1</float>
            </index_of_refraction>
          </lambert>
        </technique>
      </profile_COMMON>
    </effect>
  </library_effects>
  <library_images/>
  <library_materials>
    <material id="__auto_-material" name="__auto_">
      <instance_effect url="#__auto_-effect"/>
    </material>
    <material id="__auto_4-material" name="__auto_4">
      <instance_effect url="#__auto_4-effect"/>
    </material>
    <material id="__auto_5-material" name="__auto_5">
      <instance_effect url="#__auto_5-effect"/>
    </material>
    <material id="__auto_2-material" name="__auto_2">
      <instance_effect url="#__auto_2-effect"/>
    </material>
    <material id="__auto_3-material" name="__auto_3">
      <instance_effect url="#__auto_3-effect"/>
    </material>
    <material id="__auto_1-material" name="__auto_1">
      <instance_effect url="#__auto_1-effect"/>
    </material>
  </library_materials>
  <library_geometries>
    <geometry id="ID64-mesh" name="ID64">
      <mesh>
        <source id="ID64-mesh-positions">
          <float_array id="ID64-mesh-positions-array" count="25662">-1.057648 3.197345 0.3421666 -1.157685 3.296317 0.3651196 -1.157685 3.194335 0.3526341 -1.057648 3.296317 0.3542821 -1.057648 3.296317 0.3542821 -1.057648 3.197345 0.3421666 -1.157685 3.296317 0.3651196 -1.157685 3.194335 0.3526341 -1.057648 3.105124 0.3066365 -1.157685 3.194335 0.3526341 -1.157685 3.099292 0.3160245 -1.057648 3.197345 0.3421666 -1.057648 3.197345 0.3421666 -1.057648 3.105124 0.3066365 -1.157685 3.194335 0.3526341 -1.157685 3.099292 0.3160245 -0.9572609 3.199225 0.3356549 -1.057648 3.296317 0.3542821 -1.057648 3.197345 0.3421666 -0.9572609 3.296317 0.3475453 -0.9572609 3.296317 0.3475453 -0.9572609 3.199225 0.3356549 -1.057648 3.296317 0.3542821 -1.057648 3.197345 0.3421666 -1.057648 3.296317 0.3542821 -1.157685 3.398307 0.3526341 -1.157685 3.296317 0.3651196 -1.057648 3.395289 0.3421666 -1.057648 3.395289 0.3421666 -1.057648 3.296317 0.3542821 -1.157685 3.398307 0.3526341 -1.157685 3.296317 0.3651196 -1.157685 3.194335 0.3526341 -1.257233 3.296317 0.3800427 -1.257233 3.190181 0.3670461 -1.157685 3.296317 0.3651196 -1.157685 3.296317 0.3651196 -1.157685 3.194335 0.3526341 -1.257233 3.296317 0.3800427 -1.257233 3.190181 0.3670461 -1.057648 3.025924 0.250118 -1.157685 3.099292 0.3160245 -1.157685 3.017684 0.2577855 -1.057648 3.105124 0.3066365 -1.057648 3.105124 0.3066365 -1.057648 3.025924 0.250118 -1.157685 3.099292 0.3160245 -1.157685 3.017684 0.2577855 -0.9572609 3.108748 0.3008 -1.057648 3.197345 0.3421666 -1.057648 3.105124 0.3066365 -0.9572609 3.199225 0.3356549 -0.9572609 3.199225 0.3356549 -0.9572609 3.108748 0.3008 -1.057648 3.197345 0.3421666 -1.057648 3.105124 0.3066365 -1.157685 3.099292 0.3160245 -1.257233 3.190181 0.3670461 -1.257233 3.091273 0.3289449 -1.157685 3.194335 0.3526341 -1.157685 3.194335 0.3526341 -1.157685 3.099292 0.3160245 -1.257233 3.190181 0.3670461 -1.257233 3.091273 0.3289449 -0.856675 3.199954 0.3331143 -0.9572609 3.296317 0.3475453 -0.9572609 3.199225 0.3356549 -0.856675 3.296317 0.3449094 -0.856675 3.296317 0.3449094 -0.856675 3.199954 0.3331143 -0.9572609 3.296317 0.3475453 -0.9572609 3.199225 0.3356549 -0.9572609 3.296317 0.3475453 -1.057648 3.395289 0.3421666 -1.057648 3.296317 0.3542821 -0.9572609 3.393416 0.3356549 -0.9572609 3.393416 0.3356549 -0.9572609 3.296317 0.3475453 -1.057648 3.395289 0.3421666 -1.057648 3.296317 0.3542821 -1.057648 3.395289 0.3421666 -1.157685 3.493346 0.3160245 -1.157685 3.398307 0.3526341 -1.057648 3.487521 0.3066365 -1.057648 3.487521 0.3066365 -1.057648 3.395289 0.3421666 -1.157685 3.493346 0.3160245 -1.157685 3.398307 0.3526341 -1.157685 3.296317 0.3651196 -1.257233 3.402457 0.3670461 -1.257233 3.296317 0.3800427 -1.157685 3.398307 0.3526341 -1.157685 3.398307 0.3526341 -1.157685 3.296317 0.3651196 -1.257233 3.402457 0.3670461 -1.257233 3.296317 0.3800427 -1.257233 3.190181 0.3670461 -1.356118 3.296317 0.399017 -1.356118 3.184901 0.3853719 -1.257233 3.296317 0.3800427 -1.257233 3.296317 0.3800427 -1.257233 3.190181 0.3670461 -1.356118 3.296317 0.399017 -1.356118 3.184901 0.3853719 -1.057648 3.025924 0.250118 -1.157685 2.955062 0.1818883 -1.057648 2.965156 0.1764675 -1.157685 3.017684 0.2577855 -1.157685 3.017684 0.2577855 -1.057648 3.025924 0.250118 -1.157685 2.955062 0.1818883 -1.057648 2.965156 0.1764675 -0.9572609 3.031051 0.2453572 -1.057648 3.105124 0.3066365 -1.057648 3.025924 0.250118 -0.9572609 3.108748 0.3008 -0.9572609 3.108748 0.3008 -0.9572609 3.031051 0.2453572 -1.057648 3.105124 0.3066365 -1.057648 3.025924 0.250118 -1.157685 3.017684 0.2577855 -1.257233 3.091273 0.3289449 -1.257233 3.006343 0.268337 -1.157685 3.099292 0.3160245 -1.157685 3.099292 0.3160245 -1.157685 3.017684 0.2577855 -1.257233 3.091273 0.3289449 -1.257233 3.006343 0.268337 -0.856675 3.11016 0.2985188 -0.9572609 3.199225 0.3356549 -0.9572609 3.108748 0.3008 -0.856675 3.199954 0.3331143 -0.856675 3.199954 0.3331143 -0.856675 3.11016 0.2985188 -0.9572609 3.199225 0.3356549 -0.9572609 3.108748 0.3008 -1.257233 3.091273 0.3289449 -1.356118 3.184901 0.3853719 -1.356118 3.081073 0.3453786 -1.257233 3.190181 0.3670461 -1.257233 3.190181 0.3670461 -1.257233 3.091273 0.3289449 -1.356118 3.184901 0.3853719 -1.356118 3.081073 0.3453786 -0.7560738 3.19955 0.334541 -0.856675 3.296317 0.3449094 -0.856675 3.199954 0.3331143 -0.7560738 3.296317 0.3463933 -0.7560738 3.296317 0.3463933 -0.7560738 3.19955 0.334541 -0.856675 3.296317 0.3449094 -0.856675 3.199954 0.3331143 -0.856675 3.296317 0.3449094 -0.9572609 3.393416 0.3356549 -0.9572609 3.296317 0.3475453 -0.856675 3.39268 0.3331143 -0.856675 3.39268 0.3331143 -0.856675 3.296317 0.3449094 -0.9572609 3.393416 0.3356549 -0.9572609 3.296317 0.3475453 -0.9572609 3.393416 0.3356549 -1.057648 3.487521 0.3066365 -1.057648 3.395289 0.3421666 -0.9572609 3.483893 0.3008 -0.9572609 3.483893 0.3008 -0.9572609 3.393416 0.3356549 -1.057648 3.487521 0.3066365 -1.057648 3.395289 0.3421666 -1.057648 3.487521 0.3066365 -1.157685 3.574954 0.2577855 -1.157685 3.493346 0.3160245 -1.057648 3.566714 0.250118 -1.057648 3.566714 0.250118 -1.057648 3.487521 0.3066365 -1.157685 3.574954 0.2577855 -1.157685 3.493346 0.3160245 -1.157685 3.398307 0.3526341 -1.257233 3.501365 0.3289449 -1.257233 3.402457 0.3670461 -1.157685 3.493346 0.3160245 -1.157685 3.493346 0.3160245 -1.157685 3.398307 0.3526341 -1.257233 3.501365 0.3289449 -1.257233 3.402457 0.3670461 -1.257233 3.296317 0.3800427 -1.356118 3.407741 0.3853719 -1.356118 3.296317 0.399017 -1.257233 3.402457 0.3670461 -1.257233 3.402457 0.3670461 -1.257233 3.296317 0.3800427 -1.356118 3.407741 0.3853719 -1.356118 3.296317 0.399017 -1.356118 3.184901 0.3853719 -1.454194 3.296317 0.4220197 -1.454194 3.178496 0.4075963 -1.356118 3.296317 0.399017 -1.356118 3.296317 0.399017 -1.356118 3.184901 0.3853719 -1.454194 3.296317 0.4220197 -1.454194 3.178496 0.4075963 -0.9572609 3.031051 0.2453572 -1.057648 2.965156 0.1764675 -0.9572609 2.971431 0.1730992 -1.057648 3.025924 0.250118 -1.057648 3.025924 0.250118 -0.9572609 3.031051 0.2453572 -1.057648 2.965156 0.1764675 -0.9572609 2.971431 0.1730992 -1.157685 3.017684 0.2577855 -1.257233 2.941169 0.189346 -1.157685 2.955062 0.1818883 -1.257233 3.006343 0.268337 -1.257233 3.006343 0.268337 -1.157685 3.017684 0.2577855 -1.257233 2.941169 0.189346 -1.157685 2.955062 0.1818883 -1.057648 2.965156 0.1764675 -1.157685 2.915698 0.09350556 -1.057648 2.926951 0.09069412 -1.157685 2.955062 0.1818883 -1.157685 2.955062 0.1818883 -1.057648 2.965156 0.1764675 -1.157685 2.915698 0.09350556 -1.057648 2.926951 0.09069412 -0.856675 3.033053 0.2434957 -0.9572609 3.108748 0.3008 -0.9572609 3.031051 0.2453572 -0.856675 3.11016 0.2985188 -0.856675 3.11016 0.2985188 -0.856675 3.033053 0.2434957 -0.9572609 3.108748 0.3008 -0.9572609 3.031051 0.2453572 -1.257233 3.006343 0.268337 -1.356118 3.081073 0.3453786 -1.356118 2.991912 0.2817533 -1.257233 3.091273 0.3289449 -1.257233 3.091273 0.3289449 -1.257233 3.006343 0.268337 -1.356118 3.081073 0.3453786 -1.356118 2.991912 0.2817533 -0.7560738 3.109363 0.2998006 -0.856675 3.199954 0.3331143 -0.856675 3.11016 0.2985188 -0.7560738 3.19955 0.334541 -0.7560738 3.19955 0.334541 -0.7560738 3.109363 0.2998006 -0.856675 3.199954 0.3331143 -0.856675 3.11016 0.2985188 -1.356118 3.081073 0.3453786 -1.454194 3.178496 0.4075963 -1.454194 3.068702 0.3652989 -1.356118 3.184901 0.3853719 -1.356118 3.184901 0.3853719 -1.356118 3.081073 0.3453786 -1.454194 3.178496 0.4075963 -1.454194 3.068702 0.3652989 -0.6555795 3.197989 0.3399388 -0.7560738 3.296317 0.3463933 -0.7560738 3.19955 0.334541 -0.6555795 3.296317 0.3519818 -0.6555795 3.296317 0.3519818 -0.6555795 3.197989 0.3399388 -0.7560738 3.296317 0.3463933 -0.7560738 3.19955 0.334541 -0.7560738 3.296317 0.3463933 -0.856675 3.39268 0.3331143 -0.856675 3.296317 0.3449094 -0.7560738 3.393096 0.334541 -0.7560738 3.393096 0.334541 -0.7560738 3.296317 0.3463933 -0.856675 3.39268 0.3331143 -0.856675 3.296317 0.3449094 -0.856675 3.39268 0.3331143 -0.9572609 3.483893 0.3008 -0.9572609 3.393416 0.3356549 -0.856675 3.482478 0.2985188 -0.856675 3.482478 0.2985188 -0.856675 3.39268 0.3331143 -0.9572609 3.483893 0.3008 -0.9572609 3.393416 0.3356549 -0.9572609 3.483893 0.3008 -1.057648 3.566714 0.250118 -1.057648 3.487521 0.3066365 -0.9572609 3.561591 0.2453572 -0.9572609 3.561591 0.2453572 -0.9572609 3.483893 0.3008 -1.057648 3.566714 0.250118 -1.057648 3.487521 0.3066365 -1.157685 3.63758 0.1818883 -1.057648 3.566714 0.250118 -1.057648 3.627486 0.1764675 -1.157685 3.574954 0.2577855 -1.157685 3.574954 0.2577855 -1.157685 3.63758 0.1818883 -1.057648 3.566714 0.250118 -1.057648 3.627486 0.1764675 -1.157685 3.493346 0.3160245 -1.257233 3.586299 0.268337 -1.257233 3.501365 0.3289449 -1.157685 3.574954 0.2577855 -1.157685 3.574954 0.2577855 -1.157685 3.493346 0.3160245 -1.257233 3.586299 0.268337 -1.257233 3.501365 0.3289449 -1.257233 3.402457 0.3670461 -1.356118 3.511565 0.3453786 -1.356118 3.407741 0.3853719 -1.257233 3.501365 0.3289449 -1.257233 3.501365 0.3289449 -1.257233 3.402457 0.3670461 -1.356118 3.511565 0.3453786 -1.356118 3.407741 0.3853719 -1.356118 3.296317 0.399017 -1.454194 3.414142 0.4075963 -1.454194 3.296317 0.4220197 -1.356118 3.407741 0.3853719 -1.356118 3.407741 0.3853719 -1.356118 3.296317 0.399017 -1.454194 3.414142 0.4075963 -1.454194 3.296317 0.4220197 -1.454194 3.178496 0.4075963 -1.551316 3.296317 0.4490125 -1.551316 3.170985 0.4336698 -1.454194 3.296317 0.4220197 -1.454194 3.296317 0.4220197 -1.454194 3.178496 0.4075963 -1.551316 3.296317 0.4490125 -1.551316 3.170985 0.4336698 -0.856675 3.033053 0.2434957 -0.9572609 2.971431 0.1730992 -0.856675 2.973884 0.1717832 -0.9572609 3.031051 0.2453572 -0.9572609 3.031051 0.2453572 -0.856675 3.033053 0.2434957 -0.9572609 2.971431 0.1730992 -0.856675 2.973884 0.1717832 -0.9572609 2.971431 0.1730992 -1.057648 2.926951 0.09069412 -0.9572609 2.933951 0.08895081 -1.057648 2.965156 0.1764675 -1.057648 2.965156 0.1764675 -0.9572609 2.971431 0.1730992 -1.057648 2.926951 0.09069412 -0.9572609 2.933951 0.08895081 -1.257233 3.006343 0.268337 -1.356118 2.923499 0.1988332 -1.257233 2.941169 0.189346 -1.356118 2.991912 0.2817533 -1.356118 2.991912 0.2817533 -1.257233 3.006343 0.268337 -1.356118 2.923499 0.1988332 -1.257233 2.941169 0.189346 -1.157685 2.955062 0.1818883 -1.257233 2.900199 0.09736222 -1.157685 2.915698 0.09350556 -1.257233 2.941169 0.189346 -1.257233 2.941169 0.189346 -1.157685 2.955062 0.1818883 -1.257233 2.900199 0.09736222 -1.157685 2.915698 0.09350556 -1.057648 2.926951 0.09069412 -1.157685 2.90227 -0.001346766 -1.057648 2.91392 -0.001346766 -1.157685 2.915698 0.09350556 -1.157685 2.915698 0.09350556 -1.057648 2.926951 0.09069412 -1.157685 2.90227 -0.001346766 -1.057648 2.91392 -0.001346766 -0.7560738 3.031924 0.2445409 -0.856675 3.11016 0.2985188 -0.856675 3.033053 0.2434957 -0.7560738 3.109363 0.2998006 -0.7560738 3.109363 0.2998006 -0.7560738 3.031924 0.2445409 -0.856675 3.11016 0.2985188 -0.856675 3.033053 0.2434957 -1.356118 2.991912 0.2817533 -1.454194 3.068702 0.3652989 -1.454194 2.974421 0.2980191 -1.356118 3.081073 0.3453786 -1.356118 3.081073 0.3453786 -1.356118 2.991912 0.2817533 -1.454194 3.068702 0.3652989 -1.454194 2.974421 0.2980191 -0.6555795 3.106364 0.3046452 -0.7560738 3.19955 0.334541 -0.7560738 3.109363 0.2998006 -0.6555795 3.197989 0.3399388 -0.6555795 3.197989 0.3399388 -0.6555795 3.106364 0.3046452 -0.7560738 3.19955 0.334541 -0.7560738 3.109363 0.2998006 -1.454194 3.068702 0.3652989 -1.551316 3.170985 0.4336698 -1.551316 3.054191 0.3886792 -1.454194 3.178496 0.4075963 -1.454194 3.178496 0.4075963 -1.454194 3.068702 0.3652989 -1.551316 3.170985 0.4336698 -1.551316 3.054191 0.3886792 -0.5553674 3.195289 0.3493001 -0.6555795 3.296317 0.3519818 -0.6555795 3.197989 0.3399388 -0.5553674 3.296317 0.3616712 -0.5553674 3.296317 0.3616712 -0.5553674 3.195289 0.3493001 -0.6555795 3.296317 0.3519818 -0.6555795 3.197989 0.3399388 -0.6555795 3.296317 0.3519818 -0.7560738 3.393096 0.334541 -0.7560738 3.296317 0.3463933 -0.6555795 3.394652 0.3399388 -0.6555795 3.394652 0.3399388 -0.6555795 3.296317 0.3519818 -0.7560738 3.393096 0.334541 -0.7560738 3.296317 0.3463933 -0.7560738 3.393096 0.334541 -0.856675 3.482478 0.2985188 -0.856675 3.39268 0.3331143 -0.7560738 3.483272 0.2998006 -0.7560738 3.483272 0.2998006 -0.7560738 3.393096 0.334541 -0.856675 3.482478 0.2985188 -0.856675 3.39268 0.3331143 -0.856675 3.482478 0.2985188 -0.9572609 3.561591 0.2453572 -0.9572609 3.483893 0.3008 -0.856675 3.559588 0.2434957 -0.856675 3.559588 0.2434957 -0.856675 3.482478 0.2985188 -0.9572609 3.561591 0.2453572 -0.9572609 3.483893 0.3008 -1.057648 3.627486 0.1764675 -0.9572609 3.561591 0.2453572 -0.9572609 3.621211 0.1730992 -1.057648 3.566714 0.250118 -1.057648 3.566714 0.250118 -1.057648 3.627486 0.1764675 -0.9572609 3.561591 0.2453572 -0.9572609 3.621211 0.1730992 -1.157685 3.676944 0.09350556 -1.057648 3.627486 0.1764675 -1.057648 3.665687 0.09069412 -1.157685 3.63758 0.1818883 -1.157685 3.63758 0.1818883 -1.157685 3.676944 0.09350556 -1.057648 3.627486 0.1764675 -1.057648 3.665687 0.09069412 -1.257233 3.651469 0.189346 -1.157685 3.574954 0.2577855 -1.157685 3.63758 0.1818883 -1.257233 3.586299 0.268337 -1.257233 3.586299 0.268337 -1.257233 3.651469 0.189346 -1.157685 3.574954 0.2577855 -1.157685 3.63758 0.1818883 -1.257233 3.501365 0.3289449 -1.356118 3.600726 0.2817533 -1.356118 3.511565 0.3453786 -1.257233 3.586299 0.268337 -1.257233 3.586299 0.268337 -1.257233 3.501365 0.3289449 -1.356118 3.600726 0.2817533 -1.356118 3.511565 0.3453786 -1.356118 3.407741 0.3853719 -1.454194 3.523936 0.3652989 -1.454194 3.414142 0.4075963 -1.356118 3.511565 0.3453786 -1.356118 3.511565 0.3453786 -1.356118 3.407741 0.3853719 -1.454194 3.523936 0.3652989 -1.454194 3.414142 0.4075963 -1.454194 3.296317 0.4220197 -1.551316 3.421657 0.4336698 -1.551316 3.296317 0.4490125 -1.454194 3.414142 0.4075963 -1.454194 3.414142 0.4075963 -1.454194 3.296317 0.4220197 -1.551316 3.421657 0.4336698 -1.551316 3.296317 0.4490125 -1.551316 3.170985 0.4336698 -1.647324 3.296317 0.4799649 -1.647324 3.162368 0.4635617 -1.551316 3.296317 0.4490125 -1.551316 3.296317 0.4490125 -1.551316 3.170985 0.4336698 -1.647324 3.296317 0.4799649 -1.647324 3.162368 0.4635617 -0.7560738 2.972506 0.1725194 -0.856675 3.033053 0.2434957 -0.856675 2.973884 0.1717832 -0.7560738 3.031924 0.2445409 -0.7560738 3.031924 0.2445409 -0.7560738 2.972506 0.1725194 -0.856675 3.033053 0.2434957 -0.856675 2.973884 0.1717832 -0.856675 2.973884 0.1717832 -0.9572609 2.933951 0.08895081 -0.856675 2.93669 0.08827561 -0.9572609 2.971431 0.1730992 -0.9572609 2.971431 0.1730992 -0.856675 2.973884 0.1717832 -0.9572609 2.933951 0.08895081 -0.856675 2.93669 0.08827561 -0.9572609 2.933951 0.08895081 -1.057648 2.91392 -0.001346766 -0.9572609 2.921168 -0.001346766 -1.057648 2.926951 0.09069412 -1.057648 2.926951 0.09069412 -0.9572609 2.933951 0.08895081 -1.057648 2.91392 -0.001346766 -0.9572609 2.921168 -0.001346766 -1.356118 2.991912 0.2817533 -1.454194 2.90208 0.2103383 -1.356118 2.923499 0.1988332 -1.454194 2.974421 0.2980191 -1.454194 2.974421 0.2980191 -1.356118 2.991912 0.2817533 -1.454194 2.90208 0.2103383 -1.356118 2.923499 0.1988332 -1.257233 2.941169 0.189346 -1.356118 2.880492 0.1022756 -1.257233 2.900199 0.09736222 -1.356118 2.923499 0.1988332 -1.356118 2.923499 0.1988332 -1.257233 2.941169 0.189346 -1.356118 2.880492 0.1022756 -1.257233 2.900199 0.09736222 -1.157685 2.915698 0.09350556 -1.257233 2.886229 -0.001346766 -1.157685 2.90227 -0.001346766 -1.257233 2.900199 0.09736222 -1.257233 2.900199 0.09736222 -1.157685 2.915698 0.09350556 -1.257233 2.886229 -0.001346766 -1.157685 2.90227 -0.001346766 -1.057648 2.926951 -0.09339165 -1.157685 2.90227 -0.001346766 -1.157685 2.915698 -0.09619545 -1.057648 2.91392 -0.001346766 -1.057648 2.91392 -0.001346766 -1.057648 2.926951 -0.09339165 -1.157685 2.90227 -0.001346766 -1.157685 2.915698 -0.09619545 -0.6555795 3.027675 0.2484928 -0.7560738 3.109363 0.2998006 -0.7560738 3.031924 0.2445409 -0.6555795 3.106364 0.3046452 -0.6555795 3.106364 0.3046452 -0.6555795 3.027675 0.2484928 -0.7560738 3.109363 0.2998006 -0.7560738 3.031924 0.2445409 -1.454194 2.974421 0.2980191 -1.551316 3.054191 0.3886792 -1.551316 2.953898 0.3171117 -1.454194 3.068702 0.3652989 -1.454194 3.068702 0.3652989 -1.454194 2.974421 0.2980191 -1.551316 3.054191 0.3886792 -1.551316 2.953898 0.3171117 -0.5553674 3.10115 0.3130338 -0.6555795 3.197989 0.3399388 -0.6555795 3.106364 0.3046452 -0.5553674 3.195289 0.3493001 -0.5553674 3.195289 0.3493001 -0.5553674 3.10115 0.3130338 -0.6555795 3.197989 0.3399388 -0.6555795 3.106364 0.3046452 -1.551316 3.054191 0.3886792 -1.647324 3.162368 0.4635617 -1.647324 3.037551 0.4154813 -1.551316 3.170985 0.4336698 -1.551316 3.170985 0.4336698 -1.551316 3.054191 0.3886792 -1.647324 3.162368 0.4635617 -1.647324 3.037551 0.4154813 -0.4555824 3.191459 0.3626058 -0.5553674 3.296317 0.3616712 -0.5553674 3.195289 0.3493001 -0.4555824 3.296317 0.375446 -0.4555824 3.296317 0.375446 -0.4555824 3.191459 0.3626058 -0.5553674 3.296317 0.3616712 -0.5553674 3.195289 0.3493001 -0.5553674 3.296317 0.3616712 -0.6555795 3.394652 0.3399388 -0.6555795 3.296317 0.3519818 -0.5553674 3.397346 0.3493001 -0.5553674 3.397346 0.3493001 -0.5553674 3.296317 0.3616712 -0.6555795 3.394652 0.3399388 -0.6555795 3.296317 0.3519818 -0.6555795 3.394652 0.3399388 -0.7560738 3.483272 0.2998006 -0.7560738 3.393096 0.334541 -0.6555795 3.486281 0.3046452 -0.6555795 3.486281 0.3046452 -0.6555795 3.394652 0.3399388 -0.7560738 3.483272 0.2998006 -0.7560738 3.393096 0.334541 -0.7560738 3.483272 0.2998006 -0.856675 3.559588 0.2434957 -0.856675 3.482478 0.2985188 -0.7560738 3.560718 0.2445409 -0.7560738 3.560718 0.2445409 -0.7560738 3.483272 0.2998006 -0.856675 3.559588 0.2434957 -0.856675 3.482478 0.2985188 -0.9572609 3.621211 0.1730992 -0.856675 3.559588 0.2434957 -0.856675 3.618758 0.1717832 -0.9572609 3.561591 0.2453572 -0.9572609 3.561591 0.2453572 -0.9572609 3.621211 0.1730992 -0.856675 3.559588 0.2434957 -0.856675 3.618758 0.1717832 -1.057648 3.665687 0.09069412 -0.9572609 3.621211 0.1730992 -0.9572609 3.658687 0.08895081 -1.057648 3.627486 0.1764675 -1.057648 3.627486 0.1764675 -1.057648 3.665687 0.09069412 -0.9572609 3.621211 0.1730992 -0.9572609 3.658687 0.08895081 -1.157685 3.676944 0.09350556 -1.057648 3.678718 -0.001346766 -1.157685 3.690371 -0.001346766 -1.057648 3.665687 0.09069412 -1.057648 3.665687 0.09069412 -1.157685 3.676944 0.09350556 -1.057648 3.678718 -0.001346766 -1.157685 3.690371 -0.001346766 -1.257233 3.692439 0.09736222 -1.157685 3.63758 0.1818883 -1.157685 3.676944 0.09350556 -1.257233 3.651469 0.189346 -1.257233 3.651469 0.189346 -1.257233 3.692439 0.09736222 -1.157685 3.63758 0.1818883 -1.157685 3.676944 0.09350556 -1.356118 3.669143 0.1988332 -1.257233 3.586299 0.268337 -1.257233 3.651469 0.189346 -1.356118 3.600726 0.2817533 -1.356118 3.600726 0.2817533 -1.356118 3.669143 0.1988332 -1.257233 3.586299 0.268337 -1.257233 3.651469 0.189346 -1.356118 3.511565 0.3453786 -1.454194 3.618216 0.2980191 -1.454194 3.523936 0.3652989 -1.356118 3.600726 0.2817533 -1.356118 3.600726 0.2817533 -1.356118 3.511565 0.3453786 -1.454194 3.618216 0.2980191 -1.454194 3.523936 0.3652989 -1.454194 3.414142 0.4075963 -1.551316 3.538451 0.3886792 -1.551316 3.421657 0.4336698 -1.454194 3.523936 0.3652989 -1.454194 3.523936 0.3652989 -1.454194 3.414142 0.4075963 -1.551316 3.538451 0.3886792 -1.551316 3.421657 0.4336698 -1.551316 3.296317 0.4490125 -1.647324 3.430266 0.4635617 -1.647324 3.296317 0.4799649 -1.551316 3.421657 0.4336698 -1.551316 3.421657 0.4336698 -1.551316 3.296317 0.4490125 -1.647324 3.430266 0.4635617 -1.647324 3.296317 0.4799649 -1.647324 3.162368 0.4635617 -1.666764 3.296317 0.5198018 -1.666764 3.151282 0.5020482 -1.647324 3.296317 0.4799649 -1.647324 3.296317 0.4799649 -1.647324 3.162368 0.4635617 -1.666764 3.296317 0.5198018 -1.666764 3.151282 0.5020482 -0.7560738 2.935149 0.08865708 -0.856675 2.973884 0.1717832 -0.856675 2.93669 0.08827561 -0.7560738 2.972506 0.1725194 -0.7560738 2.972506 0.1725194 -0.7560738 2.935149 0.08865708 -0.856675 2.973884 0.1717832 -0.856675 2.93669 0.08827561 -0.6555795 2.967303 0.1753194 -0.7560738 3.031924 0.2445409 -0.7560738 2.972506 0.1725194 -0.6555795 3.027675 0.2484928 -0.6555795 3.027675 0.2484928 -0.6555795 2.967303 0.1753194 -0.7560738 3.031924 0.2445409 -0.7560738 2.972506 0.1725194 -0.856675 2.93669 0.08827561 -0.9572609 2.921168 -0.001346766 -0.856675 2.924003 -0.001346766 -0.9572609 2.933951 0.08895081 -0.9572609 2.933951 0.08895081 -0.856675 2.93669 0.08827561 -0.9572609 2.921168 -0.001346766 -0.856675 2.924003 -0.001346766 -0.9572609 2.933951 -0.09164834 -1.057648 2.91392 -0.001346766 -1.057648 2.926951 -0.09339165 -0.9572609 2.921168 -0.001346766 -0.9572609 2.921168 -0.001346766 -0.9572609 2.933951 -0.09164834 -1.057648 2.91392 -0.001346766 -1.057648 2.926951 -0.09339165 -1.454194 2.974421 0.2980191 -1.551316 2.876937 0.2238347 -1.454194 2.90208 0.2103383 -1.551316 2.953898 0.3171117 -1.551316 2.953898 0.3171117 -1.454194 2.974421 0.2980191 -1.551316 2.876937 0.2238347 -1.454194 2.90208 0.2103383 -1.356118 2.923499 0.1988332 -1.454194 2.856601 0.1082303 -1.356118 2.880492 0.1022756 -1.454194 2.90208 0.2103383 -1.454194 2.90208 0.2103383 -1.356118 2.923499 0.1988332 -1.454194 2.856601 0.1082303 -1.356118 2.880492 0.1022756 -1.257233 2.900199 0.09736222 -1.356118 2.865825 -0.001346766 -1.257233 2.886229 -0.001346766 -1.356118 2.880492 0.1022756 -1.356118 2.880492 0.1022756 -1.257233 2.900199 0.09736222 -1.356118 2.865825 -0.001346766 -1.257233 2.886229 -0.001346766 -1.157685 2.915698 -0.09619545 -1.257233 2.886229 -0.001346766 -1.257233 2.900199 -0.1000559 -1.157685 2.90227 -0.001346766 -1.157685 2.90227 -0.001346766 -1.157685 2.915698 -0.09619545 -1.257233 2.886229 -0.001346766 -1.257233 2.900199 -0.1000559 -1.057648 2.965156 -0.1791613 -1.157685 2.915698 -0.09619545 -1.157685 2.955062 -0.1845782 -1.057648 2.926951 -0.09339165 -1.057648 2.926951 -0.09339165 -1.057648 2.965156 -0.1791613 -1.157685 2.915698 -0.09619545 -1.157685 2.955062 -0.1845782 -0.5553674 3.020308 0.2553441 -0.6555795 3.106364 0.3046452 -0.6555795 3.027675 0.2484928 -0.5553674 3.10115 0.3130338 -0.5553674 3.10115 0.3130338 -0.5553674 3.020308 0.2553441 -0.6555795 3.106364 0.3046452 -0.6555795 3.027675 0.2484928 -1.551316 2.953898 0.3171117 -1.647324 3.037551 0.4154813 -1.647324 2.930366 0.3389928 -1.551316 3.054191 0.3886792 -1.551316 3.054191 0.3886792 -1.551316 2.953898 0.3171117 -1.647324 3.037551 0.4154813 -1.647324 2.930366 0.3389928 -0.4555824 3.093745 0.3249661 -0.5553674 3.195289 0.3493001 -0.5553674 3.10115 0.3130338 -0.4555824 3.191459 0.3626058 -0.4555824 3.191459 0.3626058 -0.4555824 3.093745 0.3249661 -0.5553674 3.195289 0.3493001 -0.5553674 3.10115 0.3130338 -1.647324 3.037551 0.4154813 -1.666764 3.151282 0.5020482 -1.666764 3.016131 0.4499814 -1.647324 3.162368 0.4635617 -1.647324 3.162368 0.4635617 -1.647324 3.037551 0.4154813 -1.666764 3.151282 0.5020482 -1.666764 3.016131 0.4499814 -0.4555824 2.904971 -0.09886956 -0.4555824 2.904971 0.09617584 -0.4555824 2.89117 -0.001346766 -0.4555824 2.945445 -0.1897433 -0.4555824 2.945445 0.1870496 -0.4555824 3.009833 -0.2677767 -0.4555824 3.009833 0.2650868 -0.4555824 3.093745 -0.327656 -0.4555824 3.093745 0.3249661 -0.4555824 3.191459 -0.3652995 -0.4555824 3.191459 0.3626058 -0.4555824 3.296317 -0.3781359 -0.4555824 3.296317 0.375446 -0.4555824 3.401179 -0.3652995 -0.4555824 3.401179 0.3626058 -0.4555824 3.498897 -0.327656 -0.4555824 3.498897 0.3249661 -0.4555824 3.582805 -0.2677767 -0.4555824 3.582805 0.2650868 -0.4555824 3.647189 -0.1897433 -0.4555824 3.647189 0.1870496 -0.4555824 3.687667 -0.09886956 -0.4555824 3.687667 0.09617584 -0.4555824 3.701472 -0.001346766 -0.4555824 3.701472 -0.001346766 -0.4555824 3.687667 -0.09886956 -0.4555824 3.687667 0.09617584 -0.4555824 3.647189 0.1870496 -0.4555824 3.647189 -0.1897433 -0.4555824 3.582805 0.2650868 -0.4555824 3.582805 -0.2677767 -0.4555824 3.498897 0.3249661 -0.4555824 3.498897 -0.327656 -0.4555824 3.401179 0.3626058 -0.4555824 3.401179 -0.3652995 -0.4555824 3.296317 0.375446 -0.4555824 3.296317 -0.3781359 -0.4555824 3.191459 0.3626058 -0.4555824 3.191459 -0.3652995 -0.4555824 3.093745 0.3249661 -0.4555824 3.093745 -0.327656 -0.4555824 3.009833 0.2650868 -0.4555824 3.009833 -0.2677767 -0.4555824 2.945445 0.1870496 -0.4555824 2.945445 -0.1897433 -0.4555824 2.904971 0.09617584 -0.4555824 2.904971 -0.09886956 -0.4555824 2.89117 -0.001346766 -0.4555824 3.296317 0.375446 -0.5553674 3.397346 0.3493001 -0.5553674 3.296317 0.3616712 -0.4555824 3.401179 0.3626058 -0.4555824 3.401179 0.3626058 -0.4555824 3.296317 0.375446 -0.5553674 3.397346 0.3493001 -0.5553674 3.296317 0.3616712 -0.5553674 3.397346 0.3493001 -0.6555795 3.486281 0.3046452 -0.6555795 3.394652 0.3399388 -0.5553674 3.491488 0.3130338 -0.5553674 3.491488 0.3130338 -0.5553674 3.397346 0.3493001 -0.6555795 3.486281 0.3046452 -0.6555795 3.394652 0.3399388 -0.6555795 3.486281 0.3046452 -0.7560738 3.560718 0.2445409 -0.7560738 3.483272 0.2998006 -0.6555795 3.564963 0.2484928 -0.6555795 3.564963 0.2484928 -0.6555795 3.486281 0.3046452 -0.7560738 3.560718 0.2445409 -0.7560738 3.483272 0.2998006 -0.856675 3.559588 0.2434957 -0.7560738 3.620139 0.1725194 -0.856675 3.618758 0.1717832 -0.7560738 3.560718 0.2445409 -0.7560738 3.560718 0.2445409 -0.856675 3.559588 0.2434957 -0.7560738 3.620139 0.1725194 -0.856675 3.618758 0.1717832 -0.9572609 3.658687 0.08895081 -0.856675 3.618758 0.1717832 -0.856675 3.655951 0.08827561 -0.9572609 3.621211 0.1730992 -0.9572609 3.621211 0.1730992 -0.9572609 3.658687 0.08895081 -0.856675 3.618758 0.1717832 -0.856675 3.655951 0.08827561 -1.057648 3.665687 0.09069412 -0.9572609 3.67147 -0.001346766 -1.057648 3.678718 -0.001346766 -0.9572609 3.658687 0.08895081 -0.9572609 3.658687 0.08895081 -1.057648 3.665687 0.09069412 -0.9572609 3.67147 -0.001346766 -1.057648 3.678718 -0.001346766 -1.257233 3.692439 0.09736222 -1.157685 3.690371 -0.001346766 -1.257233 3.706412 -0.001346766 -1.157685 3.676944 0.09350556 -1.157685 3.676944 0.09350556 -1.257233 3.692439 0.09736222 -1.157685 3.690371 -0.001346766 -1.257233 3.706412 -0.001346766 -1.157685 3.690371 -0.001346766 -1.057648 3.665687 -0.09339165 -1.157685 3.676944 -0.09619545 -1.057648 3.678718 -0.001346766 -1.057648 3.678718 -0.001346766 -1.157685 3.690371 -0.001346766 -1.057648 3.665687 -0.09339165 -1.157685 3.676944 -0.09619545 -1.356118 3.712146 0.1022756 -1.257233 3.651469 0.189346 -1.257233 3.692439 0.09736222 -1.356118 3.669143 0.1988332 -1.356118 3.669143 0.1988332 -1.356118 3.712146 0.1022756 -1.257233 3.651469 0.189346 -1.257233 3.692439 0.09736222 -1.454194 3.690566 0.2103383 -1.356118 3.600726 0.2817533 -1.356118 3.669143 0.1988332 -1.454194 3.618216 0.2980191 -1.454194 3.618216 0.2980191 -1.454194 3.690566 0.2103383 -1.356118 3.600726 0.2817533 -1.356118 3.669143 0.1988332 -1.454194 3.523936 0.3652989 -1.551316 3.638747 0.3171117 -1.551316 3.538451 0.3886792 -1.454194 3.618216 0.2980191 -1.454194 3.618216 0.2980191 -1.454194 3.523936 0.3652989 -1.551316 3.638747 0.3171117 -1.551316 3.538451 0.3886792 -1.551316 3.421657 0.4336698 -1.647324 3.555091 0.4154813 -1.647324 3.430266 0.4635617 -1.551316 3.538451 0.3886792 -1.551316 3.538451 0.3886792 -1.551316 3.421657 0.4336698 -1.647324 3.555091 0.4154813 -1.647324 3.430266 0.4635617 -1.647324 3.430266 0.4635617 -1.666764 3.296317 0.5198018 -1.647324 3.296317 0.4799649 -1.666764 3.441356 0.5020482 -1.666764 3.441356 0.5020482 -1.647324 3.430266 0.4635617 -1.666764 3.296317 0.5198018 -1.647324 3.296317 0.4799649 -1.666764 3.151282 0.5020482 -2.253297 3.296317 0.5198018 -2.253297 3.151282 0.5020482 -1.666764 3.296317 0.5198018 -1.666764 3.296317 0.5198018 -1.666764 3.151282 0.5020482 -2.253297 3.296317 0.5198018 -2.253297 3.151282 0.5020482 -0.7560738 2.935149 0.08865708 -0.856675 2.924003 -0.001346766 -0.7560738 2.922408 -0.001346766 -0.856675 2.93669 0.08827561 -0.856675 2.93669 0.08827561 -0.7560738 2.935149 0.08865708 -0.856675 2.924003 -0.001346766 -0.7560738 2.922408 -0.001346766 -0.6555795 2.929347 0.09009903 -0.7560738 2.972506 0.1725194 -0.7560738 2.935149 0.08865708 -0.6555795 2.967303 0.1753194 -0.6555795 2.967303 0.1753194 -0.6555795 2.929347 0.09009903 -0.7560738 2.972506 0.1725194 -0.7560738 2.935149 0.08865708 -0.5553674 2.958278 0.1801602 -0.6555795 3.027675 0.2484928 -0.6555795 2.967303 0.1753194 -0.5553674 3.020308 0.2553441 -0.5553674 3.020308 0.2553441 -0.5553674 2.958278 0.1801602 -0.6555795 3.027675 0.2484928 -0.6555795 2.967303 0.1753194 -0.856675 2.93669 -0.0909655 -0.9572609 2.921168 -0.001346766 -0.9572609 2.933951 -0.09164834 -0.856675 2.924003 -0.001346766 -0.856675 2.924003 -0.001346766 -0.856675 2.93669 -0.0909655 -0.9572609 2.921168 -0.001346766 -0.9572609 2.933951 -0.09164834 -0.9572609 2.971431 -0.1757891 -1.057648 2.926951 -0.09339165 -1.057648 2.965156 -0.1791613 -0.9572609 2.933951 -0.09164834 -0.9572609 2.933951 -0.09164834 -0.9572609 2.971431 -0.1757891 -1.057648 2.926951 -0.09339165 -1.057648 2.965156 -0.1791613 -1.551316 2.953898 0.3171117 -1.647324 2.848117 0.2393071 -1.551316 2.876937 0.2238347 -1.647324 2.930366 0.3389928 -1.647324 2.930366 0.3389928 -1.551316 2.953898 0.3171117 -1.647324 2.848117 0.2393071 -1.551316 2.876937 0.2238347 -1.454194 2.90208 0.2103383 -1.551316 2.828559 0.115215 -1.454194 2.856601 0.1082303 -1.551316 2.876937 0.2238347 -1.551316 2.876937 0.2238347 -1.454194 2.90208 0.2103383 -1.551316 2.828559 0.115215 -1.454194 2.856601 0.1082303 -1.356118 2.880492 0.1022756 -1.454194 2.84109 -0.001346766 -1.356118 2.865825 -0.001346766 -1.454194 2.856601 0.1082303 -1.454194 2.856601 0.1082303 -1.356118 2.880492 0.1022756 -1.454194 2.84109 -0.001346766 -1.356118 2.865825 -0.001346766 -1.257233 2.900199 -0.1000559 -1.356118 2.865825 -0.001346766 -1.356118 2.880492 -0.1049655 -1.257233 2.886229 -0.001346766 -1.257233 2.886229 -0.001346766 -1.257233 2.900199 -0.1000559 -1.356118 2.865825 -0.001346766 -1.356118 2.880492 -0.1049655 -1.157685 2.955062 -0.1845782 -1.257233 2.900199 -0.1000559 -1.257233 2.941169 -0.1920359 -1.157685 2.915698 -0.09619545 -1.157685 2.915698 -0.09619545 -1.157685 2.955062 -0.1845782 -1.257233 2.900199 -0.1000559 -1.257233 2.941169 -0.1920359 -1.057648 3.025924 -0.2528155 -1.157685 2.955062 -0.1845782 -1.157685 3.017684 -0.2604754 -1.057648 2.965156 -0.1791613 -1.057648 2.965156 -0.1791613 -1.057648 3.025924 -0.2528155 -1.157685 2.955062 -0.1845782 -1.157685 3.017684 -0.2604754 -0.4555824 3.009833 0.2650868 -0.5553674 3.10115 0.3130338 -0.5553674 3.020308 0.2553441 -0.4555824 3.093745 0.3249661 -0.4555824 3.093745 0.3249661 -0.4555824 3.009833 0.2650868 -0.5553674 3.10115 0.3130338 -0.5553674 3.020308 0.2553441 -1.647324 2.930366 0.3389928 -1.666764 3.016131 0.4499814 -1.666764 2.900077 0.3671643 -1.647324 3.037551 0.4154813 -1.647324 3.037551 0.4154813 -1.647324 2.930366 0.3389928 -1.666764 3.016131 0.4499814 -1.666764 2.900077 0.3671643 -1.666764 3.016131 0.4499814 -2.253297 3.151282 0.5020482 -2.253297 3.016131 0.4499814 -1.666764 3.151282 0.5020482 -1.666764 3.151282 0.5020482 -1.666764 3.016131 0.4499814 -2.253297 3.151282 0.5020482 -2.253297 3.016131 0.4499814 -0.5553674 3.634364 -0.1828539 -0.4555824 3.687667 -0.09886956 -0.4555824 3.647189 -0.1897433 -0.5553674 3.673358 -0.09530282 -0.5553674 3.673358 -0.09530282 -0.5553674 3.634364 -0.1828539 -0.4555824 3.687667 -0.09886956 -0.4555824 3.647189 -0.1897433 -0.5553674 3.673358 -0.09530282 -0.4555824 3.701472 -0.001346766 -0.4555824 3.687667 -0.09886956 -0.5553674 3.68666 -0.001346766 -0.5553674 3.68666 -0.001346766 -0.5553674 3.673358 -0.09530282 -0.4555824 3.701472 -0.001346766 -0.4555824 3.687667 -0.09886956 -0.5553674 3.673358 0.0926091 -0.4555824 3.701472 -0.001346766 -0.5553674 3.68666 -0.001346766 -0.4555824 3.687667 0.09617584 -0.4555824 3.687667 0.09617584 -0.5553674 3.673358 0.0926091 -0.4555824 3.701472 -0.001346766 -0.5553674 3.68666 -0.001346766 -0.5553674 3.634364 0.1801602 -0.4555824 3.687667 0.09617584 -0.5553674 3.673358 0.0926091 -0.4555824 3.647189 0.1870496 -0.4555824 3.647189 0.1870496 -0.5553674 3.634364 0.1801602 -0.4555824 3.687667 0.09617584 -0.5553674 3.673358 0.0926091 -0.5553674 3.572329 0.2553441 -0.4555824 3.647189 0.1870496 -0.5553674 3.634364 0.1801602 -0.4555824 3.582805 0.2650868 -0.4555824 3.582805 0.2650868 -0.5553674 3.572329 0.2553441 -0.4555824 3.647189 0.1870496 -0.5553674 3.634364 0.1801602 -0.4555824 3.498897 0.3249661 -0.5553674 3.572329 0.2553441 -0.5553674 3.491488 0.3130338 -0.4555824 3.582805 0.2650868 -0.4555824 3.582805 0.2650868 -0.4555824 3.498897 0.3249661 -0.5553674 3.572329 0.2553441 -0.5553674 3.491488 0.3130338 -0.4555824 3.401179 0.3626058 -0.5553674 3.491488 0.3130338 -0.5553674 3.397346 0.3493001 -0.4555824 3.498897 0.3249661 -0.4555824 3.498897 0.3249661 -0.4555824 3.401179 0.3626058 -0.5553674 3.491488 0.3130338 -0.5553674 3.397346 0.3493001 -0.4555824 2.945445 0.1870496 -0.5553674 3.020308 0.2553441 -0.5553674 2.958278 0.1801602 -0.4555824 3.009833 0.2650868 -0.4555824 3.009833 0.2650868 -0.4555824 2.945445 0.1870496 -0.5553674 3.020308 0.2553441 -0.5553674 2.958278 0.1801602 -0.4555824 2.904971 0.09617584 -0.5553674 2.958278 0.1801602 -0.5553674 2.91928 0.0926091 -0.4555824 2.945445 0.1870496 -0.4555824 2.945445 0.1870496 -0.4555824 2.904971 0.09617584 -0.5553674 2.958278 0.1801602 -0.5553674 2.91928 0.0926091 -0.4555824 2.904971 0.09617584 -0.5553674 2.905982 -0.001346766 -0.4555824 2.89117 -0.001346766 -0.5553674 2.91928 0.0926091 -0.5553674 2.91928 0.0926091 -0.4555824 2.904971 0.09617584 -0.5553674 2.905982 -0.001346766 -0.4555824 2.89117 -0.001346766 -0.4555824 2.89117 -0.001346766 -0.5553674 2.91928 -0.09530282 -0.4555824 2.904971 -0.09886956 -0.5553674 2.905982 -0.001346766 -0.5553674 2.905982 -0.001346766 -0.4555824 2.89117 -0.001346766 -0.5553674 2.91928 -0.09530282 -0.4555824 2.904971 -0.09886956 -0.4555824 2.904971 -0.09886956 -0.5553674 2.958278 -0.1828539 -0.4555824 2.945445 -0.1897433 -0.5553674 2.91928 -0.09530282 -0.5553674 2.91928 -0.09530282 -0.4555824 2.904971 -0.09886956 -0.5553674 2.958278 -0.1828539 -0.4555824 2.945445 -0.1897433 -0.4555824 2.945445 -0.1897433 -0.5553674 3.020308 -0.258034 -0.4555824 3.009833 -0.2677767 -0.5553674 2.958278 -0.1828539 -0.5553674 2.958278 -0.1828539 -0.4555824 2.945445 -0.1897433 -0.5553674 3.020308 -0.258034 -0.4555824 3.009833 -0.2677767 -0.4555824 3.093745 -0.327656 -0.5553674 3.020308 -0.258034 -0.5553674 3.10115 -0.3157275 -0.4555824 3.009833 -0.2677767 -0.4555824 3.009833 -0.2677767 -0.4555824 3.093745 -0.327656 -0.5553674 3.020308 -0.258034 -0.5553674 3.10115 -0.3157275 -0.4555824 3.191459 -0.3652995 -0.5553674 3.10115 -0.3157275 -0.5553674 3.195289 -0.35199 -0.4555824 3.093745 -0.327656 -0.4555824 3.093745 -0.327656 -0.4555824 3.191459 -0.3652995 -0.5553674 3.10115 -0.3157275 -0.5553674 3.195289 -0.35199 -0.4555824 3.296317 -0.3781359 -0.5553674 3.195289 -0.35199 -0.5553674 3.296317 -0.3643611 -0.4555824 3.191459 -0.3652995 -0.4555824 3.191459 -0.3652995 -0.4555824 3.296317 -0.3781359 -0.5553674 3.195289 -0.35199 -0.5553674 3.296317 -0.3643611 -0.4555824 3.401179 -0.3652995 -0.5553674 3.296317 -0.3643611 -0.5553674 3.397346 -0.35199 -0.4555824 3.296317 -0.3781359 -0.4555824 3.296317 -0.3781359 -0.4555824 3.401179 -0.3652995 -0.5553674 3.296317 -0.3643611 -0.5553674 3.397346 -0.35199 -0.4555824 3.498897 -0.327656 -0.5553674 3.397346 -0.35199 -0.5553674 3.491488 -0.3157275 -0.4555824 3.401179 -0.3652995 -0.4555824 3.401179 -0.3652995 -0.4555824 3.498897 -0.327656 -0.5553674 3.397346 -0.35199 -0.5553674 3.491488 -0.3157275 -0.4555824 3.582805 -0.2677767 -0.5553674 3.491488 -0.3157275 -0.5553674 3.572329 -0.258034 -0.4555824 3.498897 -0.327656 -0.4555824 3.498897 -0.327656 -0.4555824 3.582805 -0.2677767 -0.5553674 3.491488 -0.3157275 -0.5553674 3.572329 -0.258034 -0.5553674 3.572329 -0.258034 -0.4555824 3.647189 -0.1897433 -0.4555824 3.582805 -0.2677767 -0.5553674 3.634364 -0.1828539 -0.5553674 3.634364 -0.1828539 -0.5553674 3.572329 -0.258034 -0.4555824 3.647189 -0.1897433 -0.4555824 3.582805 -0.2677767 -0.5553674 3.491488 0.3130338 -0.6555795 3.564963 0.2484928 -0.6555795 3.486281 0.3046452 -0.5553674 3.572329 0.2553441 -0.5553674 3.572329 0.2553441 -0.5553674 3.491488 0.3130338 -0.6555795 3.564963 0.2484928 -0.6555795 3.486281 0.3046452 -0.7560738 3.560718 0.2445409 -0.6555795 3.625339 0.1753194 -0.7560738 3.620139 0.1725194 -0.6555795 3.564963 0.2484928 -0.6555795 3.564963 0.2484928 -0.7560738 3.560718 0.2445409 -0.6555795 3.625339 0.1753194 -0.7560738 3.620139 0.1725194 -0.856675 3.618758 0.1717832 -0.7560738 3.657489 0.08865708 -0.856675 3.655951 0.08827561 -0.7560738 3.620139 0.1725194 -0.7560738 3.620139 0.1725194 -0.856675 3.618758 0.1717832 -0.7560738 3.657489 0.08865708 -0.856675 3.655951 0.08827561 -0.9572609 3.658687 0.08895081 -0.856675 3.668639 -0.001346766 -0.9572609 3.67147 -0.001346766 -0.856675 3.655951 0.08827561 -0.856675 3.655951 0.08827561 -0.9572609 3.658687 0.08895081 -0.856675 3.668639 -0.001346766 -0.9572609 3.67147 -0.001346766 -1.057648 3.678718 -0.001346766 -0.9572609 3.658687 -0.09164834 -1.057648 3.665687 -0.09339165 -0.9572609 3.67147 -0.001346766 -0.9572609 3.67147 -0.001346766 -1.057648 3.678718 -0.001346766 -0.9572609 3.658687 -0.09164834 -1.057648 3.665687 -0.09339165 -1.356118 3.712146 0.1022756 -1.257233 3.706412 -0.001346766 -1.356118 3.726813 -0.001346766 -1.257233 3.692439 0.09736222 -1.257233 3.692439 0.09736222 -1.356118 3.712146 0.1022756 -1.257233 3.706412 -0.001346766 -1.356118 3.726813 -0.001346766 -1.257233 3.706412 -0.001346766 -1.157685 3.676944 -0.09619545 -1.257233 3.692439 -0.1000559 -1.157685 3.690371 -0.001346766 -1.157685 3.690371 -0.001346766 -1.257233 3.706412 -0.001346766 -1.157685 3.676944 -0.09619545 -1.257233 3.692439 -0.1000559 -1.157685 3.676944 -0.09619545 -1.057648 3.627486 -0.1791613 -1.157685 3.63758 -0.1845782 -1.057648 3.665687 -0.09339165 -1.057648 3.665687 -0.09339165 -1.157685 3.676944 -0.09619545 -1.057648 3.627486 -0.1791613 -1.157685 3.63758 -0.1845782 -1.454194 3.736041 0.1082303 -1.356118 3.669143 0.1988332 -1.356118 3.712146 0.1022756 -1.454194 3.690566 0.2103383 -1.454194 3.690566 0.2103383 -1.454194 3.736041 0.1082303 -1.356118 3.669143 0.1988332 -1.356118 3.712146 0.1022756 -1.551316 3.715701 0.2238347 -1.454194 3.618216 0.2980191 -1.454194 3.690566 0.2103383 -1.551316 3.638747 0.3171117 -1.551316 3.638747 0.3171117 -1.551316 3.715701 0.2238347 -1.454194 3.618216 0.2980191 -1.454194 3.690566 0.2103383 -1.551316 3.538451 0.3886792 -1.647324 3.662276 0.3389928 -1.647324 3.555091 0.4154813 -1.551316 3.638747 0.3171117 -1.551316 3.638747 0.3171117 -1.551316 3.538451 0.3886792 -1.647324 3.662276 0.3389928 -1.647324 3.555091 0.4154813 -1.647324 3.555091 0.4154813 -1.666764 3.441356 0.5020482 -1.647324 3.430266 0.4635617 -1.666764 3.576507 0.4499814 -1.666764 3.576507 0.4499814 -1.647324 3.555091 0.4154813 -1.666764 3.441356 0.5020482 -1.647324 3.430266 0.4635617 -1.666764 3.296317 0.5198018 -2.253297 3.441356 0.5020482 -2.253297 3.296317 0.5198018 -1.666764 3.441356 0.5020482 -1.666764 3.441356 0.5020482 -1.666764 3.296317 0.5198018 -2.253297 3.441356 0.5020482 -2.253297 3.296317 0.5198018 -2.253297 3.296317 0.5198018 -2.29123 3.162368 0.4635617 -2.253297 3.151282 0.5020482 -2.29123 3.296317 0.4799649 -2.29123 3.296317 0.4799649 -2.253297 3.296317 0.5198018 -2.29123 3.162368 0.4635617 -2.253297 3.151282 0.5020482 -0.6555795 2.929347 0.09009903 -0.7560738 2.922408 -0.001346766 -0.6555795 2.916404 -0.001346766 -0.7560738 2.935149 0.08865708 -0.7560738 2.935149 0.08865708 -0.6555795 2.929347 0.09009903 -0.7560738 2.922408 -0.001346766 -0.6555795 2.916404 -0.001346766 -0.7560738 2.922408 -0.001346766 -0.856675 2.93669 -0.0909655 -0.7560738 2.935149 -0.09134697 -0.856675 2.924003 -0.001346766 -0.856675 2.924003 -0.001346766 -0.7560738 2.922408 -0.001346766 -0.856675 2.93669 -0.0909655 -0.7560738 2.935149 -0.09134697 -0.5553674 2.91928 0.0926091 -0.6555795 2.967303 0.1753194 -0.6555795 2.929347 0.09009903 -0.5553674 2.958278 0.1801602 -0.5553674 2.958278 0.1801602 -0.5553674 2.91928 0.0926091 -0.6555795 2.967303 0.1753194 -0.6555795 2.929347 0.09009903 -0.856675 2.973884 -0.1744769 -0.9572609 2.933951 -0.09164834 -0.9572609 2.971431 -0.1757891 -0.856675 2.93669 -0.0909655 -0.856675 2.93669 -0.0909655 -0.856675 2.973884 -0.1744769 -0.9572609 2.933951 -0.09164834 -0.9572609 2.971431 -0.1757891 -0.9572609 3.031051 -0.2480471 -1.057648 2.965156 -0.1791613 -1.057648 3.025924 -0.2528155 -0.9572609 2.971431 -0.1757891 -0.9572609 2.971431 -0.1757891 -0.9572609 3.031051 -0.2480471 -1.057648 2.965156 -0.1791613 -1.057648 3.025924 -0.2528155 -1.647324 2.848117 0.2393071 -1.666764 2.900077 0.3671643 -1.666764 2.811027 0.2592275 -1.647324 2.930366 0.3389928 -1.647324 2.930366 0.3389928 -1.647324 2.848117 0.2393071 -1.666764 2.900077 0.3671643 -1.666764 2.811027 0.2592275 -1.551316 2.876937 0.2238347 -1.647324 2.796416 0.1232259 -1.551316 2.828559 0.115215 -1.647324 2.848117 0.2393071 -1.647324 2.848117 0.2393071 -1.551316 2.876937 0.2238347 -1.647324 2.796416 0.1232259 -1.551316 2.828559 0.115215 -1.454194 2.856601 0.1082303 -1.551316 2.81206 -0.001346766 -1.454194 2.84109 -0.001346766 -1.551316 2.828559 0.115215 -1.551316 2.828559 0.115215 -1.454194 2.856601 0.1082303 -1.551316 2.81206 -0.001346766 -1.454194 2.84109 -0.001346766 -1.356118 2.880492 -0.1049655 -1.454194 2.84109 -0.001346766 -1.454194 2.856601 -0.1109202 -1.356118 2.865825 -0.001346766 -1.356118 2.865825 -0.001346766 -1.356118 2.880492 -0.1049655 -1.454194 2.84109 -0.001346766 -1.454194 2.856601 -0.1109202 -1.257233 2.941169 -0.1920359 -1.356118 2.880492 -0.1049655 -1.356118 2.923499 -0.2015269 -1.257233 2.900199 -0.1000559 -1.257233 2.900199 -0.1000559 -1.257233 2.941169 -0.1920359 -1.356118 2.880492 -0.1049655 -1.356118 2.923499 -0.2015269 -1.157685 3.017684 -0.2604754 -1.257233 2.941169 -0.1920359 -1.257233 3.006343 -0.2710269 -1.157685 2.955062 -0.1845782 -1.157685 2.955062 -0.1845782 -1.157685 3.017684 -0.2604754 -1.257233 2.941169 -0.1920359 -1.257233 3.006343 -0.2710269 -1.057648 3.105124 -0.3093302 -1.157685 3.017684 -0.2604754 -1.157685 3.099292 -0.3187182 -1.057648 3.025924 -0.2528155 -1.057648 3.025924 -0.2528155 -1.057648 3.105124 -0.3093302 -1.157685 3.017684 -0.2604754 -1.157685 3.099292 -0.3187182 -1.666764 2.900077 0.3671643 -2.253297 3.016131 0.4499814 -2.253297 2.900077 0.3671643 -1.666764 3.016131 0.4499814 -1.666764 3.016131 0.4499814 -1.666764 2.900077 0.3671643 -2.253297 3.016131 0.4499814 -2.253297 2.900077 0.3671643 -2.253297 3.151282 0.5020482 -2.29123 3.037551 0.4154813 -2.253297 3.016131 0.4499814 -2.29123 3.162368 0.4635617 -2.29123 3.162368 0.4635617 -2.253297 3.151282 0.5020482 -2.29123 3.037551 0.4154813 -2.253297 3.016131 0.4499814 -0.6555795 3.625339 -0.1780093 -0.5553674 3.673358 -0.09530282 -0.5553674 3.634364 -0.1828539 -0.6555795 3.663299 -0.09278893 -0.6555795 3.663299 -0.09278893 -0.6555795 3.625339 -0.1780093 -0.5553674 3.673358 -0.09530282 -0.5553674 3.634364 -0.1828539 -0.6555795 3.663299 -0.09278893 -0.5553674 3.68666 -0.001346766 -0.5553674 3.673358 -0.09530282 -0.6555795 3.676242 -0.001346766 -0.6555795 3.676242 -0.001346766 -0.6555795 3.663299 -0.09278893 -0.5553674 3.68666 -0.001346766 -0.5553674 3.673358 -0.09530282 -0.6555795 3.663299 0.09009903 -0.5553674 3.68666 -0.001346766 -0.6555795 3.676242 -0.001346766 -0.5553674 3.673358 0.0926091 -0.5553674 3.673358 0.0926091 -0.6555795 3.663299 0.09009903 -0.5553674 3.68666 -0.001346766 -0.6555795 3.676242 -0.001346766 -0.6555795 3.625339 0.1753194 -0.5553674 3.673358 0.0926091 -0.6555795 3.663299 0.09009903 -0.5553674 3.634364 0.1801602 -0.5553674 3.634364 0.1801602 -0.6555795 3.625339 0.1753194 -0.5553674 3.673358 0.0926091 -0.6555795 3.663299 0.09009903 -0.6555795 3.564963 0.2484928 -0.5553674 3.634364 0.1801602 -0.6555795 3.625339 0.1753194 -0.5553674 3.572329 0.2553441 -0.5553674 3.572329 0.2553441 -0.6555795 3.564963 0.2484928 -0.5553674 3.634364 0.1801602 -0.6555795 3.625339 0.1753194 -0.5553674 2.91928 0.0926091 -0.6555795 2.916404 -0.001346766 -0.5553674 2.905982 -0.001346766 -0.6555795 2.929347 0.09009903 -0.6555795 2.929347 0.09009903 -0.5553674 2.91928 0.0926091 -0.6555795 2.916404 -0.001346766 -0.5553674 2.905982 -0.001346766 -0.5553674 2.905982 -0.001346766 -0.6555795 2.929347 -0.09278893 -0.5553674 2.91928 -0.09530282 -0.6555795 2.916404 -0.001346766 -0.6555795 2.916404 -0.001346766 -0.5553674 2.905982 -0.001346766 -0.6555795 2.929347 -0.09278893 -0.5553674 2.91928 -0.09530282 -0.5553674 2.91928 -0.09530282 -0.6555795 2.967303 -0.1780093 -0.5553674 2.958278 -0.1828539 -0.6555795 2.929347 -0.09278893 -0.6555795 2.929347 -0.09278893 -0.5553674 2.91928 -0.09530282 -0.6555795 2.967303 -0.1780093 -0.5553674 2.958278 -0.1828539 -0.5553674 2.958278 -0.1828539 -0.6555795 3.027675 -0.2511828 -0.5553674 3.020308 -0.258034 -0.6555795 2.967303 -0.1780093 -0.6555795 2.967303 -0.1780093 -0.5553674 2.958278 -0.1828539 -0.6555795 3.027675 -0.2511828 -0.5553674 3.020308 -0.258034 -0.5553674 3.10115 -0.3157275 -0.6555795 3.027675 -0.2511828 -0.6555795 3.106364 -0.3073351 -0.5553674 3.020308 -0.258034 -0.5553674 3.020308 -0.258034 -0.5553674 3.10115 -0.3157275 -0.6555795 3.027675 -0.2511828 -0.6555795 3.106364 -0.3073351 -0.5553674 3.195289 -0.35199 -0.6555795 3.106364 -0.3073351 -0.6555795 3.197989 -0.3426325 -0.5553674 3.10115 -0.3157275 -0.5553674 3.10115 -0.3157275 -0.5553674 3.195289 -0.35199 -0.6555795 3.106364 -0.3073351 -0.6555795 3.197989 -0.3426325 -0.5553674 3.296317 -0.3643611 -0.6555795 3.197989 -0.3426325 -0.6555795 3.296317 -0.3546717 -0.5553674 3.195289 -0.35199 -0.5553674 3.195289 -0.35199 -0.5553674 3.296317 -0.3643611 -0.6555795 3.197989 -0.3426325 -0.6555795 3.296317 -0.3546717 -0.5553674 3.397346 -0.35199 -0.6555795 3.296317 -0.3546717 -0.6555795 3.394652 -0.3426325 -0.5553674 3.296317 -0.3643611 -0.5553674 3.296317 -0.3643611 -0.5553674 3.397346 -0.35199 -0.6555795 3.296317 -0.3546717 -0.6555795 3.394652 -0.3426325 -0.5553674 3.491488 -0.3157275 -0.6555795 3.394652 -0.3426325 -0.6555795 3.486281 -0.3073351 -0.5553674 3.397346 -0.35199 -0.5553674 3.397346 -0.35199 -0.5553674 3.491488 -0.3157275 -0.6555795 3.394652 -0.3426325 -0.6555795 3.486281 -0.3073351 -0.5553674 3.572329 -0.258034 -0.6555795 3.486281 -0.3073351 -0.6555795 3.564963 -0.2511828 -0.5553674 3.491488 -0.3157275 -0.5553674 3.491488 -0.3157275 -0.5553674 3.572329 -0.258034 -0.6555795 3.486281 -0.3073351 -0.6555795 3.564963 -0.2511828 -0.6555795 3.564963 -0.2511828 -0.5553674 3.634364 -0.1828539 -0.5553674 3.572329 -0.258034 -0.6555795 3.625339 -0.1780093 -0.6555795 3.625339 -0.1780093 -0.6555795 3.564963 -0.2511828 -0.5553674 3.634364 -0.1828539 -0.5553674 3.572329 -0.258034 -0.7560738 3.620139 0.1725194 -0.6555795 3.663299 0.09009903 -0.7560738 3.657489 0.08865708 -0.6555795 3.625339 0.1753194 -0.6555795 3.625339 0.1753194 -0.7560738 3.620139 0.1725194 -0.6555795 3.663299 0.09009903 -0.7560738 3.657489 0.08865708 -0.856675 3.655951 0.08827561 -0.7560738 3.670226 -0.001346766 -0.856675 3.668639 -0.001346766 -0.7560738 3.657489 0.08865708 -0.7560738 3.657489 0.08865708 -0.856675 3.655951 0.08827561 -0.7560738 3.670226 -0.001346766 -0.856675 3.668639 -0.001346766 -0.9572609 3.67147 -0.001346766 -0.856675 3.655951 -0.0909655 -0.9572609 3.658687 -0.09164834 -0.856675 3.668639 -0.001346766 -0.856675 3.668639 -0.001346766 -0.9572609 3.67147 -0.001346766 -0.856675 3.655951 -0.0909655 -0.9572609 3.658687 -0.09164834 -1.057648 3.665687 -0.09339165 -0.9572609 3.621211 -0.1757891 -1.057648 3.627486 -0.1791613 -0.9572609 3.658687 -0.09164834 -0.9572609 3.658687 -0.09164834 -1.057648 3.665687 -0.09339165 -0.9572609 3.621211 -0.1757891 -1.057648 3.627486 -0.1791613 -1.454194 3.736041 0.1082303 -1.356118 3.726813 -0.001346766 -1.454194 3.751552 -0.001346766 -1.356118 3.712146 0.1022756 -1.356118 3.712146 0.1022756 -1.454194 3.736041 0.1082303 -1.356118 3.726813 -0.001346766 -1.454194 3.751552 -0.001346766 -1.356118 3.726813 -0.001346766 -1.257233 3.692439 -0.1000559 -1.356118 3.712146 -0.1049655 -1.257233 3.706412 -0.001346766 -1.257233 3.706412 -0.001346766 -1.356118 3.726813 -0.001346766 -1.257233 3.692439 -0.1000559 -1.356118 3.712146 -0.1049655 -1.257233 3.692439 -0.1000559 -1.157685 3.63758 -0.1845782 -1.257233 3.651469 -0.1920359 -1.157685 3.676944 -0.09619545 -1.157685 3.676944 -0.09619545 -1.257233 3.692439 -0.1000559 -1.157685 3.63758 -0.1845782 -1.257233 3.651469 -0.1920359 -1.157685 3.63758 -0.1845782 -1.057648 3.566714 -0.2528155 -1.157685 3.574954 -0.2604754 -1.057648 3.627486 -0.1791613 -1.057648 3.627486 -0.1791613 -1.157685 3.63758 -0.1845782 -1.057648 3.566714 -0.2528155 -1.157685 3.574954 -0.2604754 -1.551316 3.764079 0.115215 -1.454194 3.690566 0.2103383 -1.454194 3.736041 0.1082303 -1.551316 3.715701 0.2238347 -1.551316 3.715701 0.2238347 -1.551316 3.764079 0.115215 -1.454194 3.690566 0.2103383 -1.454194 3.736041 0.1082303 -1.647324 3.744521 0.2393071 -1.551316 3.638747 0.3171117 -1.551316 3.715701 0.2238347 -1.647324 3.662276 0.3389928 -1.647324 3.662276 0.3389928 -1.647324 3.744521 0.2393071 -1.551316 3.638747 0.3171117 -1.551316 3.715701 0.2238347 -1.647324 3.662276 0.3389928 -1.666764 3.576507 0.4499814 -1.647324 3.555091 0.4154813 -1.666764 3.692561 0.3671643 -1.666764 3.692561 0.3671643 -1.647324 3.662276 0.3389928 -1.666764 3.576507 0.4499814 -1.647324 3.555091 0.4154813 -1.666764 3.441356 0.5020482 -2.253297 3.576507 0.4499814 -2.253297 3.441356 0.5020482 -1.666764 3.576507 0.4499814 -1.666764 3.576507 0.4499814 -1.666764 3.441356 0.5020482 -2.253297 3.576507 0.4499814 -2.253297 3.441356 0.5020482 -2.253297 3.441356 0.5020482 -2.29123 3.296317 0.4799649 -2.253297 3.296317 0.5198018 -2.29123 3.430266 0.4635617 -2.29123 3.430266 0.4635617 -2.253297 3.441356 0.5020482 -2.29123 3.296317 0.4799649 -2.253297 3.296317 0.5198018 -2.29123 3.037551 0.4154813 -2.29123 3.046367 0.0609433 -2.29123 3.037551 -0.001346766 -2.29123 3.162368 0.4635617 -2.29123 3.072219 0.1189839 -2.29123 3.113341 0.168823 -2.29123 3.166938 0.207069 -2.29123 3.296317 0.4799649 -2.29123 3.229346 0.2311093 -2.29123 3.296317 0.2393071 -2.29123 3.430266 0.4635617 -2.29123 3.363292 0.2311093 -2.29123 3.425704 0.207069 -2.29123 3.479297 0.168823 -2.29123 3.555091 0.4154813 -2.29123 3.520419 0.1189839 -2.29123 3.546271 0.0609433 -2.29123 3.555091 -0.001346766 -2.29123 2.796416 0.1232259 -2.29123 2.796416 -0.1259158 -2.29123 2.778781 -0.001346766 -2.29123 2.848117 0.2393071 -2.29123 2.848117 -0.2420046 -2.29123 2.930366 0.3389928 -2.29123 2.930366 -0.3416827 -2.29123 3.037551 -0.4181712 -2.29123 3.046367 -0.0636332 -2.29123 3.162368 -0.4662554 -2.29123 3.072219 -0.1216738 -2.29123 3.113341 -0.1715129 -2.29123 3.166938 -0.2097589 -2.29123 3.296317 -0.4826548 -2.29123 3.229346 -0.2337992 -2.29123 3.296317 -0.2420046 -2.29123 3.363292 -0.2337992 -2.29123 3.430266 -0.4662554 -2.29123 3.425704 -0.2097589 -2.29123 3.479297 -0.1715129 -2.29123 3.555091 -0.4181712 -2.29123 3.520419 -0.1216738 -2.29123 3.546271 -0.0636332 -2.29123 3.555091 -0.001346766 -2.29123 3.546271 -0.0636332 -2.29123 3.555091 -0.4181712 -2.29123 3.520419 -0.1216738 -2.29123 3.479297 -0.1715129 -2.29123 3.430266 -0.4662554 -2.29123 3.425704 -0.2097589 -2.29123 3.363292 -0.2337992 -2.29123 3.296317 -0.4826548 -2.29123 3.296317 -0.2420046 -2.29123 3.229346 -0.2337992 -2.29123 3.166938 -0.2097589 -2.29123 3.162368 -0.4662554 -2.29123 3.113341 -0.1715129 -2.29123 3.072219 -0.1216738 -2.29123 3.046367 -0.0636332 -2.29123 3.037551 -0.4181712 -2.29123 3.037551 -0.001346766 -2.29123 3.037551 0.4154813 -2.29123 2.930366 -0.3416827 -2.29123 2.930366 0.3389928 -2.29123 2.848117 -0.2420046 -2.29123 2.848117 0.2393071 -2.29123 2.796416 -0.1259158 -2.29123 2.796416 0.1232259 -2.29123 2.778781 -0.001346766 -2.29123 3.555091 0.4154813 -2.29123 3.546271 0.0609433 -2.29123 3.520419 0.1189839 -2.29123 3.479297 0.168823 -2.29123 3.430266 0.4635617 -2.29123 3.425704 0.207069 -2.29123 3.363292 0.2311093 -2.29123 3.296317 0.2393071 -2.29123 3.296317 0.4799649 -2.29123 3.229346 0.2311093 -2.29123 3.166938 0.207069 -2.29123 3.162368 0.4635617 -2.29123 3.113341 0.168823 -2.29123 3.072219 0.1189839 -2.29123 3.046367 0.0609433 -0.6555795 2.916404 -0.001346766 -0.7560738 2.935149 -0.09134697 -0.6555795 2.929347 -0.09278893 -0.7560738 2.922408 -0.001346766 -0.7560738 2.922408 -0.001346766 -0.6555795 2.916404 -0.001346766 -0.7560738 2.935149 -0.09134697 -0.6555795 2.929347 -0.09278893 -0.7560738 2.935149 -0.09134697 -0.856675 2.973884 -0.1744769 -0.7560738 2.972506 -0.1752169 -0.856675 2.93669 -0.0909655 -0.856675 2.93669 -0.0909655 -0.7560738 2.935149 -0.09134697 -0.856675 2.973884 -0.1744769 -0.7560738 2.972506 -0.1752169 -0.856675 3.033053 -0.2461856 -0.9572609 2.971431 -0.1757891 -0.9572609 3.031051 -0.2480471 -0.856675 2.973884 -0.1744769 -0.856675 2.973884 -0.1744769 -0.856675 3.033053 -0.2461856 -0.9572609 2.971431 -0.1757891 -0.9572609 3.031051 -0.2480471 -0.9572609 3.108748 -0.3034899 -1.057648 3.025924 -0.2528155 -1.057648 3.105124 -0.3093302 -0.9572609 3.031051 -0.2480471 -0.9572609 3.031051 -0.2480471 -0.9572609 3.108748 -0.3034899 -1.057648 3.025924 -0.2528155 -1.057648 3.105124 -0.3093302 -1.647324 2.796416 0.1232259 -1.666764 2.811027 0.2592275 -1.666764 2.755042 0.1335369 -1.647324 2.848117 0.2393071 -1.647324 2.848117 0.2393071 -1.647324 2.796416 0.1232259 -1.666764 2.811027 0.2592275 -1.666764 2.755042 0.1335369 -1.666764 2.900077 0.3671643 -2.253297 2.811027 0.2592275 -1.666764 2.811027 0.2592275 -2.253297 2.900077 0.3671643 -2.253297 2.900077 0.3671643 -1.666764 2.900077 0.3671643 -2.253297 2.811027 0.2592275 -1.666764 2.811027 0.2592275 -1.551316 2.828559 0.115215 -1.647324 2.778781 -0.001346766 -1.551316 2.81206 -0.001346766 -1.647324 2.796416 0.1232259 -1.647324 2.796416 0.1232259 -1.551316 2.828559 0.115215 -1.647324 2.778781 -0.001346766 -1.551316 2.81206 -0.001346766 -1.454194 2.856601 -0.1109202 -1.551316 2.81206 -0.001346766 -1.551316 2.828559 -0.1179087 -1.454194 2.84109 -0.001346766 -1.454194 2.84109 -0.001346766 -1.454194 2.856601 -0.1109202 -1.551316 2.81206 -0.001346766 -1.551316 2.828559 -0.1179087 -1.356118 2.923499 -0.2015269 -1.454194 2.856601 -0.1109202 -1.454194 2.90208 -0.2130282 -1.356118 2.880492 -0.1049655 -1.356118 2.880492 -0.1049655 -1.356118 2.923499 -0.2015269 -1.454194 2.856601 -0.1109202 -1.454194 2.90208 -0.2130282 -1.257233 3.006343 -0.2710269 -1.356118 2.923499 -0.2015269 -1.356118 2.991912 -0.2844431 -1.257233 2.941169 -0.1920359 -1.257233 2.941169 -0.1920359 -1.257233 3.006343 -0.2710269 -1.356118 2.923499 -0.2015269 -1.356118 2.991912 -0.2844431 -1.157685 3.099292 -0.3187182 -1.257233 3.006343 -0.2710269 -1.257233 3.091273 -0.3316348 -1.157685 3.017684 -0.2604754 -1.157685 3.017684 -0.2604754 -1.157685 3.099292 -0.3187182 -1.257233 3.006343 -0.2710269 -1.257233 3.091273 -0.3316348 -1.057648 3.197345 -0.3448565 -1.157685 3.099292 -0.3187182 -1.157685 3.194335 -0.355324 -1.057648 3.105124 -0.3093302 -1.057648 3.105124 -0.3093302 -1.057648 3.197345 -0.3448565 -1.157685 3.099292 -0.3187182 -1.157685 3.194335 -0.355324 -2.253297 3.016131 0.4499814 -2.29123 2.930366 0.3389928 -2.253297 2.900077 0.3671643 -2.29123 3.037551 0.4154813 -2.29123 3.037551 0.4154813 -2.253297 3.016131 0.4499814 -2.29123 2.930366 0.3389928 -2.253297 2.900077 0.3671643 -0.7560738 3.620139 -0.1752169 -0.6555795 3.663299 -0.09278893 -0.6555795 3.625339 -0.1780093 -0.7560738 3.657489 -0.09134697 -0.7560738 3.657489 -0.09134697 -0.7560738 3.620139 -0.1752169 -0.6555795 3.663299 -0.09278893 -0.6555795 3.625339 -0.1780093 -0.7560738 3.657489 -0.09134697 -0.6555795 3.676242 -0.001346766 -0.6555795 3.663299 -0.09278893 -0.7560738 3.670226 -0.001346766 -0.7560738 3.670226 -0.001346766 -0.7560738 3.657489 -0.09134697 -0.6555795 3.676242 -0.001346766 -0.6555795 3.663299 -0.09278893 -0.7560738 3.657489 0.08865708 -0.6555795 3.676242 -0.001346766 -0.7560738 3.670226 -0.001346766 -0.6555795 3.663299 0.09009903 -0.6555795 3.663299 0.09009903 -0.7560738 3.657489 0.08865708 -0.6555795 3.676242 -0.001346766 -0.7560738 3.670226 -0.001346766 -0.6555795 2.929347 -0.09278893 -0.7560738 2.972506 -0.1752169 -0.6555795 2.967303 -0.1780093 -0.7560738 2.935149 -0.09134697 -0.7560738 2.935149 -0.09134697 -0.6555795 2.929347 -0.09278893 -0.7560738 2.972506 -0.1752169 -0.6555795 2.967303 -0.1780093 -0.6555795 2.967303 -0.1780093 -0.7560738 3.031924 -0.2472308 -0.6555795 3.027675 -0.2511828 -0.7560738 2.972506 -0.1752169 -0.7560738 2.972506 -0.1752169 -0.6555795 2.967303 -0.1780093 -0.7560738 3.031924 -0.2472308 -0.6555795 3.027675 -0.2511828 -0.6555795 3.106364 -0.3073351 -0.7560738 3.031924 -0.2472308 -0.7560738 3.109366 -0.3024905 -0.6555795 3.027675 -0.2511828 -0.6555795 3.027675 -0.2511828 -0.6555795 3.106364 -0.3073351 -0.7560738 3.031924 -0.2472308 -0.7560738 3.109366 -0.3024905 -0.6555795 3.197989 -0.3426325 -0.7560738 3.109366 -0.3024905 -0.7560738 3.19955 -0.3372347 -0.6555795 3.106364 -0.3073351 -0.6555795 3.106364 -0.3073351 -0.6555795 3.197989 -0.3426325 -0.7560738 3.109366 -0.3024905 -0.7560738 3.19955 -0.3372347 -0.6555795 3.296317 -0.3546717 -0.7560738 3.19955 -0.3372347 -0.7560738 3.296317 -0.3490832 -0.6555795 3.197989 -0.3426325 -0.6555795 3.197989 -0.3426325 -0.6555795 3.296317 -0.3546717 -0.7560738 3.19955 -0.3372347 -0.7560738 3.296317 -0.3490832 -0.6555795 3.394652 -0.3426325 -0.7560738 3.296317 -0.3490832 -0.7560738 3.393096 -0.3372347 -0.6555795 3.296317 -0.3546717 -0.6555795 3.296317 -0.3546717 -0.6555795 3.394652 -0.3426325 -0.7560738 3.296317 -0.3490832 -0.7560738 3.393096 -0.3372347 -0.6555795 3.486281 -0.3073351 -0.7560738 3.393096 -0.3372347 -0.7560738 3.483272 -0.3024905 -0.6555795 3.394652 -0.3426325 -0.6555795 3.394652 -0.3426325 -0.6555795 3.486281 -0.3073351 -0.7560738 3.393096 -0.3372347 -0.7560738 3.483272 -0.3024905 -0.6555795 3.564963 -0.2511828 -0.7560738 3.483272 -0.3024905 -0.7560738 3.560718 -0.2472308 -0.6555795 3.486281 -0.3073351 -0.6555795 3.486281 -0.3073351 -0.6555795 3.564963 -0.2511828 -0.7560738 3.483272 -0.3024905 -0.7560738 3.560718 -0.2472308 -0.7560738 3.560718 -0.2472308 -0.6555795 3.625339 -0.1780093 -0.6555795 3.564963 -0.2511828 -0.7560738 3.620139 -0.1752169 -0.7560738 3.620139 -0.1752169 -0.7560738 3.560718 -0.2472308 -0.6555795 3.625339 -0.1780093 -0.6555795 3.564963 -0.2511828 -0.856675 3.655951 -0.0909655 -0.7560738 3.670226 -0.001346766 -0.7560738 3.657489 -0.09134697 -0.856675 3.668639 -0.001346766 -0.856675 3.668639 -0.001346766 -0.856675 3.655951 -0.0909655 -0.7560738 3.670226 -0.001346766 -0.7560738 3.657489 -0.09134697 -0.9572609 3.658687 -0.09164834 -0.856675 3.618758 -0.1744769 -0.9572609 3.621211 -0.1757891 -0.856675 3.655951 -0.0909655 -0.856675 3.655951 -0.0909655 -0.9572609 3.658687 -0.09164834 -0.856675 3.618758 -0.1744769 -0.9572609 3.621211 -0.1757891 -1.057648 3.627486 -0.1791613 -0.9572609 3.561591 -0.2480471 -1.057648 3.566714 -0.2528155 -0.9572609 3.621211 -0.1757891 -0.9572609 3.621211 -0.1757891 -1.057648 3.627486 -0.1791613 -0.9572609 3.561591 -0.2480471 -1.057648 3.566714 -0.2528155 -1.551316 3.764079 0.115215 -1.454194 3.751552 -0.001346766 -1.551316 3.780581 -0.001346766 -1.454194 3.736041 0.1082303 -1.454194 3.736041 0.1082303 -1.551316 3.764079 0.115215 -1.454194 3.751552 -0.001346766 -1.551316 3.780581 -0.001346766 -1.454194 3.751552 -0.001346766 -1.356118 3.712146 -0.1049655 -1.454194 3.736041 -0.1109202 -1.356118 3.726813 -0.001346766 -1.356118 3.726813 -0.001346766 -1.454194 3.751552 -0.001346766 -1.356118 3.712146 -0.1049655 -1.454194 3.736041 -0.1109202 -1.356118 3.712146 -0.1049655 -1.257233 3.651469 -0.1920359 -1.356118 3.669143 -0.2015269 -1.257233 3.692439 -0.1000559 -1.257233 3.692439 -0.1000559 -1.356118 3.712146 -0.1049655 -1.257233 3.651469 -0.1920359 -1.356118 3.669143 -0.2015269 -1.257233 3.651469 -0.1920359 -1.157685 3.574954 -0.2604754 -1.257233 3.586299 -0.2710269 -1.157685 3.63758 -0.1845782 -1.157685 3.63758 -0.1845782 -1.257233 3.651469 -0.1920359 -1.157685 3.574954 -0.2604754 -1.257233 3.586299 -0.2710269 -1.057648 3.566714 -0.2528155 -1.157685 3.493346 -0.3187182 -1.157685 3.574954 -0.2604754 -1.057648 3.487521 -0.3093302 -1.057648 3.487521 -0.3093302 -1.057648 3.566714 -0.2528155 -1.157685 3.493346 -0.3187182 -1.157685 3.574954 -0.2604754 -1.647324 3.796222 0.1232259 -1.551316 3.715701 0.2238347 -1.551316 3.764079 0.115215 -1.647324 3.744521 0.2393071 -1.647324 3.744521 0.2393071 -1.647324 3.796222 0.1232259 -1.551316 3.715701 0.2238347 -1.551316 3.764079 0.115215 -1.647324 3.744521 0.2393071 -1.666764 3.692561 0.3671643 -1.647324 3.662276 0.3389928 -1.666764 3.781619 0.2592275 -1.666764 3.781619 0.2592275 -1.647324 3.744521 0.2393071 -1.666764 3.692561 0.3671643 -1.647324 3.662276 0.3389928 -1.666764 3.576507 0.4499814 -2.253297 3.692561 0.3671643 -2.253297 3.576507 0.4499814 -1.666764 3.692561 0.3671643 -1.666764 3.692561 0.3671643 -1.666764 3.576507 0.4499814 -2.253297 3.692561 0.3671643 -2.253297 3.576507 0.4499814 -2.253297 3.441356 0.5020482 -2.29123 3.555091 0.4154813 -2.29123 3.430266 0.4635617 -2.253297 3.576507 0.4499814 -2.253297 3.576507 0.4499814 -2.253297 3.441356 0.5020482 -2.29123 3.555091 0.4154813 -2.29123 3.430266 0.4635617 -2.29123 3.555091 -0.4181712 -2.253297 3.441356 -0.5047382 -2.29123 3.430266 -0.4662554 -2.253297 3.576507 -0.4526713 -2.253297 3.576507 -0.4526713 -2.29123 3.555091 -0.4181712 -2.253297 3.441356 -0.5047382 -2.29123 3.430266 -0.4662554 -2.29123 3.430266 -0.4662554 -2.253297 3.296317 -0.5224918 -2.29123 3.296317 -0.4826548 -2.253297 3.441356 -0.5047382 -2.253297 3.441356 -0.5047382 -2.29123 3.430266 -0.4662554 -2.253297 3.296317 -0.5224918 -2.29123 3.296317 -0.4826548 -2.29123 3.162368 -0.4662554 -2.253297 3.296317 -0.5224918 -2.253297 3.151282 -0.5047382 -2.29123 3.296317 -0.4826548 -2.29123 3.296317 -0.4826548 -2.29123 3.162368 -0.4662554 -2.253297 3.296317 -0.5224918 -2.253297 3.151282 -0.5047382 -2.29123 3.037551 -0.4181712 -2.253297 3.151282 -0.5047382 -2.253297 3.016131 -0.4526713 -2.29123 3.162368 -0.4662554 -2.29123 3.162368 -0.4662554 -2.29123 3.037551 -0.4181712 -2.253297 3.151282 -0.5047382 -2.253297 3.016131 -0.4526713 -2.29123 2.930366 -0.3416827 -2.253297 3.016131 -0.4526713 -2.253297 2.900077 -0.3698542 -2.29123 3.037551 -0.4181712 -2.29123 3.037551 -0.4181712 -2.29123 2.930366 -0.3416827 -2.253297 3.016131 -0.4526713 -2.253297 2.900077 -0.3698542 -2.29123 2.848117 -0.2420046 -2.253297 2.900077 -0.3698542 -2.253297 2.811027 -0.2619212 -2.29123 2.930366 -0.3416827 -2.29123 2.930366 -0.3416827 -2.29123 2.848117 -0.2420046 -2.253297 2.900077 -0.3698542 -2.253297 2.811027 -0.2619212 -2.29123 2.796416 -0.1259158 -2.253297 2.811027 -0.2619212 -2.253297 2.755042 -0.1362269 -2.29123 2.848117 -0.2420046 -2.29123 2.848117 -0.2420046 -2.29123 2.796416 -0.1259158 -2.253297 2.811027 -0.2619212 -2.253297 2.755042 -0.1362269 -2.29123 2.778781 -0.001346766 -2.253297 2.755042 -0.1362269 -2.253297 2.735949 -0.001346766 -2.29123 2.796416 -0.1259158 -2.29123 2.796416 -0.1259158 -2.29123 2.778781 -0.001346766 -2.253297 2.755042 -0.1362269 -2.253297 2.735949 -0.001346766 -2.253297 2.755042 0.1335369 -2.29123 2.778781 -0.001346766 -2.253297 2.735949 -0.001346766 -2.29123 2.796416 0.1232259 -2.29123 2.796416 0.1232259 -2.253297 2.755042 0.1335369 -2.29123 2.778781 -0.001346766 -2.253297 2.735949 -0.001346766 -2.253297 2.811027 0.2592275 -2.29123 2.796416 0.1232259 -2.253297 2.755042 0.1335369 -2.29123 2.848117 0.2393071 -2.29123 2.848117 0.2393071 -2.253297 2.811027 0.2592275 -2.29123 2.796416 0.1232259 -2.253297 2.755042 0.1335369 -2.253297 2.900077 0.3671643 -2.29123 2.848117 0.2393071 -2.253297 2.811027 0.2592275 -2.29123 2.930366 0.3389928 -2.29123 2.930366 0.3389928 -2.253297 2.900077 0.3671643 -2.29123 2.848117 0.2393071 -2.253297 2.811027 0.2592275 -0.7560738 2.972506 -0.1752169 -0.856675 3.033053 -0.2461856 -0.7560738 3.031924 -0.2472308 -0.856675 2.973884 -0.1744769 -0.856675 2.973884 -0.1744769 -0.7560738 2.972506 -0.1752169 -0.856675 3.033053 -0.2461856 -0.7560738 3.031924 -0.2472308 -0.856675 3.11016 -0.3012126 -0.9572609 3.031051 -0.2480471 -0.9572609 3.108748 -0.3034899 -0.856675 3.033053 -0.2461856 -0.856675 3.033053 -0.2461856 -0.856675 3.11016 -0.3012126 -0.9572609 3.031051 -0.2480471 -0.9572609 3.108748 -0.3034899 -0.9572609 3.199225 -0.3383448 -1.057648 3.105124 -0.3093302 -1.057648 3.197345 -0.3448565 -0.9572609 3.108748 -0.3034899 -0.9572609 3.108748 -0.3034899 -0.9572609 3.199225 -0.3383448 -1.057648 3.105124 -0.3093302 -1.057648 3.197345 -0.3448565 -1.647324 2.778781 -0.001346766 -1.666764 2.755042 0.1335369 -1.666764 2.735949 -0.001346766 -1.647324 2.796416 0.1232259 -1.647324 2.796416 0.1232259 -1.647324 2.778781 -0.001346766 -1.666764 2.755042 0.1335369 -1.666764 2.735949 -0.001346766 -1.666764 2.811027 0.2592275 -2.253297 2.755042 0.1335369 -1.666764 2.755042 0.1335369 -2.253297 2.811027 0.2592275 -2.253297 2.811027 0.2592275 -1.666764 2.811027 0.2592275 -2.253297 2.755042 0.1335369 -1.666764 2.755042 0.1335369 -1.551316 2.828559 -0.1179087 -1.647324 2.778781 -0.001346766 -1.647324 2.796416 -0.1259158 -1.551316 2.81206 -0.001346766 -1.551316 2.81206 -0.001346766 -1.551316 2.828559 -0.1179087 -1.647324 2.778781 -0.001346766 -1.647324 2.796416 -0.1259158 -1.454194 2.90208 -0.2130282 -1.551316 2.828559 -0.1179087 -1.551316 2.876937 -0.2265246 -1.454194 2.856601 -0.1109202 -1.454194 2.856601 -0.1109202 -1.454194 2.90208 -0.2130282 -1.551316 2.828559 -0.1179087 -1.551316 2.876937 -0.2265246 -1.356118 2.991912 -0.2844431 -1.454194 2.90208 -0.2130282 -1.454194 2.974421 -0.300709 -1.356118 2.923499 -0.2015269 -1.356118 2.923499 -0.2015269 -1.356118 2.991912 -0.2844431 -1.454194 2.90208 -0.2130282 -1.454194 2.974421 -0.300709 -1.257233 3.091273 -0.3316348 -1.356118 2.991912 -0.2844431 -1.356118 3.081073 -0.3480685 -1.257233 3.006343 -0.2710269 -1.257233 3.006343 -0.2710269 -1.257233 3.091273 -0.3316348 -1.356118 2.991912 -0.2844431 -1.356118 3.081073 -0.3480685 -1.157685 3.194335 -0.355324 -1.257233 3.091273 -0.3316348 -1.257233 3.190181 -0.369736 -1.157685 3.099292 -0.3187182 -1.157685 3.099292 -0.3187182 -1.157685 3.194335 -0.355324 -1.257233 3.091273 -0.3316348 -1.257233 3.190181 -0.369736 -1.057648 3.296317 -0.356972 -1.157685 3.194335 -0.355324 -1.157685 3.296317 -0.3678134 -1.057648 3.197345 -0.3448565 -1.057648 3.197345 -0.3448565 -1.057648 3.296317 -0.356972 -1.157685 3.194335 -0.355324 -1.157685 3.296317 -0.3678134 -0.856675 3.618758 -0.1744769 -0.7560738 3.657489 -0.09134697 -0.7560738 3.620139 -0.1752169 -0.856675 3.655951 -0.0909655 -0.856675 3.655951 -0.0909655 -0.856675 3.618758 -0.1744769 -0.7560738 3.657489 -0.09134697 -0.7560738 3.620139 -0.1752169 -0.7560738 3.109366 -0.3024905 -0.856675 3.033053 -0.2461856 -0.856675 3.11016 -0.3012126 -0.7560738 3.031924 -0.2472308 -0.7560738 3.031924 -0.2472308 -0.7560738 3.109366 -0.3024905 -0.856675 3.033053 -0.2461856 -0.856675 3.11016 -0.3012126 -0.7560738 3.19955 -0.3372347 -0.856675 3.11016 -0.3012126 -0.856675 3.199954 -0.3358042 -0.7560738 3.109366 -0.3024905 -0.7560738 3.109366 -0.3024905 -0.7560738 3.19955 -0.3372347 -0.856675 3.11016 -0.3012126 -0.856675 3.199954 -0.3358042 -0.7560738 3.296317 -0.3490832 -0.856675 3.199954 -0.3358042 -0.856675 3.296317 -0.3475993 -0.7560738 3.19955 -0.3372347 -0.7560738 3.19955 -0.3372347 -0.7560738 3.296317 -0.3490832 -0.856675 3.199954 -0.3358042 -0.856675 3.296317 -0.3475993 -0.7560738 3.393096 -0.3372347 -0.856675 3.296317 -0.3475993 -0.856675 3.39268 -0.3358042 -0.7560738 3.296317 -0.3490832 -0.7560738 3.296317 -0.3490832 -0.7560738 3.393096 -0.3372347 -0.856675 3.296317 -0.3475993 -0.856675 3.39268 -0.3358042 -0.7560738 3.483272 -0.3024905 -0.856675 3.39268 -0.3358042 -0.856675 3.482478 -0.3012126 -0.7560738 3.393096 -0.3372347 -0.7560738 3.393096 -0.3372347 -0.7560738 3.483272 -0.3024905 -0.856675 3.39268 -0.3358042 -0.856675 3.482478 -0.3012126 -0.7560738 3.560718 -0.2472308 -0.856675 3.482478 -0.3012126 -0.856675 3.559588 -0.2461856 -0.7560738 3.483272 -0.3024905 -0.7560738 3.483272 -0.3024905 -0.7560738 3.560718 -0.2472308 -0.856675 3.482478 -0.3012126 -0.856675 3.559588 -0.2461856 -0.856675 3.559588 -0.2461856 -0.7560738 3.620139 -0.1752169 -0.7560738 3.560718 -0.2472308 -0.856675 3.618758 -0.1744769 -0.856675 3.618758 -0.1744769 -0.856675 3.559588 -0.2461856 -0.7560738 3.620139 -0.1752169 -0.7560738 3.560718 -0.2472308 -0.9572609 3.621211 -0.1757891 -0.856675 3.559588 -0.2461856 -0.9572609 3.561591 -0.2480471 -0.856675 3.618758 -0.1744769 -0.856675 3.618758 -0.1744769 -0.9572609 3.621211 -0.1757891 -0.856675 3.559588 -0.2461856 -0.9572609 3.561591 -0.2480471 -0.9572609 3.561591 -0.2480471 -1.057648 3.487521 -0.3093302 -1.057648 3.566714 -0.2528155 -0.9572609 3.483893 -0.3034899 -0.9572609 3.483893 -0.3034899 -0.9572609 3.561591 -0.2480471 -1.057648 3.487521 -0.3093302 -1.057648 3.566714 -0.2528155 -1.647324 3.796222 0.1232259 -1.551316 3.780581 -0.001346766 -1.647324 3.813857 -0.001346766 -1.551316 3.764079 0.115215 -1.551316 3.764079 0.115215 -1.647324 3.796222 0.1232259 -1.551316 3.780581 -0.001346766 -1.647324 3.813857 -0.001346766 -1.551316 3.780581 -0.001346766 -1.454194 3.736041 -0.1109202 -1.551316 3.764079 -0.1179087 -1.454194 3.751552 -0.001346766 -1.454194 3.751552 -0.001346766 -1.551316 3.780581 -0.001346766 -1.454194 3.736041 -0.1109202 -1.551316 3.764079 -0.1179087 -1.454194 3.736041 -0.1109202 -1.356118 3.669143 -0.2015269 -1.454194 3.690566 -0.2130282 -1.356118 3.712146 -0.1049655 -1.356118 3.712146 -0.1049655 -1.454194 3.736041 -0.1109202 -1.356118 3.669143 -0.2015269 -1.454194 3.690566 -0.2130282 -1.356118 3.669143 -0.2015269 -1.257233 3.586299 -0.2710269 -1.356118 3.600726 -0.2844431 -1.257233 3.651469 -0.1920359 -1.257233 3.651469 -0.1920359 -1.356118 3.669143 -0.2015269 -1.257233 3.586299 -0.2710269 -1.356118 3.600726 -0.2844431 -1.157685 3.574954 -0.2604754 -1.257233 3.501365 -0.3316348 -1.257233 3.586299 -0.2710269 -1.157685 3.493346 -0.3187182 -1.157685 3.493346 -0.3187182 -1.157685 3.574954 -0.2604754 -1.257233 3.501365 -0.3316348 -1.257233 3.586299 -0.2710269 -1.057648 3.487521 -0.3093302 -1.157685 3.398307 -0.355324 -1.157685 3.493346 -0.3187182 -1.057648 3.395289 -0.3448565 -1.057648 3.395289 -0.3448565 -1.057648 3.487521 -0.3093302 -1.157685 3.398307 -0.355324 -1.157685 3.493346 -0.3187182 -1.647324 3.796222 0.1232259 -1.666764 3.781619 0.2592275 -1.647324 3.744521 0.2393071 -1.666764 3.837596 0.1335408 -1.666764 3.837596 0.1335408 -1.647324 3.796222 0.1232259 -1.666764 3.781619 0.2592275 -1.647324 3.744521 0.2393071 -2.253297 3.692561 0.3671643 -1.666764 3.781619 0.2592275 -2.253297 3.781619 0.2592275 -1.666764 3.692561 0.3671643 -1.666764 3.692561 0.3671643 -2.253297 3.692561 0.3671643 -1.666764 3.781619 0.2592275 -2.253297 3.781619 0.2592275 -2.253297 3.576507 0.4499814 -2.29123 3.662276 0.3389928 -2.29123 3.555091 0.4154813 -2.253297 3.692561 0.3671643 -2.253297 3.692561 0.3671643 -2.253297 3.576507 0.4499814 -2.29123 3.662276 0.3389928 -2.29123 3.555091 0.4154813 -2.29123 3.662276 -0.3416827 -2.253297 3.576507 -0.4526713 -2.29123 3.555091 -0.4181712 -2.253297 3.692561 -0.3698542 -2.253297 3.692561 -0.3698542 -2.29123 3.662276 -0.3416827 -2.253297 3.576507 -0.4526713 -2.29123 3.555091 -0.4181712 -1.666764 3.576507 -0.4526713 -2.253297 3.441356 -0.5047382 -2.253297 3.576507 -0.4526713 -1.666764 3.441356 -0.5047382 -1.666764 3.441356 -0.5047382 -1.666764 3.576507 -0.4526713 -2.253297 3.441356 -0.5047382 -2.253297 3.576507 -0.4526713 -1.666764 3.441356 -0.5047382 -2.253297 3.296317 -0.5224918 -2.253297 3.441356 -0.5047382 -1.666764 3.296317 -0.5224918 -1.666764 3.296317 -0.5224918 -1.666764 3.441356 -0.5047382 -2.253297 3.296317 -0.5224918 -2.253297 3.441356 -0.5047382 -1.666764 3.296317 -0.5224918 -2.253297 3.151282 -0.5047382 -2.253297 3.296317 -0.5224918 -1.666764 3.151282 -0.5047382 -1.666764 3.151282 -0.5047382 -1.666764 3.296317 -0.5224918 -2.253297 3.151282 -0.5047382 -2.253297 3.296317 -0.5224918 -1.666764 3.151282 -0.5047382 -2.253297 3.016131 -0.4526713 -2.253297 3.151282 -0.5047382 -1.666764 3.016131 -0.4526713 -1.666764 3.016131 -0.4526713 -1.666764 3.151282 -0.5047382 -2.253297 3.016131 -0.4526713 -2.253297 3.151282 -0.5047382 -1.666764 3.016131 -0.4526713 -2.253297 2.900077 -0.3698542 -2.253297 3.016131 -0.4526713 -1.666764 2.900077 -0.3698542 -1.666764 2.900077 -0.3698542 -1.666764 3.016131 -0.4526713 -2.253297 2.900077 -0.3698542 -2.253297 3.016131 -0.4526713 -1.666764 2.811027 -0.2619212 -2.253297 2.900077 -0.3698542 -1.666764 2.900077 -0.3698542 -2.253297 2.811027 -0.2619212 -2.253297 2.811027 -0.2619212 -1.666764 2.811027 -0.2619212 -2.253297 2.900077 -0.3698542 -1.666764 2.900077 -0.3698542 -1.666764 2.755042 -0.1362269 -2.253297 2.811027 -0.2619212 -1.666764 2.811027 -0.2619212 -2.253297 2.755042 -0.1362269 -2.253297 2.755042 -0.1362269 -1.666764 2.755042 -0.1362269 -2.253297 2.811027 -0.2619212 -1.666764 2.811027 -0.2619212 -1.666764 2.735949 -0.001346766 -2.253297 2.755042 -0.1362269 -1.666764 2.755042 -0.1362269 -2.253297 2.735949 -0.001346766 -2.253297 2.735949 -0.001346766 -1.666764 2.735949 -0.001346766 -2.253297 2.755042 -0.1362269 -1.666764 2.755042 -0.1362269 -1.666764 2.755042 0.1335369 -2.253297 2.735949 -0.001346766 -1.666764 2.735949 -0.001346766 -2.253297 2.755042 0.1335369 -2.253297 2.755042 0.1335369 -1.666764 2.755042 0.1335369 -2.253297 2.735949 -0.001346766 -1.666764 2.735949 -0.001346766 -0.856675 3.199954 -0.3358042 -0.9572609 3.108748 -0.3034899 -0.9572609 3.199225 -0.3383448 -0.856675 3.11016 -0.3012126 -0.856675 3.11016 -0.3012126 -0.856675 3.199954 -0.3358042 -0.9572609 3.108748 -0.3034899 -0.9572609 3.199225 -0.3383448 -0.9572609 3.296317 -0.3502352 -1.057648 3.197345 -0.3448565 -1.057648 3.296317 -0.356972 -0.9572609 3.199225 -0.3383448 -0.9572609 3.199225 -0.3383448 -0.9572609 3.296317 -0.3502352 -1.057648 3.197345 -0.3448565 -1.057648 3.296317 -0.356972 -1.666764 2.755042 -0.1362269 -1.647324 2.778781 -0.001346766 -1.666764 2.735949 -0.001346766 -1.647324 2.796416 -0.1259158 -1.647324 2.796416 -0.1259158 -1.666764 2.755042 -0.1362269 -1.647324 2.778781 -0.001346766 -1.666764 2.735949 -0.001346766 -1.551316 2.876937 -0.2265246 -1.647324 2.796416 -0.1259158 -1.647324 2.848117 -0.2420046 -1.551316 2.828559 -0.1179087 -1.551316 2.828559 -0.1179087 -1.551316 2.876937 -0.2265246 -1.647324 2.796416 -0.1259158 -1.647324 2.848117 -0.2420046 -1.454194 2.974421 -0.300709 -1.551316 2.876937 -0.2265246 -1.551316 2.953898 -0.3198016 -1.454194 2.90208 -0.2130282 -1.454194 2.90208 -0.2130282 -1.454194 2.974421 -0.300709 -1.551316 2.876937 -0.2265246 -1.551316 2.953898 -0.3198016 -1.356118 3.081073 -0.3480685 -1.454194 2.974421 -0.300709 -1.454194 3.068702 -0.3679888 -1.356118 2.991912 -0.2844431 -1.356118 2.991912 -0.2844431 -1.356118 3.081073 -0.3480685 -1.454194 2.974421 -0.300709 -1.454194 3.068702 -0.3679888 -1.257233 3.190181 -0.369736 -1.356118 3.081073 -0.3480685 -1.356118 3.184901 -0.3880656 -1.257233 3.091273 -0.3316348 -1.257233 3.091273 -0.3316348 -1.257233 3.190181 -0.369736 -1.356118 3.081073 -0.3480685 -1.356118 3.184901 -0.3880656 -1.157685 3.296317 -0.3678134 -1.257233 3.190181 -0.369736 -1.257233 3.296317 -0.3827326 -1.157685 3.194335 -0.355324 -1.157685 3.194335 -0.355324 -1.157685 3.296317 -0.3678134 -1.257233 3.190181 -0.369736 -1.257233 3.296317 -0.3827326 -1.057648 3.395289 -0.3448565 -1.157685 3.296317 -0.3678134 -1.157685 3.398307 -0.355324 -1.057648 3.296317 -0.356972 -1.057648 3.296317 -0.356972 -1.057648 3.395289 -0.3448565 -1.157685 3.296317 -0.3678134 -1.157685 3.398307 -0.355324 -0.856675 3.296317 -0.3475993 -0.9572609 3.199225 -0.3383448 -0.9572609 3.296317 -0.3502352 -0.856675 3.199954 -0.3358042 -0.856675 3.199954 -0.3358042 -0.856675 3.296317 -0.3475993 -0.9572609 3.199225 -0.3383448 -0.9572609 3.296317 -0.3502352 -0.856675 3.39268 -0.3358042 -0.9572609 3.296317 -0.3502352 -0.9572609 3.393416 -0.3383448 -0.856675 3.296317 -0.3475993 -0.856675 3.296317 -0.3475993 -0.856675 3.39268 -0.3358042 -0.9572609 3.296317 -0.3502352 -0.9572609 3.393416 -0.3383448 -0.856675 3.482478 -0.3012126 -0.9572609 3.393416 -0.3383448 -0.9572609 3.483893 -0.3034899 -0.856675 3.39268 -0.3358042 -0.856675 3.39268 -0.3358042 -0.856675 3.482478 -0.3012126 -0.9572609 3.393416 -0.3383448 -0.9572609 3.483893 -0.3034899 -0.856675 3.559588 -0.2461856 -0.9572609 3.483893 -0.3034899 -0.9572609 3.561591 -0.2480471 -0.856675 3.482478 -0.3012126 -0.856675 3.482478 -0.3012126 -0.856675 3.559588 -0.2461856 -0.9572609 3.483893 -0.3034899 -0.9572609 3.561591 -0.2480471 -0.9572609 3.483893 -0.3034899 -1.057648 3.395289 -0.3448565 -1.057648 3.487521 -0.3093302 -0.9572609 3.393416 -0.3383448 -0.9572609 3.393416 -0.3383448 -0.9572609 3.483893 -0.3034899 -1.057648 3.395289 -0.3448565 -1.057648 3.487521 -0.3093302 -1.647324 3.813857 -0.001346766 -1.666764 3.837596 0.1335408 -1.647324 3.796222 0.1232259 -1.666764 3.856692 -0.001346766 -1.666764 3.856692 -0.001346766 -1.647324 3.813857 -0.001346766 -1.666764 3.837596 0.1335408 -1.647324 3.796222 0.1232259 -1.647324 3.813857 -0.001346766 -1.551316 3.764079 -0.1179087 -1.647324 3.796222 -0.1259158 -1.551316 3.780581 -0.001346766 -1.551316 3.780581 -0.001346766 -1.647324 3.813857 -0.001346766 -1.551316 3.764079 -0.1179087 -1.647324 3.796222 -0.1259158 -1.551316 3.764079 -0.1179087 -1.454194 3.690566 -0.2130282 -1.551316 3.715701 -0.2265246 -1.454194 3.736041 -0.1109202 -1.454194 3.736041 -0.1109202 -1.551316 3.764079 -0.1179087 -1.454194 3.690566 -0.2130282 -1.551316 3.715701 -0.2265246 -1.454194 3.690566 -0.2130282 -1.356118 3.600726 -0.2844431 -1.454194 3.618216 -0.300709 -1.356118 3.669143 -0.2015269 -1.356118 3.669143 -0.2015269 -1.454194 3.690566 -0.2130282 -1.356118 3.600726 -0.2844431 -1.454194 3.618216 -0.300709 -1.257233 3.586299 -0.2710269 -1.356118 3.511565 -0.3480685 -1.356118 3.600726 -0.2844431 -1.257233 3.501365 -0.3316348 -1.257233 3.501365 -0.3316348 -1.257233 3.586299 -0.2710269 -1.356118 3.511565 -0.3480685 -1.356118 3.600726 -0.2844431 -1.157685 3.493346 -0.3187182 -1.257233 3.402457 -0.369736 -1.257233 3.501365 -0.3316348 -1.157685 3.398307 -0.355324 -1.157685 3.398307 -0.355324 -1.157685 3.493346 -0.3187182 -1.257233 3.402457 -0.369736 -1.257233 3.501365 -0.3316348 -2.253297 3.781619 0.2592275 -1.666764 3.837596 0.1335408 -2.253297 3.837596 0.1335408 -1.666764 3.781619 0.2592275 -1.666764 3.781619 0.2592275 -2.253297 3.781619 0.2592275 -1.666764 3.837596 0.1335408 -2.253297 3.837596 0.1335408 -2.253297 3.692561 0.3671643 -2.29123 3.744521 0.2393071 -2.29123 3.662276 0.3389928 -2.253297 3.781619 0.2592275 -2.253297 3.781619 0.2592275 -2.253297 3.692561 0.3671643 -2.29123 3.744521 0.2393071 -2.29123 3.662276 0.3389928 -2.29123 3.662276 0.3389928 -2.29123 3.662276 -0.3416827 -2.29123 3.744521 0.2393071 -2.29123 3.744521 -0.2420046 -2.29123 3.796222 0.1232259 -2.29123 3.796222 -0.1259158 -2.29123 3.813857 -0.001346766 -2.29123 3.813857 -0.001346766 -2.29123 3.796222 0.1232259 -2.29123 3.796222 -0.1259158 -2.29123 3.744521 -0.2420046 -2.29123 3.744521 0.2393071 -2.29123 3.662276 -0.3416827 -2.29123 3.662276 0.3389928 -2.29123 3.744521 -0.2420046 -2.253297 3.692561 -0.3698542 -2.29123 3.662276 -0.3416827 -2.253297 3.781619 -0.2619212 -2.253297 3.781619 -0.2619212 -2.29123 3.744521 -0.2420046 -2.253297 3.692561 -0.3698542 -2.29123 3.662276 -0.3416827 -1.666764 3.692561 -0.3698542 -2.253297 3.576507 -0.4526713 -2.253297 3.692561 -0.3698542 -1.666764 3.576507 -0.4526713 -1.666764 3.576507 -0.4526713 -1.666764 3.692561 -0.3698542 -2.253297 3.576507 -0.4526713 -2.253297 3.692561 -0.3698542 -1.666764 3.441356 -0.5047382 -1.647324 3.555091 -0.4181712 -1.647324 3.430266 -0.4662554 -1.666764 3.576507 -0.4526713 -1.666764 3.576507 -0.4526713 -1.666764 3.441356 -0.5047382 -1.647324 3.555091 -0.4181712 -1.647324 3.430266 -0.4662554 -1.666764 3.441356 -0.5047382 -1.647324 3.296317 -0.4826548 -1.666764 3.296317 -0.5224918 -1.647324 3.430266 -0.4662554 -1.647324 3.430266 -0.4662554 -1.666764 3.441356 -0.5047382 -1.647324 3.296317 -0.4826548 -1.666764 3.296317 -0.5224918 -1.666764 3.296317 -0.5224918 -1.647324 3.162368 -0.4662554 -1.666764 3.151282 -0.5047382 -1.647324 3.296317 -0.4826548 -1.647324 3.296317 -0.4826548 -1.666764 3.296317 -0.5224918 -1.647324 3.162368 -0.4662554 -1.666764 3.151282 -0.5047382 -1.666764 3.151282 -0.5047382 -1.647324 3.037551 -0.4181712 -1.666764 3.016131 -0.4526713 -1.647324 3.162368 -0.4662554 -1.647324 3.162368 -0.4662554 -1.666764 3.151282 -0.5047382 -1.647324 3.037551 -0.4181712 -1.666764 3.016131 -0.4526713 -1.666764 3.016131 -0.4526713 -1.647324 2.930366 -0.3416827 -1.666764 2.900077 -0.3698542 -1.647324 3.037551 -0.4181712 -1.647324 3.037551 -0.4181712 -1.666764 3.016131 -0.4526713 -1.647324 2.930366 -0.3416827 -1.666764 2.900077 -0.3698542 -1.666764 2.900077 -0.3698542 -1.647324 2.848117 -0.2420046 -1.666764 2.811027 -0.2619212 -1.647324 2.930366 -0.3416827 -1.647324 2.930366 -0.3416827 -1.666764 2.900077 -0.3698542 -1.647324 2.848117 -0.2420046 -1.666764 2.811027 -0.2619212 -1.666764 2.811027 -0.2619212 -1.647324 2.796416 -0.1259158 -1.666764 2.755042 -0.1362269 -1.647324 2.848117 -0.2420046 -1.647324 2.848117 -0.2420046 -1.666764 2.811027 -0.2619212 -1.647324 2.796416 -0.1259158 -1.666764 2.755042 -0.1362269 -0.9572609 3.393416 -0.3383448 -1.057648 3.296317 -0.356972 -1.057648 3.395289 -0.3448565 -0.9572609 3.296317 -0.3502352 -0.9572609 3.296317 -0.3502352 -0.9572609 3.393416 -0.3383448 -1.057648 3.296317 -0.356972 -1.057648 3.395289 -0.3448565 -1.551316 2.953898 -0.3198016 -1.647324 2.848117 -0.2420046 -1.647324 2.930366 -0.3416827 -1.551316 2.876937 -0.2265246 -1.551316 2.876937 -0.2265246 -1.551316 2.953898 -0.3198016 -1.647324 2.848117 -0.2420046 -1.647324 2.930366 -0.3416827 -1.454194 3.068702 -0.3679888 -1.551316 2.953898 -0.3198016 -1.551316 3.054191 -0.3913729 -1.454194 2.974421 -0.300709 -1.454194 2.974421 -0.300709 -1.454194 3.068702 -0.3679888 -1.551316 2.953898 -0.3198016 -1.551316 3.054191 -0.3913729 -1.356118 3.184901 -0.3880656 -1.454194 3.068702 -0.3679888 -1.454194 3.178496 -0.4102862 -1.356118 3.081073 -0.3480685 -1.356118 3.081073 -0.3480685 -1.356118 3.184901 -0.3880656 -1.454194 3.068702 -0.3679888 -1.454194 3.178496 -0.4102862 -1.257233 3.296317 -0.3827326 -1.356118 3.184901 -0.3880656 -1.356118 3.296317 -0.4017069 -1.257233 3.190181 -0.369736 -1.257233 3.190181 -0.369736 -1.257233 3.296317 -0.3827326 -1.356118 3.184901 -0.3880656 -1.356118 3.296317 -0.4017069 -1.157685 3.398307 -0.355324 -1.257233 3.296317 -0.3827326 -1.257233 3.402457 -0.369736 -1.157685 3.296317 -0.3678134 -1.157685 3.296317 -0.3678134 -1.157685 3.398307 -0.355324 -1.257233 3.296317 -0.3827326 -1.257233 3.402457 -0.369736 -1.666764 3.837596 -0.1362269 -1.647324 3.813857 -0.001346766 -1.647324 3.796222 -0.1259158 -1.666764 3.856692 -0.001346766 -1.666764 3.856692 -0.001346766 -1.666764 3.837596 -0.1362269 -1.647324 3.813857 -0.001346766 -1.647324 3.796222 -0.1259158 -2.253297 3.837596 0.1335408 -1.666764 3.856692 -0.001346766 -2.253297 3.856692 -0.001346766 -1.666764 3.837596 0.1335408 -1.666764 3.837596 0.1335408 -2.253297 3.837596 0.1335408 -1.666764 3.856692 -0.001346766 -2.253297 3.856692 -0.001346766 -1.647324 3.796222 -0.1259158 -1.551316 3.715701 -0.2265246 -1.647324 3.744521 -0.2420046 -1.551316 3.764079 -0.1179087 -1.551316 3.764079 -0.1179087 -1.647324 3.796222 -0.1259158 -1.551316 3.715701 -0.2265246 -1.647324 3.744521 -0.2420046 -1.551316 3.715701 -0.2265246 -1.454194 3.618216 -0.300709 -1.551316 3.638747 -0.3198016 -1.454194 3.690566 -0.2130282 -1.454194 3.690566 -0.2130282 -1.551316 3.715701 -0.2265246 -1.454194 3.618216 -0.300709 -1.551316 3.638747 -0.3198016 -1.356118 3.600726 -0.2844431 -1.454194 3.523936 -0.3679888 -1.454194 3.618216 -0.300709 -1.356118 3.511565 -0.3480685 -1.356118 3.511565 -0.3480685 -1.356118 3.600726 -0.2844431 -1.454194 3.523936 -0.3679888 -1.454194 3.618216 -0.300709 -1.257233 3.501365 -0.3316348 -1.356118 3.407741 -0.3880656 -1.356118 3.511565 -0.3480685 -1.257233 3.402457 -0.369736 -1.257233 3.402457 -0.369736 -1.257233 3.501365 -0.3316348 -1.356118 3.407741 -0.3880656 -1.356118 3.511565 -0.3480685 -2.253297 3.781619 0.2592275 -2.29123 3.796222 0.1232259 -2.29123 3.744521 0.2393071 -2.253297 3.837596 0.1335408 -2.253297 3.837596 0.1335408 -2.253297 3.781619 0.2592275 -2.29123 3.796222 0.1232259 -2.29123 3.744521 0.2393071 -2.253297 3.837596 0.1335408 -2.29123 3.813857 -0.001346766 -2.29123 3.796222 0.1232259 -2.253297 3.856692 -0.001346766 -2.253297 3.856692 -0.001346766 -2.253297 3.837596 0.1335408 -2.29123 3.813857 -0.001346766 -2.29123 3.796222 0.1232259 -2.29123 3.813857 -0.001346766 -2.253297 3.837596 -0.1362269 -2.29123 3.796222 -0.1259158 -2.253297 3.856692 -0.001346766 -2.253297 3.856692 -0.001346766 -2.29123 3.813857 -0.001346766 -2.253297 3.837596 -0.1362269 -2.29123 3.796222 -0.1259158 -2.29123 3.796222 -0.1259158 -2.253297 3.781619 -0.2619212 -2.29123 3.744521 -0.2420046 -2.253297 3.837596 -0.1362269 -2.253297 3.837596 -0.1362269 -2.29123 3.796222 -0.1259158 -2.253297 3.781619 -0.2619212 -2.29123 3.744521 -0.2420046 -2.253297 3.781619 -0.2619212 -1.666764 3.692561 -0.3698542 -2.253297 3.692561 -0.3698542 -1.666764 3.781619 -0.2619212 -1.666764 3.781619 -0.2619212 -2.253297 3.781619 -0.2619212 -1.666764 3.692561 -0.3698542 -2.253297 3.692561 -0.3698542 -1.666764 3.576507 -0.4526713 -1.647324 3.662276 -0.3416827 -1.647324 3.555091 -0.4181712 -1.666764 3.692561 -0.3698542 -1.666764 3.692561 -0.3698542 -1.666764 3.576507 -0.4526713 -1.647324 3.662276 -0.3416827 -1.647324 3.555091 -0.4181712 -1.551316 3.538451 -0.3913729 -1.647324 3.430266 -0.4662554 -1.647324 3.555091 -0.4181712 -1.551316 3.421657 -0.4363635 -1.551316 3.421657 -0.4363635 -1.551316 3.538451 -0.3913729 -1.647324 3.430266 -0.4662554 -1.647324 3.555091 -0.4181712 -1.551316 3.421657 -0.4363635 -1.647324 3.296317 -0.4826548 -1.647324 3.430266 -0.4662554 -1.551316 3.296317 -0.45171 -1.551316 3.296317 -0.45171 -1.551316 3.421657 -0.4363635 -1.647324 3.296317 -0.4826548 -1.647324 3.430266 -0.4662554 -1.551316 3.296317 -0.45171 -1.647324 3.162368 -0.4662554 -1.647324 3.296317 -0.4826548 -1.551316 3.170985 -0.4363635 -1.551316 3.170985 -0.4363635 -1.551316 3.296317 -0.45171 -1.647324 3.162368 -0.4662554 -1.647324 3.296317 -0.4826548 -1.551316 3.170985 -0.4363635 -1.647324 3.037551 -0.4181712 -1.647324 3.162368 -0.4662554 -1.551316 3.054191 -0.3913729 -1.551316 3.054191 -0.3913729 -1.551316 3.170985 -0.4363635 -1.647324 3.037551 -0.4181712 -1.647324 3.162368 -0.4662554 -1.551316 3.054191 -0.3913729 -1.647324 2.930366 -0.3416827 -1.647324 3.037551 -0.4181712 -1.551316 2.953898 -0.3198016 -1.551316 2.953898 -0.3198016 -1.551316 3.054191 -0.3913729 -1.647324 2.930366 -0.3416827 -1.647324 3.037551 -0.4181712 -1.454194 3.178496 -0.4102862 -1.551316 3.054191 -0.3913729 -1.551316 3.170985 -0.4363635 -1.454194 3.068702 -0.3679888 -1.454194 3.068702 -0.3679888 -1.454194 3.178496 -0.4102862 -1.551316 3.054191 -0.3913729 -1.551316 3.170985 -0.4363635 -1.356118 3.296317 -0.4017069 -1.454194 3.178496 -0.4102862 -1.454194 3.296317 -0.4247096 -1.356118 3.184901 -0.3880656 -1.356118 3.184901 -0.3880656 -1.356118 3.296317 -0.4017069 -1.454194 3.178496 -0.4102862 -1.454194 3.296317 -0.4247096 -1.257233 3.402457 -0.369736 -1.356118 3.296317 -0.4017069 -1.356118 3.407741 -0.3880656 -1.257233 3.296317 -0.3827326 -1.257233 3.296317 -0.3827326 -1.257233 3.402457 -0.369736 -1.356118 3.296317 -0.4017069 -1.356118 3.407741 -0.3880656 -1.666764 3.781619 -0.2619212 -1.647324 3.796222 -0.1259158 -1.647324 3.744521 -0.2420046 -1.666764 3.837596 -0.1362269 -1.666764 3.837596 -0.1362269 -1.666764 3.781619 -0.2619212 -1.647324 3.796222 -0.1259158 -1.647324 3.744521 -0.2420046 -2.253297 3.856692 -0.001346766 -1.666764 3.837596 -0.1362269 -2.253297 3.837596 -0.1362269 -1.666764 3.856692 -0.001346766 -1.666764 3.856692 -0.001346766 -2.253297 3.856692 -0.001346766 -1.666764 3.837596 -0.1362269 -2.253297 3.837596 -0.1362269 -1.647324 3.744521 -0.2420046 -1.551316 3.638747 -0.3198016 -1.647324 3.662276 -0.3416827 -1.551316 3.715701 -0.2265246 -1.551316 3.715701 -0.2265246 -1.647324 3.744521 -0.2420046 -1.551316 3.638747 -0.3198016 -1.647324 3.662276 -0.3416827 -1.454194 3.618216 -0.300709 -1.551316 3.538451 -0.3913729 -1.551316 3.638747 -0.3198016 -1.454194 3.523936 -0.3679888 -1.454194 3.523936 -0.3679888 -1.454194 3.618216 -0.300709 -1.551316 3.538451 -0.3913729 -1.551316 3.638747 -0.3198016 -1.356118 3.511565 -0.3480685 -1.454194 3.414142 -0.4102862 -1.454194 3.523936 -0.3679888 -1.356118 3.407741 -0.3880656 -1.356118 3.407741 -0.3880656 -1.356118 3.511565 -0.3480685 -1.454194 3.414142 -0.4102862 -1.454194 3.523936 -0.3679888 -2.253297 3.837596 -0.1362269 -1.666764 3.781619 -0.2619212 -2.253297 3.781619 -0.2619212 -1.666764 3.837596 -0.1362269 -1.666764 3.837596 -0.1362269 -2.253297 3.837596 -0.1362269 -1.666764 3.781619 -0.2619212 -2.253297 3.781619 -0.2619212 -1.666764 3.692561 -0.3698542 -1.647324 3.744521 -0.2420046 -1.647324 3.662276 -0.3416827 -1.666764 3.781619 -0.2619212 -1.666764 3.781619 -0.2619212 -1.666764 3.692561 -0.3698542 -1.647324 3.744521 -0.2420046 -1.647324 3.662276 -0.3416827 -1.551316 3.638747 -0.3198016 -1.647324 3.555091 -0.4181712 -1.647324 3.662276 -0.3416827 -1.551316 3.538451 -0.3913729 -1.551316 3.538451 -0.3913729 -1.551316 3.638747 -0.3198016 -1.647324 3.555091 -0.4181712 -1.647324 3.662276 -0.3416827 -1.454194 3.523936 -0.3679888 -1.551316 3.421657 -0.4363635 -1.551316 3.538451 -0.3913729 -1.454194 3.414142 -0.4102862 -1.454194 3.414142 -0.4102862 -1.454194 3.523936 -0.3679888 -1.551316 3.421657 -0.4363635 -1.551316 3.538451 -0.3913729 -1.454194 3.414142 -0.4102862 -1.551316 3.296317 -0.45171 -1.551316 3.421657 -0.4363635 -1.454194 3.296317 -0.4247096 -1.454194 3.296317 -0.4247096 -1.454194 3.414142 -0.4102862 -1.551316 3.296317 -0.45171 -1.551316 3.421657 -0.4363635 -1.454194 3.296317 -0.4247096 -1.551316 3.170985 -0.4363635 -1.551316 3.296317 -0.45171 -1.454194 3.178496 -0.4102862 -1.454194 3.178496 -0.4102862 -1.454194 3.296317 -0.4247096 -1.551316 3.170985 -0.4363635 -1.551316 3.296317 -0.45171 -1.356118 3.407741 -0.3880656 -1.454194 3.296317 -0.4247096 -1.454194 3.414142 -0.4102862 -1.356118 3.296317 -0.4017069 -1.356118 3.296317 -0.4017069 -1.356118 3.407741 -0.3880656 -1.454194 3.296317 -0.4247096 -1.454194 3.414142 -0.4102862 0.6115037 -9.27139 -0.5519711 0.1690598 -9.27139 -0.5519711 0.3902817 -9.27139 -0.5714909 0.3902817 -9.27139 -0.5416256 0.599968 -9.27139 -0.5231282 0.8176498 -9.27139 -0.4947659 0.7953643 -9.27139 -0.4688984 0.9946746 -9.27139 -0.4037548 0.9631576 -9.27139 -0.3826405 1.130508 -9.27139 -0.2851483 1.091911 -9.27139 -0.2702214 1.215904 -9.27139 -0.1470333 1.172844 -9.27139 -0.1393046 1.245018 -9.27139 0.001186728 1.200447 -9.27139 0.001186728 1.215904 -9.27139 0.149403 1.172844 -9.27139 0.1416782 1.091911 -9.27139 0.2725948 1.130508 -9.27139 0.2875255 0.9631576 -9.27139 0.3850101 0.9946746 -9.27139 0.4061321 0.7953643 -9.27139 0.4712757 0.8176498 -9.27139 0.4971393 0.599968 -9.27139 0.5255054 0.6115037 -9.27139 0.5543522 0.3902817 -9.27139 0.5439991 0.1805955 -9.27139 -0.5231282 -0.0370863 -9.27139 -0.4947659 -0.01480084 -9.27139 -0.4688984 -0.2141036 -9.27139 -0.4037548 -0.1825942 -9.27139 -0.3826405 -0.3499374 -9.27139 -0.2851483 -0.3113403 -9.27139 -0.2702214 -0.4353256 -9.27139 -0.1470333 -0.3922805 -9.27139 -0.1393046 -0.4644546 -9.27139 0.001186728 -0.4198837 -9.27139 0.001186728 -0.3922805 -9.27139 0.1416782 -0.4353256 -9.27139 0.149403 -0.3113403 -9.27139 0.2725948 -0.3499374 -9.27139 0.2875255 -0.1825942 -9.27139 0.3850101 -0.2141036 -9.27139 0.4061321 -0.01480084 -9.27139 0.4712757 -0.0370863 -9.27139 0.4971393 0.1805955 -9.27139 0.5255054 0.1690598 -9.27139 0.5543522 0.3902817 -9.27139 0.5738605 0.2524882 2.164787 -0.3433366 0.5280619 2.164787 -0.3433366 0.3902751 2.164787 -0.3554826 0.1241008 2.164787 -0.3076997 0.6564494 2.164787 -0.3076997 0.01384836 2.164787 -0.2510209 0.7667093 2.164787 -0.2510209 -0.07075393 2.164787 -0.1771531 0.851304 2.164787 -0.1771531 -0.1239309 2.164787 -0.09112405 0.9044809 2.164787 -0.09112405 -0.1420736 2.164787 0.001187682 0.9226236 2.164787 0.001187682 -0.1239309 2.164787 0.0934996 0.9044809 2.164787 0.0934996 -0.07075393 2.164787 0.1795248 0.851304 2.164787 0.1795248 0.01384836 2.164787 0.2533965 0.7667093 2.164787 0.2533965 0.1241008 2.164787 0.3100752 0.6564494 2.164787 0.3100752 0.2524882 2.164787 0.3457083 0.5280619 2.164787 0.3457083 0.3902751 2.164787 0.3578619 0.4951182 -9.322736 -0.2609708 0.2854319 -9.322736 -0.2609708 0.3902751 -9.322736 -0.2702214 0.5928202 -9.322736 -0.2338559 0.1877375 -9.322736 -0.2338559 0.6767131 -9.322736 -0.1907269 0.1038371 -9.322736 -0.1907269 0.7410899 -9.322736 -0.1345136 0.03946024 -9.322736 -0.1345136 0.7815561 -9.322736 -0.06906098 -0.001006007 -9.322736 -0.06906098 0.7953577 -9.322736 0.001186609 -0.01480758 -9.322736 0.001186609 0.7815561 -9.322736 0.07143425 -0.001006007 -9.322736 0.07143425 0.7410899 -9.322736 0.1368907 0.03946024 -9.322736 0.1368907 0.6767131 -9.322736 0.1931002 0.1038371 -9.322736 0.1931002 0.5928202 -9.322736 0.2362329 0.1877375 -9.322736 0.2362329 0.4951182 -9.322736 0.2633441 0.2854319 -9.322736 0.2633441 0.3902751 -9.322736 0.2725948 1.091912 -9.322736 -0.2702212 0.4951258 -9.322736 -0.2609706 0.3902827 -9.322736 -0.2702212 1.172845 -9.322736 -0.1393046 0.5928279 -9.322736 -0.2338557 0.6767207 -9.322736 -0.1907268 0.7410975 -9.322736 -0.1345134 1.200448 -9.322736 0.001186788 0.7815637 -9.322736 -0.0690608 0.7953653 -9.322736 0.001186788 1.172845 -9.322736 0.1416783 0.7815637 -9.322736 0.07143443 0.7410975 -9.322736 0.1368908 0.6767207 -9.322736 0.1931004 1.091912 -9.322736 0.2725949 0.5928279 -9.322736 0.2362332 0.4951258 -9.322736 0.2633442 0.3902827 -9.322736 0.2725949 0.9631586 -9.322736 0.3850102 -0.3113393 -9.322736 0.2725949 -0.1825934 -9.322736 0.3850102 0.7953653 -9.322736 0.4712758 -0.01479995 -9.322736 0.4712758 0.599969 -9.322736 0.5255055 0.1805964 -9.322736 0.5255055 0.3902827 -9.322736 0.5439991 0.599969 -9.322736 -0.5231281 0.1805964 -9.322736 -0.5231281 0.3902827 -9.322736 -0.5416256 0.7953653 -9.322736 -0.4688983 -0.01479995 -9.322736 -0.4688983 0.9631586 -9.322736 -0.3826404 -0.1825934 -9.322736 -0.3826404 -0.3113393 -9.322736 -0.2702212 0.2854396 -9.322736 -0.2609706 -0.3922796 -9.322736 -0.1393046 0.1877452 -9.322736 -0.2338557 0.1038447 -9.322736 -0.1907268 0.03946787 -9.322736 -0.1345134 -0.4198827 -9.322736 0.001186788 -9.98421e-4 -9.322736 -0.0690608 -0.01479995 -9.322736 0.001186788 -9.98421e-4 -9.322736 0.07143443 -0.3922796 -9.322736 0.1416783 0.03946787 -9.322736 0.1368908 0.1038447 -9.322736 0.1931004 0.1877452 -9.322736 0.2362332 0.2854396 -9.322736 0.2633442 0.6455913 -9.119716 -0.6371718 0.8176646 -9.271377 -0.4947652 0.6115185 -9.271377 -0.5519705 0.883491 -9.119716 -0.571147 0.6455913 -9.119716 -0.6371718 0.3902965 -9.271377 -0.5714903 0.3902965 -9.119716 -0.6596861 0.6115185 -9.271377 -0.5519705 0.883491 -9.119716 -0.571147 0.9946894 -9.271377 -0.4037542 0.8176646 -9.271377 -0.4947652 1.087776 -9.119716 -0.4661245 0.3902965 -9.119716 -0.6596861 0.1690745 -9.271377 -0.5519705 0.1350017 -9.119716 -0.6371718 0.3902965 -9.271377 -0.5714903 1.087776 -9.119716 -0.4661245 1.130523 -9.271377 -0.2851476 0.9946894 -9.271377 -0.4037542 1.244529 -9.119716 -0.3292493 0.1350017 -9.119716 -0.6371718 -0.03707152 -9.271377 -0.4947652 -0.1028904 -9.119716 -0.571147 0.1690745 -9.271377 -0.5519705 1.244529 -9.119716 -0.3292493 1.215919 -9.271377 -0.1470327 1.130523 -9.271377 -0.2851476 1.34307 -9.119716 -0.1698598 -0.1028904 -9.119716 -0.571147 -0.2140889 -9.271377 -0.4037542 -0.3071827 -9.119716 -0.4661245 -0.03707152 -9.271377 -0.4947652 1.34307 -9.119716 -0.1698598 1.245033 -9.271377 0.001187264 1.215919 -9.271377 -0.1470327 1.376678 -9.119716 0.001187264 -0.3071827 -9.119716 -0.4661245 -0.3499226 -9.271377 -0.2851476 -0.4639363 -9.119716 -0.3292493 -0.2140889 -9.271377 -0.4037542 1.376678 -9.119716 0.001187264 1.215919 -9.271377 0.1494036 1.245033 -9.271377 0.001187264 1.34307 -9.119716 0.1722307 -0.56247 -9.119716 -0.1698598 -0.3499226 -9.271377 -0.2851476 -0.4353108 -9.271377 -0.1470327 -0.4639363 -9.119716 -0.3292493 1.34307 -9.119716 0.1722307 1.130523 -9.271377 0.2875262 1.215919 -9.271377 0.1494036 1.244529 -9.119716 0.3316241 -0.5960775 -9.119716 0.001187264 -0.4353108 -9.271377 -0.1470327 -0.4644398 -9.271377 0.001187264 -0.56247 -9.119716 -0.1698598 1.130523 -9.271377 0.2875262 1.087776 -9.119716 0.4684954 0.9946894 -9.271377 0.4061328 1.244529 -9.119716 0.3316241 -0.56247 -9.119716 0.1722307 -0.4644398 -9.271377 0.001187264 -0.4353108 -9.271377 0.1494036 -0.5960775 -9.119716 0.001187264 0.9946894 -9.271377 0.4061328 0.883491 -9.119716 0.5735216 0.8176646 -9.271377 0.49714 1.087776 -9.119716 0.4684954 -0.4639363 -9.119716 0.3316241 -0.4353108 -9.271377 0.1494036 -0.3499226 -9.271377 0.2875262 -0.56247 -9.119716 0.1722307 0.8176646 -9.271377 0.49714 0.6455913 -9.119716 0.6395426 0.6115185 -9.271377 0.5543528 0.883491 -9.119716 0.5735216 -0.3499226 -9.271377 0.2875262 -0.3071827 -9.119716 0.4684954 -0.4639363 -9.119716 0.3316241 -0.2140889 -9.271377 0.4061328 0.6115185 -9.271377 0.5543528 0.3902965 -9.119716 0.6620607 0.3902965 -9.271377 0.5738611 0.6455913 -9.119716 0.6395426 -0.2140889 -9.271377 0.4061328 -0.1028904 -9.119716 0.5735216 -0.3071827 -9.119716 0.4684954 -0.03707152 -9.271377 0.49714 0.1690745 -9.271377 0.5543528 0.3902965 -9.119716 0.6620607 0.1350017 -9.119716 0.6395426 0.3902965 -9.271377 0.5738611 -0.03707152 -9.271377 0.49714 0.1350017 -9.119716 0.6395426 -0.1028904 -9.119716 0.5735216 0.1690745 -9.271377 0.5543528 -0.3922796 -9.271403 -0.1393045 -0.3113393 -9.322759 -0.2702211 -0.3922796 -9.322759 -0.1393045 -0.3113393 -9.271403 -0.2702211 -0.4198827 -9.271403 0.001186907 -0.3922796 -9.322759 -0.1393045 -0.4198827 -9.322759 0.001186907 -0.3922796 -9.271403 -0.1393045 -0.1825934 -9.271403 -0.3826403 -0.3113393 -9.322759 -0.2702211 -0.3113393 -9.271403 -0.2702211 -0.1825934 -9.322759 -0.3826403 -0.3922796 -9.271403 0.1416785 -0.4198827 -9.322759 0.001186907 -0.3922796 -9.322759 0.1416785 -0.4198827 -9.271403 0.001186907 -0.01479995 -9.271403 -0.4688982 -0.1825934 -9.322759 -0.3826403 -0.1825934 -9.271403 -0.3826403 -0.01479995 -9.322759 -0.4688982 -0.3113393 -9.271403 0.2725951 -0.3922796 -9.322759 0.1416785 -0.3113393 -9.322759 0.2725951 -0.3922796 -9.271403 0.1416785 0.1805964 -9.271403 -0.5231279 -0.01479995 -9.322759 -0.4688982 -0.01479995 -9.271403 -0.4688982 0.1805964 -9.322759 -0.5231279 -0.1825934 -9.322759 0.3850104 -0.3113393 -9.271403 0.2725951 -0.3113393 -9.322759 0.2725951 -0.1825934 -9.271403 0.3850104 0.3902827 -9.271403 -0.5416254 0.1805964 -9.322759 -0.5231279 0.1805964 -9.271403 -0.5231279 0.3902827 -9.322759 -0.5416254 -0.01479995 -9.322759 0.4712759 -0.1825934 -9.271403 0.3850104 -0.1825934 -9.322759 0.3850104 -0.01479995 -9.271403 0.4712759 0.599969 -9.271403 -0.5231279 0.3902827 -9.322759 -0.5416254 0.3902827 -9.271403 -0.5416254 0.599969 -9.322759 -0.5231279 0.1805964 -9.322759 0.5255057 -0.01479995 -9.271403 0.4712759 -0.01479995 -9.322759 0.4712759 0.1805964 -9.271403 0.5255057 0.7953653 -9.271403 -0.4688982 0.599969 -9.322759 -0.5231279 0.599969 -9.271403 -0.5231279 0.7953653 -9.322759 -0.4688982 0.3902827 -9.322759 0.5439993 0.1805964 -9.271403 0.5255057 0.1805964 -9.322759 0.5255057 0.3902827 -9.271403 0.5439993 0.9631586 -9.271403 -0.3826403 0.7953653 -9.322759 -0.4688982 0.7953653 -9.271403 -0.4688982 0.9631586 -9.322759 -0.3826403 0.599969 -9.322759 0.5255057 0.3902827 -9.271403 0.5439993 0.3902827 -9.322759 0.5439993 0.599969 -9.271403 0.5255057 1.091912 -9.271403 -0.2702211 0.9631586 -9.322759 -0.3826403 0.9631586 -9.271403 -0.3826403 1.091912 -9.322759 -0.2702211 0.7953653 -9.322759 0.4712759 0.599969 -9.271403 0.5255057 0.599969 -9.322759 0.5255057 0.7953653 -9.271403 0.4712759 1.091912 -9.271403 -0.2702211 1.172845 -9.322759 -0.1393045 1.091912 -9.322759 -0.2702211 1.172845 -9.271403 -0.1393045 0.9631586 -9.322759 0.3850104 0.7953653 -9.271403 0.4712759 0.7953653 -9.322759 0.4712759 0.9631586 -9.271403 0.3850104 1.172845 -9.271403 -0.1393045 1.200448 -9.322759 0.001186907 1.172845 -9.322759 -0.1393045 1.200448 -9.271403 0.001186907 1.091912 -9.322759 0.2725951 0.9631586 -9.271403 0.3850104 0.9631586 -9.322759 0.3850104 1.091912 -9.271403 0.2725951 1.200448 -9.271403 0.001186907 1.172845 -9.322759 0.1416785 1.200448 -9.322759 0.001186907 1.172845 -9.271403 0.1416785 1.172845 -9.271403 0.1416785 1.091912 -9.322759 0.2725951 1.172845 -9.322759 0.1416785 1.091912 -9.271403 0.2725951 0.2293555 -1.309156 -0.4018892 0.39058 -1.823194 -0.4420388 0.2193381 -1.823194 -0.4269365 0.39058 -1.309156 -0.4161065 0.07911747 -1.309156 -0.3601907 0.2193381 -1.823194 -0.4269365 0.05976933 -1.823194 -0.3826555 0.2293555 -1.309156 -0.4018892 0.2405097 -0.795465 -0.3739999 0.39058 -1.309156 -0.4161065 0.2293555 -1.309156 -0.4018892 0.39058 -0.795465 -0.3872331 0.5518043 -1.309156 -0.4018892 0.39058 -1.823194 -0.4420388 0.39058 -1.309156 -0.4161065 0.5618293 -1.823194 -0.4269365 0.2193381 -1.823194 -0.4269365 0.39058 -2.337541 -0.46503 0.2104575 -2.337541 -0.4491456 0.39058 -1.823194 -0.4420388 -0.04988783 -1.309156 -0.2938684 0.05976933 -1.823194 -0.3826555 -0.07725453 -1.823194 -0.3122056 0.07911747 -1.309156 -0.3601907 0.1006629 -0.795465 -0.3351892 0.2293555 -1.309156 -0.4018892 0.07911747 -1.309156 -0.3601907 0.2405097 -0.795465 -0.3739999 0.05976933 -1.823194 -0.3826555 0.2104575 -2.337541 -0.4491456 0.04261082 -2.337541 -0.4025605 0.2193381 -1.823194 -0.4269365 0.252793 -0.2821632 -0.3432763 0.39058 -0.795465 -0.3872331 0.2405097 -0.795465 -0.3739999 0.39058 -0.2821632 -0.3554223 0.5406501 -0.795465 -0.3739999 0.39058 -1.309156 -0.4161065 0.39058 -0.795465 -0.3872331 0.5518043 -1.309156 -0.4018892 0.7020423 -1.309156 -0.3601907 0.5618293 -1.823194 -0.4269365 0.5518043 -1.309156 -0.4018892 0.7213904 -1.823194 -0.3826555 0.5618293 -1.823194 -0.4269365 0.39058 -2.337541 -0.46503 0.39058 -1.823194 -0.4420388 0.5707023 -2.337541 -0.4491456 0.2104575 -2.337541 -0.4491456 0.39058 -2.852163 -0.4850839 0.2027137 -2.852163 -0.468509 0.39058 -2.337541 -0.46503 -0.1488793 -1.309156 -0.2074311 -0.07725453 -1.823194 -0.3122056 -0.1824029 -1.823194 -0.2203973 -0.04988783 -1.309156 -0.2938684 -0.01942372 -0.795465 -0.2734483 0.07911747 -1.309156 -0.3601907 -0.04988783 -1.309156 -0.2938684 0.1006629 -0.795465 -0.3351892 -0.07725453 -1.823194 -0.3122056 0.04261082 -2.337541 -0.4025605 -0.1015313 -2.337541 -0.3284639 0.05976933 -1.823194 -0.3826555 0.1244056 -0.2821632 -0.3076394 0.2405097 -0.795465 -0.3739999 0.1006629 -0.795465 -0.3351892 0.252793 -0.2821632 -0.3432763 0.04261082 -2.337541 -0.4025605 0.2027137 -2.852163 -0.468509 0.02764958 -2.852163 -0.4199289 0.2104575 -2.337541 -0.4491456 0.2574698 -0.07873672 -0.3315995 0.39058 -0.2821632 -0.3554223 0.252793 -0.2821632 -0.3432763 0.39058 -0.07873672 -0.3433374 0.5283668 -0.2821632 -0.3432763 0.39058 -0.795465 -0.3872331 0.39058 -0.2821632 -0.3554223 0.5406501 -0.795465 -0.3739999 0.6804969 -0.795465 -0.3351892 0.5518043 -1.309156 -0.4018892 0.5406501 -0.795465 -0.3739999 0.7020423 -1.309156 -0.3601907 0.8310554 -1.309156 -0.2938684 0.7213904 -1.823194 -0.3826555 0.7020423 -1.309156 -0.3601907 0.858422 -1.823194 -0.3122056 0.7213904 -1.823194 -0.3826555 0.5707023 -2.337541 -0.4491456 0.5618293 -1.823194 -0.4269365 0.7385566 -2.337541 -0.4025605 0.5707023 -2.337541 -0.4491456 0.39058 -2.852163 -0.4850839 0.39058 -2.337541 -0.46503 0.5784461 -2.852163 -0.468509 0.2027137 -2.852163 -0.468509 0.39058 -3.367025 -0.502189 0.1961066 -3.367025 -0.4850343 0.39058 -2.852163 -0.4850839 -0.2111199 -1.309156 -0.1067727 -0.1824029 -1.823194 -0.2203973 -0.2485039 -1.823194 -0.1134828 -0.1488793 -1.309156 -0.2074311 -0.1115639 -0.795465 -0.1929925 -0.04988783 -1.309156 -0.2938684 -0.1488793 -1.309156 -0.2074311 -0.01942372 -0.795465 -0.2734483 -0.1824029 -1.823194 -0.2203973 -0.1015313 -2.337541 -0.3284639 -0.212127 -2.337541 -0.231891 -0.07725453 -1.823194 -0.3122056 0.01415318 -0.2821632 -0.2509607 0.1006629 -0.795465 -0.3351892 -0.01942372 -0.795465 -0.2734483 0.1244056 -0.2821632 -0.3076394 -0.1015313 -2.337541 -0.3284639 0.02764958 -2.852163 -0.4199289 -0.12268 -2.852163 -0.3426431 0.04261082 -2.337541 -0.4025605 0.1334235 -0.07873672 -0.2971719 0.252793 -0.2821632 -0.3432763 0.1244056 -0.2821632 -0.3076394 0.2574698 -0.07873672 -0.3315995 0.02764958 -2.852163 -0.4199289 0.1961066 -3.367025 -0.4850343 0.01487797 -3.367025 -0.4347413 0.2027137 -2.852163 -0.468509 0.2612922 0.124949 -0.3220361 0.39058 -0.07873672 -0.3433374 0.2574698 -0.07873672 -0.3315995 0.39058 0.124949 -0.3334459 0.5236976 -0.07873672 -0.3315995 0.39058 -0.2821632 -0.3554223 0.39058 -0.07873672 -0.3433374 0.5283668 -0.2821632 -0.3432763 0.6567542 -0.2821632 -0.3076394 0.5406501 -0.795465 -0.3739999 0.5283668 -0.2821632 -0.3432763 0.6804969 -0.795465 -0.3351892 0.8005836 -0.795465 -0.2734483 0.7020423 -1.309156 -0.3601907 0.6804969 -0.795465 -0.3351892 0.8310554 -1.309156 -0.2938684 0.9300467 -1.309156 -0.2074311 0.858422 -1.823194 -0.3122056 0.8310554 -1.309156 -0.2938684 0.9635627 -1.823194 -0.2203973 0.858422 -1.823194 -0.3122056 0.7385566 -2.337541 -0.4025605 0.7213904 -1.823194 -0.3826555 0.8826911 -2.337541 -0.3284639 0.7385566 -2.337541 -0.4025605 0.5784461 -2.852163 -0.468509 0.5707023 -2.337541 -0.4491456 0.7535102 -2.852163 -0.4199289 0.5784461 -2.852163 -0.468509 0.39058 -3.367025 -0.502189 0.39058 -2.852163 -0.4850839 0.5850532 -3.367025 -0.4850343 0.1961066 -3.367025 -0.4850343 0.39058 -3.882081 -0.5163454 0.1906363 -3.882081 -0.49871 0.39058 -3.367025 -0.502189 -0.2323449 -1.309156 0.001248002 -0.2485039 -1.823194 -0.1134828 -0.2710411 -1.823194 0.001248002 -0.2111199 -1.309156 -0.1067727 -0.1694939 -0.795465 -0.09929972 -0.1488793 -1.309156 -0.2074311 -0.2111199 -1.309156 -0.1067727 -0.1115639 -0.795465 -0.1929925 -0.2485039 -1.823194 -0.1134828 -0.212127 -2.337541 -0.231891 -0.281646 -2.337541 -0.1194337 -0.1824029 -1.823194 -0.2203973 -0.07044911 -0.2821632 -0.1770929 -0.01942372 -0.795465 -0.2734483 -0.1115639 -0.795465 -0.1929925 0.01415318 -0.2821632 -0.2509607 -0.212127 -2.337541 -0.231891 -0.12268 -2.852163 -0.3426431 -0.2380364 -2.852163 -0.2419198 -0.1015313 -2.337541 -0.3284639 0.02690953 -0.07873672 -0.2424119 0.1244056 -0.2821632 -0.3076394 0.01415318 -0.2821632 -0.2509607 0.1334235 -0.07873672 -0.2971719 -0.12268 -2.852163 -0.3426431 0.01487797 -3.367025 -0.4347413 -0.140731 -3.367025 -0.3547319 0.02764958 -2.852163 -0.4199289 0.1408088 0.124949 -0.2886041 0.2574698 -0.07873672 -0.3315995 0.1334235 -0.07873672 -0.2971719 0.2612922 0.124949 -0.3220361 0.01487797 -3.367025 -0.4347413 0.1906363 -3.882081 -0.49871 0.004318833 -3.882081 -0.4470018 0.1961066 -3.367025 -0.4850343 0.2642676 0.328856 -0.3146051 0.39058 0.124949 -0.3334459 0.2612922 0.124949 -0.3220361 0.39058 0.328856 -0.3257478 0.5198676 0.124949 -0.3220361 0.39058 -0.07873672 -0.3433374 0.39058 0.124949 -0.3334459 0.5236976 -0.07873672 -0.3315995 0.6477363 -0.07873672 -0.2971719 0.5283668 -0.2821632 -0.3432763 0.5236976 -0.07873672 -0.3315995 0.6567542 -0.2821632 -0.3076394 0.7670142 -0.2821632 -0.2509607 0.6804969 -0.795465 -0.3351892 0.6567542 -0.2821632 -0.3076394 0.8005836 -0.795465 -0.2734483 0.8927314 -0.795465 -0.1929925 0.8310554 -1.309156 -0.2938684 0.8005836 -0.795465 -0.2734483 0.9300467 -1.309156 -0.2074311 0.9300467 -1.309156 -0.2074311 1.029664 -1.823194 -0.1134828 0.9635627 -1.823194 -0.2203973 0.9922797 -1.309156 -0.1067727 0.9635627 -1.823194 -0.2203973 0.8826911 -2.337541 -0.3284639 0.858422 -1.823194 -0.3122056 0.9932868 -2.337541 -0.231891 0.8826911 -2.337541 -0.3284639 0.7535102 -2.852163 -0.4199289 0.7385566 -2.337541 -0.4025605 0.9038398 -2.852163 -0.3426431 0.7535102 -2.852163 -0.4199289 0.5850532 -3.367025 -0.4850343 0.5784461 -2.852163 -0.468509 0.7662818 -3.367025 -0.4347413 0.5850532 -3.367025 -0.4850343 0.39058 -3.882081 -0.5163454 0.39058 -3.367025 -0.502189 0.5905234 -3.882081 -0.49871 0.1906363 -3.882081 -0.49871 0.39058 -4.397306 -0.5275568 0.1863029 -4.397306 -0.50954 0.39058 -3.882081 -0.5163454 -0.2111199 -1.309156 0.1092688 -0.2710411 -1.823194 0.001248002 -0.2485039 -1.823194 0.1159827 -0.2323449 -1.309156 0.001248002 -0.1892464 -0.795465 0.001248002 -0.2111199 -1.309156 -0.1067727 -0.2323449 -1.309156 0.001248002 -0.1694939 -0.795465 -0.09929972 -0.2710411 -1.823194 0.001248002 -0.281646 -2.337541 -0.1194337 -0.3053581 -2.337541 0.001248002 -0.2485039 -1.823194 -0.1134828 -0.123626 -0.2821632 -0.09106379 -0.1115639 -0.795465 -0.1929925 -0.1694939 -0.795465 -0.09929972 -0.07044911 -0.2821632 -0.1770929 -0.281646 -2.337541 -0.1194337 -0.2380364 -2.852163 -0.2419198 -0.3105537 -2.852163 -0.1246217 -0.212127 -2.337541 -0.231891 -0.05482411 -0.07873672 -0.1710466 0.01415318 -0.2821632 -0.2509607 -0.07044911 -0.2821632 -0.1770929 0.02690953 -0.07873672 -0.2424119 -0.2380364 -2.852163 -0.2419198 -0.140731 -3.367025 -0.3547319 -0.2601463 -3.367025 -0.2504724 -0.12268 -2.852163 -0.3426431 0.03735417 0.124949 -0.235412 0.1334235 -0.07873672 -0.2971719 0.02690953 -0.07873672 -0.2424119 0.1408088 0.124949 -0.2886041 -0.140731 -3.367025 -0.3547319 0.004318833 -3.882081 -0.4470018 -0.1556847 -3.882081 -0.3647454 0.01487797 -3.367025 -0.4347413 0.1465613 0.328856 -0.281936 0.2612922 0.124949 -0.3220361 0.1408088 0.124949 -0.2886041 0.2642676 0.328856 -0.3146051 0.004318833 -3.882081 -0.4470018 0.1863029 -4.397306 -0.50954 -0.004050493 -4.397306 -0.4567102 0.1906363 -3.882081 -0.49871 0.2663887 0.5329118 -0.3092912 0.39058 0.328856 -0.3257478 0.2642676 0.328856 -0.3146051 0.39058 0.5329118 -0.3202432 0.5168998 0.328856 -0.3146051 0.39058 0.124949 -0.3334459 0.39058 0.328856 -0.3257478 0.5198676 0.124949 -0.3220361 0.640351 0.124949 -0.2886041 0.5236976 -0.07873672 -0.3315995 0.5198676 0.124949 -0.3220361 0.6477363 -0.07873672 -0.2971719 0.7542579 -0.07873672 -0.2424119 0.6567542 -0.2821632 -0.3076394 0.6477363 -0.07873672 -0.2971719 0.7670142 -0.2821632 -0.2509607 0.8516089 -0.2821632 -0.1770929 0.8005836 -0.795465 -0.2734483 0.7670142 -0.2821632 -0.2509607 0.8927314 -0.795465 -0.1929925 0.8927314 -0.795465 -0.1929925 0.9922797 -1.309156 -0.1067727 0.9300467 -1.309156 -0.2074311 0.9506537 -0.795465 -0.09929972 0.9922797 -1.309156 -0.1067727 1.052209 -1.823194 0.001248002 1.029664 -1.823194 -0.1134828 1.013505 -1.309156 0.001248002 0.9635627 -1.823194 -0.2203973 1.062806 -2.337541 -0.1194337 0.9932868 -2.337541 -0.231891 1.029664 -1.823194 -0.1134828 0.9932868 -2.337541 -0.231891 0.9038398 -2.852163 -0.3426431 0.8826911 -2.337541 -0.3284639 1.019196 -2.852163 -0.2419198 0.9038398 -2.852163 -0.3426431 0.7662818 -3.367025 -0.4347413 0.7535102 -2.852163 -0.4199289 0.9218986 -3.367025 -0.3547319 0.7662818 -3.367025 -0.4347413 0.5905234 -3.882081 -0.49871 0.5850532 -3.367025 -0.4850343 0.7768409 -3.882081 -0.4470018 0.5905234 -3.882081 -0.49871 0.39058 -4.397306 -0.5275568 0.39058 -3.882081 -0.5163454 0.5948569 -4.397306 -0.50954 0.1863029 -4.397306 -0.50954 0.39058 -4.912649 -0.5358232 0.1831138 -4.912649 -0.5175203 0.39058 -4.397306 -0.5275568 -0.1488793 -1.309156 0.2099272 -0.2485039 -1.823194 0.1159827 -0.1824029 -1.823194 0.2228934 -0.2111199 -1.309156 0.1092688 -0.1694939 -0.795465 0.1017958 -0.2323449 -1.309156 0.001248002 -0.2111199 -1.309156 0.1092688 -0.1892464 -0.795465 0.001248002 -0.2485039 -1.823194 0.1159827 -0.3053581 -2.337541 0.001248002 -0.281646 -2.337541 0.1219298 -0.2710411 -1.823194 0.001248002 -0.1417687 -0.2821632 0.001248002 -0.1694939 -0.795465 -0.09929972 -0.1892464 -0.795465 0.001248002 -0.123626 -0.2821632 -0.09106379 -0.3053581 -2.337541 0.001248002 -0.3105537 -2.852163 -0.1246217 -0.3352806 -2.852163 0.001248002 -0.281646 -2.337541 -0.1194337 -0.1062005 -0.07873672 -0.08793956 -0.07044911 -0.2821632 -0.1770929 -0.123626 -0.2821632 -0.09106379 -0.05482411 -0.07873672 -0.1710466 -0.3105537 -2.852163 -0.1246217 -0.2601463 -3.367025 -0.2504724 -0.3352119 -3.367025 -0.1290506 -0.2380364 -2.852163 -0.2419198 -0.04203718 0.124949 -0.1660951 0.02690953 -0.07873672 -0.2424119 -0.05482411 -0.07873672 -0.1710466 0.03735417 0.124949 -0.235412 -0.2601463 -3.367025 -0.2504724 -0.1556847 -3.882081 -0.3647454 -0.2784492 -3.882081 -0.2575486 -0.140731 -3.367025 -0.3547319 0.04547178 0.328856 -0.2299722 0.1408088 0.124949 -0.2886041 0.03735417 0.124949 -0.235412 0.1465613 0.328856 -0.281936 -0.1556847 -3.882081 -0.3647454 -0.004050493 -4.397306 -0.4567102 -0.1675103 -4.397306 -0.3726724 0.004318833 -3.882081 -0.4470018 0.1506659 0.5329118 -0.2771753 0.2642676 0.328856 -0.3146051 0.1465613 0.328856 -0.281936 0.2663887 0.5329118 -0.3092912 -0.004050493 -4.397306 -0.4567102 0.1831138 -4.912649 -0.5175203 -0.01022267 -4.912649 -0.4638704 0.1863029 -4.397306 -0.50954 0.2676628 0.7370782 -0.3061021 0.39058 0.5329118 -0.3202432 0.2663887 0.5329118 -0.3092912 0.39058 0.7370782 -0.3169473 0.5147713 0.5329118 -0.3092912 0.39058 0.328856 -0.3257478 0.39058 0.5329118 -0.3202432 0.5168998 0.328856 -0.3146051 0.6346061 0.328856 -0.281936 0.5198676 0.124949 -0.3220361 0.5168998 0.328856 -0.3146051 0.640351 0.124949 -0.2886041 0.7438056 0.124949 -0.235412 0.6477363 -0.07873672 -0.2971719 0.640351 0.124949 -0.2886041 0.7542579 -0.07873672 -0.2424119 0.8359839 -0.07873672 -0.1710466 0.7670142 -0.2821632 -0.2509607 0.7542579 -0.07873672 -0.2424119 0.8516089 -0.2821632 -0.1770929 0.8516089 -0.2821632 -0.1770929 0.9506537 -0.795465 -0.09929972 0.8927314 -0.795465 -0.1929925 0.9047935 -0.2821632 -0.09106379 0.9506537 -0.795465 -0.09929972 1.013505 -1.309156 0.001248002 0.9922797 -1.309156 -0.1067727 0.9704139 -0.795465 0.001248002 1.013505 -1.309156 0.001248002 1.029664 -1.823194 0.1159827 1.052209 -1.823194 0.001248002 0.9922797 -1.309156 0.1092688 1.029664 -1.823194 -0.1134828 1.086518 -2.337541 0.001248002 1.062806 -2.337541 -0.1194337 1.052209 -1.823194 0.001248002 0.9932868 -2.337541 -0.231891 1.091721 -2.852163 -0.1246217 1.019196 -2.852163 -0.2419198 1.062806 -2.337541 -0.1194337 1.019196 -2.852163 -0.2419198 0.9218986 -3.367025 -0.3547319 0.9038398 -2.852163 -0.3426431 1.041306 -3.367025 -0.2504724 0.9218986 -3.367025 -0.3547319 0.7768409 -3.882081 -0.4470018 0.7662818 -3.367025 -0.4347413 0.9368445 -3.882081 -0.3647454 0.7768409 -3.882081 -0.4470018 0.5948569 -4.397306 -0.50954 0.5905234 -3.882081 -0.49871 0.7852103 -4.397306 -0.4567102 0.5948569 -4.397306 -0.50954 0.39058 -4.912649 -0.5358232 0.39058 -4.397306 -0.5275568 0.5980536 -4.912649 -0.5175203 0.1831138 -4.912649 -0.5175203 0.39058 -5.428075 -0.5411371 0.1810615 -5.428075 -0.5226549 0.39058 -4.912649 -0.5358232 -0.07725453 -1.823194 0.3147017 -0.1488793 -1.309156 0.2099272 -0.1824029 -1.823194 0.2228934 -0.04988783 -1.309156 0.2963644 -0.1115639 -0.795465 0.1954924 -0.2111199 -1.309156 0.1092688 -0.1488793 -1.309156 0.2099272 -0.1694939 -0.795465 0.1017958 -0.1824029 -1.823194 0.2228934 -0.281646 -2.337541 0.1219298 -0.212127 -2.337541 0.234387 -0.2485039 -1.823194 0.1159827 -0.123626 -0.2821632 0.09355986 -0.1892464 -0.795465 0.001248002 -0.1694939 -0.795465 0.1017958 -0.1417687 -0.2821632 0.001248002 -0.281646 -2.337541 0.1219298 -0.3352806 -2.852163 0.001248002 -0.3105537 -2.852163 0.1271216 -0.3053581 -2.337541 0.001248002 -0.1237328 -0.07873672 0.001248002 -0.123626 -0.2821632 -0.09106379 -0.1417687 -0.2821632 0.001248002 -0.1062005 -0.07873672 -0.08793956 -0.3352806 -2.852163 0.001248002 -0.3352119 -3.367025 -0.1290506 -0.3608162 -3.367025 0.001248002 -0.3105537 -2.852163 -0.1246217 -0.09193348 0.124949 -0.08537989 -0.05482411 -0.07873672 -0.1710466 -0.1062005 -0.07873672 -0.08793956 -0.04203718 0.124949 -0.1660951 -0.3352119 -3.367025 -0.1290506 -0.2784492 -3.882081 -0.2575486 -0.3556206 -3.882081 -0.1327127 -0.2601463 -3.367025 -0.2504724 -0.03208082 0.328856 -0.1622461 0.03735417 0.124949 -0.235412 -0.04203718 0.124949 -0.1660951 0.04547178 0.328856 -0.2299722 -0.2784492 -3.882081 -0.2575486 -0.1675103 -4.397306 -0.3726724 -0.2929375 -4.397306 -0.2631524 -0.1556847 -3.882081 -0.3647454 0.05128538 0.5329118 -0.2260812 0.1465613 0.328856 -0.281936 0.04547178 0.328856 -0.2299722 0.1506659 0.5329118 -0.2771753 -0.1675103 -4.397306 -0.3726724 -0.01022267 -4.912649 -0.4638704 -0.1762382 -4.912649 -0.3785165 -0.004050493 -4.397306 -0.4567102 0.1531226 0.7370782 -0.2743142 0.2663887 0.5329118 -0.3092912 0.1506659 0.5329118 -0.2771753 0.2676628 0.7370782 -0.3061021 -0.01022267 -4.912649 -0.4638704 0.1810615 -5.428075 -0.5226549 -0.01418989 -5.428075 -0.4684747 0.1831138 -4.912649 -0.5175203 0.2680901 0.9413018 -0.3050378 0.39058 0.7370782 -0.3169473 0.2676628 0.7370782 -0.3061021 0.39058 0.9413018 -0.3158448 0.5134972 0.7370782 -0.3061021 0.39058 0.5329118 -0.3202432 0.39058 0.7370782 -0.3169473 0.5147713 0.5329118 -0.3092912 0.6305015 0.5329118 -0.2771753 0.5168998 0.328856 -0.3146051 0.5147713 0.5329118 -0.3092912 0.6346061 0.328856 -0.281936 0.7356879 0.328856 -0.2299722 0.640351 0.124949 -0.2886041 0.6346061 0.328856 -0.281936 0.7438056 0.124949 -0.235412 0.8231971 0.124949 -0.1660951 0.7542579 -0.07873672 -0.2424119 0.7438056 0.124949 -0.235412 0.8359839 -0.07873672 -0.1710466 0.8359839 -0.07873672 -0.1710466 0.9047935 -0.2821632 -0.09106379 0.8516089 -0.2821632 -0.1770929 0.8873603 -0.07873672 -0.08793956 0.9047935 -0.2821632 -0.09106379 0.9704139 -0.795465 0.001248002 0.9506537 -0.795465 -0.09929972 0.9229285 -0.2821632 0.001248002 0.9704139 -0.795465 0.001248002 0.9922797 -1.309156 0.1092688 1.013505 -1.309156 0.001248002 0.9506537 -0.795465 0.1017958 0.9922797 -1.309156 0.1092688 0.9635627 -1.823194 0.2228934 1.029664 -1.823194 0.1159827 0.9300467 -1.309156 0.2099272 1.052209 -1.823194 0.001248002 1.062806 -2.337541 0.1219298 1.086518 -2.337541 0.001248002 1.029664 -1.823194 0.1159827 1.062806 -2.337541 -0.1194337 1.116448 -2.852163 0.001248002 1.091721 -2.852163 -0.1246217 1.086518 -2.337541 0.001248002 1.019196 -2.852163 -0.2419198 1.116372 -3.367025 -0.1290506 1.041306 -3.367025 -0.2504724 1.091721 -2.852163 -0.1246217 1.041306 -3.367025 -0.2504724 0.9368445 -3.882081 -0.3647454 0.9218986 -3.367025 -0.3547319 1.059609 -3.882081 -0.2575486 0.9368445 -3.882081 -0.3647454 0.7852103 -4.397306 -0.4567102 0.7768409 -3.882081 -0.4470018 0.9486701 -4.397306 -0.3726724 0.7852103 -4.397306 -0.4567102 0.5980536 -4.912649 -0.5175203 0.5948569 -4.397306 -0.50954 0.7913825 -4.912649 -0.4638704 0.5980536 -4.912649 -0.5175203 0.39058 -5.428075 -0.5411371 0.39058 -4.912649 -0.5358232 0.600106 -5.428075 -0.5226549 0.1810615 -5.428075 -0.5226549 0.39058 -5.943559 -0.543506 0.1801459 -5.943559 -0.5249399 0.39058 -5.428075 -0.5411371 0.05976933 -1.823194 0.3851477 -0.04988783 -1.309156 0.2963644 -0.07725453 -1.823194 0.3147017 0.07911747 -1.309156 0.3626906 -0.04988783 -1.309156 0.2963644 -0.1115639 -0.795465 0.1954924 -0.1488793 -1.309156 0.2099272 -0.01942372 -0.795465 0.275952 -0.1015313 -2.337541 0.3309599 -0.1824029 -1.823194 0.2228934 -0.212127 -2.337541 0.234387 -0.07725453 -1.823194 0.3147017 -0.07044911 -0.2821632 0.179585 -0.1694939 -0.795465 0.1017958 -0.1115639 -0.795465 0.1954924 -0.123626 -0.2821632 0.09355986 -0.212127 -2.337541 0.234387 -0.3105537 -2.852163 0.1271216 -0.2380364 -2.852163 0.2444159 -0.281646 -2.337541 0.1219298 -0.1062005 -0.07873672 0.09043562 -0.1417687 -0.2821632 0.001248002 -0.123626 -0.2821632 0.09355986 -0.1237328 -0.07873672 0.001248002 -0.3105537 -2.852163 0.1271216 -0.3608162 -3.367025 0.001248002 -0.3352119 -3.367025 0.1315466 -0.3352806 -2.852163 0.001248002 -0.1089623 0.124949 0.001248002 -0.1062005 -0.07873672 -0.08793956 -0.1237328 -0.07873672 0.001248002 -0.09193348 0.124949 -0.08537989 -0.3608162 -3.367025 0.001248002 -0.3556206 -3.882081 -0.1327127 -0.381942 -3.882081 0.001248002 -0.3352119 -3.367025 -0.1290506 -0.08084034 0.328856 -0.08338481 -0.04203718 0.124949 -0.1660951 -0.09193348 0.124949 -0.08537989 -0.03208082 0.328856 -0.1622461 -0.3556206 -3.882081 -0.1327127 -0.2929375 -4.397306 -0.2631524 -0.3717873 -4.397306 -0.1356195 -0.2784492 -3.882081 -0.2575486 -0.02497792 0.5329118 -0.1594995 0.04547178 0.328856 -0.2299722 -0.03208082 0.328856 -0.1622461 0.05128538 0.5329118 -0.2260812 -0.2929375 -4.397306 -0.2631524 -0.1762382 -4.912649 -0.3785165 -0.3036186 -4.912649 -0.2672876 -0.1675103 -4.397306 -0.3726724 0.05476438 0.7370782 -0.2237465 0.1506659 0.5329118 -0.2771753 0.05128538 0.5329118 -0.2260812 0.1531226 0.7370782 -0.2743142 -0.1762382 -4.912649 -0.3785165 -0.01418989 -5.428075 -0.4684747 -0.1818459 -5.428075 -0.3822778 -0.01022267 -4.912649 -0.4638704 0.1539466 0.9413018 -0.2733644 0.2676628 0.7370782 -0.3061021 0.1531226 0.7370782 -0.2743142 0.2680901 0.9413018 -0.3050378 -0.01418989 -5.428075 -0.4684747 0.1801459 -5.943559 -0.5249399 -0.01595228 -5.943559 -0.4705232 0.1810615 -5.428075 -0.5226549 0.39058 1.145522 -0.3169473 0.2680901 0.9413018 -0.3050378 0.2676628 1.145522 -0.3061021 0.39058 0.9413018 -0.3158448 0.5130776 0.9413018 -0.3050378 0.39058 0.7370782 -0.3169473 0.39058 0.9413018 -0.3158448 0.5134972 0.7370782 -0.3061021 0.6280372 0.7370782 -0.2743142 0.5147713 0.5329118 -0.3092912 0.5134972 0.7370782 -0.3061021 0.6305015 0.5329118 -0.2771753 0.729882 0.5329118 -0.2260812 0.6346061 0.328856 -0.281936 0.6305015 0.5329118 -0.2771753 0.7356879 0.328856 -0.2299722 0.8132483 0.328856 -0.1622461 0.7438056 0.124949 -0.235412 0.7356879 0.328856 -0.2299722 0.8231971 0.124949 -0.1660951 0.8231971 0.124949 -0.1660951 0.8873603 -0.07873672 -0.08793956 0.8359839 -0.07873672 -0.1710466 0.8730933 0.124949 -0.08537989 0.8873603 -0.07873672 -0.08793956 0.9229285 -0.2821632 0.001248002 0.9047935 -0.2821632 -0.09106379 0.9048926 -0.07873672 0.001248002 0.9229285 -0.2821632 0.001248002 0.9506537 -0.795465 0.1017958 0.9704139 -0.795465 0.001248002 0.9047935 -0.2821632 0.09355986 0.9506537 -0.795465 0.1017958 0.9300467 -1.309156 0.2099272 0.9922797 -1.309156 0.1092688 0.8927314 -0.795465 0.1954924 0.858422 -1.823194 0.3147017 0.9300467 -1.309156 0.2099272 0.8310554 -1.309156 0.2963644 0.9635627 -1.823194 0.2228934 1.029664 -1.823194 0.1159827 0.9932868 -2.337541 0.234387 1.062806 -2.337541 0.1219298 0.9635627 -1.823194 0.2228934 1.086518 -2.337541 0.001248002 1.091721 -2.852163 0.1271216 1.116448 -2.852163 0.001248002 1.062806 -2.337541 0.1219298 1.091721 -2.852163 -0.1246217 1.141976 -3.367025 0.001248002 1.116372 -3.367025 -0.1290506 1.116448 -2.852163 0.001248002 1.041306 -3.367025 -0.2504724 1.13678 -3.882081 -0.1327127 1.059609 -3.882081 -0.2575486 1.116372 -3.367025 -0.1290506 1.059609 -3.882081 -0.2575486 0.9486701 -4.397306 -0.3726724 0.9368445 -3.882081 -0.3647454 1.074105 -4.397306 -0.2631524 0.9486701 -4.397306 -0.3726724 0.7913825 -4.912649 -0.4638704 0.7852103 -4.397306 -0.4567102 0.9573981 -4.912649 -0.3785165 0.7913825 -4.912649 -0.4638704 0.600106 -5.428075 -0.5226549 0.5980536 -4.912649 -0.5175203 0.7953498 -5.428075 -0.4684747 0.600106 -5.428075 -0.5226549 0.39058 -5.943559 -0.543506 0.39058 -5.428075 -0.5411371 0.6010138 -5.943559 -0.5249399 0.39058 -5.943559 -0.543506 0.1803672 -6.459051 -0.524383 0.1801459 -5.943559 -0.5249399 0.39058 -6.459051 -0.5429262 0.04261082 -2.337541 0.4050604 -0.07725453 -1.823194 0.3147017 -0.1015313 -2.337541 0.3309599 0.05976933 -1.823194 0.3851477 0.2193381 -1.823194 0.4294325 0.07911747 -1.309156 0.3626906 0.05976933 -1.823194 0.3851477 0.2293555 -1.309156 0.4043814 0.07911747 -1.309156 0.3626906 -0.01942372 -0.795465 0.275952 -0.04988783 -1.309156 0.2963644 0.1006629 -0.795465 0.3376852 -0.01942372 -0.795465 0.275952 -0.07044911 -0.2821632 0.179585 -0.1115639 -0.795465 0.1954924 0.01415318 -0.2821632 0.2534567 -0.12268 -2.852163 0.3451392 -0.212127 -2.337541 0.234387 -0.2380364 -2.852163 0.2444159 -0.1015313 -2.337541 0.3309599 -0.05482411 -0.07873672 0.1735426 -0.123626 -0.2821632 0.09355986 -0.07044911 -0.2821632 0.179585 -0.1062005 -0.07873672 0.09043562 -0.2380364 -2.852163 0.2444159 -0.3352119 -3.367025 0.1315466 -0.2601463 -3.367025 0.2529646 -0.3105537 -2.852163 0.1271216 -0.09193348 0.124949 0.08787596 -0.1237328 -0.07873672 0.001248002 -0.1062005 -0.07873672 0.09043562 -0.1089623 0.124949 0.001248002 -0.3352119 -3.367025 0.1315466 -0.381942 -3.882081 0.001248002 -0.3556206 -3.882081 0.1352126 -0.3608162 -3.367025 0.001248002 -0.09747242 0.328856 0.001248002 -0.09193348 0.124949 -0.08537989 -0.1089623 0.124949 0.001248002 -0.08084034 0.328856 -0.08338481 -0.381942 -3.882081 0.001248002 -0.3717873 -4.397306 -0.1356195 -0.3986809 -4.397306 0.001248002 -0.3556206 -3.882081 -0.1327127 -0.07290577 0.5329118 -0.08195811 -0.03208082 0.328856 -0.1622461 -0.08084034 0.328856 -0.08338481 -0.02497792 0.5329118 -0.1594995 -0.3717873 -4.397306 -0.1356195 -0.3036186 -4.912649 -0.2672876 -0.3837044 -4.912649 -0.1377557 -0.2929375 -4.397306 -0.2631524 -0.02070546 0.7370782 -0.1578515 0.05128538 0.5329118 -0.2260812 -0.02497792 0.5329118 -0.1594995 0.05476438 0.7370782 -0.2237465 -0.3036186 -4.912649 -0.2672876 -0.1818459 -5.428075 -0.3822778 -0.3105003 -5.428075 -0.2699426 -0.1762382 -4.912649 -0.3785165 0.05592405 0.9413018 -0.2229683 0.1531226 0.7370782 -0.2743142 0.05476438 0.7370782 -0.2237465 0.1539466 0.9413018 -0.2733644 -0.1818459 -5.428075 -0.3822778 -0.01595228 -5.943559 -0.4705232 -0.1843407 -5.943559 -0.3839524 -0.01418989 -5.428075 -0.4684747 0.2676628 1.145522 -0.3061021 0.1539466 0.9413018 -0.2733644 0.1531226 1.145522 -0.2743142 0.2680901 0.9413018 -0.3050378 0.1801459 -5.943559 -0.5249399 -0.01551747 -6.459051 -0.4700196 -0.01595228 -5.943559 -0.4705232 0.1803672 -6.459051 -0.524383 0.39058 1.349688 -0.3202432 0.2676628 1.145522 -0.3061021 0.2663887 1.349688 -0.3092912 0.39058 1.145522 -0.3169473 0.5134972 1.145522 -0.3061021 0.39058 0.9413018 -0.3158448 0.39058 1.145522 -0.3169473 0.5130776 0.9413018 -0.3050378 0.6272132 0.9413018 -0.2733644 0.5134972 0.7370782 -0.3061021 0.5130776 0.9413018 -0.3050378 0.6280372 0.7370782 -0.2743142 0.7263953 0.7370782 -0.2237465 0.6305015 0.5329118 -0.2771753 0.6280372 0.7370782 -0.2743142 0.729882 0.5329118 -0.2260812 0.8061378 0.5329118 -0.1594995 0.7356879 0.328856 -0.2299722 0.729882 0.5329118 -0.2260812 0.8132483 0.328856 -0.1622461 0.8132483 0.328856 -0.1622461 0.8730933 0.124949 -0.08537989 0.8231971 0.124949 -0.1660951 0.8620002 0.328856 -0.08338481 0.8730933 0.124949 -0.08537989 0.9048926 -0.07873672 0.001248002 0.8873603 -0.07873672 -0.08793956 0.8901221 0.124949 0.001248002 0.9048926 -0.07873672 0.001248002 0.9047935 -0.2821632 0.09355986 0.9229285 -0.2821632 0.001248002 0.8873603 -0.07873672 0.09043562 0.9047935 -0.2821632 0.09355986 0.8927314 -0.795465 0.1954924 0.9506537 -0.795465 0.1017958 0.8516089 -0.2821632 0.179585 0.8310554 -1.309156 0.2963644 0.8927314 -0.795465 0.1954924 0.8005836 -0.795465 0.275952 0.9300467 -1.309156 0.2099272 0.7213904 -1.823194 0.3851477 0.8310554 -1.309156 0.2963644 0.7020423 -1.309156 0.3626906 0.858422 -1.823194 0.3147017 0.8826911 -2.337541 0.3309599 0.9635627 -1.823194 0.2228934 0.858422 -1.823194 0.3147017 0.9932868 -2.337541 0.234387 1.062806 -2.337541 0.1219298 1.019196 -2.852163 0.2444159 1.091721 -2.852163 0.1271216 0.9932868 -2.337541 0.234387 1.116448 -2.852163 0.001248002 1.116372 -3.367025 0.1315466 1.141976 -3.367025 0.001248002 1.091721 -2.852163 0.1271216 1.116372 -3.367025 -0.1290506 1.16311 -3.882081 0.001248002 1.13678 -3.882081 -0.1327127 1.141976 -3.367025 0.001248002 1.059609 -3.882081 -0.2575486 1.152955 -4.397306 -0.1356195 1.074105 -4.397306 -0.2631524 1.13678 -3.882081 -0.1327127 1.074105 -4.397306 -0.2631524 0.9573981 -4.912649 -0.3785165 0.9486701 -4.397306 -0.3726724 1.084779 -4.912649 -0.2672876 0.9573981 -4.912649 -0.3785165 0.7953498 -5.428075 -0.4684747 0.7913825 -4.912649 -0.4638704 0.9630057 -5.428075 -0.3822778 0.7953498 -5.428075 -0.4684747 0.6010138 -5.943559 -0.5249399 0.600106 -5.428075 -0.5226549 0.7971198 -5.943559 -0.4705232 0.6010138 -5.943559 -0.5249399 0.39058 -6.459051 -0.5429262 0.39058 -5.943559 -0.543506 0.6007926 -6.459051 -0.524383 0.1803672 -6.459051 -0.524383 0.39058 -6.698522 -0.5429949 0.1803443 -6.698522 -0.5244516 0.39058 -6.459051 -0.5429262 0.02764958 -2.852163 0.4224211 -0.1015313 -2.337541 0.3309599 -0.12268 -2.852163 0.3451392 0.04261082 -2.337541 0.4050604 0.2104575 -2.337541 0.4516417 0.05976933 -1.823194 0.3851477 0.04261082 -2.337541 0.4050604 0.2193381 -1.823194 0.4294325 0.39058 -1.823194 0.4445425 0.2293555 -1.309156 0.4043814 0.2193381 -1.823194 0.4294325 0.39058 -1.309156 0.4186026 0.2293555 -1.309156 0.4043814 0.1006629 -0.795465 0.3376852 0.07911747 -1.309156 0.3626906 0.2405097 -0.795465 0.376496 0.1006629 -0.795465 0.3376852 0.01415318 -0.2821632 0.2534567 -0.01942372 -0.795465 0.275952 0.1244056 -0.2821632 0.3101355 0.01415318 -0.2821632 0.2534567 -0.05482411 -0.07873672 0.1735426 -0.07044911 -0.2821632 0.179585 0.02690953 -0.07873672 0.2449118 -0.140731 -3.367025 0.3572317 -0.2380364 -2.852163 0.2444159 -0.2601463 -3.367025 0.2529646 -0.12268 -2.852163 0.3451392 -0.04203718 0.124949 0.168595 -0.1062005 -0.07873672 0.09043562 -0.05482411 -0.07873672 0.1735426 -0.09193348 0.124949 0.08787596 -0.2601463 -3.367025 0.2529646 -0.3556206 -3.882081 0.1352126 -0.2784492 -3.882081 0.2600447 -0.3352119 -3.367025 0.1315466 -0.08084034 0.328856 0.08587706 -0.1089623 0.124949 0.001248002 -0.09193348 0.124949 0.08787596 -0.09747242 0.328856 0.001248002 -0.3556206 -3.882081 0.1352126 -0.3986809 -4.397306 0.001248002 -0.3717873 -4.397306 0.1381155 -0.381942 -3.882081 0.001248002 -0.0892632 0.5329118 0.001248002 -0.08084034 0.328856 -0.08338481 -0.09747242 0.328856 0.001248002 -0.07290577 0.5329118 -0.08195811 -0.3986809 -4.397306 0.001248002 -0.3837044 -4.912649 -0.1377557 -0.4110176 -4.912649 0.001248002 -0.3717873 -4.397306 -0.1356195 -0.06815266 0.7370782 -0.08110362 -0.02497792 0.5329118 -0.1594995 -0.07290577 0.5329118 -0.08195811 -0.02070546 0.7370782 -0.1578515 -0.3837044 -4.912649 -0.1377557 -0.3105003 -5.428075 -0.2699426 -0.3913719 -5.428075 -0.139129 -0.3036186 -4.912649 -0.2672876 -0.01928639 0.9413018 -0.1572984 0.05476438 0.7370782 -0.2237465 -0.02070546 0.7370782 -0.1578515 0.05592405 0.9413018 -0.2229683 -0.3105003 -5.428075 -0.2699426 -0.1843407 -5.943559 -0.3839524 -0.3135521 -5.943559 -0.271129 -0.1818459 -5.428075 -0.3822778 0.1531226 1.145522 -0.2743142 0.05592405 0.9413018 -0.2229683 0.05476438 1.145522 -0.2237465 0.1539466 0.9413018 -0.2733644 -0.01595228 -5.943559 -0.4705232 -0.1837304 -6.459051 -0.3835405 -0.1843407 -5.943559 -0.3839524 -0.01551747 -6.459051 -0.4700196 0.2663887 1.349688 -0.3092912 0.1531226 1.145522 -0.2743142 0.1506659 1.349688 -0.2771753 0.2676628 1.145522 -0.3061021 -0.01551747 -6.459051 -0.4700196 0.1803443 -6.698522 -0.5244516 -0.01557081 -6.698522 -0.4700769 0.1803672 -6.459051 -0.524383 0.39058 1.553748 -0.3257478 0.2663887 1.349688 -0.3092912 0.2642676 1.553748 -0.3146051 0.39058 1.349688 -0.3202432 0.5147713 1.349688 -0.3092912 0.39058 1.145522 -0.3169473 0.39058 1.349688 -0.3202432 0.5134972 1.145522 -0.3061021 0.5134972 1.145522 -0.3061021 0.6272132 0.9413018 -0.2733644 0.5130776 0.9413018 -0.3050378 0.6280372 1.145522 -0.2743142 0.7252357 0.9413018 -0.2229683 0.6280372 0.7370782 -0.2743142 0.6272132 0.9413018 -0.2733644 0.7263953 0.7370782 -0.2237465 0.8018653 0.7370782 -0.1578515 0.729882 0.5329118 -0.2260812 0.7263953 0.7370782 -0.2237465 0.8061378 0.5329118 -0.1594995 0.8061378 0.5329118 -0.1594995 0.8620002 0.328856 -0.08338481 0.8132483 0.328856 -0.1622461 0.8540732 0.5329118 -0.08195811 0.8620002 0.328856 -0.08338481 0.8901221 0.124949 0.001248002 0.8730933 0.124949 -0.08537989 0.8786323 0.328856 0.001248002 0.8901221 0.124949 0.001248002 0.8873603 -0.07873672 0.09043562 0.9048926 -0.07873672 0.001248002 0.8730933 0.124949 0.08787596 0.8873603 -0.07873672 0.09043562 0.8516089 -0.2821632 0.179585 0.9047935 -0.2821632 0.09355986 0.8359839 -0.07873672 0.1735426 0.8005836 -0.795465 0.275952 0.8516089 -0.2821632 0.179585 0.7670142 -0.2821632 0.2534567 0.8927314 -0.795465 0.1954924 0.7020423 -1.309156 0.3626906 0.8005836 -0.795465 0.275952 0.6804969 -0.795465 0.3376852 0.8310554 -1.309156 0.2963644 0.5618293 -1.823194 0.4294325 0.7020423 -1.309156 0.3626906 0.5518043 -1.309156 0.4043814 0.7213904 -1.823194 0.3851477 0.7385566 -2.337541 0.4050604 0.858422 -1.823194 0.3147017 0.7213904 -1.823194 0.3851477 0.8826911 -2.337541 0.3309599 0.9038398 -2.852163 0.3451392 0.9932868 -2.337541 0.234387 0.8826911 -2.337541 0.3309599 1.019196 -2.852163 0.2444159 1.091721 -2.852163 0.1271216 1.041306 -3.367025 0.2529646 1.116372 -3.367025 0.1315466 1.019196 -2.852163 0.2444159 1.141976 -3.367025 0.001248002 1.13678 -3.882081 0.1352126 1.16311 -3.882081 0.001248002 1.116372 -3.367025 0.1315466 1.13678 -3.882081 -0.1327127 1.179841 -4.397306 0.001248002 1.152955 -4.397306 -0.1356195 1.16311 -3.882081 0.001248002 1.074105 -4.397306 -0.2631524 1.164864 -4.912649 -0.1377557 1.084779 -4.912649 -0.2672876 1.152955 -4.397306 -0.1356195 1.084779 -4.912649 -0.2672876 0.9630057 -5.428075 -0.3822778 0.9573981 -4.912649 -0.3785165 1.09166 -5.428075 -0.2699426 0.9630057 -5.428075 -0.3822778 0.7971198 -5.943559 -0.4705232 0.7953498 -5.428075 -0.4684747 0.9655005 -5.943559 -0.3839524 0.6010138 -5.943559 -0.5249399 0.7966773 -6.459051 -0.4700196 0.6007926 -6.459051 -0.524383 0.7971198 -5.943559 -0.4705232 0.6007926 -6.459051 -0.524383 0.39058 -6.698522 -0.5429949 0.39058 -6.459051 -0.5429262 0.6008231 -6.698522 -0.5244516 0.1803443 -6.698522 -0.5244516 0.39058 -6.937978 -0.5451158 0.1795203 -6.937978 -0.5265039 0.39058 -6.698522 -0.5429949 0.01487797 -3.367025 0.4372336 -0.12268 -2.852163 0.3451392 -0.140731 -3.367025 0.3572317 0.02764958 -2.852163 0.4224211 0.2027137 -2.852163 0.4710089 0.04261082 -2.337541 0.4050604 0.02764958 -2.852163 0.4224211 0.2104575 -2.337541 0.4516417 0.39058 -2.337541 0.4675299 0.2193381 -1.823194 0.4294325 0.2104575 -2.337541 0.4516417 0.39058 -1.823194 0.4445425 0.5618293 -1.823194 0.4294325 0.39058 -1.309156 0.4186026 0.39058 -1.823194 0.4445425 0.5518043 -1.309156 0.4043814 0.39058 -1.309156 0.4186026 0.2405097 -0.795465 0.376496 0.2293555 -1.309156 0.4043814 0.39058 -0.795465 0.389733 0.2405097 -0.795465 0.376496 0.1244056 -0.2821632 0.3101355 0.1006629 -0.795465 0.3376852 0.252793 -0.2821632 0.3457686 0.1244056 -0.2821632 0.3101355 0.02690953 -0.07873672 0.2449118 0.01415318 -0.2821632 0.2534567 0.1334235 -0.07873672 0.2996718 0.02690953 -0.07873672 0.2449118 -0.04203718 0.124949 0.168595 -0.05482411 -0.07873672 0.1735426 0.03735417 0.124949 0.237908 -0.1556847 -3.882081 0.3672415 -0.2601463 -3.367025 0.2529646 -0.2784492 -3.882081 0.2600447 -0.140731 -3.367025 0.3572317 -0.03208082 0.328856 0.1647459 -0.09193348 0.124949 0.08787596 -0.04203718 0.124949 0.168595 -0.08084034 0.328856 0.08587706 -0.2784492 -3.882081 0.2600447 -0.3717873 -4.397306 0.1381155 -0.2929375 -4.397306 0.2656485 -0.3556206 -3.882081 0.1352126 -0.07290577 0.5329118 0.08445417 -0.09747242 0.328856 0.001248002 -0.08084034 0.328856 0.08587706 -0.0892632 0.5329118 0.001248002 -0.3717873 -4.397306 0.1381155 -0.4110176 -4.912649 0.001248002 -0.3837044 -4.912649 0.1402518 -0.3986809 -4.397306 0.001248002 -0.08433461 0.7370782 0.001248002 -0.07290577 0.5329118 -0.08195811 -0.0892632 0.5329118 0.001248002 -0.06815266 0.7370782 -0.08110362 -0.4110176 -4.912649 0.001248002 -0.3913719 -5.428075 -0.139129 -0.4189522 -5.428075 0.001248002 -0.3837044 -4.912649 -0.1377557 -0.06656575 0.9413018 -0.08082133 -0.02070546 0.7370782 -0.1578515 -0.06815266 0.7370782 -0.08110362 -0.01928639 0.9413018 -0.1572984 -0.3913719 -5.428075 -0.139129 -0.3135521 -5.943559 -0.271129 -0.3947823 -5.943559 -0.1397432 -0.3105003 -5.428075 -0.2699426 0.05476438 1.145522 -0.2237465 -0.01928639 0.9413018 -0.1572984 -0.02070546 1.145522 -0.1578515 0.05592405 0.9413018 -0.2229683 -0.1843407 -5.943559 -0.3839524 -0.3128044 -6.459051 -0.270839 -0.3135521 -5.943559 -0.271129 -0.1837304 -6.459051 -0.3835405 0.1506659 1.349688 -0.2771753 0.05476438 1.145522 -0.2237465 0.05128538 1.349688 -0.2260812 0.1531226 1.145522 -0.2743142 -0.1837304 -6.459051 -0.3835405 -0.01557081 -6.698522 -0.4700769 -0.1838067 -6.698522 -0.3835901 -0.01551747 -6.459051 -0.4700196 0.2642676 1.553748 -0.3146051 0.1506659 1.349688 -0.2771753 0.1465613 1.553748 -0.281936 0.2663887 1.349688 -0.3092912 -0.01557081 -6.698522 -0.4700769 0.1795203 -6.937978 -0.5265039 -0.01715016 -6.937978 -0.4719194 0.1803443 -6.698522 -0.5244516 0.39058 1.757651 -0.3334459 0.2642676 1.553748 -0.3146051 0.2612922 1.757651 -0.3220361 0.39058 1.553748 -0.3257478 0.5168998 1.553748 -0.3146051 0.39058 1.349688 -0.3202432 0.39058 1.553748 -0.3257478 0.5147713 1.349688 -0.3092912 0.5147713 1.349688 -0.3092912 0.6280372 1.145522 -0.2743142 0.5134972 1.145522 -0.3061021 0.6305015 1.349688 -0.2771753 0.6280372 1.145522 -0.2743142 0.7252357 0.9413018 -0.2229683 0.6272132 0.9413018 -0.2733644 0.7263953 1.145522 -0.2237465 0.8004462 0.9413018 -0.1572984 0.7263953 0.7370782 -0.2237465 0.7252357 0.9413018 -0.2229683 0.8018653 0.7370782 -0.1578515 0.8018653 0.7370782 -0.1578515 0.8540732 0.5329118 -0.08195811 0.8061378 0.5329118 -0.1594995 0.8493125 0.7370782 -0.08110362 0.8540732 0.5329118 -0.08195811 0.8786323 0.328856 0.001248002 0.8620002 0.328856 -0.08338481 0.870423 0.5329118 0.001248002 0.8786323 0.328856 0.001248002 0.8730933 0.124949 0.08787596 0.8901221 0.124949 0.001248002 0.8620002 0.328856 0.08587706 0.8730933 0.124949 0.08787596 0.8359839 -0.07873672 0.1735426 0.8873603 -0.07873672 0.09043562 0.8231971 0.124949 0.168595 0.7670142 -0.2821632 0.2534567 0.8359839 -0.07873672 0.1735426 0.7542579 -0.07873672 0.2449118 0.8516089 -0.2821632 0.179585 0.6804969 -0.795465 0.3376852 0.7670142 -0.2821632 0.2534567 0.6567542 -0.2821632 0.3101355 0.8005836 -0.795465 0.275952 0.5518043 -1.309156 0.4043814 0.6804969 -0.795465 0.3376852 0.5406501 -0.795465 0.376496 0.7020423 -1.309156 0.3626906 0.5707023 -2.337541 0.4516417 0.7213904 -1.823194 0.3851477 0.5618293 -1.823194 0.4294325 0.7385566 -2.337541 0.4050604 0.7535102 -2.852163 0.4224211 0.8826911 -2.337541 0.3309599 0.7385566 -2.337541 0.4050604 0.9038398 -2.852163 0.3451392 0.9218986 -3.367025 0.3572317 1.019196 -2.852163 0.2444159 0.9038398 -2.852163 0.3451392 1.041306 -3.367025 0.2529646 1.116372 -3.367025 0.1315466 1.059609 -3.882081 0.2600447 1.13678 -3.882081 0.1352126 1.041306 -3.367025 0.2529646 1.16311 -3.882081 0.001248002 1.152955 -4.397306 0.1381155 1.179841 -4.397306 0.001248002 1.13678 -3.882081 0.1352126 1.152955 -4.397306 -0.1356195 1.192178 -4.912649 0.001248002 1.164864 -4.912649 -0.1377557 1.179841 -4.397306 0.001248002 1.084779 -4.912649 -0.2672876 1.172532 -5.428075 -0.139129 1.09166 -5.428075 -0.2699426 1.164864 -4.912649 -0.1377557 1.09166 -5.428075 -0.2699426 0.9655005 -5.943559 -0.3839524 0.9630057 -5.428075 -0.3822778 1.094712 -5.943559 -0.271129 0.7971198 -5.943559 -0.4705232 0.9648902 -6.459051 -0.3835405 0.7966773 -6.459051 -0.4700196 0.9655005 -5.943559 -0.3839524 0.7966773 -6.459051 -0.4700196 0.6008231 -6.698522 -0.5244516 0.6007926 -6.459051 -0.524383 0.7967383 -6.698522 -0.4700769 0.6008231 -6.698522 -0.5244516 0.39058 -6.937978 -0.5451158 0.39058 -6.698522 -0.5429949 0.6016395 -6.937978 -0.5265039 0.1795203 -6.937978 -0.5265039 0.39058 -7.177373 -0.5492929 0.1779105 -7.177373 -0.5305361 0.39058 -6.937978 -0.5451158 0.004318833 -3.882081 0.449494 -0.140731 -3.367025 0.3572317 -0.1556847 -3.882081 0.3672415 0.01487797 -3.367025 0.4372336 0.1961066 -3.367025 0.4875304 0.02764958 -2.852163 0.4224211 0.01487797 -3.367025 0.4372336 0.2027137 -2.852163 0.4710089 0.39058 -2.852163 0.48758 0.2104575 -2.337541 0.4516417 0.2027137 -2.852163 0.4710089 0.39058 -2.337541 0.4675299 0.5707023 -2.337541 0.4516417 0.39058 -1.823194 0.4445425 0.39058 -2.337541 0.4675299 0.5618293 -1.823194 0.4294325 0.5518043 -1.309156 0.4043814 0.39058 -0.795465 0.389733 0.39058 -1.309156 0.4186026 0.5406501 -0.795465 0.376496 0.39058 -0.795465 0.389733 0.252793 -0.2821632 0.3457686 0.2405097 -0.795465 0.376496 0.39058 -0.2821632 0.3579222 0.252793 -0.2821632 0.3457686 0.1334235 -0.07873672 0.2996718 0.1244056 -0.2821632 0.3101355 0.2574698 -0.07873672 0.3340956 0.1334235 -0.07873672 0.2996718 0.03735417 0.124949 0.237908 0.02690953 -0.07873672 0.2449118 0.1408088 0.124949 0.291104 0.03735417 0.124949 0.237908 -0.03208082 0.328856 0.1647459 -0.04203718 0.124949 0.168595 0.04547178 0.328856 0.2324644 -0.1675103 -4.397306 0.3751723 -0.2784492 -3.882081 0.2600447 -0.2929375 -4.397306 0.2656485 -0.1556847 -3.882081 0.3672415 -0.02497792 0.5329118 0.1619955 -0.08084034 0.328856 0.08587706 -0.03208082 0.328856 0.1647459 -0.07290577 0.5329118 0.08445417 -0.2929375 -4.397306 0.2656485 -0.3837044 -4.912649 0.1402518 -0.3036186 -4.912649 0.2697836 -0.3717873 -4.397306 0.1381155 -0.06815266 0.7370782 0.0836035 -0.0892632 0.5329118 0.001248002 -0.07290577 0.5329118 0.08445417 -0.08433461 0.7370782 0.001248002 -0.3837044 -4.912649 0.1402518 -0.4189522 -5.428075 0.001248002 -0.3913719 -5.428075 0.1416289 -0.4110176 -4.912649 0.001248002 -0.08268666 0.9413018 0.001248002 -0.06815266 0.7370782 -0.08110362 -0.08433461 0.7370782 0.001248002 -0.06656575 0.9413018 -0.08082133 -0.4189522 -5.428075 0.001248002 -0.3947823 -5.943559 -0.1397432 -0.4224846 -5.943559 0.001248002 -0.3913719 -5.428075 -0.139129 -0.06815266 1.145522 -0.08110362 -0.01928639 0.9413018 -0.1572984 -0.06656575 0.9413018 -0.08082133 -0.02070546 1.145522 -0.1578515 -0.3947823 -5.943559 -0.1397432 -0.3128044 -6.459051 -0.270839 -0.393943 -6.459051 -0.1395982 -0.3135521 -5.943559 -0.271129 0.05128538 1.349688 -0.2260812 -0.02070546 1.145522 -0.1578515 -0.02497792 1.349688 -0.1594995 0.05476438 1.145522 -0.2237465 -0.3128044 -6.459051 -0.270839 -0.1838067 -6.698522 -0.3835901 -0.312896 -6.698522 -0.2708734 -0.1837304 -6.459051 -0.3835405 0.1465613 1.553748 -0.281936 0.05128538 1.349688 -0.2260812 0.04547178 1.553748 -0.2299722 0.1506659 1.349688 -0.2771753 -0.1838067 -6.698522 -0.3835901 -0.01715016 -6.937978 -0.4719194 -0.1860496 -6.937978 -0.385093 -0.01557081 -6.698522 -0.4700769 0.2612922 1.757651 -0.3220361 0.1465613 1.553748 -0.281936 0.1408088 1.757651 -0.2886041 0.2642676 1.553748 -0.3146051 -0.01715016 -6.937978 -0.4719194 0.1779105 -7.177373 -0.5305361 -0.02027058 -7.177373 -0.4755319 0.1795203 -6.937978 -0.5265039 0.39058 1.96134 -0.3433374 0.2612922 1.757651 -0.3220361 0.2574698 1.96134 -0.3315995 0.39058 1.757651 -0.3334459 0.5198676 1.757651 -0.3220361 0.39058 1.553748 -0.3257478 0.39058 1.757651 -0.3334459 0.5168998 1.553748 -0.3146051 0.5168998 1.553748 -0.3146051 0.6305015 1.349688 -0.2771753 0.5147713 1.349688 -0.3092912 0.6346061 1.553748 -0.281936 0.6305015 1.349688 -0.2771753 0.7263953 1.145522 -0.2237465 0.6280372 1.145522 -0.2743142 0.729882 1.349688 -0.2260812 0.7263953 1.145522 -0.2237465 0.8004462 0.9413018 -0.1572984 0.7252357 0.9413018 -0.2229683 0.8018653 1.145522 -0.1578515 0.8004462 0.9413018 -0.1572984 0.8493125 0.7370782 -0.08110362 0.8018653 0.7370782 -0.1578515 0.8477256 0.9413018 -0.08082133 0.8493125 0.7370782 -0.08110362 0.870423 0.5329118 0.001248002 0.8540732 0.5329118 -0.08195811 0.8654944 0.7370782 0.001248002 0.870423 0.5329118 0.001248002 0.8620002 0.328856 0.08587706 0.8786323 0.328856 0.001248002 0.8540732 0.5329118 0.08445417 0.8620002 0.328856 0.08587706 0.8231971 0.124949 0.168595 0.8730933 0.124949 0.08787596 0.8132483 0.328856 0.1647459 0.7542579 -0.07873672 0.2449118 0.8231971 0.124949 0.168595 0.7438056 0.124949 0.237908 0.8359839 -0.07873672 0.1735426 0.6567542 -0.2821632 0.3101355 0.7542579 -0.07873672 0.2449118 0.6477363 -0.07873672 0.2996718 0.7670142 -0.2821632 0.2534567 0.5406501 -0.795465 0.376496 0.6567542 -0.2821632 0.3101355 0.5283668 -0.2821632 0.3457686 0.6804969 -0.795465 0.3376852 0.5784461 -2.852163 0.4710089 0.7385566 -2.337541 0.4050604 0.5707023 -2.337541 0.4516417 0.7535102 -2.852163 0.4224211 0.7662818 -3.367025 0.4372336 0.9038398 -2.852163 0.3451392 0.7535102 -2.852163 0.4224211 0.9218986 -3.367025 0.3572317 0.9368445 -3.882081 0.3672415 1.041306 -3.367025 0.2529646 0.9218986 -3.367025 0.3572317 1.059609 -3.882081 0.2600447 1.13678 -3.882081 0.1352126 1.074105 -4.397306 0.2656485 1.152955 -4.397306 0.1381155 1.059609 -3.882081 0.2600447 1.179841 -4.397306 0.001248002 1.164864 -4.912649 0.1402518 1.192178 -4.912649 0.001248002 1.152955 -4.397306 0.1381155 1.164864 -4.912649 -0.1377557 1.200112 -5.428075 0.001248002 1.172532 -5.428075 -0.139129 1.192178 -4.912649 0.001248002 1.09166 -5.428075 -0.2699426 1.175942 -5.943559 -0.1397432 1.094712 -5.943559 -0.271129 1.172532 -5.428075 -0.139129 0.9655005 -5.943559 -0.3839524 1.093964 -6.459051 -0.270839 0.9648902 -6.459051 -0.3835405 1.094712 -5.943559 -0.271129 0.9648902 -6.459051 -0.3835405 0.7967383 -6.698522 -0.4700769 0.7966773 -6.459051 -0.4700196 0.9649665 -6.698522 -0.3835901 0.7967383 -6.698522 -0.4700769 0.6016395 -6.937978 -0.5265039 0.6008231 -6.698522 -0.5244516 0.7983176 -6.937978 -0.4719194 0.6016395 -6.937978 -0.5265039 0.39058 -7.177373 -0.5492929 0.39058 -6.937978 -0.5451158 0.6032569 -7.177373 -0.5305361 0.1779105 -7.177373 -0.5305361 0.39058 -7.416669 -0.5555147 0.1755073 -7.416669 -0.536548 0.39058 -7.177373 -0.5492929 -0.004050493 -4.397306 0.4592062 -0.1556847 -3.882081 0.3672415 -0.1675103 -4.397306 0.3751723 0.004318833 -3.882081 0.449494 0.1906363 -3.882081 0.501206 0.01487797 -3.367025 0.4372336 0.004318833 -3.882081 0.449494 0.1961066 -3.367025 0.4875304 0.39058 -3.367025 0.5046851 0.2027137 -2.852163 0.4710089 0.1961066 -3.367025 0.4875304 0.39058 -2.852163 0.48758 0.5784461 -2.852163 0.4710089 0.39058 -2.337541 0.4675299 0.39058 -2.852163 0.48758 0.5707023 -2.337541 0.4516417 0.5406501 -0.795465 0.376496 0.39058 -0.2821632 0.3579222 0.39058 -0.795465 0.389733 0.5283668 -0.2821632 0.3457686 0.39058 -0.2821632 0.3579222 0.2574698 -0.07873672 0.3340956 0.252793 -0.2821632 0.3457686 0.39058 -0.07873672 0.3458372 0.2574698 -0.07873672 0.3340956 0.1408088 0.124949 0.291104 0.1334235 -0.07873672 0.2996718 0.2612922 0.124949 0.324536 0.1408088 0.124949 0.291104 0.04547178 0.328856 0.2324644 0.03735417 0.124949 0.237908 0.1465613 0.328856 0.2844359 0.04547178 0.328856 0.2324644 -0.02497792 0.5329118 0.1619955 -0.03208082 0.328856 0.1647459 0.05128538 0.5329118 0.2285773 -0.1762382 -4.912649 0.3810126 -0.2929375 -4.397306 0.2656485 -0.3036186 -4.912649 0.2697836 -0.1675103 -4.397306 0.3751723 -0.02070546 0.7370782 0.1603438 -0.07290577 0.5329118 0.08445417 -0.02497792 0.5329118 0.1619955 -0.06815266 0.7370782 0.0836035 -0.3036186 -4.912649 0.2697836 -0.3913719 -5.428075 0.1416289 -0.3105003 -5.428075 0.2724425 -0.3837044 -4.912649 0.1402518 -0.06656575 0.9413018 0.08331739 -0.08433461 0.7370782 0.001248002 -0.06815266 0.7370782 0.0836035 -0.08268666 0.9413018 0.001248002 -0.3913719 -5.428075 0.1416289 -0.4224846 -5.943559 0.001248002 -0.3947823 -5.943559 0.142243 -0.4189522 -5.428075 0.001248002 -0.08433461 1.145522 0.001248002 -0.06656575 0.9413018 -0.08082133 -0.08268666 0.9413018 0.001248002 -0.06815266 1.145522 -0.08110362 -0.4224846 -5.943559 0.001248002 -0.393943 -6.459051 -0.1395982 -0.4216148 -6.459051 0.001248002 -0.3947823 -5.943559 -0.1397432 -0.07290577 1.349688 -0.08195811 -0.02070546 1.145522 -0.1578515 -0.06815266 1.145522 -0.08110362 -0.02497792 1.349688 -0.1594995 -0.393943 -6.459051 -0.1395982 -0.312896 -6.698522 -0.2708734 -0.3940422 -6.698522 -0.1396135 -0.3128044 -6.459051 -0.270839 0.04547178 1.553748 -0.2299722 -0.02497792 1.349688 -0.1594995 -0.03208082 1.553748 -0.1622461 0.05128538 1.349688 -0.2260812 -0.312896 -6.698522 -0.2708734 -0.1860496 -6.937978 -0.385093 -0.3156425 -6.937978 -0.2719339 -0.1838067 -6.698522 -0.3835901 0.1408088 1.757651 -0.2886041 0.04547178 1.553748 -0.2299722 0.03735417 1.757651 -0.235412 0.1465613 1.553748 -0.281936 -0.1860496 -6.937978 -0.385093 -0.02027058 -7.177373 -0.4755319 -0.1904519 -7.177373 -0.3880456 -0.01715016 -6.937978 -0.4719194 0.2574698 1.96134 -0.3315995 0.1408088 1.757651 -0.2886041 0.1334235 1.96134 -0.2971719 0.2612922 1.757651 -0.3220361 -0.02027058 -7.177373 -0.4755319 0.1755073 -7.416669 -0.536548 -0.02491682 -7.416669 -0.4809221 0.1779105 -7.177373 -0.5305361 0.39058 2.164763 -0.3554223 0.2574698 1.96134 -0.3315995 0.252793 2.164763 -0.3432763 0.39058 1.96134 -0.3433374 0.5236976 1.96134 -0.3315995 0.39058 1.757651 -0.3334459 0.39058 1.96134 -0.3433374 0.5198676 1.757651 -0.3220361 0.5198676 1.757651 -0.3220361 0.6346061 1.553748 -0.281936 0.5168998 1.553748 -0.3146051 0.640351 1.757651 -0.2886041 0.6346061 1.553748 -0.281936 0.729882 1.349688 -0.2260812 0.6305015 1.349688 -0.2771753 0.7356879 1.553748 -0.2299722 0.729882 1.349688 -0.2260812 0.8018653 1.145522 -0.1578515 0.7263953 1.145522 -0.2237465 0.8061378 1.349688 -0.1594995 0.8018653 1.145522 -0.1578515 0.8477256 0.9413018 -0.08082133 0.8004462 0.9413018 -0.1572984 0.8493125 1.145522 -0.08110362 0.8477256 0.9413018 -0.08082133 0.8654944 0.7370782 0.001248002 0.8493125 0.7370782 -0.08110362 0.8638541 0.9413018 0.001248002 0.8654944 0.7370782 0.001248002 0.8540732 0.5329118 0.08445417 0.870423 0.5329118 0.001248002 0.8493125 0.7370782 0.0836035 0.8540732 0.5329118 0.08445417 0.8132483 0.328856 0.1647459 0.8620002 0.328856 0.08587706 0.8061378 0.5329118 0.1619955 0.7438056 0.124949 0.237908 0.8132483 0.328856 0.1647459 0.7356879 0.328856 0.2324644 0.8231971 0.124949 0.168595 0.6477363 -0.07873672 0.2996718 0.7438056 0.124949 0.237908 0.640351 0.124949 0.291104 0.7542579 -0.07873672 0.2449118 0.5283668 -0.2821632 0.3457686 0.6477363 -0.07873672 0.2996718 0.5236976 -0.07873672 0.3340956 0.6567542 -0.2821632 0.3101355 0.5850532 -3.367025 0.4875304 0.7535102 -2.852163 0.4224211 0.5784461 -2.852163 0.4710089 0.7662818 -3.367025 0.4372336 0.7768409 -3.882081 0.449494 0.9218986 -3.367025 0.3572317 0.7662818 -3.367025 0.4372336 0.9368445 -3.882081 0.3672415 0.9486701 -4.397306 0.3751723 1.059609 -3.882081 0.2600447 0.9368445 -3.882081 0.3672415 1.074105 -4.397306 0.2656485 1.152955 -4.397306 0.1381155 1.084779 -4.912649 0.2697836 1.164864 -4.912649 0.1402518 1.074105 -4.397306 0.2656485 1.192178 -4.912649 0.001248002 1.172532 -5.428075 0.1416289 1.200112 -5.428075 0.001248002 1.164864 -4.912649 0.1402518 1.172532 -5.428075 -0.139129 1.203644 -5.943559 0.001248002 1.175942 -5.943559 -0.1397432 1.200112 -5.428075 0.001248002 1.094712 -5.943559 -0.271129 1.175111 -6.459051 -0.1395982 1.093964 -6.459051 -0.270839 1.175942 -5.943559 -0.1397432 1.093964 -6.459051 -0.270839 0.9649665 -6.698522 -0.3835901 0.9648902 -6.459051 -0.3835405 1.094056 -6.698522 -0.2708734 0.9649665 -6.698522 -0.3835901 0.7983176 -6.937978 -0.4719194 0.7967383 -6.698522 -0.4700769 0.9672095 -6.937978 -0.385093 0.7983176 -6.937978 -0.4719194 0.6032569 -7.177373 -0.5305361 0.6016395 -6.937978 -0.5265039 0.8014304 -7.177373 -0.4755319 0.6032569 -7.177373 -0.5305361 0.39058 -7.416669 -0.5555147 0.39058 -7.177373 -0.5492929 0.6056525 -7.416669 -0.536548 0.1755073 -7.416669 -0.536548 0.39058 -7.655824 -0.5637888 0.1723029 -7.655824 -0.544536 0.39058 -7.416669 -0.5555147 -0.01022267 -4.912649 0.4663664 -0.1675103 -4.397306 0.3751723 -0.1762382 -4.912649 0.3810126 -0.004050493 -4.397306 0.4592062 0.1863029 -4.397306 0.512036 0.004318833 -3.882081 0.449494 -0.004050493 -4.397306 0.4592062 0.1906363 -3.882081 0.501206 0.39058 -3.882081 0.5188414 0.1961066 -3.367025 0.4875304 0.1906363 -3.882081 0.501206 0.39058 -3.367025 0.5046851 0.5850532 -3.367025 0.4875304 0.39058 -2.852163 0.48758 0.39058 -3.367025 0.5046851 0.5784461 -2.852163 0.4710089 0.5283668 -0.2821632 0.3457686 0.39058 -0.07873672 0.3458372 0.39058 -0.2821632 0.3579222 0.5236976 -0.07873672 0.3340956 0.39058 -0.07873672 0.3458372 0.2612922 0.124949 0.324536 0.2574698 -0.07873672 0.3340956 0.39058 0.124949 0.3359381 0.2612922 0.124949 0.324536 0.1465613 0.328856 0.2844359 0.1408088 0.124949 0.291104 0.2642676 0.328856 0.3170973 0.1465613 0.328856 0.2844359 0.05128538 0.5329118 0.2285773 0.04547178 0.328856 0.2324644 0.1506659 0.5329118 0.2796675 0.05128538 0.5329118 0.2285773 -0.02070546 0.7370782 0.1603438 -0.02497792 0.5329118 0.1619955 0.05476438 0.7370782 0.2262427 -0.1818459 -5.428075 0.3847777 -0.3036186 -4.912649 0.2697836 -0.3105003 -5.428075 0.2724425 -0.1762382 -4.912649 0.3810126 -0.01928639 0.9413018 0.1597945 -0.06815266 0.7370782 0.0836035 -0.02070546 0.7370782 0.1603438 -0.06656575 0.9413018 0.08331739 -0.3105003 -5.428075 0.2724425 -0.3947823 -5.943559 0.142243 -0.3135521 -5.943559 0.2736288 -0.3913719 -5.428075 0.1416289 -0.06815266 1.145522 0.0836035 -0.08268666 0.9413018 0.001248002 -0.06656575 0.9413018 0.08331739 -0.08433461 1.145522 0.001248002 -0.3947823 -5.943559 0.142243 -0.4216148 -6.459051 0.001248002 -0.393943 -6.459051 0.1420904 -0.4224846 -5.943559 0.001248002 -0.0892632 1.349688 0.001248002 -0.06815266 1.145522 -0.08110362 -0.08433461 1.145522 0.001248002 -0.07290577 1.349688 -0.08195811 -0.4216148 -6.459051 0.001248002 -0.3940422 -6.698522 -0.1396135 -0.4217216 -6.698522 0.001248002 -0.393943 -6.459051 -0.1395982 -0.08084034 1.553748 -0.08338481 -0.02497792 1.349688 -0.1594995 -0.07290577 1.349688 -0.08195811 -0.03208082 1.553748 -0.1622461 -0.3940422 -6.698522 -0.1396135 -0.3156425 -6.937978 -0.2719339 -0.3971092 -6.937978 -0.140159 -0.312896 -6.698522 -0.2708734 0.03735417 1.757651 -0.235412 -0.03208082 1.553748 -0.1622461 -0.04203718 1.757651 -0.1660951 0.04547178 1.553748 -0.2299722 -0.3156425 -6.937978 -0.2719339 -0.1904519 -7.177373 -0.3880456 -0.3210289 -7.177373 -0.2740243 -0.1860496 -6.937978 -0.385093 0.1334235 1.96134 -0.2971719 0.03735417 1.757651 -0.235412 0.02690953 1.96134 -0.2424119 0.1408088 1.757651 -0.2886041 -0.1904519 -7.177373 -0.3880456 -0.02491682 -7.416669 -0.4809221 -0.1970208 -7.416669 -0.3924478 -0.02027058 -7.177373 -0.4755319 0.252793 2.164763 -0.3432763 0.1334235 1.96134 -0.2971719 0.1244056 2.164763 -0.3076394 0.2574698 1.96134 -0.3315995 -0.02491682 -7.416669 -0.4809221 0.1723029 -7.655824 -0.544536 -0.03109663 -7.655824 -0.4880899 0.1755073 -7.416669 -0.536548 0.5283668 2.164763 -0.3432763 0.39058 1.96134 -0.3433374 0.39058 2.164763 -0.3554223 0.5236976 1.96134 -0.3315995 0.5236976 1.96134 -0.3315995 0.640351 1.757651 -0.2886041 0.5198676 1.757651 -0.3220361 0.6477363 1.96134 -0.2971719 0.640351 1.757651 -0.2886041 0.7356879 1.553748 -0.2299722 0.6346061 1.553748 -0.281936 0.7438056 1.757651 -0.235412 0.7356879 1.553748 -0.2299722 0.8061378 1.349688 -0.1594995 0.729882 1.349688 -0.2260812 0.8132483 1.553748 -0.1622461 0.8061378 1.349688 -0.1594995 0.8493125 1.145522 -0.08110362 0.8018653 1.145522 -0.1578515 0.8540732 1.349688 -0.08195811 0.8493125 1.145522 -0.08110362 0.8638541 0.9413018 0.001248002 0.8477256 0.9413018 -0.08082133 0.8654944 1.145522 0.001248002 0.8638541 0.9413018 0.001248002 0.8493125 0.7370782 0.0836035 0.8654944 0.7370782 0.001248002 0.8477256 0.9413018 0.08331739 0.8493125 0.7370782 0.0836035 0.8061378 0.5329118 0.1619955 0.8540732 0.5329118 0.08445417 0.8018653 0.7370782 0.1603438 0.7356879 0.328856 0.2324644 0.8061378 0.5329118 0.1619955 0.729882 0.5329118 0.2285773 0.8132483 0.328856 0.1647459 0.640351 0.124949 0.291104 0.7356879 0.328856 0.2324644 0.6346061 0.328856 0.2844359 0.7438056 0.124949 0.237908 0.5236976 -0.07873672 0.3340956 0.640351 0.124949 0.291104 0.5198676 0.124949 0.324536 0.6477363 -0.07873672 0.2996718 0.5905234 -3.882081 0.501206 0.7662818 -3.367025 0.4372336 0.5850532 -3.367025 0.4875304 0.7768409 -3.882081 0.449494 0.7852103 -4.397306 0.4592062 0.9368445 -3.882081 0.3672415 0.7768409 -3.882081 0.449494 0.9486701 -4.397306 0.3751723 0.9573981 -4.912649 0.3810126 1.074105 -4.397306 0.2656485 0.9486701 -4.397306 0.3751723 1.084779 -4.912649 0.2697836 1.164864 -4.912649 0.1402518 1.09166 -5.428075 0.2724425 1.172532 -5.428075 0.1416289 1.084779 -4.912649 0.2697836 1.200112 -5.428075 0.001248002 1.175942 -5.943559 0.142243 1.203644 -5.943559 0.001248002 1.172532 -5.428075 0.1416289 1.175942 -5.943559 -0.1397432 1.202775 -6.459051 0.001248002 1.175111 -6.459051 -0.1395982 1.203644 -5.943559 0.001248002 1.093964 -6.459051 -0.270839 1.175202 -6.698522 -0.1396135 1.094056 -6.698522 -0.2708734 1.175111 -6.459051 -0.1395982 1.094056 -6.698522 -0.2708734 0.9672095 -6.937978 -0.385093 0.9649665 -6.698522 -0.3835901 1.096802 -6.937978 -0.2719339 0.9672095 -6.937978 -0.385093 0.8014304 -7.177373 -0.4755319 0.7983176 -6.937978 -0.4719194 0.9716117 -7.177373 -0.3880456 0.8014304 -7.177373 -0.4755319 0.6056525 -7.416669 -0.536548 0.6032569 -7.177373 -0.5305361 0.8060767 -7.416669 -0.4809221 0.6056525 -7.416669 -0.536548 0.39058 -7.655824 -0.5637888 0.39058 -7.416669 -0.5555147 0.6088569 -7.655824 -0.544536 0.1723029 -7.655824 -0.544536 0.39058 -7.8948 -0.5741114 0.1683204 -7.8948 -0.5545076 0.39058 -7.655824 -0.5637888 -0.01418989 -5.428075 0.4709708 -0.1762382 -4.912649 0.3810126 -0.1818459 -5.428075 0.3847777 -0.01022267 -4.912649 0.4663664 0.1831138 -4.912649 0.5200201 -0.004050493 -4.397306 0.4592062 -0.01022267 -4.912649 0.4663664 0.1863029 -4.397306 0.512036 0.39058 -4.397306 0.5300528 0.1906363 -3.882081 0.501206 0.1863029 -4.397306 0.512036 0.39058 -3.882081 0.5188414 0.5905234 -3.882081 0.501206 0.39058 -3.367025 0.5046851 0.39058 -3.882081 0.5188414 0.5850532 -3.367025 0.4875304 0.5236976 -0.07873672 0.3340956 0.39058 0.124949 0.3359381 0.39058 -0.07873672 0.3458372 0.5198676 0.124949 0.324536 0.39058 0.124949 0.3359381 0.2642676 0.328856 0.3170973 0.2612922 0.124949 0.324536 0.39058 0.328856 0.3282439 0.2642676 0.328856 0.3170973 0.1506659 0.5329118 0.2796675 0.1465613 0.328856 0.2844359 0.2663887 0.5329118 0.3117873 0.1506659 0.5329118 0.2796675 0.05476438 0.7370782 0.2262427 0.05128538 0.5329118 0.2285773 0.1531226 0.7370782 0.2768103 0.05476438 0.7370782 0.2262427 -0.01928639 0.9413018 0.1597945 -0.02070546 0.7370782 0.1603438 0.05592405 0.9413018 0.2254645 -0.1843407 -5.943559 0.3864447 -0.3105003 -5.428075 0.2724425 -0.3135521 -5.943559 0.2736288 -0.1818459 -5.428075 0.3847777 -0.02070546 1.145522 0.1603438 -0.06656575 0.9413018 0.08331739 -0.01928639 0.9413018 0.1597945 -0.06815266 1.145522 0.0836035 -0.3135521 -5.943559 0.2736288 -0.393943 -6.459051 0.1420904 -0.3128044 -6.459051 0.2733313 -0.3947823 -5.943559 0.142243 -0.07290577 1.349688 0.08445417 -0.08433461 1.145522 0.001248002 -0.06815266 1.145522 0.0836035 -0.0892632 1.349688 0.001248002 -0.393943 -6.459051 0.1420904 -0.4217216 -6.698522 0.001248002 -0.3940422 -6.698522 0.1421095 -0.4216148 -6.459051 0.001248002 -0.09747242 1.553748 0.001248002 -0.07290577 1.349688 -0.08195811 -0.0892632 1.349688 0.001248002 -0.08084034 1.553748 -0.08338481 -0.4217216 -6.698522 0.001248002 -0.3971092 -6.937978 -0.140159 -0.4248955 -6.937978 0.001248002 -0.3940422 -6.698522 -0.1396135 -0.09193348 1.757651 -0.08537989 -0.03208082 1.553748 -0.1622461 -0.08084034 1.553748 -0.08338481 -0.04203718 1.757651 -0.1660951 -0.3971092 -6.937978 -0.140159 -0.3210289 -7.177373 -0.2740243 -0.4031212 -7.177373 -0.1412385 -0.3156425 -6.937978 -0.2719339 0.02690953 1.96134 -0.2424119 -0.04203718 1.757651 -0.1660951 -0.05482411 1.96134 -0.1710466 0.03735417 1.757651 -0.235412 -0.3210289 -7.177373 -0.2740243 -0.1970208 -7.416669 -0.3924478 -0.3290855 -7.416669 -0.2771333 -0.1904519 -7.177373 -0.3880456 0.1244056 2.164763 -0.3076394 0.02690953 1.96134 -0.2424119 0.01415318 2.164763 -0.2509607 0.1334235 1.96134 -0.2971719 -0.1970208 -7.416669 -0.3924478 -0.03109663 -7.655824 -0.4880899 -0.2057487 -7.655824 -0.3982919 -0.02491682 -7.416669 -0.4809221 -0.03109663 -7.655824 -0.4880899 0.1683204 -7.8948 -0.5545076 -0.03879469 -7.8948 -0.4970277 0.1723029 -7.655824 -0.544536 0.5283668 2.164763 -0.3432763 0.6477363 1.96134 -0.2971719 0.5236976 1.96134 -0.3315995 0.6567542 2.164763 -0.3076394 0.6477363 1.96134 -0.2971719 0.7438056 1.757651 -0.235412 0.640351 1.757651 -0.2886041 0.7542579 1.96134 -0.2424119 0.7438056 1.757651 -0.235412 0.8132483 1.553748 -0.1622461 0.7356879 1.553748 -0.2299722 0.8231971 1.757651 -0.1660951 0.8132483 1.553748 -0.1622461 0.8540732 1.349688 -0.08195811 0.8061378 1.349688 -0.1594995 0.8620002 1.553748 -0.08338481 0.8540732 1.349688 -0.08195811 0.8654944 1.145522 0.001248002 0.8493125 1.145522 -0.08110362 0.870423 1.349688 0.001248002 0.8654944 1.145522 0.001248002 0.8477256 0.9413018 0.08331739 0.8638541 0.9413018 0.001248002 0.8493125 1.145522 0.0836035 0.8477256 0.9413018 0.08331739 0.8018653 0.7370782 0.1603438 0.8493125 0.7370782 0.0836035 0.8004462 0.9413018 0.1597945 0.729882 0.5329118 0.2285773 0.8018653 0.7370782 0.1603438 0.7263953 0.7370782 0.2262427 0.8061378 0.5329118 0.1619955 0.6346061 0.328856 0.2844359 0.729882 0.5329118 0.2285773 0.6305015 0.5329118 0.2796675 0.7356879 0.328856 0.2324644 0.5198676 0.124949 0.324536 0.6346061 0.328856 0.2844359 0.5168998 0.328856 0.3170973 0.640351 0.124949 0.291104 0.5948569 -4.397306 0.512036 0.7768409 -3.882081 0.449494 0.5905234 -3.882081 0.501206 0.7852103 -4.397306 0.4592062 0.7913825 -4.912649 0.4663664 0.9486701 -4.397306 0.3751723 0.7852103 -4.397306 0.4592062 0.9573981 -4.912649 0.3810126 0.9630057 -5.428075 0.3847777 1.084779 -4.912649 0.2697836 0.9573981 -4.912649 0.3810126 1.09166 -5.428075 0.2724425 1.172532 -5.428075 0.1416289 1.094712 -5.943559 0.2736288 1.175942 -5.943559 0.142243 1.09166 -5.428075 0.2724425 1.203644 -5.943559 0.001248002 1.175111 -6.459051 0.1420904 1.202775 -6.459051 0.001248002 1.175942 -5.943559 0.142243 1.175111 -6.459051 -0.1395982 1.202882 -6.698522 0.001248002 1.175202 -6.698522 -0.1396135 1.202775 -6.459051 0.001248002 1.094056 -6.698522 -0.2708734 1.178269 -6.937978 -0.140159 1.096802 -6.937978 -0.2719339 1.175202 -6.698522 -0.1396135 1.096802 -6.937978 -0.2719339 0.9716117 -7.177373 -0.3880456 0.9672095 -6.937978 -0.385093 1.102196 -7.177373 -0.2740243 0.9716117 -7.177373 -0.3880456 0.8060767 -7.416669 -0.4809221 0.8014304 -7.177373 -0.4755319 0.9781806 -7.416669 -0.3924478 0.8060767 -7.416669 -0.4809221 0.6088569 -7.655824 -0.544536 0.6056525 -7.416669 -0.536548 0.8122565 -7.655824 -0.4880899 0.6088569 -7.655824 -0.544536 0.39058 -7.8948 -0.5741114 0.39058 -7.655824 -0.5637888 0.6128394 -7.8948 -0.5545076 0.1683204 -7.8948 -0.5545076 0.39058 -8.133563 -0.5864824 0.1635444 -8.133563 -0.5664591 0.39058 -7.8948 -0.5741114 -0.01595228 -5.943559 0.4730231 -0.1818459 -5.428075 0.3847777 -0.1843407 -5.943559 0.3864447 -0.01418989 -5.428075 0.4709708 0.1810615 -5.428075 0.5251509 -0.01022267 -4.912649 0.4663664 -0.01418989 -5.428075 0.4709708 0.1831138 -4.912649 0.5200201 0.39058 -4.912649 0.5383192 0.1863029 -4.397306 0.512036 0.1831138 -4.912649 0.5200201 0.39058 -4.397306 0.5300528 0.5948569 -4.397306 0.512036 0.39058 -3.882081 0.5188414 0.39058 -4.397306 0.5300528 0.5905234 -3.882081 0.501206 0.5198676 0.124949 0.324536 0.39058 0.328856 0.3282439 0.39058 0.124949 0.3359381 0.5168998 0.328856 0.3170973 0.39058 0.328856 0.3282439 0.2663887 0.5329118 0.3117873 0.2642676 0.328856 0.3170973 0.39058 0.5329118 0.3227393 0.2663887 0.5329118 0.3117873 0.1531226 0.7370782 0.2768103 0.1506659 0.5329118 0.2796675 0.2676628 0.7370782 0.3085982 0.1531226 0.7370782 0.2768103 0.05592405 0.9413018 0.2254645 0.05476438 0.7370782 0.2262427 0.1539466 0.9413018 0.2758566 -0.01928639 0.9413018 0.1597945 0.05476438 1.145522 0.2262427 -0.02070546 1.145522 0.1603438 0.05592405 0.9413018 0.2254645 -0.3128044 -6.459051 0.2733313 -0.1843407 -5.943559 0.3864447 -0.3135521 -5.943559 0.2736288 -0.1837304 -6.459051 0.3860365 -0.02497792 1.349688 0.1619955 -0.06815266 1.145522 0.0836035 -0.02070546 1.145522 0.1603438 -0.07290577 1.349688 0.08445417 -0.3128044 -6.459051 0.2733313 -0.3940422 -6.698522 0.1421095 -0.312896 -6.698522 0.2733694 -0.393943 -6.459051 0.1420904 -0.08084034 1.553748 0.08587706 -0.0892632 1.349688 0.001248002 -0.07290577 1.349688 0.08445417 -0.09747242 1.553748 0.001248002 -0.3940422 -6.698522 0.1421095 -0.4248955 -6.937978 0.001248002 -0.3971092 -6.937978 0.1426588 -0.4217216 -6.698522 0.001248002 -0.1089623 1.757651 0.001248002 -0.08084034 1.553748 -0.08338481 -0.09747242 1.553748 0.001248002 -0.09193348 1.757651 -0.08537989 -0.4248955 -6.937978 0.001248002 -0.4031212 -7.177373 -0.1412385 -0.4311211 -7.177373 0.001248002 -0.3971092 -6.937978 -0.140159 -0.1062005 1.96134 -0.08793956 -0.04203718 1.757651 -0.1660951 -0.09193348 1.757651 -0.08537989 -0.05482411 1.96134 -0.1710466 -0.4031212 -7.177373 -0.1412385 -0.3290855 -7.416669 -0.2771333 -0.4120934 -7.416669 -0.142856 -0.3210289 -7.177373 -0.2740243 0.01415318 2.164763 -0.2509607 -0.05482411 1.96134 -0.1710466 -0.07044911 2.164763 -0.1770929 0.02690953 1.96134 -0.2424119 -0.3290855 -7.416669 -0.2771333 -0.2057487 -7.655824 -0.3982919 -0.3397743 -7.655824 -0.2812722 -0.1970208 -7.416669 -0.3924478 -0.2057487 -7.655824 -0.3982919 -0.03879469 -7.8948 -0.4970277 -0.2166436 -7.8948 -0.4055932 -0.03109663 -7.655824 -0.4880899 -0.03879469 -7.8948 -0.4970277 0.1635444 -8.133563 -0.5664591 -0.04801869 -8.133563 -0.5077471 0.1683204 -7.8948 -0.5545076 0.6567542 2.164763 -0.3076394 0.7542579 1.96134 -0.2424119 0.6477363 1.96134 -0.2971719 0.7670142 2.164763 -0.2509607 0.7542579 1.96134 -0.2424119 0.8231971 1.757651 -0.1660951 0.7438056 1.757651 -0.235412 0.8359839 1.96134 -0.1710466 0.8231971 1.757651 -0.1660951 0.8620002 1.553748 -0.08338481 0.8132483 1.553748 -0.1622461 0.8730933 1.757651 -0.08537989 0.8620002 1.553748 -0.08338481 0.870423 1.349688 0.001248002 0.8540732 1.349688 -0.08195811 0.8786323 1.553748 0.001248002 0.870423 1.349688 0.001248002 0.8493125 1.145522 0.0836035 0.8654944 1.145522 0.001248002 0.8540732 1.349688 0.08445417 0.8493125 1.145522 0.0836035 0.8004462 0.9413018 0.1597945 0.8477256 0.9413018 0.08331739 0.8018653 1.145522 0.1603438 0.7263953 0.7370782 0.2262427 0.8004462 0.9413018 0.1597945 0.7252357 0.9413018 0.2254645 0.8018653 0.7370782 0.1603438 0.6305015 0.5329118 0.2796675 0.7263953 0.7370782 0.2262427 0.6280372 0.7370782 0.2768103 0.729882 0.5329118 0.2285773 0.5168998 0.328856 0.3170973 0.6305015 0.5329118 0.2796675 0.5147713 0.5329118 0.3117873 0.6346061 0.328856 0.2844359 0.5980536 -4.912649 0.5200201 0.7852103 -4.397306 0.4592062 0.5948569 -4.397306 0.512036 0.7913825 -4.912649 0.4663664 0.7953498 -5.428075 0.4709708 0.9573981 -4.912649 0.3810126 0.7913825 -4.912649 0.4663664 0.9630057 -5.428075 0.3847777 0.9655005 -5.943559 0.3864447 1.09166 -5.428075 0.2724425 0.9630057 -5.428075 0.3847777 1.094712 -5.943559 0.2736288 1.175942 -5.943559 0.142243 1.093964 -6.459051 0.2733313 1.175111 -6.459051 0.1420904 1.094712 -5.943559 0.2736288 1.202775 -6.459051 0.001248002 1.175202 -6.698522 0.1421095 1.202882 -6.698522 0.001248002 1.175111 -6.459051 0.1420904 1.175202 -6.698522 -0.1396135 1.206055 -6.937978 0.001248002 1.178269 -6.937978 -0.140159 1.202882 -6.698522 0.001248002 1.096802 -6.937978 -0.2719339 1.184281 -7.177373 -0.1412385 1.102196 -7.177373 -0.2740243 1.178269 -6.937978 -0.140159 1.102196 -7.177373 -0.2740243 0.9781806 -7.416669 -0.3924478 0.9716117 -7.177373 -0.3880456 1.110245 -7.416669 -0.2771333 0.9781806 -7.416669 -0.3924478 0.8122565 -7.655824 -0.4880899 0.8060767 -7.416669 -0.4809221 0.9869163 -7.655824 -0.3982919 0.8122565 -7.655824 -0.4880899 0.6128394 -7.8948 -0.5545076 0.6088569 -7.655824 -0.544536 0.8199622 -7.8948 -0.4970277 0.6128394 -7.8948 -0.5545076 0.39058 -8.133563 -0.5864824 0.39058 -7.8948 -0.5741114 0.6176154 -8.133563 -0.5664591 0.1635444 -8.133563 -0.5664591 0.39058 -8.372074 -0.600902 0.1579748 -8.372074 -0.5803789 0.39058 -8.133563 -0.5864824 -0.1837304 -6.459051 0.3860365 -0.01595228 -5.943559 0.4730231 -0.1843407 -5.943559 0.3864447 -0.01551747 -6.459051 0.4725157 0.1801459 -5.943559 0.5274397 -0.01418989 -5.428075 0.4709708 -0.01595228 -5.943559 0.4730231 0.1810615 -5.428075 0.5251509 0.39058 -5.428075 0.5436369 0.1831138 -4.912649 0.5200201 0.1810615 -5.428075 0.5251509 0.39058 -4.912649 0.5383192 0.5980536 -4.912649 0.5200201 0.39058 -4.397306 0.5300528 0.39058 -4.912649 0.5383192 0.5948569 -4.397306 0.512036 0.5168998 0.328856 0.3170973 0.39058 0.5329118 0.3227393 0.39058 0.328856 0.3282439 0.5147713 0.5329118 0.3117873 0.39058 0.5329118 0.3227393 0.2676628 0.7370782 0.3085982 0.2663887 0.5329118 0.3117873 0.39058 0.7370782 0.3194395 0.2676628 0.7370782 0.3085982 0.1539466 0.9413018 0.2758566 0.1531226 0.7370782 0.2768103 0.2680901 0.9413018 0.3075377 0.05592405 0.9413018 0.2254645 0.1531226 1.145522 0.2768103 0.05476438 1.145522 0.2262427 0.1539466 0.9413018 0.2758566 -0.02070546 1.145522 0.1603438 0.05128538 1.349688 0.2285773 -0.02497792 1.349688 0.1619955 0.05476438 1.145522 0.2262427 -0.1838067 -6.698522 0.3860861 -0.3128044 -6.459051 0.2733313 -0.312896 -6.698522 0.2733694 -0.1837304 -6.459051 0.3860365 -0.03208082 1.553748 0.1647459 -0.07290577 1.349688 0.08445417 -0.02497792 1.349688 0.1619955 -0.08084034 1.553748 0.08587706 -0.312896 -6.698522 0.2733694 -0.3971092 -6.937978 0.1426588 -0.3156425 -6.937978 0.2744337 -0.3940422 -6.698522 0.1421095 -0.09193348 1.757651 0.08787596 -0.09747242 1.553748 0.001248002 -0.08084034 1.553748 0.08587706 -0.1089623 1.757651 0.001248002 -0.3971092 -6.937978 0.1426588 -0.4311211 -7.177373 0.001248002 -0.4031212 -7.177373 0.1437384 -0.4248955 -6.937978 0.001248002 -0.1237328 1.96134 0.001248002 -0.09193348 1.757651 -0.08537989 -0.1089623 1.757651 0.001248002 -0.1062005 1.96134 -0.08793956 -0.4311211 -7.177373 0.001248002 -0.4120934 -7.416669 -0.142856 -0.4404137 -7.416669 0.001248002 -0.4031212 -7.177373 -0.1412385 -0.123626 2.164763 -0.09106379 -0.05482411 1.96134 -0.1710466 -0.1062005 1.96134 -0.08793956 -0.07044911 2.164763 -0.1770929 -0.4120934 -7.416669 -0.142856 -0.3397743 -7.655824 -0.2812722 -0.4240257 -7.655824 -0.1449922 -0.3290855 -7.416669 -0.2771333 -0.3397743 -7.655824 -0.2812722 -0.2166436 -7.8948 -0.4055932 -0.3531181 -7.8948 -0.2864297 -0.2057487 -7.655824 -0.3982919 -0.2166436 -7.8948 -0.4055932 -0.04801869 -8.133563 -0.5077471 -0.229705 -8.133563 -0.4143403 -0.03879469 -7.8948 -0.4970277 -0.04801869 -8.133563 -0.5077471 0.1579748 -8.372074 -0.5803789 -0.05878371 -8.372074 -0.5202288 0.1635444 -8.133563 -0.5664591 0.7670142 2.164763 -0.2509607 0.8359839 1.96134 -0.1710466 0.7542579 1.96134 -0.2424119 0.8516089 2.164763 -0.1770929 0.8359839 1.96134 -0.1710466 0.8730933 1.757651 -0.08537989 0.8231971 1.757651 -0.1660951 0.8873603 1.96134 -0.08793956 0.8730933 1.757651 -0.08537989 0.8786323 1.553748 0.001248002 0.8620002 1.553748 -0.08338481 0.8901221 1.757651 0.001248002 0.8786323 1.553748 0.001248002 0.8540732 1.349688 0.08445417 0.870423 1.349688 0.001248002 0.8620002 1.553748 0.08587706 0.8540732 1.349688 0.08445417 0.8018653 1.145522 0.1603438 0.8493125 1.145522 0.0836035 0.8061378 1.349688 0.1619955 0.8004462 0.9413018 0.1597945 0.7263953 1.145522 0.2262427 0.7252357 0.9413018 0.2254645 0.8018653 1.145522 0.1603438 0.6280372 0.7370782 0.2768103 0.7252357 0.9413018 0.2254645 0.6272132 0.9413018 0.2758566 0.7263953 0.7370782 0.2262427 0.5147713 0.5329118 0.3117873 0.6280372 0.7370782 0.2768103 0.5134972 0.7370782 0.3085982 0.6305015 0.5329118 0.2796675 0.600106 -5.428075 0.5251509 0.7913825 -4.912649 0.4663664 0.5980536 -4.912649 0.5200201 0.7953498 -5.428075 0.4709708 0.7971198 -5.943559 0.4730231 0.9630057 -5.428075 0.3847777 0.7953498 -5.428075 0.4709708 0.9655005 -5.943559 0.3864447 1.093964 -6.459051 0.2733313 0.9655005 -5.943559 0.3864447 0.9648902 -6.459051 0.3860365 1.094712 -5.943559 0.2736288 1.175111 -6.459051 0.1420904 1.094056 -6.698522 0.2733694 1.175202 -6.698522 0.1421095 1.093964 -6.459051 0.2733313 1.202882 -6.698522 0.001248002 1.178269 -6.937978 0.1426588 1.206055 -6.937978 0.001248002 1.175202 -6.698522 0.1421095 1.178269 -6.937978 -0.140159 1.212281 -7.177373 0.001248002 1.184281 -7.177373 -0.1412385 1.206055 -6.937978 0.001248002 1.102196 -7.177373 -0.2740243 1.193261 -7.416669 -0.142856 1.110245 -7.416669 -0.2771333 1.184281 -7.177373 -0.1412385 1.110245 -7.416669 -0.2771333 0.9869163 -7.655824 -0.3982919 0.9781806 -7.416669 -0.3924478 1.120942 -7.655824 -0.2812722 0.9869163 -7.655824 -0.3982919 0.8199622 -7.8948 -0.4970277 0.8122565 -7.655824 -0.4880899 0.9978034 -7.8948 -0.4055932 0.8199622 -7.8948 -0.4970277 0.6176154 -8.133563 -0.5664591 0.6128394 -7.8948 -0.5545076 0.8291862 -8.133563 -0.5077471 0.6176154 -8.133563 -0.5664591 0.39058 -8.372074 -0.600902 0.39058 -8.133563 -0.5864824 0.6231849 -8.372074 -0.5803789 0.1579748 -8.372074 -0.5803789 0.39058 -8.610285 -0.6173509 0.151612 -8.610285 -0.5962747 0.39058 -8.372074 -0.600902 -0.01557081 -6.698522 0.4725767 -0.1837304 -6.459051 0.3860365 -0.1838067 -6.698522 0.3860861 -0.01551747 -6.459051 0.4725157 -0.01551747 -6.459051 0.4725157 0.1801459 -5.943559 0.5274397 -0.01595228 -5.943559 0.4730231 0.1803672 -6.459051 0.526879 0.39058 -5.943559 0.546002 0.1810615 -5.428075 0.5251509 0.1801459 -5.943559 0.5274397 0.39058 -5.428075 0.5436369 0.600106 -5.428075 0.5251509 0.39058 -4.912649 0.5383192 0.39058 -5.428075 0.5436369 0.5980536 -4.912649 0.5200201 0.5147713 0.5329118 0.3117873 0.39058 0.7370782 0.3194395 0.39058 0.5329118 0.3227393 0.5134972 0.7370782 0.3085982 0.39058 0.7370782 0.3194395 0.2680901 0.9413018 0.3075377 0.2676628 0.7370782 0.3085982 0.39058 0.9413018 0.3183371 0.1539466 0.9413018 0.2758566 0.2676628 1.145522 0.3085982 0.1531226 1.145522 0.2768103 0.2680901 0.9413018 0.3075377 0.05476438 1.145522 0.2262427 0.1506659 1.349688 0.2796675 0.05128538 1.349688 0.2285773 0.1531226 1.145522 0.2768103 -0.02497792 1.349688 0.1619955 0.04547178 1.553748 0.2324644 -0.03208082 1.553748 0.1647459 0.05128538 1.349688 0.2285773 -0.1860496 -6.937978 0.3875853 -0.312896 -6.698522 0.2733694 -0.3156425 -6.937978 0.2744337 -0.1838067 -6.698522 0.3860861 -0.04203718 1.757651 0.168595 -0.08084034 1.553748 0.08587706 -0.03208082 1.553748 0.1647459 -0.09193348 1.757651 0.08787596 -0.3156425 -6.937978 0.2744337 -0.4031212 -7.177373 0.1437384 -0.3210289 -7.177373 0.2765204 -0.3971092 -6.937978 0.1426588 -0.1062005 1.96134 0.09043562 -0.1089623 1.757651 0.001248002 -0.09193348 1.757651 0.08787596 -0.1237328 1.96134 0.001248002 -0.4031212 -7.177373 0.1437384 -0.4404137 -7.416669 0.001248002 -0.4120934 -7.416669 0.1453482 -0.4311211 -7.177373 0.001248002 -0.1417687 2.164763 0.001248002 -0.1062005 1.96134 -0.08793956 -0.1237328 1.96134 0.001248002 -0.123626 2.164763 -0.09106379 -0.4404137 -7.416669 0.001248002 -0.4240257 -7.655824 -0.1449922 -0.452758 -7.655824 0.001248002 -0.4120934 -7.416669 -0.142856 -0.4240257 -7.655824 -0.1449922 -0.3531181 -7.8948 -0.2864297 -0.4389107 -7.8948 -0.1476663 -0.3397743 -7.655824 -0.2812722 -0.3531181 -7.8948 -0.2864297 -0.229705 -8.133563 -0.4143403 -0.3691093 -8.133563 -0.2926172 -0.2166436 -7.8948 -0.4055932 -0.229705 -8.133563 -0.4143403 -0.05878371 -8.372074 -0.5202288 -0.2449181 -8.372074 -0.424537 -0.04801869 -8.133563 -0.5077471 -0.05878371 -8.372074 -0.5202288 0.151612 -8.610285 -0.5962747 -0.07105946 -8.610285 -0.5344766 0.1579748 -8.372074 -0.5803789 0.8516089 2.164763 -0.1770929 0.8873603 1.96134 -0.08793956 0.8359839 1.96134 -0.1710466 0.9047858 2.164763 -0.09106379 0.8873603 1.96134 -0.08793956 0.8901221 1.757651 0.001248002 0.8730933 1.757651 -0.08537989 0.9048926 1.96134 0.001248002 0.8901221 1.757651 0.001248002 0.8620002 1.553748 0.08587706 0.8786323 1.553748 0.001248002 0.8730933 1.757651 0.08787596 0.8620002 1.553748 0.08587706 0.8061378 1.349688 0.1619955 0.8540732 1.349688 0.08445417 0.8132483 1.553748 0.1647459 0.8018653 1.145522 0.1603438 0.729882 1.349688 0.2285773 0.7263953 1.145522 0.2262427 0.8061378 1.349688 0.1619955 0.7252357 0.9413018 0.2254645 0.6280372 1.145522 0.2768103 0.6272132 0.9413018 0.2758566 0.7263953 1.145522 0.2262427 0.5134972 0.7370782 0.3085982 0.6272132 0.9413018 0.2758566 0.5130776 0.9413018 0.3075377 0.6280372 0.7370782 0.2768103 0.6010138 -5.943559 0.5274397 0.7953498 -5.428075 0.4709708 0.600106 -5.428075 0.5251509 0.7971198 -5.943559 0.4730231 0.9648902 -6.459051 0.3860365 0.7971198 -5.943559 0.4730231 0.7966773 -6.459051 0.4725157 0.9655005 -5.943559 0.3864447 0.9649665 -6.698522 0.3860861 1.093964 -6.459051 0.2733313 0.9648902 -6.459051 0.3860365 1.094056 -6.698522 0.2733694 1.175202 -6.698522 0.1421095 1.096802 -6.937978 0.2744337 1.178269 -6.937978 0.1426588 1.094056 -6.698522 0.2733694 1.206055 -6.937978 0.001248002 1.184281 -7.177373 0.1437384 1.212281 -7.177373 0.001248002 1.178269 -6.937978 0.1426588 1.184281 -7.177373 -0.1412385 1.221574 -7.416669 0.001248002 1.193261 -7.416669 -0.142856 1.212281 -7.177373 0.001248002 1.110245 -7.416669 -0.2771333 1.205186 -7.655824 -0.1449922 1.120942 -7.655824 -0.2812722 1.193261 -7.416669 -0.142856 1.120942 -7.655824 -0.2812722 0.9978034 -7.8948 -0.4055932 0.9869163 -7.655824 -0.3982919 1.134278 -7.8948 -0.2864297 0.9978034 -7.8948 -0.4055932 0.8291862 -8.133563 -0.5077471 0.8199622 -7.8948 -0.4970277 1.010865 -8.133563 -0.4143403 0.8291862 -8.133563 -0.5077471 0.6231849 -8.372074 -0.5803789 0.6176154 -8.133563 -0.5664591 0.8399436 -8.372074 -0.5202288 0.6231849 -8.372074 -0.5803789 0.39058 -8.610285 -0.6173509 0.39058 -8.372074 -0.600902 0.6295478 -8.610285 -0.5962747 0.151612 -8.610285 -0.5962747 0.39058 -8.848162 -0.6358484 0.1444709 -8.848162 -0.6141428 0.39058 -8.610285 -0.6173509 -0.01715016 -6.937978 0.4744154 -0.1838067 -6.698522 0.3860861 -0.1860496 -6.937978 0.3875853 -0.01557081 -6.698522 0.4725767 0.1803443 -6.698522 0.5269438 -0.01551747 -6.459051 0.4725157 -0.01557081 -6.698522 0.4725767 0.1803672 -6.459051 0.526879 0.1803672 -6.459051 0.526879 0.39058 -5.943559 0.546002 0.1801459 -5.943559 0.5274397 0.39058 -6.459051 0.5454184 0.6010138 -5.943559 0.5274397 0.39058 -5.428075 0.5436369 0.39058 -5.943559 0.546002 0.600106 -5.428075 0.5251509 0.5134972 0.7370782 0.3085982 0.39058 0.9413018 0.3183371 0.39058 0.7370782 0.3194395 0.5130776 0.9413018 0.3075377 0.2680901 0.9413018 0.3075377 0.39058 1.145522 0.3194395 0.2676628 1.145522 0.3085982 0.39058 0.9413018 0.3183371 0.1531226 1.145522 0.2768103 0.2663887 1.349688 0.3117873 0.1506659 1.349688 0.2796675 0.2676628 1.145522 0.3085982 0.05128538 1.349688 0.2285773 0.1465613 1.553748 0.2844359 0.04547178 1.553748 0.2324644 0.1506659 1.349688 0.2796675 -0.03208082 1.553748 0.1647459 0.03735417 1.757651 0.237908 -0.04203718 1.757651 0.168595 0.04547178 1.553748 0.2324644 -0.1904519 -7.177373 0.3905417 -0.3156425 -6.937978 0.2744337 -0.3210289 -7.177373 0.2765204 -0.1860496 -6.937978 0.3875853 -0.05482411 1.96134 0.1735426 -0.09193348 1.757651 0.08787596 -0.04203718 1.757651 0.168595 -0.1062005 1.96134 0.09043562 -0.3210289 -7.177373 0.2765204 -0.4120934 -7.416669 0.1453482 -0.3290855 -7.416669 0.2796294 -0.4031212 -7.177373 0.1437384 -0.123626 2.164763 0.09355986 -0.1237328 1.96134 0.001248002 -0.1062005 1.96134 0.09043562 -0.1417687 2.164763 0.001248002 -0.4120934 -7.416669 0.1453482 -0.452758 -7.655824 0.001248002 -0.4240257 -7.655824 0.1474882 -0.4404137 -7.416669 0.001248002 -0.452758 -7.655824 0.001248002 -0.4389107 -7.8948 -0.1476663 -0.4681694 -7.8948 0.001248002 -0.4240257 -7.655824 -0.1449922 -0.4389107 -7.8948 -0.1476663 -0.3691093 -8.133563 -0.2926172 -0.4567406 -8.133563 -0.1508668 -0.3531181 -7.8948 -0.2864297 -0.3691093 -8.133563 -0.2926172 -0.2449181 -8.372074 -0.424537 -0.3877403 -8.372074 -0.2998231 -0.229705 -8.133563 -0.4143403 -0.2449181 -8.372074 -0.424537 -0.07105946 -8.610285 -0.5344766 -0.2622826 -8.610285 -0.436168 -0.05878371 -8.372074 -0.5202288 -0.07105946 -8.610285 -0.5344766 0.1444709 -8.848162 -0.6141428 -0.08486866 -8.848162 -0.5504946 0.151612 -8.610285 -0.5962747 0.9047858 2.164763 -0.09106379 0.9048926 1.96134 0.001248002 0.8873603 1.96134 -0.08793956 0.9229285 2.164763 0.001248002 0.9048926 1.96134 0.001248002 0.8730933 1.757651 0.08787596 0.8901221 1.757651 0.001248002 0.8873603 1.96134 0.09043562 0.8730933 1.757651 0.08787596 0.8132483 1.553748 0.1647459 0.8620002 1.553748 0.08587706 0.8231971 1.757651 0.168595 0.8061378 1.349688 0.1619955 0.7356879 1.553748 0.2324644 0.729882 1.349688 0.2285773 0.8132483 1.553748 0.1647459 0.7263953 1.145522 0.2262427 0.6305015 1.349688 0.2796675 0.6280372 1.145522 0.2768103 0.729882 1.349688 0.2285773 0.6272132 0.9413018 0.2758566 0.5134972 1.145522 0.3085982 0.5130776 0.9413018 0.3075377 0.6280372 1.145522 0.2768103 0.7966773 -6.459051 0.4725157 0.6010138 -5.943559 0.5274397 0.6007926 -6.459051 0.526879 0.7971198 -5.943559 0.4730231 0.7967383 -6.698522 0.4725767 0.9648902 -6.459051 0.3860365 0.7966773 -6.459051 0.4725157 0.9649665 -6.698522 0.3860861 0.9672095 -6.937978 0.3875853 1.094056 -6.698522 0.2733694 0.9649665 -6.698522 0.3860861 1.096802 -6.937978 0.2744337 1.178269 -6.937978 0.1426588 1.102196 -7.177373 0.2765204 1.184281 -7.177373 0.1437384 1.096802 -6.937978 0.2744337 1.212281 -7.177373 0.001248002 1.193261 -7.416669 0.1453482 1.221574 -7.416669 0.001248002 1.184281 -7.177373 0.1437384 1.193261 -7.416669 -0.142856 1.233926 -7.655824 0.001248002 1.205186 -7.655824 -0.1449922 1.221574 -7.416669 0.001248002 1.120942 -7.655824 -0.2812722 1.220071 -7.8948 -0.1476663 1.134278 -7.8948 -0.2864297 1.205186 -7.655824 -0.1449922 1.134278 -7.8948 -0.2864297 1.010865 -8.133563 -0.4143403 0.9978034 -7.8948 -0.4055932 1.150269 -8.133563 -0.2926172 1.010865 -8.133563 -0.4143403 0.8399436 -8.372074 -0.5202288 0.8291862 -8.133563 -0.5077471 1.026078 -8.372074 -0.424537 0.8399436 -8.372074 -0.5202288 0.6295478 -8.610285 -0.5962747 0.6231849 -8.372074 -0.5803789 0.8522269 -8.610285 -0.5344766 0.6295478 -8.610285 -0.5962747 0.39058 -8.848162 -0.6358484 0.39058 -8.610285 -0.6173509 0.6366889 -8.848162 -0.6141428 0.1444709 -8.848162 -0.6141428 0.39058 -9.085665 -0.6563829 0.1365363 -9.085665 -0.6339716 0.39058 -8.848162 -0.6358484 -0.02027058 -7.177373 0.4780318 -0.1860496 -6.937978 0.3875853 -0.1904519 -7.177373 0.3905417 -0.01715016 -6.937978 0.4744154 0.1795203 -6.937978 0.5289961 -0.01557081 -6.698522 0.4725767 -0.01715016 -6.937978 0.4744154 0.1803443 -6.698522 0.5269438 0.39058 -6.698522 0.5454947 0.1803672 -6.459051 0.526879 0.1803443 -6.698522 0.5269438 0.39058 -6.459051 0.5454184 0.6007926 -6.459051 0.526879 0.39058 -5.943559 0.546002 0.39058 -6.459051 0.5454184 0.6010138 -5.943559 0.5274397 0.5130776 0.9413018 0.3075377 0.39058 1.145522 0.3194395 0.39058 0.9413018 0.3183371 0.5134972 1.145522 0.3085982 0.2676628 1.145522 0.3085982 0.39058 1.349688 0.3227393 0.2663887 1.349688 0.3117873 0.39058 1.145522 0.3194395 0.1506659 1.349688 0.2796675 0.2642676 1.553748 0.3170973 0.1465613 1.553748 0.2844359 0.2663887 1.349688 0.3117873 0.04547178 1.553748 0.2324644 0.1408088 1.757651 0.291104 0.03735417 1.757651 0.237908 0.1465613 1.553748 0.2844359 -0.04203718 1.757651 0.168595 0.02690953 1.96134 0.2449118 -0.05482411 1.96134 0.1735426 0.03735417 1.757651 0.237908 -0.1970208 -7.416669 0.39494 -0.3210289 -7.177373 0.2765204 -0.3290855 -7.416669 0.2796294 -0.1904519 -7.177373 0.3905417 -0.07044911 2.164763 0.179585 -0.1062005 1.96134 0.09043562 -0.05482411 1.96134 0.1735426 -0.123626 2.164763 0.09355986 -0.3290855 -7.416669 0.2796294 -0.4240257 -7.655824 0.1474882 -0.3397743 -7.655824 0.2837683 -0.4120934 -7.416669 0.1453482 -0.4240257 -7.655824 0.1474882 -0.4681694 -7.8948 0.001248002 -0.4389107 -7.8948 0.1501623 -0.452758 -7.655824 0.001248002 -0.4681694 -7.8948 0.001248002 -0.4567406 -8.133563 -0.1508668 -0.4866325 -8.133563 0.001248002 -0.4389107 -7.8948 -0.1476663 -0.4567406 -8.133563 -0.1508668 -0.3877403 -8.372074 -0.2998231 -0.477523 -8.372074 -0.1545976 -0.3691093 -8.133563 -0.2926172 -0.3877403 -8.372074 -0.2998231 -0.2622826 -8.610285 -0.436168 -0.4090111 -8.610285 -0.3080514 -0.2449181 -8.372074 -0.424537 -0.2622826 -8.610285 -0.436168 -0.08486866 -8.848162 -0.5504946 -0.2817986 -8.848162 -0.4492486 -0.07105946 -8.610285 -0.5344766 -0.08486866 -8.848162 -0.5504946 0.1365363 -9.085665 -0.6339716 -0.1001885 -9.085665 -0.5682787 0.1444709 -8.848162 -0.6141428 0.9229285 2.164763 0.001248002 0.8873603 1.96134 0.09043562 0.9048926 1.96134 0.001248002 0.9047858 2.164763 0.09355986 0.8873603 1.96134 0.09043562 0.8231971 1.757651 0.168595 0.8730933 1.757651 0.08787596 0.8359839 1.96134 0.1735426 0.8132483 1.553748 0.1647459 0.7438056 1.757651 0.237908 0.7356879 1.553748 0.2324644 0.8231971 1.757651 0.168595 0.729882 1.349688 0.2285773 0.6346061 1.553748 0.2844359 0.6305015 1.349688 0.2796675 0.7356879 1.553748 0.2324644 0.6280372 1.145522 0.2768103 0.5147713 1.349688 0.3117873 0.5134972 1.145522 0.3085982 0.6305015 1.349688 0.2796675 0.6008231 -6.698522 0.5269438 0.7966773 -6.459051 0.4725157 0.6007926 -6.459051 0.526879 0.7967383 -6.698522 0.4725767 0.7983176 -6.937978 0.4744154 0.9649665 -6.698522 0.3860861 0.7967383 -6.698522 0.4725767 0.9672095 -6.937978 0.3875853 0.9716117 -7.177373 0.3905417 1.096802 -6.937978 0.2744337 0.9672095 -6.937978 0.3875853 1.102196 -7.177373 0.2765204 1.184281 -7.177373 0.1437384 1.110245 -7.416669 0.2796294 1.193261 -7.416669 0.1453482 1.102196 -7.177373 0.2765204 1.221574 -7.416669 0.001248002 1.205186 -7.655824 0.1474882 1.233926 -7.655824 0.001248002 1.193261 -7.416669 0.1453482 1.205186 -7.655824 -0.1449922 1.249329 -7.8948 0.001248002 1.220071 -7.8948 -0.1476663 1.233926 -7.655824 0.001248002 1.134278 -7.8948 -0.2864297 1.2379 -8.133563 -0.1508668 1.150269 -8.133563 -0.2926172 1.220071 -7.8948 -0.1476663 1.150269 -8.133563 -0.2926172 1.026078 -8.372074 -0.424537 1.010865 -8.133563 -0.4143403 1.1689 -8.372074 -0.2998231 1.026078 -8.372074 -0.424537 0.8522269 -8.610285 -0.5344766 0.8399436 -8.372074 -0.5202288 1.043442 -8.610285 -0.436168 0.8522269 -8.610285 -0.5344766 0.6366889 -8.848162 -0.6141428 0.6295478 -8.610285 -0.5962747 0.8660285 -8.848162 -0.5504946 0.6366889 -8.848162 -0.6141428 0.39058 -9.085665 -0.6563829 0.39058 -8.848162 -0.6358484 0.6446235 -9.085665 -0.6339716 0.1365363 -9.085665 -0.6339716 0.39058 -9.119747 -0.6596254 0.1352851 -9.119747 -0.6371111 0.39058 -9.085665 -0.6563829 -0.02491682 -7.416669 0.4834257 -0.1904519 -7.177373 0.3905417 -0.1970208 -7.416669 0.39494 -0.02027058 -7.177373 0.4780318 0.1779105 -7.177373 0.5330283 -0.01715016 -6.937978 0.4744154 -0.02027058 -7.177373 0.4780318 0.1795203 -6.937978 0.5289961 0.39058 -6.937978 0.5476157 0.1803443 -6.698522 0.5269438 0.1795203 -6.937978 0.5289961 0.39058 -6.698522 0.5454947 0.6008231 -6.698522 0.5269438 0.39058 -6.459051 0.5454184 0.39058 -6.698522 0.5454947 0.6007926 -6.459051 0.526879 0.5134972 1.145522 0.3085982 0.39058 1.349688 0.3227393 0.39058 1.145522 0.3194395 0.5147713 1.349688 0.3117873 0.2663887 1.349688 0.3117873 0.39058 1.553748 0.3282439 0.2642676 1.553748 0.3170973 0.39058 1.349688 0.3227393 0.1465613 1.553748 0.2844359 0.2612922 1.757651 0.324536 0.1408088 1.757651 0.291104 0.2642676 1.553748 0.3170973 0.03735417 1.757651 0.237908 0.1334235 1.96134 0.2996718 0.02690953 1.96134 0.2449118 0.1408088 1.757651 0.291104 -0.05482411 1.96134 0.1735426 0.01415318 2.164763 0.2534567 -0.07044911 2.164763 0.179585 0.02690953 1.96134 0.2449118 -0.2057487 -7.655824 0.4007918 -0.3290855 -7.416669 0.2796294 -0.3397743 -7.655824 0.2837683 -0.1970208 -7.416669 0.39494 -0.3397743 -7.655824 0.2837683 -0.4389107 -7.8948 0.1501623 -0.3531181 -7.8948 0.2889296 -0.4240257 -7.655824 0.1474882 -0.4389107 -7.8948 0.1501623 -0.4866325 -8.133563 0.001248002 -0.4567406 -8.133563 0.1533629 -0.4681694 -7.8948 0.001248002 -0.4866325 -8.133563 0.001248002 -0.477523 -8.372074 -0.1545976 -0.5081475 -8.372074 0.001248002 -0.4567406 -8.133563 -0.1508668 -0.477523 -8.372074 -0.1545976 -0.4090111 -8.610285 -0.3080514 -0.5012505 -8.610285 -0.1588585 -0.3877403 -8.372074 -0.2998231 -0.4090111 -8.610285 -0.3080514 -0.2817986 -8.848162 -0.4492486 -0.4329216 -8.848162 -0.3173021 -0.2622826 -8.610285 -0.436168 -0.2817986 -8.848162 -0.4492486 -0.1001885 -9.085665 -0.5682787 -0.3034737 -9.085665 -0.4637635 -0.08486866 -8.848162 -0.5504946 -0.1001885 -9.085665 -0.5682787 0.1352851 -9.119747 -0.6371111 -0.102607 -9.119747 -0.5710863 0.1365363 -9.085665 -0.6339716 0.9047858 2.164763 0.09355986 0.8359839 1.96134 0.1735426 0.8873603 1.96134 0.09043562 0.8516089 2.164763 0.179585 0.8231971 1.757651 0.168595 0.7542579 1.96134 0.2449118 0.7438056 1.757651 0.237908 0.8359839 1.96134 0.1735426 0.7356879 1.553748 0.2324644 0.640351 1.757651 0.291104 0.6346061 1.553748 0.2844359 0.7438056 1.757651 0.237908 0.6305015 1.349688 0.2796675 0.5168998 1.553748 0.3170973 0.5147713 1.349688 0.3117873 0.6346061 1.553748 0.2844359 0.6016395 -6.937978 0.5289961 0.7967383 -6.698522 0.4725767 0.6008231 -6.698522 0.5269438 0.7983176 -6.937978 0.4744154 0.8014304 -7.177373 0.4780318 0.9672095 -6.937978 0.3875853 0.7983176 -6.937978 0.4744154 0.9716117 -7.177373 0.3905417 0.9781806 -7.416669 0.39494 1.102196 -7.177373 0.2765204 0.9716117 -7.177373 0.3905417 1.110245 -7.416669 0.2796294 1.193261 -7.416669 0.1453482 1.120942 -7.655824 0.2837683 1.205186 -7.655824 0.1474882 1.110245 -7.416669 0.2796294 1.233926 -7.655824 0.001248002 1.220071 -7.8948 0.1501623 1.249329 -7.8948 0.001248002 1.205186 -7.655824 0.1474882 1.220071 -7.8948 -0.1476663 1.267792 -8.133563 0.001248002 1.2379 -8.133563 -0.1508668 1.249329 -7.8948 0.001248002 1.150269 -8.133563 -0.2926172 1.258683 -8.372074 -0.1545976 1.1689 -8.372074 -0.2998231 1.2379 -8.133563 -0.1508668 1.1689 -8.372074 -0.2998231 1.043442 -8.610285 -0.436168 1.026078 -8.372074 -0.424537 1.190171 -8.610285 -0.3080514 1.043442 -8.610285 -0.436168 0.8660285 -8.848162 -0.5504946 0.8522269 -8.610285 -0.5344766 1.062958 -8.848162 -0.4492486 0.8660285 -8.848162 -0.5504946 0.6446235 -9.085665 -0.6339716 0.6366889 -8.848162 -0.6141428 0.8813483 -9.085665 -0.5682787 0.6446235 -9.085665 -0.6339716 0.39058 -9.119747 -0.6596254 0.39058 -9.085665 -0.6563829 0.6458747 -9.119747 -0.6371111 -0.03109663 -7.655824 0.4905859 -0.1970208 -7.416669 0.39494 -0.2057487 -7.655824 0.4007918 -0.02491682 -7.416669 0.4834257 0.1755073 -7.416669 0.5390402 -0.02027058 -7.177373 0.4780318 -0.02491682 -7.416669 0.4834257 0.1779105 -7.177373 0.5330283 0.39058 -7.177373 0.5517928 0.1795203 -6.937978 0.5289961 0.1779105 -7.177373 0.5330283 0.39058 -6.937978 0.5476157 0.6016395 -6.937978 0.5289961 0.39058 -6.698522 0.5454947 0.39058 -6.937978 0.5476157 0.6008231 -6.698522 0.5269438 0.5147713 1.349688 0.3117873 0.39058 1.553748 0.3282439 0.39058 1.349688 0.3227393 0.5168998 1.553748 0.3170973 0.2642676 1.553748 0.3170973 0.39058 1.757651 0.3359381 0.2612922 1.757651 0.324536 0.39058 1.553748 0.3282439 0.1408088 1.757651 0.291104 0.2574698 1.96134 0.3340956 0.1334235 1.96134 0.2996718 0.2612922 1.757651 0.324536 0.02690953 1.96134 0.2449118 0.1244056 2.164763 0.3101355 0.01415318 2.164763 0.2534567 0.1334235 1.96134 0.2996718 -0.2166436 -7.8948 0.4080931 -0.3397743 -7.655824 0.2837683 -0.3531181 -7.8948 0.2889296 -0.2057487 -7.655824 0.4007918 -0.3531181 -7.8948 0.2889296 -0.4567406 -8.133563 0.1533629 -0.3691093 -8.133563 0.2951132 -0.4389107 -7.8948 0.1501623 -0.4567406 -8.133563 0.1533629 -0.5081475 -8.372074 0.001248002 -0.477523 -8.372074 0.1570937 -0.4866325 -8.133563 0.001248002 -0.5081475 -8.372074 0.001248002 -0.5012505 -8.610285 -0.1588585 -0.5327065 -8.610285 0.001248002 -0.477523 -8.372074 -0.1545976 -0.5012505 -8.610285 -0.1588585 -0.4329216 -8.848162 -0.3173021 -0.5279076 -8.848162 -0.1636422 -0.4090111 -8.610285 -0.3080514 -0.4329216 -8.848162 -0.3173021 -0.3034737 -9.085665 -0.4637635 -0.4594566 -9.085665 -0.3275674 -0.2817986 -8.848162 -0.4492486 -0.3034737 -9.085665 -0.4637635 -0.102607 -9.119747 -0.5710863 -0.3068993 -9.119747 -0.4660638 -0.1001885 -9.085665 -0.5682787 0.8359839 1.96134 0.1735426 0.7670142 2.164763 0.2534567 0.7542579 1.96134 0.2449118 0.8516089 2.164763 0.179585 0.7438056 1.757651 0.237908 0.6477363 1.96134 0.2996718 0.640351 1.757651 0.291104 0.7542579 1.96134 0.2449118 0.6346061 1.553748 0.2844359 0.5198676 1.757651 0.324536 0.5168998 1.553748 0.3170973 0.640351 1.757651 0.291104 0.6032569 -7.177373 0.5330283 0.7983176 -6.937978 0.4744154 0.6016395 -6.937978 0.5289961 0.8014304 -7.177373 0.4780318 0.8060767 -7.416669 0.4834219 0.9716117 -7.177373 0.3905417 0.8014304 -7.177373 0.4780318 0.9781806 -7.416669 0.39494 0.9869163 -7.655824 0.4007918 1.110245 -7.416669 0.2796294 0.9781806 -7.416669 0.39494 1.120942 -7.655824 0.2837683 1.205186 -7.655824 0.1474882 1.134278 -7.8948 0.2889296 1.220071 -7.8948 0.1501623 1.120942 -7.655824 0.2837683 1.249329 -7.8948 0.001248002 1.2379 -8.133563 0.1533629 1.267792 -8.133563 0.001248002 1.220071 -7.8948 0.1501623 1.2379 -8.133563 -0.1508668 1.289307 -8.372074 0.001248002 1.258683 -8.372074 -0.1545976 1.267792 -8.133563 0.001248002 1.1689 -8.372074 -0.2998231 1.28241 -8.610285 -0.1588585 1.190171 -8.610285 -0.3080514 1.258683 -8.372074 -0.1545976 1.190171 -8.610285 -0.3080514 1.062958 -8.848162 -0.4492486 1.043442 -8.610285 -0.436168 1.214082 -8.848162 -0.3173021 1.062958 -8.848162 -0.4492486 0.8813483 -9.085665 -0.5682787 0.8660285 -8.848162 -0.5504946 1.084634 -9.085665 -0.4637635 0.8813483 -9.085665 -0.5682787 0.6458747 -9.119747 -0.6371111 0.6446235 -9.085665 -0.6339716 0.8837745 -9.119747 -0.5710863 -0.03879469 -7.8948 0.4995238 -0.2057487 -7.655824 0.4007918 -0.2166436 -7.8948 0.4080931 -0.03109663 -7.655824 0.4905859 0.1723029 -7.655824 0.5470358 -0.02491682 -7.416669 0.4834257 -0.03109663 -7.655824 0.4905859 0.1755073 -7.416669 0.5390402 0.39058 -7.416669 0.5580145 0.1779105 -7.177373 0.5330283 0.1755073 -7.416669 0.5390402 0.39058 -7.177373 0.5517928 0.6032569 -7.177373 0.5330283 0.39058 -6.937978 0.5476157 0.39058 -7.177373 0.5517928 0.6016395 -6.937978 0.5289961 0.5168998 1.553748 0.3170973 0.39058 1.757651 0.3359381 0.39058 1.553748 0.3282439 0.5198676 1.757651 0.324536 0.2612922 1.757651 0.324536 0.39058 1.96134 0.3458372 0.2574698 1.96134 0.3340956 0.39058 1.757651 0.3359381 0.1334235 1.96134 0.2996718 0.252793 2.164763 0.3457686 0.1244056 2.164763 0.3101355 0.2574698 1.96134 0.3340956 -0.229705 -8.133563 0.4168364 -0.3531181 -7.8948 0.2889296 -0.3691093 -8.133563 0.2951132 -0.2166436 -7.8948 0.4080931 -0.3691093 -8.133563 0.2951132 -0.477523 -8.372074 0.1570937 -0.3877403 -8.372074 0.302323 -0.4567406 -8.133563 0.1533629 -0.477523 -8.372074 0.1570937 -0.5327065 -8.610285 0.001248002 -0.5012505 -8.610285 0.1613585 -0.5081475 -8.372074 0.001248002 -0.5327065 -8.610285 0.001248002 -0.5279076 -8.848162 -0.1636422 -0.5603173 -8.848162 0.001248002 -0.5012505 -8.610285 -0.1588585 -0.5279076 -8.848162 -0.1636422 -0.4594566 -9.085665 -0.3275674 -0.5575097 -9.085665 -0.1689599 -0.4329216 -8.848162 -0.3173021 -0.4594566 -9.085665 -0.3275674 -0.3068993 -9.119747 -0.4660638 -0.4636528 -9.119747 -0.3291887 -0.3034737 -9.085665 -0.4637635 0.7542579 1.96134 0.2449118 0.6567542 2.164763 0.3101355 0.6477363 1.96134 0.2996718 0.7670142 2.164763 0.2534567 0.640351 1.757651 0.291104 0.5236976 1.96134 0.3340956 0.5198676 1.757651 0.324536 0.6477363 1.96134 0.2996718 0.6056525 -7.416669 0.5390402 0.8014304 -7.177373 0.4780318 0.6032569 -7.177373 0.5330283 0.8060767 -7.416669 0.4834219 0.8122565 -7.655824 0.4905859 0.9781806 -7.416669 0.39494 0.8060767 -7.416669 0.4834219 0.9869163 -7.655824 0.4007918 0.9978034 -7.8948 0.4080931 1.120942 -7.655824 0.2837683 0.9869163 -7.655824 0.4007918 1.134278 -7.8948 0.2889296 1.220071 -7.8948 0.1501623 1.150269 -8.133563 0.2951132 1.2379 -8.133563 0.1533629 1.134278 -7.8948 0.2889296 1.267792 -8.133563 0.001248002 1.258683 -8.372074 0.1570937 1.289307 -8.372074 0.001248002 1.2379 -8.133563 0.1533629 1.258683 -8.372074 -0.1545976 1.313874 -8.610285 0.001248002 1.28241 -8.610285 -0.1588585 1.289307 -8.372074 0.001248002 1.190171 -8.610285 -0.3080514 1.309067 -8.848162 -0.1636422 1.214082 -8.848162 -0.3173021 1.28241 -8.610285 -0.1588585 1.214082 -8.848162 -0.3173021 1.084634 -9.085665 -0.4637635 1.062958 -8.848162 -0.4492486 1.240617 -9.085665 -0.3275674 1.084634 -9.085665 -0.4637635 0.8837745 -9.119747 -0.5710863 0.8813483 -9.085665 -0.5682787 1.088059 -9.119747 -0.4660638 -0.04801869 -8.133563 0.5102354 -0.2166436 -7.8948 0.4080931 -0.229705 -8.133563 0.4168364 -0.03879469 -7.8948 0.4995238 0.1683204 -7.8948 0.5570036 -0.03109663 -7.655824 0.4905859 -0.03879469 -7.8948 0.4995238 0.1723029 -7.655824 0.5470358 0.39058 -7.655824 0.5662848 0.1755073 -7.416669 0.5390402 0.1723029 -7.655824 0.5470358 0.39058 -7.416669 0.5580145 0.6056525 -7.416669 0.5390402 0.39058 -7.177373 0.5517928 0.39058 -7.416669 0.5580145 0.6032569 -7.177373 0.5330283 0.5198676 1.757651 0.324536 0.39058 1.96134 0.3458372 0.39058 1.757651 0.3359381 0.5236976 1.96134 0.3340956 0.2574698 1.96134 0.3340956 0.39058 2.164763 0.3579222 0.252793 2.164763 0.3457686 0.39058 1.96134 0.3458372 -0.2449181 -8.372074 0.4270293 -0.3691093 -8.133563 0.2951132 -0.3877403 -8.372074 0.302323 -0.229705 -8.133563 0.4168364 -0.3877403 -8.372074 0.302323 -0.5012505 -8.610285 0.1613585 -0.4090111 -8.610285 0.3105475 -0.477523 -8.372074 0.1570937 -0.5012505 -8.610285 0.1613585 -0.5603173 -8.848162 0.001248002 -0.5279076 -8.848162 0.1661421 -0.5327065 -8.610285 0.001248002 -0.5603173 -8.848162 0.001248002 -0.5575097 -9.085665 -0.1689599 -0.5909569 -9.085665 0.001248002 -0.5279076 -8.848162 -0.1636422 -0.5575097 -9.085665 -0.1689599 -0.4636528 -9.119747 -0.3291887 -0.5621865 -9.119747 -0.1697992 -0.4594566 -9.085665 -0.3275674 0.6477363 1.96134 0.2996718 0.5283668 2.164763 0.3457686 0.5236976 1.96134 0.3340956 0.6567542 2.164763 0.3101355 0.6088569 -7.655824 0.5470358 0.8060767 -7.416669 0.4834219 0.6056525 -7.416669 0.5390402 0.8122565 -7.655824 0.4905859 0.8199622 -7.8948 0.4995238 0.9869163 -7.655824 0.4007918 0.8122565 -7.655824 0.4905859 0.9978034 -7.8948 0.4080931 1.010865 -8.133563 0.4168364 1.134278 -7.8948 0.2889296 0.9978034 -7.8948 0.4080931 1.150269 -8.133563 0.2951132 1.2379 -8.133563 0.1533629 1.1689 -8.372074 0.302323 1.258683 -8.372074 0.1570937 1.150269 -8.133563 0.2951132 1.289307 -8.372074 0.001248002 1.28241 -8.610285 0.1613585 1.313874 -8.610285 0.001248002 1.258683 -8.372074 0.1570937 1.28241 -8.610285 -0.1588585 1.341477 -8.848162 0.001248002 1.309067 -8.848162 -0.1636422 1.313874 -8.610285 0.001248002 1.214082 -8.848162 -0.3173021 1.338677 -9.085665 -0.1689599 1.240617 -9.085665 -0.3275674 1.309067 -8.848162 -0.1636422 1.240617 -9.085665 -0.3275674 1.088059 -9.119747 -0.4660638 1.084634 -9.085665 -0.4637635 1.244813 -9.119747 -0.3291887 -0.05878371 -8.372074 0.5227248 -0.229705 -8.133563 0.4168364 -0.2449181 -8.372074 0.4270293 -0.04801869 -8.133563 0.5102354 0.1635444 -8.133563 0.5689551 -0.03879469 -7.8948 0.4995238 -0.04801869 -8.133563 0.5102354 0.1683204 -7.8948 0.5570036 0.39058 -7.8948 0.5766112 0.1723029 -7.655824 0.5470358 0.1683204 -7.8948 0.5570036 0.39058 -7.655824 0.5662848 0.6088569 -7.655824 0.5470358 0.39058 -7.416669 0.5580145 0.39058 -7.655824 0.5662848 0.6056525 -7.416669 0.5390402 0.5236976 1.96134 0.3340956 0.39058 2.164763 0.3579222 0.39058 1.96134 0.3458372 0.5283668 2.164763 0.3457686 -0.2622826 -8.610285 0.4386679 -0.3877403 -8.372074 0.302323 -0.4090111 -8.610285 0.3105475 -0.2449181 -8.372074 0.4270293 -0.4090111 -8.610285 0.3105475 -0.5279076 -8.848162 0.1661421 -0.4329216 -8.848162 0.3197981 -0.5012505 -8.610285 0.1613585 -0.5279076 -8.848162 0.1661421 -0.5909569 -9.085665 0.001248002 -0.5575097 -9.085665 0.171456 -0.5603173 -8.848162 0.001248002 -0.5909569 -9.085665 0.001248002 -0.5621865 -9.119747 -0.1697992 -0.595794 -9.119747 0.001248002 -0.5575097 -9.085665 -0.1689599 0.6128394 -7.8948 0.5570036 0.8122565 -7.655824 0.4905859 0.6088569 -7.655824 0.5470358 0.8199622 -7.8948 0.4995238 0.8291862 -8.133563 0.5102354 0.9978034 -7.8948 0.4080931 0.8199622 -7.8948 0.4995238 1.010865 -8.133563 0.4168364 1.026078 -8.372074 0.4270293 1.150269 -8.133563 0.2951132 1.010865 -8.133563 0.4168364 1.1689 -8.372074 0.302323 1.258683 -8.372074 0.1570937 1.190171 -8.610285 0.3105475 1.28241 -8.610285 0.1613585 1.1689 -8.372074 0.302323 1.313874 -8.610285 0.001248002 1.309067 -8.848162 0.1661421 1.341477 -8.848162 0.001248002 1.28241 -8.610285 0.1613585 1.309067 -8.848162 -0.1636422 1.372117 -9.085665 0.001248002 1.338677 -9.085665 -0.1689599 1.341477 -8.848162 0.001248002 1.240617 -9.085665 -0.3275674 1.343354 -9.119747 -0.1697992 1.244813 -9.119747 -0.3291887 1.338677 -9.085665 -0.1689599 -0.07105946 -8.610285 0.5369727 -0.2449181 -8.372074 0.4270293 -0.2622826 -8.610285 0.4386679 -0.05878371 -8.372074 0.5227248 0.1579748 -8.372074 0.5828749 -0.04801869 -8.133563 0.5102354 -0.05878371 -8.372074 0.5227248 0.1635444 -8.133563 0.5689551 0.39058 -8.133563 0.5889784 0.1683204 -7.8948 0.5570036 0.1635444 -8.133563 0.5689551 0.39058 -7.8948 0.5766112 0.6128394 -7.8948 0.5570036 0.39058 -7.655824 0.5662848 0.39058 -7.8948 0.5766112 0.6088569 -7.655824 0.5470358 -0.2817986 -8.848162 0.4517447 -0.4090111 -8.610285 0.3105475 -0.4329216 -8.848162 0.3197981 -0.2622826 -8.610285 0.4386679 -0.4329216 -8.848162 0.3197981 -0.5575097 -9.085665 0.171456 -0.4594566 -9.085665 0.3300635 -0.5279076 -8.848162 0.1661421 -0.5575097 -9.085665 0.171456 -0.595794 -9.119747 0.001248002 -0.5621865 -9.119747 0.1722913 -0.5909569 -9.085665 0.001248002 0.6176154 -8.133563 0.5689551 0.8199622 -7.8948 0.4995238 0.6128394 -7.8948 0.5570036 0.8291862 -8.133563 0.5102354 0.8399436 -8.372074 0.5227248 1.010865 -8.133563 0.4168364 0.8291862 -8.133563 0.5102354 1.026078 -8.372074 0.4270293 1.043442 -8.610285 0.4386679 1.1689 -8.372074 0.302323 1.026078 -8.372074 0.4270293 1.190171 -8.610285 0.3105475 1.28241 -8.610285 0.1613585 1.214082 -8.848162 0.3197981 1.309067 -8.848162 0.1661421 1.190171 -8.610285 0.3105475 1.341477 -8.848162 0.001248002 1.338677 -9.085665 0.171456 1.372117 -9.085665 0.001248002 1.309067 -8.848162 0.1661421 1.338677 -9.085665 -0.1689599 1.376961 -9.119747 0.001248002 1.343354 -9.119747 -0.1697992 1.372117 -9.085665 0.001248002 -0.08486866 -8.848162 0.5529906 -0.2622826 -8.610285 0.4386679 -0.2817986 -8.848162 0.4517447 -0.07105946 -8.610285 0.5369727 0.151612 -8.610285 0.5987707 -0.05878371 -8.372074 0.5227248 -0.07105946 -8.610285 0.5369727 0.1579748 -8.372074 0.5828749 0.39058 -8.372074 0.6033942 0.1635444 -8.133563 0.5689551 0.1579748 -8.372074 0.5828749 0.39058 -8.133563 0.5889784 0.6176154 -8.133563 0.5689551 0.39058 -7.8948 0.5766112 0.39058 -8.133563 0.5889784 0.6128394 -7.8948 0.5570036 -0.3034737 -9.085665 0.4662634 -0.4329216 -8.848162 0.3197981 -0.4594566 -9.085665 0.3300635 -0.2817986 -8.848162 0.4517447 -0.4594566 -9.085665 0.3300635 -0.5621865 -9.119747 0.1722913 -0.4636528 -9.119747 0.3316847 -0.5575097 -9.085665 0.171456 0.6231849 -8.372074 0.5828749 0.8291862 -8.133563 0.5102354 0.6176154 -8.133563 0.5689551 0.8399436 -8.372074 0.5227248 0.8522269 -8.610285 0.5369727 1.026078 -8.372074 0.4270293 0.8399436 -8.372074 0.5227248 1.043442 -8.610285 0.4386679 1.062958 -8.848162 0.4517447 1.190171 -8.610285 0.3105475 1.043442 -8.610285 0.4386679 1.214082 -8.848162 0.3197981 1.309067 -8.848162 0.1661421 1.240617 -9.085665 0.3300635 1.338677 -9.085665 0.171456 1.214082 -8.848162 0.3197981 1.372117 -9.085665 0.001248002 1.343354 -9.119747 0.1722913 1.376961 -9.119747 0.001248002 1.338677 -9.085665 0.171456 -0.1001885 -9.085665 0.5707747 -0.2817986 -8.848162 0.4517447 -0.3034737 -9.085665 0.4662634 -0.08486866 -8.848162 0.5529906 0.1444709 -8.848162 0.6166388 -0.07105946 -8.610285 0.5369727 -0.08486866 -8.848162 0.5529906 0.151612 -8.610285 0.5987707 0.39058 -8.610285 0.6198508 0.1579748 -8.372074 0.5828749 0.151612 -8.610285 0.5987707 0.39058 -8.372074 0.6033942 0.6231849 -8.372074 0.5828749 0.39058 -8.133563 0.5889784 0.39058 -8.372074 0.6033942 0.6176154 -8.133563 0.5689551 -0.3068993 -9.119747 0.4685561 -0.4594566 -9.085665 0.3300635 -0.4636528 -9.119747 0.3316847 -0.3034737 -9.085665 0.4662634 0.6295478 -8.610285 0.5987707 0.8399436 -8.372074 0.5227248 0.6231849 -8.372074 0.5828749 0.8522269 -8.610285 0.5369727 0.8660285 -8.848162 0.5529906 1.043442 -8.610285 0.4386679 0.8522269 -8.610285 0.5369727 1.062958 -8.848162 0.4517447 1.084634 -9.085665 0.4662634 1.214082 -8.848162 0.3197981 1.062958 -8.848162 0.4517447 1.240617 -9.085665 0.3300635 1.338677 -9.085665 0.171456 1.244813 -9.119747 0.3316847 1.343354 -9.119747 0.1722913 1.240617 -9.085665 0.3300635 -0.102607 -9.119747 0.5735823 -0.3034737 -9.085665 0.4662634 -0.3068993 -9.119747 0.4685561 -0.1001885 -9.085665 0.5707747 0.1365363 -9.085665 0.6364714 -0.08486866 -8.848162 0.5529906 -0.1001885 -9.085665 0.5707747 0.1444709 -8.848162 0.6166388 0.39058 -8.848162 0.6383444 0.151612 -8.610285 0.5987707 0.1444709 -8.848162 0.6166388 0.39058 -8.610285 0.6198508 0.6295478 -8.610285 0.5987707 0.39058 -8.372074 0.6033942 0.39058 -8.610285 0.6198508 0.6231849 -8.372074 0.5828749 0.6366889 -8.848162 0.6166388 0.8522269 -8.610285 0.5369727 0.6295478 -8.610285 0.5987707 0.8660285 -8.848162 0.5529906 0.8813483 -9.085665 0.5707747 1.062958 -8.848162 0.4517447 0.8660285 -8.848162 0.5529906 1.084634 -9.085665 0.4662634 1.088059 -9.119747 0.4685561 1.240617 -9.085665 0.3300635 1.084634 -9.085665 0.4662634 1.244813 -9.119747 0.3316847 0.1352851 -9.119747 0.6396033 -0.1001885 -9.085665 0.5707747 -0.102607 -9.119747 0.5735823 0.1365363 -9.085665 0.6364714 0.39058 -9.085665 0.6588789 0.1444709 -8.848162 0.6166388 0.1365363 -9.085665 0.6364714 0.39058 -8.848162 0.6383444 0.6366889 -8.848162 0.6166388 0.39058 -8.610285 0.6198508 0.39058 -8.848162 0.6383444 0.6295478 -8.610285 0.5987707 0.6446235 -9.085665 0.6364714 0.8660285 -8.848162 0.5529906 0.6366889 -8.848162 0.6166388 0.8813483 -9.085665 0.5707747 0.8837745 -9.119747 0.5735823 1.084634 -9.085665 0.4662634 0.8813483 -9.085665 0.5707747 1.088059 -9.119747 0.4685561 0.39058 -9.119747 0.6621214 0.1365363 -9.085665 0.6364714 0.1352851 -9.119747 0.6396033 0.39058 -9.085665 0.6588789 0.6446235 -9.085665 0.6364714 0.39058 -8.848162 0.6383444 0.39058 -9.085665 0.6588789 0.6366889 -8.848162 0.6166388 0.6458747 -9.119747 0.6396033 0.8813483 -9.085665 0.5707747 0.6446235 -9.085665 0.6364714 0.8837745 -9.119747 0.5735823 0.6458747 -9.119747 0.6396033 0.39058 -9.085665 0.6588789 0.39058 -9.119747 0.6621214 0.6446235 -9.085665 0.6364714 1.548297 3.536689 0.009264409 1.340983 2.91986 -0.001237392 1.334353 2.920623 -0.0015769 1.334353 2.920623 -0.0015769 1.340983 2.91986 -0.001237392 1.548297 3.536689 0.009264409 1.548297 3.536689 0.009264409 1.503939 2.892276 0.007013738 1.340983 2.91986 -0.001237392 1.665179 2.856021 0.01518476 1.666827 3.481189 0.01526486 1.824267 2.81121 0.02324527 1.849353 3.37939 0.0245155 1.980731 2.757968 0.0311684 2.024233 3.264934 0.03337323 2.134119 2.696437 0.03894275 2.190569 3.138404 0.04180371 2.284007 2.626807 0.046534 2.347552 3.000426 0.04975354 2.429965 2.54927 0.05393064 2.494379 2.851691 0.0571922 2.571566 2.464042 0.06109845 2.630328 2.692939 0.0640816 2.708415 2.371379 0.06803363 2.754694 2.52497 0.07037967 2.840121 2.271537 0.07470935 2.866877 2.348632 0.07606738 2.966311 2.164794 0.08110278 2.966311 2.164794 0.08110278 2.866877 2.348632 0.07606738 2.840121 2.271537 0.07470935 2.754694 2.52497 0.07037967 2.708415 2.371379 0.06803363 2.630328 2.692939 0.0640816 2.571566 2.464042 0.06109845 2.494379 2.851691 0.0571922 2.429965 2.54927 0.05393064 2.347552 3.000426 0.04975354 2.284007 2.626807 0.046534 2.190569 3.138404 0.04180371 2.134119 2.696437 0.03894275 2.024233 3.264934 0.03337323 1.980731 2.757968 0.0311684 1.849353 3.37939 0.0245155 1.824267 2.81121 0.02324527 1.666827 3.481189 0.01526486 1.665179 2.856021 0.01518476 1.548297 3.536689 0.009264409 1.503939 2.892276 0.007013738 1.340983 2.91986 -0.001237392 1.548297 3.536689 -0.01241439 1.340983 2.91986 -0.001237392 1.548297 3.536689 0.009264409 1.548297 3.536689 0.009264409 1.340983 2.91986 -0.001237392 1.548297 3.536689 -0.01241439 2.754694 2.52497 0.07037967 2.866877 2.348632 0.3781915 2.866877 2.348632 0.07606738 2.754694 2.52497 0.3781915 2.754694 2.52497 0.3781915 2.754694 2.52497 0.07037967 2.866877 2.348632 0.3781915 2.866877 2.348632 0.07606738 2.866877 2.348632 0.07606738 2.966311 2.164794 0.3781915 2.966311 2.164794 0.08110278 2.866877 2.348632 0.3781915 2.866877 2.348632 0.3781915 2.866877 2.348632 0.07606738 2.966311 2.164794 0.3781915 2.966311 2.164794 0.08110278 2.966311 2.164794 0.08110278 2.840121 2.271537 0.3781915 2.840121 2.271537 0.07470935 2.966311 2.164794 0.3781915 2.966311 2.164794 0.3781915 2.966311 2.164794 0.08110278 2.840121 2.271537 0.3781915 2.840121 2.271537 0.07470935 2.840121 2.271537 0.07470935 2.708415 2.371379 0.3781915 2.708415 2.371379 0.06803363 2.840121 2.271537 0.3781915 2.840121 2.271537 0.3781915 2.840121 2.271537 0.07470935 2.708415 2.371379 0.3781915 2.708415 2.371379 0.06803363 2.708415 2.371379 0.06803363 2.571566 2.464042 0.3781915 2.571566 2.464042 0.06109845 2.708415 2.371379 0.3781915 2.708415 2.371379 0.3781915 2.708415 2.371379 0.06803363 2.571566 2.464042 0.3781915 2.571566 2.464042 0.06109845 2.571566 2.464042 0.06109845 2.429965 2.54927 0.3781915 2.429965 2.54927 0.05393064 2.571566 2.464042 0.3781915 2.571566 2.464042 0.3781915 2.571566 2.464042 0.06109845 2.429965 2.54927 0.3781915 2.429965 2.54927 0.05393064 2.429965 2.54927 0.05393064 2.284007 2.626807 0.3781915 2.284007 2.626807 0.046534 2.429965 2.54927 0.3781915 2.429965 2.54927 0.3781915 2.429965 2.54927 0.05393064 2.284007 2.626807 0.3781915 2.284007 2.626807 0.046534 2.284007 2.626807 0.046534 2.134119 2.696437 0.3781915 2.134119 2.696437 0.03894275 2.284007 2.626807 0.3781915 2.284007 2.626807 0.3781915 2.284007 2.626807 0.046534 2.134119 2.696437 0.3781915 2.134119 2.696437 0.03894275 2.134119 2.696437 0.03894275 1.980731 2.757968 0.3781915 1.980731 2.757968 0.0311684 2.134119 2.696437 0.3781915 2.134119 2.696437 0.3781915 2.134119 2.696437 0.03894275 1.980731 2.757968 0.3781915 1.980731 2.757968 0.0311684 1.980731 2.757968 0.0311684 1.824267 2.81121 0.3781915 1.824267 2.81121 0.02324527 1.980731 2.757968 0.3781915 1.980731 2.757968 0.3781915 1.980731 2.757968 0.0311684 1.824267 2.81121 0.3781915 1.824267 2.81121 0.02324527 1.824267 2.81121 0.02324527 1.665179 2.856021 0.3781915 1.665179 2.856021 0.01518476 1.824267 2.81121 0.3781915 1.824267 2.81121 0.3781915 1.824267 2.81121 0.02324527 1.665179 2.856021 0.3781915 1.665179 2.856021 0.01518476 1.665179 2.856021 0.01518476 1.503939 2.892276 0.3781915 1.503939 2.892276 0.007013738 1.665179 2.856021 0.3781915 1.665179 2.856021 0.3781915 1.665179 2.856021 0.01518476 1.503939 2.892276 0.3781915 1.503939 2.892276 0.007013738 1.503939 2.892276 0.007013738 1.340983 2.91986 0.3781915 1.340983 2.91986 -0.001237392 1.503939 2.892276 0.3781915 1.503939 2.892276 0.3781915 1.503939 2.892276 0.007013738 1.340983 2.91986 0.3781915 1.340983 2.91986 -0.001237392 1.477542 3.56982 -0.3763557 1.548297 3.536689 -0.01241439 1.666827 3.481189 -0.3763557 1.477542 3.56982 0.3781915 1.666827 3.481189 -0.01841497 1.548297 3.536689 0.009264409 1.666827 3.481189 0.01526486 1.666827 3.481189 0.3781915 1.666827 3.481189 0.3781915 1.477542 3.56982 0.3781915 1.666827 3.481189 0.01526486 1.548297 3.536689 0.009264409 1.548297 3.536689 -0.01241439 1.666827 3.481189 -0.01841497 1.666827 3.481189 -0.3763557 1.477542 3.56982 -0.3763557 1.666827 3.481189 0.3781915 1.849353 3.37939 0.0245155 1.666827 3.481189 0.01526486 1.849353 3.37939 0.3781915 1.849353 3.37939 0.3781915 1.666827 3.481189 0.3781915 1.849353 3.37939 0.0245155 1.666827 3.481189 0.01526486 1.849353 3.37939 0.3781915 2.024233 3.264934 0.03337323 1.849353 3.37939 0.0245155 2.024233 3.264934 0.3781915 2.024233 3.264934 0.3781915 1.849353 3.37939 0.3781915 2.024233 3.264934 0.03337323 1.849353 3.37939 0.0245155 2.024233 3.264934 0.3781915 2.190569 3.138404 0.04180371 2.024233 3.264934 0.03337323 2.190569 3.138404 0.3781915 2.190569 3.138404 0.3781915 2.024233 3.264934 0.3781915 2.190569 3.138404 0.04180371 2.024233 3.264934 0.03337323 2.190569 3.138404 0.3781915 2.347552 3.000426 0.04975354 2.190569 3.138404 0.04180371 2.347552 3.000426 0.3781915 2.347552 3.000426 0.3781915 2.190569 3.138404 0.3781915 2.347552 3.000426 0.04975354 2.190569 3.138404 0.04180371 2.347552 3.000426 0.04975354 2.494379 2.851691 0.3781915 2.494379 2.851691 0.0571922 2.347552 3.000426 0.3781915 2.347552 3.000426 0.3781915 2.347552 3.000426 0.04975354 2.494379 2.851691 0.3781915 2.494379 2.851691 0.0571922 2.494379 2.851691 0.0571922 2.630328 2.692939 0.3781915 2.630328 2.692939 0.0640816 2.494379 2.851691 0.3781915 2.494379 2.851691 0.3781915 2.494379 2.851691 0.0571922 2.630328 2.692939 0.3781915 2.630328 2.692939 0.0640816 2.630328 2.692939 0.0640816 2.754694 2.52497 0.3781915 2.754694 2.52497 0.07037967 2.630328 2.692939 0.3781915 2.630328 2.692939 0.3781915 2.630328 2.692939 0.0640816 2.754694 2.52497 0.3781915 2.754694 2.52497 0.07037967 1.548297 3.536689 -0.01241439 1.340983 2.91986 -0.001237392 1.503939 2.892276 -0.01016378 1.503939 2.892276 -0.01016378 1.340983 2.91986 -0.001237392 1.548297 3.536689 -0.01241439 2.83787 2.331592 0.4118104 2.754694 2.52497 0.3781915 2.726962 2.505923 0.4118104 2.866877 2.348632 0.3781915 2.866877 2.348632 0.3781915 2.83787 2.331592 0.4118104 2.754694 2.52497 0.3781915 2.726962 2.505923 0.4118104 2.851946 2.305557 0.4118104 2.866877 2.348632 0.3781915 2.83787 2.331592 0.4118104 2.859721 2.296001 0.4095292 2.966311 2.164794 0.3781915 2.966311 2.164794 0.3781915 2.859721 2.296001 0.4095292 2.866877 2.348632 0.3781915 2.851946 2.305557 0.4118104 2.83787 2.331592 0.4118104 2.966311 2.164794 0.3781915 2.859721 2.296001 0.4095292 2.840121 2.271537 0.3781915 2.840121 2.271537 0.3781915 2.859721 2.296001 0.4095292 2.966311 2.164794 0.3781915 2.840121 2.271537 0.3781915 2.728007 2.398711 0.4118104 2.708415 2.371379 0.3781915 2.853655 2.303458 0.4118104 2.859721 2.296001 0.4095292 2.861147 2.297786 0.4118104 2.861147 2.297786 0.4118104 2.859721 2.296001 0.4095292 2.853655 2.303458 0.4118104 2.840121 2.271537 0.3781915 2.728007 2.398711 0.4118104 2.708415 2.371379 0.3781915 2.708415 2.371379 0.3781915 2.589671 2.492385 0.4118104 2.571566 2.464042 0.3781915 2.728007 2.398711 0.4118104 2.728007 2.398711 0.4118104 2.708415 2.371379 0.3781915 2.589671 2.492385 0.4118104 2.571566 2.464042 0.3781915 2.571566 2.464042 0.3781915 2.446528 2.578536 0.4118104 2.429965 2.54927 0.3781915 2.589671 2.492385 0.4118104 2.589671 2.492385 0.4118104 2.571566 2.464042 0.3781915 2.446528 2.578536 0.4118104 2.429965 2.54927 0.3781915 2.429965 2.54927 0.3781915 2.298983 2.656917 0.4118104 2.284007 2.626807 0.3781915 2.446528 2.578536 0.4118104 2.446528 2.578536 0.4118104 2.429965 2.54927 0.3781915 2.298983 2.656917 0.4118104 2.284007 2.626807 0.3781915 2.284007 2.626807 0.3781915 2.147463 2.727309 0.4118104 2.134119 2.696437 0.3781915 2.298983 2.656917 0.4118104 2.298983 2.656917 0.4118104 2.284007 2.626807 0.3781915 2.147463 2.727309 0.4118104 2.134119 2.696437 0.3781915 2.134119 2.696437 0.3781915 1.992404 2.789504 0.4118104 1.980731 2.757968 0.3781915 2.147463 2.727309 0.4118104 2.147463 2.727309 0.4118104 2.134119 2.696437 0.3781915 1.992404 2.789504 0.4118104 1.980731 2.757968 0.3781915 1.980731 2.757968 0.3781915 1.834246 2.843326 0.4118104 1.824267 2.81121 0.3781915 1.992404 2.789504 0.4118104 1.992404 2.789504 0.4118104 1.980731 2.757968 0.3781915 1.834246 2.843326 0.4118104 1.824267 2.81121 0.3781915 1.824267 2.81121 0.3781915 1.673434 2.888625 0.4118104 1.665179 2.856021 0.3781915 1.834246 2.843326 0.4118104 1.834246 2.843326 0.4118104 1.824267 2.81121 0.3781915 1.673434 2.888625 0.4118104 1.665179 2.856021 0.3781915 1.665179 2.856021 0.3781915 1.510432 2.925273 0.4118104 1.503939 2.892276 0.3781915 1.673434 2.888625 0.4118104 1.673434 2.888625 0.4118104 1.665179 2.856021 0.3781915 1.510432 2.925273 0.4118104 1.503939 2.892276 0.3781915 1.503939 2.892276 0.3781915 1.345706 2.953158 0.4118104 1.340983 2.91986 0.3781915 1.510432 2.925273 0.4118104 1.510432 2.925273 0.4118104 1.503939 2.892276 0.3781915 1.345706 2.953158 0.4118104 1.340983 2.91986 0.3781915 1.340983 2.91986 -0.001237392 1.176791 2.938704 -0.3763557 1.340983 2.91986 -0.3763557 1.176791 2.938704 0.3781915 1.340983 2.91986 0.3781915 1.340983 2.91986 0.3781915 1.340983 2.91986 -0.001237392 1.176791 2.938704 0.3781915 1.176791 2.938704 -0.3763557 1.340983 2.91986 -0.3763557 1.282473 3.644843 0.3781915 1.477542 3.56982 -0.3763557 1.282473 3.644843 -0.3763557 1.477542 3.56982 0.3781915 1.477542 3.56982 0.3781915 1.282473 3.644843 0.3781915 1.477542 3.56982 -0.3763557 1.282473 3.644843 -0.3763557 1.651484 3.451247 0.4118104 1.477542 3.56982 0.3781915 1.464366 3.538867 0.4118104 1.666827 3.481189 0.3781915 1.666827 3.481189 0.3781915 1.651484 3.451247 0.4118104 1.477542 3.56982 0.3781915 1.464366 3.538867 0.4118104 1.665179 2.856021 -0.01833486 1.548297 3.536689 -0.01241439 1.503939 2.892276 -0.01016378 1.666827 3.481189 -0.01841497 1.824267 2.81121 -0.02639532 1.849353 3.37939 -0.02766561 1.980731 2.757968 -0.03432601 2.024233 3.264934 -0.03652709 2.134119 2.696437 -0.0420928 2.190569 3.138404 -0.04495382 2.284007 2.626807 -0.04968398 2.347552 3.000426 -0.05290365 2.429965 2.54927 -0.05708068 2.494379 2.851691 -0.06034606 2.571566 2.464042 -0.06425619 2.630328 2.692939 -0.06722784 2.708415 2.371379 -0.07118368 2.754694 2.52497 -0.07353353 2.840121 2.271537 -0.0778594 2.866877 2.348632 -0.07921743 2.966311 2.164794 -0.08425283 2.966311 2.164794 -0.08425283 2.840121 2.271537 -0.0778594 2.866877 2.348632 -0.07921743 2.754694 2.52497 -0.07353353 2.708415 2.371379 -0.07118368 2.630328 2.692939 -0.06722784 2.571566 2.464042 -0.06425619 2.494379 2.851691 -0.06034606 2.429965 2.54927 -0.05708068 2.347552 3.000426 -0.05290365 2.284007 2.626807 -0.04968398 2.190569 3.138404 -0.04495382 2.134119 2.696437 -0.0420928 2.024233 3.264934 -0.03652709 1.980731 2.757968 -0.03432601 1.849353 3.37939 -0.02766561 1.824267 2.81121 -0.02639532 1.666827 3.481189 -0.01841497 1.665179 2.856021 -0.01833486 1.548297 3.536689 -0.01241439 1.503939 2.892276 -0.01016378 1.666827 3.481189 -0.01841497 1.849353 3.37939 -0.3763557 1.666827 3.481189 -0.3763557 1.849353 3.37939 -0.02766561 1.849353 3.37939 -0.02766561 1.666827 3.481189 -0.01841497 1.849353 3.37939 -0.3763557 1.666827 3.481189 -0.3763557 1.477542 3.56982 -0.3763557 1.649211 3.446799 -0.4149604 1.462413 3.534274 -0.4149604 1.666827 3.481189 -0.3763557 1.666827 3.481189 -0.3763557 1.477542 3.56982 -0.3763557 1.649211 3.446799 -0.4149604 1.462413 3.534274 -0.4149604 1.831942 3.350608 0.4118104 1.666827 3.481189 0.3781915 1.651484 3.451247 0.4118104 1.849353 3.37939 0.3781915 1.849353 3.37939 0.3781915 1.831942 3.350608 0.4118104 1.666827 3.481189 0.3781915 1.651484 3.451247 0.4118104 2.004824 3.23746 0.4118104 1.849353 3.37939 0.3781915 1.831942 3.350608 0.4118104 2.024233 3.264934 0.3781915 2.024233 3.264934 0.3781915 2.004824 3.23746 0.4118104 1.849353 3.37939 0.3781915 1.831942 3.350608 0.4118104 2.169268 3.112369 0.4118104 2.024233 3.264934 0.3781915 2.004824 3.23746 0.4118104 2.190569 3.138404 0.3781915 2.190569 3.138404 0.3781915 2.169268 3.112369 0.4118104 2.024233 3.264934 0.3781915 2.004824 3.23746 0.4118104 2.324465 2.975959 0.4118104 2.190569 3.138404 0.3781915 2.169268 3.112369 0.4118104 2.347552 3.000426 0.3781915 2.347552 3.000426 0.3781915 2.324465 2.975959 0.4118104 2.190569 3.138404 0.3781915 2.169268 3.112369 0.4118104 2.469622 2.828917 0.4118104 2.347552 3.000426 0.3781915 2.324465 2.975959 0.4118104 2.494379 2.851691 0.3781915 2.494379 2.851691 0.3781915 2.469622 2.828917 0.4118104 2.347552 3.000426 0.3781915 2.324465 2.975959 0.4118104 2.604014 2.671977 0.4118104 2.494379 2.851691 0.3781915 2.469622 2.828917 0.4118104 2.630328 2.692939 0.3781915 2.630328 2.692939 0.3781915 2.604014 2.671977 0.4118104 2.494379 2.851691 0.3781915 2.469622 2.828917 0.4118104 2.726962 2.505923 0.4118104 2.630328 2.692939 0.3781915 2.604014 2.671977 0.4118104 2.754694 2.52497 0.3781915 2.754694 2.52497 0.3781915 2.726962 2.505923 0.4118104 2.630328 2.692939 0.3781915 2.604014 2.671977 0.4118104 1.503939 2.892276 -0.01016378 1.340983 2.91986 -0.3763557 1.503939 2.892276 -0.3763557 1.340983 2.91986 -0.001237392 1.340983 2.91986 -0.001237392 1.503939 2.892276 -0.01016378 1.340983 2.91986 -0.3763557 1.503939 2.892276 -0.3763557 -0.3866552 2.835788 0.4118104 -0.4185308 3.672263 0.4118104 -0.4185308 2.87958 0.4118104 1.077563 3.672263 0.4118104 -0.3501562 2.781047 0.4118104 -0.3159307 2.724853 0.4118104 -0.2840399 2.6673 0.4118104 -0.2545446 2.608489 0.4118104 -0.2274908 2.548515 0.4118104 -0.2029241 2.487476 0.4118104 -0.1808828 2.425483 0.4118104 -0.161405 2.36264 0.4118104 -0.1445288 2.299045 0.4118104 -0.130277 2.234809 0.4118104 -0.1237539 2.198413 0.4118104 0.912852 2.348949 0.4118104 0.9072291 2.287811 0.4118104 0.9035975 2.22652 0.4118104 0.9028499 2.198413 0.4118104 0.9204738 2.409866 0.4118104 0.9300715 2.470508 0.4118104 0.9416377 2.530803 0.4118104 0.9551723 2.59069 0.4118104 0.9706447 2.650108 0.4118104 0.9880549 2.708984 0.4118104 1.007365 2.767261 0.4118104 1.028567 2.824885 0.4118104 1.054972 2.889995 0.4118104 1.167399 2.973624 0.4118104 1.271517 3.613036 0.4118104 1.345706 2.953158 0.4118104 1.464366 3.538867 0.4118104 1.510432 2.925273 0.4118104 1.651484 3.451247 0.4118104 1.673434 2.888625 0.4118104 1.831942 3.350608 0.4118104 1.834246 2.843326 0.4118104 2.004824 3.23746 0.4118104 1.992404 2.789504 0.4118104 2.147463 2.727309 0.4118104 2.169268 3.112369 0.4118104 2.298983 2.656917 0.4118104 2.324465 2.975959 0.4118104 2.446528 2.578536 0.4118104 2.469622 2.828917 0.4118104 2.589671 2.492385 0.4118104 2.604014 2.671977 0.4118104 2.728007 2.398711 0.4118104 2.726962 2.505923 0.4118104 2.83787 2.331592 0.4118104 2.851946 2.305557 0.4118104 2.853655 2.303458 0.4118104 2.853655 2.303458 0.4118104 2.728007 2.398711 0.4118104 2.851946 2.305557 0.4118104 2.83787 2.331592 0.4118104 2.726962 2.505923 0.4118104 2.604014 2.671977 0.4118104 2.589671 2.492385 0.4118104 2.469622 2.828917 0.4118104 2.446528 2.578536 0.4118104 2.324465 2.975959 0.4118104 2.298983 2.656917 0.4118104 2.169268 3.112369 0.4118104 2.147463 2.727309 0.4118104 2.004824 3.23746 0.4118104 1.992404 2.789504 0.4118104 1.834246 2.843326 0.4118104 1.831942 3.350608 0.4118104 1.673434 2.888625 0.4118104 1.651484 3.451247 0.4118104 1.510432 2.925273 0.4118104 1.464366 3.538867 0.4118104 1.345706 2.953158 0.4118104 1.271517 3.613036 0.4118104 1.167399 2.973624 0.4118104 1.077563 3.672263 0.4118104 1.054972 2.889995 0.4118104 1.028567 2.824885 0.4118104 1.007365 2.767261 0.4118104 0.9880549 2.708984 0.4118104 0.9706447 2.650108 0.4118104 0.9551723 2.59069 0.4118104 0.9416377 2.530803 0.4118104 0.9300715 2.470508 0.4118104 0.9204738 2.409866 0.4118104 0.912852 2.348949 0.4118104 0.9028499 2.198413 0.4118104 -0.1237539 2.198413 0.4118104 0.9035975 2.22652 0.4118104 0.9072291 2.287811 0.4118104 -0.130277 2.234809 0.4118104 -0.1445288 2.299045 0.4118104 -0.161405 2.36264 0.4118104 -0.1808828 2.425483 0.4118104 -0.2029241 2.487476 0.4118104 -0.2274908 2.548515 0.4118104 -0.2545446 2.608489 0.4118104 -0.2840399 2.6673 0.4118104 -0.3159307 2.724853 0.4118104 -0.3501562 2.781047 0.4118104 -0.3866552 2.835788 0.4118104 -0.4185308 3.672263 0.4118104 -0.4185308 2.87958 0.4118104 1.176791 2.938704 0.3781915 1.345706 2.953158 0.4118104 1.167399 2.973624 0.4118104 1.340983 2.91986 0.3781915 1.340983 2.91986 0.3781915 1.176791 2.938704 0.3781915 1.345706 2.953158 0.4118104 1.167399 2.973624 0.4118104 1.176791 2.938704 0.3781915 1.082583 2.86864 -0.3763557 1.176791 2.938704 -0.3763557 1.082583 2.86864 0.3781915 1.082583 2.86864 0.3781915 1.176791 2.938704 0.3781915 1.082583 2.86864 -0.3763557 1.176791 2.938704 -0.3763557 1.346408 2.958098 -0.4149604 1.176791 2.938704 -0.3763557 1.166003 2.978805 -0.4149604 1.340983 2.91986 -0.3763557 1.340983 2.91986 -0.3763557 1.346408 2.958098 -0.4149604 1.176791 2.938704 -0.3763557 1.166003 2.978805 -0.4149604 1.082583 3.705882 0.3781915 1.282473 3.644843 -0.3763557 1.082583 3.705882 -0.3763557 1.282473 3.644843 0.3781915 1.282473 3.644843 0.3781915 1.082583 3.705882 0.3781915 1.282473 3.644843 -0.3763557 1.082583 3.705882 -0.3763557 1.464366 3.538867 0.4118104 1.282473 3.644843 0.3781915 1.271517 3.613036 0.4118104 1.477542 3.56982 0.3781915 1.477542 3.56982 0.3781915 1.464366 3.538867 0.4118104 1.282473 3.644843 0.3781915 1.271517 3.613036 0.4118104 1.282473 3.644843 -0.3763557 1.462413 3.534274 -0.4149604 1.269892 3.608318 -0.4149604 1.477542 3.56982 -0.3763557 1.477542 3.56982 -0.3763557 1.282473 3.644843 -0.3763557 1.462413 3.534274 -0.4149604 1.269892 3.608318 -0.4149604 2.840121 2.271537 -0.0778594 2.708415 2.371379 -0.3763557 2.840121 2.271537 -0.3763557 2.708415 2.371379 -0.07118368 2.708415 2.371379 -0.07118368 2.840121 2.271537 -0.0778594 2.708415 2.371379 -0.3763557 2.840121 2.271537 -0.3763557 2.966311 2.164794 -0.08425283 2.840121 2.271537 -0.3763557 2.966311 2.164794 -0.3763557 2.840121 2.271537 -0.0778594 2.840121 2.271537 -0.0778594 2.966311 2.164794 -0.08425283 2.840121 2.271537 -0.3763557 2.966311 2.164794 -0.3763557 2.866877 2.348632 -0.3763557 2.966311 2.164794 -0.08425283 2.966311 2.164794 -0.3763557 2.866877 2.348632 -0.07921743 2.866877 2.348632 -0.07921743 2.866877 2.348632 -0.3763557 2.966311 2.164794 -0.08425283 2.966311 2.164794 -0.3763557 2.754694 2.52497 -0.3763557 2.866877 2.348632 -0.07921743 2.866877 2.348632 -0.3763557 2.754694 2.52497 -0.07353353 2.754694 2.52497 -0.07353353 2.754694 2.52497 -0.3763557 2.866877 2.348632 -0.07921743 2.866877 2.348632 -0.3763557 2.630328 2.692939 -0.3763557 2.754694 2.52497 -0.07353353 2.754694 2.52497 -0.3763557 2.630328 2.692939 -0.06722784 2.630328 2.692939 -0.06722784 2.630328 2.692939 -0.3763557 2.754694 2.52497 -0.07353353 2.754694 2.52497 -0.3763557 2.494379 2.851691 -0.3763557 2.630328 2.692939 -0.06722784 2.630328 2.692939 -0.3763557 2.494379 2.851691 -0.06034606 2.494379 2.851691 -0.06034606 2.494379 2.851691 -0.3763557 2.630328 2.692939 -0.06722784 2.630328 2.692939 -0.3763557 2.347552 3.000426 -0.3763557 2.494379 2.851691 -0.06034606 2.494379 2.851691 -0.3763557 2.347552 3.000426 -0.05290365 2.347552 3.000426 -0.05290365 2.347552 3.000426 -0.3763557 2.494379 2.851691 -0.06034606 2.494379 2.851691 -0.3763557 2.190569 3.138404 -0.04495382 2.347552 3.000426 -0.3763557 2.190569 3.138404 -0.3763557 2.347552 3.000426 -0.05290365 2.347552 3.000426 -0.05290365 2.190569 3.138404 -0.04495382 2.347552 3.000426 -0.3763557 2.190569 3.138404 -0.3763557 2.024233 3.264934 -0.03652709 2.190569 3.138404 -0.3763557 2.024233 3.264934 -0.3763557 2.190569 3.138404 -0.04495382 2.190569 3.138404 -0.04495382 2.024233 3.264934 -0.03652709 2.190569 3.138404 -0.3763557 2.024233 3.264934 -0.3763557 1.849353 3.37939 -0.02766561 2.024233 3.264934 -0.3763557 1.849353 3.37939 -0.3763557 2.024233 3.264934 -0.03652709 2.024233 3.264934 -0.03652709 1.849353 3.37939 -0.02766561 2.024233 3.264934 -0.3763557 1.849353 3.37939 -0.3763557 1.665179 2.856021 -0.01833486 1.503939 2.892276 -0.3763557 1.665179 2.856021 -0.3763557 1.503939 2.892276 -0.01016378 1.503939 2.892276 -0.01016378 1.665179 2.856021 -0.01833486 1.503939 2.892276 -0.3763557 1.665179 2.856021 -0.3763557 1.824267 2.81121 -0.02639532 1.665179 2.856021 -0.3763557 1.824267 2.81121 -0.3763557 1.665179 2.856021 -0.01833486 1.665179 2.856021 -0.01833486 1.824267 2.81121 -0.02639532 1.665179 2.856021 -0.3763557 1.824267 2.81121 -0.3763557 1.980731 2.757968 -0.03432601 1.824267 2.81121 -0.3763557 1.980731 2.757968 -0.3763557 1.824267 2.81121 -0.02639532 1.824267 2.81121 -0.02639532 1.980731 2.757968 -0.03432601 1.824267 2.81121 -0.3763557 1.980731 2.757968 -0.3763557 2.134119 2.696437 -0.0420928 1.980731 2.757968 -0.3763557 2.134119 2.696437 -0.3763557 1.980731 2.757968 -0.03432601 1.980731 2.757968 -0.03432601 2.134119 2.696437 -0.0420928 1.980731 2.757968 -0.3763557 2.134119 2.696437 -0.3763557 2.284007 2.626807 -0.04968398 2.134119 2.696437 -0.3763557 2.284007 2.626807 -0.3763557 2.134119 2.696437 -0.0420928 2.134119 2.696437 -0.0420928 2.284007 2.626807 -0.04968398 2.134119 2.696437 -0.3763557 2.284007 2.626807 -0.3763557 2.429965 2.54927 -0.05708068 2.284007 2.626807 -0.3763557 2.429965 2.54927 -0.3763557 2.284007 2.626807 -0.04968398 2.284007 2.626807 -0.04968398 2.429965 2.54927 -0.05708068 2.284007 2.626807 -0.3763557 2.429965 2.54927 -0.3763557 2.571566 2.464042 -0.06425619 2.429965 2.54927 -0.3763557 2.571566 2.464042 -0.3763557 2.429965 2.54927 -0.05708068 2.429965 2.54927 -0.05708068 2.571566 2.464042 -0.06425619 2.429965 2.54927 -0.3763557 2.571566 2.464042 -0.3763557 2.708415 2.371379 -0.07118368 2.571566 2.464042 -0.3763557 2.708415 2.371379 -0.3763557 2.571566 2.464042 -0.06425619 2.571566 2.464042 -0.06425619 2.708415 2.371379 -0.07118368 2.571566 2.464042 -0.3763557 2.708415 2.371379 -0.3763557 1.666827 3.481189 -0.3763557 1.829356 3.346336 -0.4149604 1.649211 3.446799 -0.4149604 1.849353 3.37939 -0.3763557 1.849353 3.37939 -0.3763557 1.666827 3.481189 -0.3763557 1.829356 3.346336 -0.4149604 1.649211 3.446799 -0.4149604 1.076823 3.667278 -0.4149604 -0.4135412 2.881202 -0.4149604 -0.4135412 3.667278 -0.4149604 -0.3825659 2.838637 -0.4149604 -0.3459448 2.783729 -0.4149604 -0.3116125 2.727363 -0.4149604 -0.2796301 2.669627 -0.4149604 -0.2500433 2.610633 -0.4149604 -0.2228979 2.550468 -0.4149604 -0.198255 2.489242 -0.4149604 -0.176145 2.427058 -0.4149604 -0.1566137 2.364017 -0.4149604 -0.1396765 2.30022 -0.4149604 -0.125379 2.235793 -0.4149604 -0.1195806 2.203403 -0.4149604 0.9155299 2.410564 -0.4149604 0.9079005 2.349487 -0.4149604 0.9022548 2.288184 -0.4149604 0.8986079 2.226733 -0.4149604 0.8979899 2.203403 -0.4149604 0.9251582 2.47137 -0.4149604 0.9367549 2.531821 -0.4149604 0.95032 2.591872 -0.4149604 0.9658381 2.651443 -0.4149604 0.9832942 2.710475 -0.4149604 1.002658 2.768909 -0.4149604 1.023913 2.826682 -0.4149604 1.050875 2.893165 -0.4149604 1.166003 2.978805 -0.4149604 1.269892 3.608318 -0.4149604 1.346408 2.958098 -0.4149604 1.462413 3.534274 -0.4149604 1.511401 2.930167 -0.4149604 1.649211 3.446799 -0.4149604 1.674655 2.893462 -0.4149604 1.829356 3.346336 -0.4149604 1.835726 2.848094 -0.4149604 2.001948 3.233382 -0.4149604 1.994143 2.794181 -0.4149604 2.149447 2.731887 -0.4149604 2.16611 3.108508 -0.4149604 2.301211 2.661384 -0.4149604 2.32104 2.972331 -0.4149604 2.448985 2.582877 -0.4149604 2.465945 2.825538 -0.4149604 2.592356 2.496589 -0.4149604 2.600115 2.668864 -0.4149604 2.730914 2.402763 -0.4149604 2.722857 2.503101 -0.4149604 2.833567 2.329063 -0.4149604 2.834986 2.326442 -0.4149604 2.840426 2.319755 -0.4149604 2.840426 2.319755 -0.4149604 2.834986 2.326442 -0.4149604 2.730914 2.402763 -0.4149604 2.833567 2.329063 -0.4149604 2.722857 2.503101 -0.4149604 2.600115 2.668864 -0.4149604 2.592356 2.496589 -0.4149604 2.465945 2.825538 -0.4149604 2.448985 2.582877 -0.4149604 2.32104 2.972331 -0.4149604 2.301211 2.661384 -0.4149604 2.16611 3.108508 -0.4149604 2.149447 2.731887 -0.4149604 2.001948 3.233382 -0.4149604 1.994143 2.794181 -0.4149604 1.835726 2.848094 -0.4149604 1.829356 3.346336 -0.4149604 1.674655 2.893462 -0.4149604 1.649211 3.446799 -0.4149604 1.511401 2.930167 -0.4149604 1.462413 3.534274 -0.4149604 1.346408 2.958098 -0.4149604 1.269892 3.608318 -0.4149604 1.166003 2.978805 -0.4149604 1.076823 3.667278 -0.4149604 1.050875 2.893165 -0.4149604 1.023913 2.826682 -0.4149604 1.002658 2.768909 -0.4149604 0.9832942 2.710475 -0.4149604 0.9658381 2.651443 -0.4149604 0.95032 2.591872 -0.4149604 0.9367549 2.531821 -0.4149604 0.9251582 2.47137 -0.4149604 0.9155299 2.410564 -0.4149604 0.8979899 2.203403 -0.4149604 0.8986079 2.226733 -0.4149604 -0.1195806 2.203403 -0.4149604 0.9022548 2.288184 -0.4149604 0.9079005 2.349487 -0.4149604 -0.125379 2.235793 -0.4149604 -0.1396765 2.30022 -0.4149604 -0.1566137 2.364017 -0.4149604 -0.176145 2.427058 -0.4149604 -0.198255 2.489242 -0.4149604 -0.2228979 2.550468 -0.4149604 -0.2500433 2.610633 -0.4149604 -0.2796301 2.669627 -0.4149604 -0.3116125 2.727363 -0.4149604 -0.3459448 2.783729 -0.4149604 -0.3825659 2.838637 -0.4149604 -0.4135412 2.881202 -0.4149604 -0.4135412 3.667278 -0.4149604 1.346408 2.958098 -0.4149604 1.503939 2.892276 -0.3763557 1.340983 2.91986 -0.3763557 1.511401 2.930167 -0.4149604 1.511401 2.930167 -0.4149604 1.346408 2.958098 -0.4149604 1.503939 2.892276 -0.3763557 1.340983 2.91986 -0.3763557 1.271517 3.613036 0.4118104 1.082583 3.705882 0.3781915 1.077563 3.672263 0.4118104 1.282473 3.644843 0.3781915 1.282473 3.644843 0.3781915 1.271517 3.613036 0.4118104 1.082583 3.705882 0.3781915 1.077563 3.672263 0.4118104 -0.4185308 3.672263 0.4118104 1.082583 3.705882 0.3781915 -0.4521459 3.705882 0.3781915 1.077563 3.672263 0.4118104 1.077563 3.672263 0.4118104 -0.4185308 3.672263 0.4118104 1.082583 3.705882 0.3781915 -0.4521459 3.705882 0.3781915 -0.4185308 2.87958 0.4118104 -0.4521459 3.705882 0.3781915 -0.4521459 2.86864 0.3781915 -0.4185308 3.672263 0.4118104 -0.4185308 3.672263 0.4118104 -0.4185308 2.87958 0.4118104 -0.4521459 3.705882 0.3781915 -0.4521459 2.86864 0.3781915 -0.4142431 2.816562 0.3781915 -0.4185308 2.87958 0.4118104 -0.4521459 2.86864 0.3781915 -0.3866552 2.835788 0.4118104 -0.3866552 2.835788 0.4118104 -0.4142431 2.816562 0.3781915 -0.4185308 2.87958 0.4118104 -0.4521459 2.86864 0.3781915 -0.378507 2.762973 0.3781915 -0.3866552 2.835788 0.4118104 -0.4142431 2.816562 0.3781915 -0.3501562 2.781047 0.4118104 -0.3501562 2.781047 0.4118104 -0.378507 2.762973 0.3781915 -0.3866552 2.835788 0.4118104 -0.4142431 2.816562 0.3781915 -0.3449987 2.707954 0.3781915 -0.3501562 2.781047 0.4118104 -0.378507 2.762973 0.3781915 -0.3159307 2.724853 0.4118104 -0.3159307 2.724853 0.4118104 -0.3449987 2.707954 0.3781915 -0.3501562 2.781047 0.4118104 -0.378507 2.762973 0.3781915 -0.3137792 2.651614 0.3781915 -0.3159307 2.724853 0.4118104 -0.3449987 2.707954 0.3781915 -0.2840399 2.6673 0.4118104 -0.2840399 2.6673 0.4118104 -0.3137792 2.651614 0.3781915 -0.3159307 2.724853 0.4118104 -0.3449987 2.707954 0.3781915 -0.2849096 2.594035 0.3781915 -0.2840399 2.6673 0.4118104 -0.3137792 2.651614 0.3781915 -0.2545446 2.608489 0.4118104 -0.2545446 2.608489 0.4118104 -0.2849096 2.594035 0.3781915 -0.2840399 2.6673 0.4118104 -0.3137792 2.651614 0.3781915 -0.2584204 2.535316 0.3781915 -0.2545446 2.608489 0.4118104 -0.2849096 2.594035 0.3781915 -0.2274908 2.548515 0.4118104 -0.2274908 2.548515 0.4118104 -0.2584204 2.535316 0.3781915 -0.2545446 2.608489 0.4118104 -0.2849096 2.594035 0.3781915 -0.2343724 2.475562 0.3781915 -0.2274908 2.548515 0.4118104 -0.2584204 2.535316 0.3781915 -0.2029241 2.487476 0.4118104 -0.2029241 2.487476 0.4118104 -0.2343724 2.475562 0.3781915 -0.2274908 2.548515 0.4118104 -0.2584204 2.535316 0.3781915 -0.2127889 2.414874 0.3781915 -0.2029241 2.487476 0.4118104 -0.2343724 2.475562 0.3781915 -0.1808828 2.425483 0.4118104 -0.1808828 2.425483 0.4118104 -0.2127889 2.414874 0.3781915 -0.2029241 2.487476 0.4118104 -0.2343724 2.475562 0.3781915 -0.1937231 2.353343 0.3781915 -0.1808828 2.425483 0.4118104 -0.2127889 2.414874 0.3781915 -0.161405 2.36264 0.4118104 -0.161405 2.36264 0.4118104 -0.1937231 2.353343 0.3781915 -0.1808828 2.425483 0.4118104 -0.2127889 2.414874 0.3781915 -0.1771978 2.291091 0.3781915 -0.161405 2.36264 0.4118104 -0.1937231 2.353343 0.3781915 -0.1445288 2.299045 0.4118104 -0.1445288 2.299045 0.4118104 -0.1771978 2.291091 0.3781915 -0.161405 2.36264 0.4118104 -0.1937231 2.353343 0.3781915 -0.1632437 2.228202 0.3781915 -0.1445288 2.299045 0.4118104 -0.1771978 2.291091 0.3781915 -0.130277 2.234809 0.4118104 -0.130277 2.234809 0.4118104 -0.1632437 2.228202 0.3781915 -0.1445288 2.299045 0.4118104 -0.1771978 2.291091 0.3781915 -0.1518835 2.164794 0.3781915 -0.130277 2.234809 0.4118104 -0.1632437 2.228202 0.3781915 -0.1237539 2.198413 0.4118104 -0.1237539 2.198413 0.4118104 -0.1518835 2.164794 0.3781915 -0.130277 2.234809 0.4118104 -0.1632437 2.228202 0.3781915 0.9028499 2.198413 0.4118104 -0.1518835 2.164794 0.3781915 0.93558 2.164794 0.3781915 -0.1237539 2.198413 0.4118104 -0.1237539 2.198413 0.4118104 0.9028499 2.198413 0.4118104 -0.1518835 2.164794 0.3781915 0.93558 2.164794 0.3781915 0.93558 2.164794 0.3781915 0.9035975 2.22652 0.4118104 0.9028499 2.198413 0.4118104 0.9371821 2.225074 0.3781915 0.9371821 2.225074 0.3781915 0.93558 2.164794 0.3781915 0.9035975 2.22652 0.4118104 0.9028499 2.198413 0.4118104 0.9371821 2.225074 0.3781915 0.9072291 2.287811 0.4118104 0.9035975 2.22652 0.4118104 0.9407527 2.28527 0.3781915 0.9407527 2.28527 0.3781915 0.9371821 2.225074 0.3781915 0.9072291 2.287811 0.4118104 0.9035975 2.22652 0.4118104 0.9407527 2.28527 0.3781915 0.912852 2.348949 0.4118104 0.9072291 2.287811 0.4118104 0.9462764 2.345317 0.3781915 0.9462764 2.345317 0.3781915 0.9407527 2.28527 0.3781915 0.912852 2.348949 0.4118104 0.9072291 2.287811 0.4118104 0.9462764 2.345317 0.3781915 0.9204738 2.409866 0.4118104 0.912852 2.348949 0.4118104 0.9537684 2.405154 0.3781915 0.9537684 2.405154 0.3781915 0.9462764 2.345317 0.3781915 0.9204738 2.409866 0.4118104 0.912852 2.348949 0.4118104 0.9537684 2.405154 0.3781915 0.9300715 2.470508 0.4118104 0.9204738 2.409866 0.4118104 0.9631907 2.464713 0.3781915 0.9631907 2.464713 0.3781915 0.9537684 2.405154 0.3781915 0.9300715 2.470508 0.4118104 0.9204738 2.409866 0.4118104 0.9631907 2.464713 0.3781915 0.9416377 2.530803 0.4118104 0.9300715 2.470508 0.4118104 0.9745509 2.523929 0.3781915 0.9745509 2.523929 0.3781915 0.9631907 2.464713 0.3781915 0.9416377 2.530803 0.4118104 0.9300715 2.470508 0.4118104 0.9745509 2.523929 0.3781915 0.9551723 2.59069 0.4118104 0.9416377 2.530803 0.4118104 0.9878413 2.582751 0.3781915 0.9878413 2.582751 0.3781915 0.9745509 2.523929 0.3781915 0.9551723 2.59069 0.4118104 0.9416377 2.530803 0.4118104 0.9878413 2.582751 0.3781915 0.9706447 2.650108 0.4118104 0.9551723 2.59069 0.4118104 1.003039 2.641101 0.3781915 1.003039 2.641101 0.3781915 0.9878413 2.582751 0.3781915 0.9706447 2.650108 0.4118104 0.9551723 2.59069 0.4118104 1.003039 2.641101 0.3781915 0.9880549 2.708984 0.4118104 0.9706447 2.650108 0.4118104 1.020137 2.698928 0.3781915 1.020137 2.698928 0.3781915 1.003039 2.641101 0.3781915 0.9880549 2.708984 0.4118104 0.9706447 2.650108 0.4118104 1.020137 2.698928 0.3781915 1.007365 2.767261 0.4118104 0.9880549 2.708984 0.4118104 1.039103 2.756164 0.3781915 1.039103 2.756164 0.3781915 1.020137 2.698928 0.3781915 1.007365 2.767261 0.4118104 0.9880549 2.708984 0.4118104 1.039103 2.756164 0.3781915 1.028567 2.824885 0.4118104 1.007365 2.767261 0.4118104 1.059924 2.812755 0.3781915 1.059924 2.812755 0.3781915 1.039103 2.756164 0.3781915 1.028567 2.824885 0.4118104 1.007365 2.767261 0.4118104 1.059924 2.812755 0.3781915 1.054972 2.889995 0.4118104 1.028567 2.824885 0.4118104 1.082583 2.86864 0.3781915 1.082583 2.86864 0.3781915 1.059924 2.812755 0.3781915 1.054972 2.889995 0.4118104 1.028567 2.824885 0.4118104 1.082583 2.86864 0.3781915 1.167399 2.973624 0.4118104 1.054972 2.889995 0.4118104 1.176791 2.938704 0.3781915 1.176791 2.938704 0.3781915 1.082583 2.86864 0.3781915 1.167399 2.973624 0.4118104 1.054972 2.889995 0.4118104 1.082583 2.86864 -0.3763557 1.059924 2.812755 0.3781915 1.059924 2.812755 -0.3763557 1.082583 2.86864 0.3781915 1.082583 2.86864 0.3781915 1.082583 2.86864 -0.3763557 1.059924 2.812755 0.3781915 1.059924 2.812755 -0.3763557 1.166003 2.978805 -0.4149604 1.082583 2.86864 -0.3763557 1.050875 2.893165 -0.4149604 1.176791 2.938704 -0.3763557 1.176791 2.938704 -0.3763557 1.166003 2.978805 -0.4149604 1.082583 2.86864 -0.3763557 1.050875 2.893165 -0.4149604 -0.4521459 3.705882 0.3781915 1.082583 3.705882 -0.3763557 -0.4521459 3.705882 -0.3763557 1.082583 3.705882 0.3781915 1.082583 3.705882 0.3781915 -0.4521459 3.705882 0.3781915 1.082583 3.705882 -0.3763557 -0.4521459 3.705882 -0.3763557 1.082583 3.705882 -0.3763557 1.269892 3.608318 -0.4149604 1.076823 3.667278 -0.4149604 1.282473 3.644843 -0.3763557 1.282473 3.644843 -0.3763557 1.082583 3.705882 -0.3763557 1.269892 3.608318 -0.4149604 1.076823 3.667278 -0.4149604 2.730914 2.402763 -0.4149604 2.840121 2.271537 -0.3763557 2.708415 2.371379 -0.3763557 2.840426 2.319755 -0.4149604 2.859721 2.296001 -0.4076896 2.864268 2.301677 -0.4149604 2.864268 2.301677 -0.4149604 2.840426 2.319755 -0.4149604 2.859721 2.296001 -0.4076896 2.840121 2.271537 -0.3763557 2.730914 2.402763 -0.4149604 2.708415 2.371379 -0.3763557 2.966311 2.164794 -0.3763557 2.840121 2.271537 -0.3763557 2.859721 2.296001 -0.4076896 2.859721 2.296001 -0.4076896 2.840121 2.271537 -0.3763557 2.966311 2.164794 -0.3763557 2.866877 2.348632 -0.3763557 2.834986 2.326442 -0.4149604 2.833567 2.329063 -0.4149604 2.859721 2.296001 -0.4076896 2.966311 2.164794 -0.3763557 2.966311 2.164794 -0.3763557 2.866877 2.348632 -0.3763557 2.859721 2.296001 -0.4076896 2.834986 2.326442 -0.4149604 2.833567 2.329063 -0.4149604 2.754694 2.52497 -0.3763557 2.833567 2.329063 -0.4149604 2.722857 2.503101 -0.4149604 2.866877 2.348632 -0.3763557 2.866877 2.348632 -0.3763557 2.754694 2.52497 -0.3763557 2.833567 2.329063 -0.4149604 2.722857 2.503101 -0.4149604 2.630328 2.692939 -0.3763557 2.722857 2.503101 -0.4149604 2.600115 2.668864 -0.4149604 2.754694 2.52497 -0.3763557 2.754694 2.52497 -0.3763557 2.630328 2.692939 -0.3763557 2.722857 2.503101 -0.4149604 2.600115 2.668864 -0.4149604 2.494379 2.851691 -0.3763557 2.600115 2.668864 -0.4149604 2.465945 2.825538 -0.4149604 2.630328 2.692939 -0.3763557 2.630328 2.692939 -0.3763557 2.494379 2.851691 -0.3763557 2.600115 2.668864 -0.4149604 2.465945 2.825538 -0.4149604 2.347552 3.000426 -0.3763557 2.465945 2.825538 -0.4149604 2.32104 2.972331 -0.4149604 2.494379 2.851691 -0.3763557 2.494379 2.851691 -0.3763557 2.347552 3.000426 -0.3763557 2.465945 2.825538 -0.4149604 2.32104 2.972331 -0.4149604 2.190569 3.138404 -0.3763557 2.32104 2.972331 -0.4149604 2.16611 3.108508 -0.4149604 2.347552 3.000426 -0.3763557 2.347552 3.000426 -0.3763557 2.190569 3.138404 -0.3763557 2.32104 2.972331 -0.4149604 2.16611 3.108508 -0.4149604 2.024233 3.264934 -0.3763557 2.16611 3.108508 -0.4149604 2.001948 3.233382 -0.4149604 2.190569 3.138404 -0.3763557 2.190569 3.138404 -0.3763557 2.024233 3.264934 -0.3763557 2.16611 3.108508 -0.4149604 2.001948 3.233382 -0.4149604 1.849353 3.37939 -0.3763557 2.001948 3.233382 -0.4149604 1.829356 3.346336 -0.4149604 2.024233 3.264934 -0.3763557 2.024233 3.264934 -0.3763557 1.849353 3.37939 -0.3763557 2.001948 3.233382 -0.4149604 1.829356 3.346336 -0.4149604 1.511401 2.930167 -0.4149604 1.665179 2.856021 -0.3763557 1.503939 2.892276 -0.3763557 1.674655 2.893462 -0.4149604 1.674655 2.893462 -0.4149604 1.511401 2.930167 -0.4149604 1.665179 2.856021 -0.3763557 1.503939 2.892276 -0.3763557 1.674655 2.893462 -0.4149604 1.824267 2.81121 -0.3763557 1.665179 2.856021 -0.3763557 1.835726 2.848094 -0.4149604 1.835726 2.848094 -0.4149604 1.674655 2.893462 -0.4149604 1.824267 2.81121 -0.3763557 1.665179 2.856021 -0.3763557 1.835726 2.848094 -0.4149604 1.980731 2.757968 -0.3763557 1.824267 2.81121 -0.3763557 1.994143 2.794181 -0.4149604 1.994143 2.794181 -0.4149604 1.835726 2.848094 -0.4149604 1.980731 2.757968 -0.3763557 1.824267 2.81121 -0.3763557 1.994143 2.794181 -0.4149604 2.134119 2.696437 -0.3763557 1.980731 2.757968 -0.3763557 2.149447 2.731887 -0.4149604 2.149447 2.731887 -0.4149604 1.994143 2.794181 -0.4149604 2.134119 2.696437 -0.3763557 1.980731 2.757968 -0.3763557 2.149447 2.731887 -0.4149604 2.284007 2.626807 -0.3763557 2.134119 2.696437 -0.3763557 2.301211 2.661384 -0.4149604 2.301211 2.661384 -0.4149604 2.149447 2.731887 -0.4149604 2.284007 2.626807 -0.3763557 2.134119 2.696437 -0.3763557 2.301211 2.661384 -0.4149604 2.429965 2.54927 -0.3763557 2.284007 2.626807 -0.3763557 2.448985 2.582877 -0.4149604 2.448985 2.582877 -0.4149604 2.301211 2.661384 -0.4149604 2.429965 2.54927 -0.3763557 2.284007 2.626807 -0.3763557 2.448985 2.582877 -0.4149604 2.571566 2.464042 -0.3763557 2.429965 2.54927 -0.3763557 2.592356 2.496589 -0.4149604 2.592356 2.496589 -0.4149604 2.448985 2.582877 -0.4149604 2.571566 2.464042 -0.3763557 2.429965 2.54927 -0.3763557 2.592356 2.496589 -0.4149604 2.708415 2.371379 -0.3763557 2.571566 2.464042 -0.3763557 2.730914 2.402763 -0.4149604 2.730914 2.402763 -0.4149604 2.592356 2.496589 -0.4149604 2.708415 2.371379 -0.3763557 2.571566 2.464042 -0.3763557 1.050875 2.893165 -0.4149604 1.059924 2.812755 -0.3763557 1.023913 2.826682 -0.4149604 1.082583 2.86864 -0.3763557 1.082583 2.86864 -0.3763557 1.050875 2.893165 -0.4149604 1.059924 2.812755 -0.3763557 1.023913 2.826682 -0.4149604 1.023913 2.826682 -0.4149604 1.039103 2.756164 -0.3763557 1.002658 2.768909 -0.4149604 1.059924 2.812755 -0.3763557 1.059924 2.812755 -0.3763557 1.023913 2.826682 -0.4149604 1.039103 2.756164 -0.3763557 1.002658 2.768909 -0.4149604 1.002658 2.768909 -0.4149604 1.020137 2.698928 -0.3763557 0.9832942 2.710475 -0.4149604 1.039103 2.756164 -0.3763557 1.039103 2.756164 -0.3763557 1.002658 2.768909 -0.4149604 1.020137 2.698928 -0.3763557 0.9832942 2.710475 -0.4149604 0.9832942 2.710475 -0.4149604 1.003039 2.641101 -0.3763557 0.9658381 2.651443 -0.4149604 1.020137 2.698928 -0.3763557 1.020137 2.698928 -0.3763557 0.9832942 2.710475 -0.4149604 1.003039 2.641101 -0.3763557 0.9658381 2.651443 -0.4149604 0.9658381 2.651443 -0.4149604 0.9878413 2.582751 -0.3763557 0.95032 2.591872 -0.4149604 1.003039 2.641101 -0.3763557 1.003039 2.641101 -0.3763557 0.9658381 2.651443 -0.4149604 0.9878413 2.582751 -0.3763557 0.95032 2.591872 -0.4149604 0.95032 2.591872 -0.4149604 0.9745509 2.523929 -0.3763557 0.9367549 2.531821 -0.4149604 0.9878413 2.582751 -0.3763557 0.9878413 2.582751 -0.3763557 0.95032 2.591872 -0.4149604 0.9745509 2.523929 -0.3763557 0.9367549 2.531821 -0.4149604 0.9367549 2.531821 -0.4149604 0.9631907 2.464713 -0.3763557 0.9251582 2.47137 -0.4149604 0.9745509 2.523929 -0.3763557 0.9745509 2.523929 -0.3763557 0.9367549 2.531821 -0.4149604 0.9631907 2.464713 -0.3763557 0.9251582 2.47137 -0.4149604 0.9251582 2.47137 -0.4149604 0.9537684 2.405154 -0.3763557 0.9155299 2.410564 -0.4149604 0.9631907 2.464713 -0.3763557 0.9631907 2.464713 -0.3763557 0.9251582 2.47137 -0.4149604 0.9537684 2.405154 -0.3763557 0.9155299 2.410564 -0.4149604 0.9155299 2.410564 -0.4149604 0.9462764 2.345317 -0.3763557 0.9079005 2.349487 -0.4149604 0.9537684 2.405154 -0.3763557 0.9537684 2.405154 -0.3763557 0.9155299 2.410564 -0.4149604 0.9462764 2.345317 -0.3763557 0.9079005 2.349487 -0.4149604 0.9079005 2.349487 -0.4149604 0.9407527 2.28527 -0.3763557 0.9022548 2.288184 -0.4149604 0.9462764 2.345317 -0.3763557 0.9462764 2.345317 -0.3763557 0.9079005 2.349487 -0.4149604 0.9407527 2.28527 -0.3763557 0.9022548 2.288184 -0.4149604 0.9022548 2.288184 -0.4149604 0.9371821 2.225074 -0.3763557 0.8986079 2.226733 -0.4149604 0.9407527 2.28527 -0.3763557 0.9407527 2.28527 -0.3763557 0.9022548 2.288184 -0.4149604 0.9371821 2.225074 -0.3763557 0.8986079 2.226733 -0.4149604 0.8986079 2.226733 -0.4149604 0.93558 2.164794 -0.3763557 0.8979899 2.203403 -0.4149604 0.9371821 2.225074 -0.3763557 0.9371821 2.225074 -0.3763557 0.8986079 2.226733 -0.4149604 0.93558 2.164794 -0.3763557 0.8979899 2.203403 -0.4149604 0.93558 2.164794 -0.3763557 -0.1195806 2.203403 -0.4149604 0.8979899 2.203403 -0.4149604 -0.1518835 2.164794 -0.3763557 -0.1518835 2.164794 -0.3763557 0.93558 2.164794 -0.3763557 -0.1195806 2.203403 -0.4149604 0.8979899 2.203403 -0.4149604 -0.125379 2.235793 -0.4149604 -0.1518835 2.164794 -0.3763557 -0.1632437 2.228202 -0.3763557 -0.1195806 2.203403 -0.4149604 -0.1195806 2.203403 -0.4149604 -0.125379 2.235793 -0.4149604 -0.1518835 2.164794 -0.3763557 -0.1632437 2.228202 -0.3763557 -0.1396765 2.30022 -0.4149604 -0.1632437 2.228202 -0.3763557 -0.1771978 2.291091 -0.3763557 -0.125379 2.235793 -0.4149604 -0.125379 2.235793 -0.4149604 -0.1396765 2.30022 -0.4149604 -0.1632437 2.228202 -0.3763557 -0.1771978 2.291091 -0.3763557 -0.1566137 2.364017 -0.4149604 -0.1771978 2.291091 -0.3763557 -0.1937231 2.353343 -0.3763557 -0.1396765 2.30022 -0.4149604 -0.1396765 2.30022 -0.4149604 -0.1566137 2.364017 -0.4149604 -0.1771978 2.291091 -0.3763557 -0.1937231 2.353343 -0.3763557 -0.176145 2.427058 -0.4149604 -0.1937231 2.353343 -0.3763557 -0.2127889 2.414874 -0.3763557 -0.1566137 2.364017 -0.4149604 -0.1566137 2.364017 -0.4149604 -0.176145 2.427058 -0.4149604 -0.1937231 2.353343 -0.3763557 -0.2127889 2.414874 -0.3763557 -0.198255 2.489242 -0.4149604 -0.2127889 2.414874 -0.3763557 -0.2343724 2.475562 -0.3763557 -0.176145 2.427058 -0.4149604 -0.176145 2.427058 -0.4149604 -0.198255 2.489242 -0.4149604 -0.2127889 2.414874 -0.3763557 -0.2343724 2.475562 -0.3763557 -0.2228979 2.550468 -0.4149604 -0.2343724 2.475562 -0.3763557 -0.2584204 2.535316 -0.3763557 -0.198255 2.489242 -0.4149604 -0.198255 2.489242 -0.4149604 -0.2228979 2.550468 -0.4149604 -0.2343724 2.475562 -0.3763557 -0.2584204 2.535316 -0.3763557 -0.2500433 2.610633 -0.4149604 -0.2584204 2.535316 -0.3763557 -0.2849096 2.594035 -0.3763557 -0.2228979 2.550468 -0.4149604 -0.2228979 2.550468 -0.4149604 -0.2500433 2.610633 -0.4149604 -0.2584204 2.535316 -0.3763557 -0.2849096 2.594035 -0.3763557 -0.2796301 2.669627 -0.4149604 -0.2849096 2.594035 -0.3763557 -0.3137792 2.651614 -0.3763557 -0.2500433 2.610633 -0.4149604 -0.2500433 2.610633 -0.4149604 -0.2796301 2.669627 -0.4149604 -0.2849096 2.594035 -0.3763557 -0.3137792 2.651614 -0.3763557 -0.3116125 2.727363 -0.4149604 -0.3137792 2.651614 -0.3763557 -0.3449987 2.707954 -0.3763557 -0.2796301 2.669627 -0.4149604 -0.2796301 2.669627 -0.4149604 -0.3116125 2.727363 -0.4149604 -0.3137792 2.651614 -0.3763557 -0.3449987 2.707954 -0.3763557 -0.3459448 2.783729 -0.4149604 -0.3449987 2.707954 -0.3763557 -0.378507 2.762973 -0.3763557 -0.3116125 2.727363 -0.4149604 -0.3116125 2.727363 -0.4149604 -0.3459448 2.783729 -0.4149604 -0.3449987 2.707954 -0.3763557 -0.378507 2.762973 -0.3763557 -0.3825659 2.838637 -0.4149604 -0.378507 2.762973 -0.3763557 -0.4142431 2.816562 -0.3763557 -0.3459448 2.783729 -0.4149604 -0.3459448 2.783729 -0.4149604 -0.3825659 2.838637 -0.4149604 -0.378507 2.762973 -0.3763557 -0.4142431 2.816562 -0.3763557 -0.4135412 2.881202 -0.4149604 -0.4142431 2.816562 -0.3763557 -0.4521459 2.86864 -0.3763557 -0.3825659 2.838637 -0.4149604 -0.3825659 2.838637 -0.4149604 -0.4135412 2.881202 -0.4149604 -0.4142431 2.816562 -0.3763557 -0.4521459 2.86864 -0.3763557 -0.4521459 3.705882 -0.3763557 -0.4135412 2.881202 -0.4149604 -0.4521459 2.86864 -0.3763557 -0.4135412 3.667278 -0.4149604 -0.4135412 3.667278 -0.4149604 -0.4521459 3.705882 -0.3763557 -0.4135412 2.881202 -0.4149604 -0.4521459 2.86864 -0.3763557 -0.4521459 3.705882 -0.3763557 1.076823 3.667278 -0.4149604 -0.4135412 3.667278 -0.4149604 1.082583 3.705882 -0.3763557 1.082583 3.705882 -0.3763557 -0.4521459 3.705882 -0.3763557 1.076823 3.667278 -0.4149604 -0.4135412 3.667278 -0.4149604 -0.4521459 3.705882 0.3781915 -0.4521459 2.86864 -0.3763557 -0.4521459 2.86864 0.3781915 -0.4521459 3.705882 -0.3763557 -0.4521459 3.705882 -0.3763557 -0.4521459 3.705882 0.3781915 -0.4521459 2.86864 -0.3763557 -0.4521459 2.86864 0.3781915 -0.4521459 2.86864 0.3781915 -0.4142431 2.816562 -0.3763557 -0.4142431 2.816562 0.3781915 -0.4521459 2.86864 -0.3763557 -0.4521459 2.86864 -0.3763557 -0.4521459 2.86864 0.3781915 -0.4142431 2.816562 -0.3763557 -0.4142431 2.816562 0.3781915 -0.4142431 2.816562 0.3781915 -0.378507 2.762973 -0.3763557 -0.378507 2.762973 0.3781915 -0.4142431 2.816562 -0.3763557 -0.4142431 2.816562 -0.3763557 -0.4142431 2.816562 0.3781915 -0.378507 2.762973 -0.3763557 -0.378507 2.762973 0.3781915 -0.378507 2.762973 0.3781915 -0.3449987 2.707954 -0.3763557 -0.3449987 2.707954 0.3781915 -0.378507 2.762973 -0.3763557 -0.378507 2.762973 -0.3763557 -0.378507 2.762973 0.3781915 -0.3449987 2.707954 -0.3763557 -0.3449987 2.707954 0.3781915 -0.3449987 2.707954 0.3781915 -0.3137792 2.651614 -0.3763557 -0.3137792 2.651614 0.3781915 -0.3449987 2.707954 -0.3763557 -0.3449987 2.707954 -0.3763557 -0.3449987 2.707954 0.3781915 -0.3137792 2.651614 -0.3763557 -0.3137792 2.651614 0.3781915 -0.3137792 2.651614 0.3781915 -0.2849096 2.594035 -0.3763557 -0.2849096 2.594035 0.3781915 -0.3137792 2.651614 -0.3763557 -0.3137792 2.651614 -0.3763557 -0.3137792 2.651614 0.3781915 -0.2849096 2.594035 -0.3763557 -0.2849096 2.594035 0.3781915 -0.2849096 2.594035 0.3781915 -0.2584204 2.535316 -0.3763557 -0.2584204 2.535316 0.3781915 -0.2849096 2.594035 -0.3763557 -0.2849096 2.594035 -0.3763557 -0.2849096 2.594035 0.3781915 -0.2584204 2.535316 -0.3763557 -0.2584204 2.535316 0.3781915 -0.2584204 2.535316 0.3781915 -0.2343724 2.475562 -0.3763557 -0.2343724 2.475562 0.3781915 -0.2584204 2.535316 -0.3763557 -0.2584204 2.535316 -0.3763557 -0.2584204 2.535316 0.3781915 -0.2343724 2.475562 -0.3763557 -0.2343724 2.475562 0.3781915 -0.2343724 2.475562 0.3781915 -0.2127889 2.414874 -0.3763557 -0.2127889 2.414874 0.3781915 -0.2343724 2.475562 -0.3763557 -0.2343724 2.475562 -0.3763557 -0.2343724 2.475562 0.3781915 -0.2127889 2.414874 -0.3763557 -0.2127889 2.414874 0.3781915 -0.2127889 2.414874 0.3781915 -0.1937231 2.353343 -0.3763557 -0.1937231 2.353343 0.3781915 -0.2127889 2.414874 -0.3763557 -0.2127889 2.414874 -0.3763557 -0.2127889 2.414874 0.3781915 -0.1937231 2.353343 -0.3763557 -0.1937231 2.353343 0.3781915 -0.1937231 2.353343 0.3781915 -0.1771978 2.291091 -0.3763557 -0.1771978 2.291091 0.3781915 -0.1937231 2.353343 -0.3763557 -0.1937231 2.353343 -0.3763557 -0.1937231 2.353343 0.3781915 -0.1771978 2.291091 -0.3763557 -0.1771978 2.291091 0.3781915 -0.1771978 2.291091 0.3781915 -0.1632437 2.228202 -0.3763557 -0.1632437 2.228202 0.3781915 -0.1771978 2.291091 -0.3763557 -0.1771978 2.291091 -0.3763557 -0.1771978 2.291091 0.3781915 -0.1632437 2.228202 -0.3763557 -0.1632437 2.228202 0.3781915 -0.1632437 2.228202 0.3781915 -0.1518835 2.164794 -0.3763557 -0.1518835 2.164794 0.3781915 -0.1632437 2.228202 -0.3763557 -0.1632437 2.228202 -0.3763557 -0.1632437 2.228202 0.3781915 -0.1518835 2.164794 -0.3763557 -0.1518835 2.164794 0.3781915 0.93558 2.164794 0.3781915 -0.1518835 2.164794 -0.3763557 0.93558 2.164794 -0.3763557 -0.1518835 2.164794 0.3781915 -0.1518835 2.164794 0.3781915 0.93558 2.164794 0.3781915 -0.1518835 2.164794 -0.3763557 0.93558 2.164794 -0.3763557 0.9371821 2.225074 -0.3763557 0.93558 2.164794 0.3781915 0.93558 2.164794 -0.3763557 0.9371821 2.225074 0.3781915 0.9371821 2.225074 0.3781915 0.9371821 2.225074 -0.3763557 0.93558 2.164794 0.3781915 0.93558 2.164794 -0.3763557 0.9407527 2.28527 -0.3763557 0.9371821 2.225074 0.3781915 0.9371821 2.225074 -0.3763557 0.9407527 2.28527 0.3781915 0.9407527 2.28527 0.3781915 0.9407527 2.28527 -0.3763557 0.9371821 2.225074 0.3781915 0.9371821 2.225074 -0.3763557 0.9462764 2.345317 -0.3763557 0.9407527 2.28527 0.3781915 0.9407527 2.28527 -0.3763557 0.9462764 2.345317 0.3781915 0.9462764 2.345317 0.3781915 0.9462764 2.345317 -0.3763557 0.9407527 2.28527 0.3781915 0.9407527 2.28527 -0.3763557 0.9537684 2.405154 -0.3763557 0.9462764 2.345317 0.3781915 0.9462764 2.345317 -0.3763557 0.9537684 2.405154 0.3781915 0.9537684 2.405154 0.3781915 0.9537684 2.405154 -0.3763557 0.9462764 2.345317 0.3781915 0.9462764 2.345317 -0.3763557 0.9631907 2.464713 -0.3763557 0.9537684 2.405154 0.3781915 0.9537684 2.405154 -0.3763557 0.9631907 2.464713 0.3781915 0.9631907 2.464713 0.3781915 0.9631907 2.464713 -0.3763557 0.9537684 2.405154 0.3781915 0.9537684 2.405154 -0.3763557 0.9745509 2.523929 -0.3763557 0.9631907 2.464713 0.3781915 0.9631907 2.464713 -0.3763557 0.9745509 2.523929 0.3781915 0.9745509 2.523929 0.3781915 0.9745509 2.523929 -0.3763557 0.9631907 2.464713 0.3781915 0.9631907 2.464713 -0.3763557 0.9878413 2.582751 -0.3763557 0.9745509 2.523929 0.3781915 0.9745509 2.523929 -0.3763557 0.9878413 2.582751 0.3781915 0.9878413 2.582751 0.3781915 0.9878413 2.582751 -0.3763557 0.9745509 2.523929 0.3781915 0.9745509 2.523929 -0.3763557 1.003039 2.641101 -0.3763557 0.9878413 2.582751 0.3781915 0.9878413 2.582751 -0.3763557 1.003039 2.641101 0.3781915 1.003039 2.641101 0.3781915 1.003039 2.641101 -0.3763557 0.9878413 2.582751 0.3781915 0.9878413 2.582751 -0.3763557 1.020137 2.698928 -0.3763557 1.003039 2.641101 0.3781915 1.003039 2.641101 -0.3763557 1.020137 2.698928 0.3781915 1.020137 2.698928 0.3781915 1.020137 2.698928 -0.3763557 1.003039 2.641101 0.3781915 1.003039 2.641101 -0.3763557 1.039103 2.756164 -0.3763557 1.020137 2.698928 0.3781915 1.020137 2.698928 -0.3763557 1.039103 2.756164 0.3781915 1.039103 2.756164 0.3781915 1.039103 2.756164 -0.3763557 1.020137 2.698928 0.3781915 1.020137 2.698928 -0.3763557 1.059924 2.812755 -0.3763557 1.039103 2.756164 0.3781915 1.039103 2.756164 -0.3763557 1.059924 2.812755 0.3781915 1.059924 2.812755 0.3781915 1.059924 2.812755 -0.3763557 1.039103 2.756164 0.3781915 1.039103 2.756164 -0.3763557</float_array>
          <technique_common>
            <accessor source="#ID64-mesh-positions-array" count="8554" stride="3">
              <param name="X" type="float"/>
              <param name="Y" type="float"/>
              <param name="Z" type="float"/>
            </accessor>
          </technique_common>
        </source>
        <source id="ID64-mesh-normals">
          <float_array id="ID64-mesh-normals-array" count="11133">-0.1069009 0.1208245 -0.9869011 -0.1069158 0.1208094 -0.9869013 -0.1078948 0.3573487 -0.927718 -0.1078262 0.357418 -0.9276993 -0.1078263 0.3574174 -0.9276996 -0.06651312 0.1212375 -0.9903926 -0.06646293 0.1212881 -0.9903898 -0.06646293 0.1212879 -0.9903899 0.1069158 0.1208153 0.9869006 0.1069107 0.1208094 0.9869019 0.1069107 0.1208094 0.9869019 0.1069158 0.1208153 0.9869006 -0.1471524 0.1202202 -0.9817807 -0.147177 0.1201977 -0.9817798 -0.1471524 0.1202206 -0.9817807 -0.109572 0.577392 -0.8090813 -0.1095894 0.5773789 -0.8090882 -0.06707912 0.3587 -0.9310396 -0.06711024 0.3586742 -0.9310473 -0.1484091 0.3554892 -0.922823 -0.1484361 0.3554655 -0.9228278 -0.1484358 0.3554655 -0.9228278 -0.1484092 0.3554886 -0.9228232 -0.02594351 0.1215156 -0.9922505 -0.02600264 0.1214548 -0.9922564 0.06646281 0.1212379 0.990396 0.06650489 0.121279 0.9903882 0.06650489 0.1212789 0.9903882 0.06646281 0.121238 0.990396 0.107855 0.3573646 0.9277166 0.1078704 0.3573774 0.9277097 0.1078708 0.3573771 0.9277098 0.1078547 0.3573646 0.9277166 0.1471761 0.1202157 0.9817777 0.1471478 0.120189 0.9817852 0.1471478 0.1201891 0.9817852 0.1471761 0.1202158 0.9817777 -0.1870784 0.119416 -0.9750598 -0.1870967 0.1193976 -0.9750585 -0.1870967 0.1193973 -0.9750585 -0.1870784 0.1194163 -0.9750597 -0.1116158 0.7665221 -0.6324445 -0.111612 0.7665179 -0.6324501 -0.1116122 0.7665181 -0.6324499 -0.1116158 0.7665219 -0.6324446 -0.06811016 0.5795294 -0.8121002 -0.06813681 0.5795072 -0.8121138 -0.06811022 0.5795288 -0.8121006 -0.1507138 0.5742418 -0.8046936 -0.1507 0.5742589 -0.804684 -0.02619987 0.3593587 -0.9328317 -0.02616649 0.3593932 -0.9328193 -0.02616649 0.3593935 -0.9328192 -0.1887078 0.3529869 -0.9164004 -0.1886806 0.3530145 -0.9163953 0.01456308 0.1214832 -0.9924867 0.01463949 0.1215608 -0.9924761 0.02600312 0.1215076 0.9922499 0.02595096 0.1214555 0.9922576 0.02595096 0.1214556 0.9922576 0.0670858 0.3586663 0.9310521 0.06709384 0.3586747 0.9310483 0.06709384 0.3586744 0.9310485 0.0670858 0.358666 0.9310522 0.109549 0.5773935 0.8090834 0.1095737 0.5774145 0.8090651 0.1095489 0.577394 0.809083 0.1484209 0.3554905 0.9228206 0.1484088 0.3554767 0.9228278 0.1870964 0.1194067 0.9750575 0.1870823 0.1193937 0.9750617 0.1870823 0.1193938 0.9750617 0.1870964 0.1194068 0.9750575 -0.2267907 0.1183438 -0.9667268 -0.2267382 0.1183958 -0.9667328 -0.2267382 0.1183955 -0.9667329 -0.06940132 0.7694758 -0.6348941 -0.06940782 0.7694815 -0.6348865 -0.0694077 0.7694817 -0.6348863 -0.06940132 0.7694757 -0.6348943 -0.1534863 0.7622001 -0.6288823 -0.1534914 0.7622016 -0.6288794 -0.1534914 0.7622018 -0.6288791 -0.1534866 0.7622 -0.6288825 -0.1134526 0.9075837 -0.4042529 -0.1134834 0.9075933 -0.4042227 -0.1134834 0.9075933 -0.4042226 -0.1134526 0.9075836 -0.4042531 -0.02661651 0.5806527 -0.8137163 -0.02660489 0.5806596 -0.8137117 -0.1915944 0.5701093 -0.7989162 -0.1915788 0.5701179 -0.7989137 -0.1915941 0.5701093 -0.7989162 0.01473528 0.3594745 -0.9330385 0.01467627 0.3594213 -0.93306 -0.2286556 0.3499654 -0.9084277 -0.2287074 0.3499185 -0.9084327 0.05511873 0.1213904 -0.9910734 0.05511397 0.1213845 -0.9910744 0.05511397 0.1213844 -0.9910743 0.05511873 0.1213904 -0.9910734 -0.01464009 0.121483 0.9924857 -0.01457709 0.121547 0.9924787 0.02619111 0.3593589 0.9328319 0.0262112 0.3593783 0.9328238 0.02619111 0.3593585 0.9328321 0.06815898 0.5795586 0.8120753 0.06808865 0.5795033 0.8121207 0.1116133 0.7665008 0.6324707 0.1116124 0.7665003 0.6324714 0.1506999 0.5742296 0.8047049 0.1507364 0.5742529 0.8046814 0.1507363 0.5742534 0.8046811 0.1886937 0.3530004 0.9163981 0.1887086 0.3530101 0.9163913 0.1887086 0.3530104 0.9163911 0.226738 0.1183423 0.9667394 0.2267895 0.1183854 0.9667221 -0.265935 0.1171342 -0.9568482 -0.2659333 0.1171343 -0.9568485 -0.2659333 0.1171346 -0.9568485 -0.265935 0.1171339 -0.9568481 -0.02712798 0.7710588 -0.6361859 -0.02712017 0.7710518 -0.6361948 -0.02712017 0.771052 -0.6361945 -0.02712804 0.771059 -0.6361857 -0.07058626 0.9112059 -0.4058589 -0.07057547 0.9112049 -0.4058631 -0.07057553 0.9112049 -0.4058631 -0.07058632 0.9112059 -0.4058591 -0.1950705 0.7565229 -0.6241961 -0.1950917 0.7565347 -0.6241752 -0.1950919 0.7565345 -0.6241753 -0.1950706 0.7565228 -0.6241961 -0.1560532 0.9023027 -0.4018674 -0.1560324 0.9022986 -0.4018845 -0.1560323 0.9022987 -0.4018844 -0.1560533 0.9023026 -0.4018676 -0.1145486 0.9836083 -0.1392606 -0.1145567 0.983609 -0.1392481 -0.1145567 0.9836091 -0.1392481 0.01497358 0.5807965 -0.8139111 0.0149703 0.5808015 -0.8139076 -0.2320799 0.565016 -0.7917676 -0.2320851 0.5650064 -0.7917729 -0.2320848 0.5650064 -0.791773 0.05562651 0.3589025 -0.9317161 0.05561906 0.3588928 -0.9317202 -0.2681545 0.3462998 -0.8989826 -0.2681242 0.3463268 -0.8989812 -0.2681242 0.3463263 -0.8989815 -0.09555882 -0.1210141 0.9880405 -0.09553289 -0.1209878 0.9880463 -0.09553289 -0.1209879 0.9880463 -0.09555888 -0.1210141 0.9880406 -0.05511403 0.121375 0.9910755 -0.0551126 0.1213765 0.9910754 -0.01471865 0.3594623 0.9330436 -0.01472604 0.359458 0.9330451 0.02662283 0.5806462 0.8137207 0.0266214 0.5806451 0.8137215 0.06940102 0.7694725 0.634898 0.06937879 0.7694619 0.6349135 0.1134895 0.9075938 0.4042198 0.1134814 0.9075936 0.4042227 0.1134815 0.9075936 0.4042227 0.1534566 0.7621828 0.6289105 0.1535201 0.7622182 0.6288523 0.1534564 0.7621828 0.6289105 0.1915798 0.570111 0.7989186 0.1915705 0.5701028 0.7989265 0.1915705 0.5701032 0.7989263 0.1915798 0.5701105 0.7989189 0.2286924 0.3499645 0.9084188 0.228653 0.349932 0.9084412 0.2286924 0.3499643 0.9084188 0.2659348 0.1171271 0.956849 0.2659391 0.1171308 0.9568474 -0.3047313 0.1157692 -0.9453763 -0.3047807 0.1157283 -0.9453654 -0.3047807 0.1157286 -0.9453654 -0.3047313 0.1157687 -0.9453765 0.01522141 0.7712537 -0.6363459 0.01526612 0.7712827 -0.6363098 -0.02759492 0.9131403 -0.4067105 -0.02759075 0.9131371 -0.406718 -0.02759081 0.913137 -0.4067181 -0.02759492 0.9131402 -0.4067105 -0.07130742 0.9876067 -0.1398152 -0.07129377 0.9876066 -0.1398236 -0.07129377 0.9876066 -0.1398236 -0.236235 0.749524 -0.6183905 -0.2362293 0.7495205 -0.618397 -0.2362293 0.7495206 -0.6183969 -0.2362349 0.7495242 -0.6183905 -0.1982523 0.8953557 -0.3987911 -0.1982533 0.8953552 -0.3987915 -0.1982532 0.8953553 -0.3987914 -0.1982523 0.8953556 -0.3987911 -0.1575529 0.977761 -0.1384214 -0.1575931 0.9777604 -0.1383804 -0.1575931 0.9777604 -0.1383803 -0.1145464 0.9836095 0.1392538 -0.1145487 0.983609 0.1392549 -0.1145487 0.983609 0.1392549 0.05648046 0.5799342 -0.8127031 0.0564866 0.5799424 -0.8126969 -0.2720922 0.5589446 -0.7832924 -0.2720776 0.5589619 -0.783285 -0.2720926 0.5589437 -0.7832928 0.09636551 0.3577783 -0.928821 0.09640425 0.3578125 -0.9288038 -0.3071975 0.3420777 -0.8880387 -0.3071914 0.3420826 -0.8880389 -0.1357511 -0.1204186 0.9833977 -0.1357524 -0.1204195 0.9833974 -0.1357524 -0.1204195 0.9833974 -0.1357511 -0.1204187 0.9833977 -0.09553211 0.1210057 0.9880442 -0.09555178 0.120987 0.9880446 -0.09553211 0.1210055 0.9880442 -0.05560171 0.35894 0.931703 -0.05566078 0.3588798 0.9317228 -0.01495563 0.5807849 0.8139198 -0.01498019 0.5807631 0.8139348 0.02712815 0.7710496 0.6361971 0.02712738 0.7710488 0.6361982 0.07058888 0.9112225 0.4058215 0.07057541 0.9112213 0.4058262 0.1145768 0.9836084 0.1392356 0.1145961 0.9836028 0.1392599 0.114596 0.9836028 0.1392598 0.1145768 0.9836084 0.1392356 0.1560174 0.9023077 0.4018699 0.1559986 0.9023035 0.4018865 0.1951013 0.7565352 0.6241716 0.1950631 0.7565227 0.6241986 0.2320861 0.5650184 0.7917641 0.2320741 0.5650096 0.7917739 0.2681397 0.3463028 0.8989859 0.2681679 0.3463208 0.8989706 0.2681679 0.3463205 0.8989706 0.2681397 0.3463031 0.8989857 0.3047779 0.1157674 0.9453615 0.3047201 0.1157233 0.9453855 -0.8974398 0.05359905 -0.4378688 -0.8974084 0.05362755 -0.4379296 -0.8974085 0.05362629 -0.4379296 -0.8974398 0.05359846 -0.4378688 0.01553279 0.9133763 -0.4068199 0.01548868 0.9133576 -0.4068638 0.05757224 0.7700915 -0.6353303 0.05754601 0.7700751 -0.6353526 0.05757242 0.7700915 -0.6353303 -0.02789378 0.989744 -0.1401023 -0.02789115 0.9897418 -0.1401196 -0.02789109 0.9897418 -0.1401195 -0.02789378 0.989744 -0.1401023 -0.07129371 0.9876073 0.1398178 -0.07130736 0.9876076 0.1398091 -0.2768617 0.7412 -0.6115311 -0.2768431 0.741196 -0.6115443 -0.2768431 0.7411959 -0.6115444 -0.2768619 0.7411996 -0.6115314 -0.24 0.8867888 -0.3949754 -0.2400034 0.8867881 -0.3949753 -0.2400034 0.886788 -0.3949754 -0.24 0.8867889 -0.3949756 -0.2001715 0.970094 -0.1372923 -0.200154 0.9700942 -0.1373164 -0.200154 0.9700942 -0.1373164 -0.1575982 0.9777595 0.1383802 -0.1575528 0.9777603 0.1384268 -0.1575528 0.9777603 0.1384268 -0.1575983 0.9777595 0.1383802 -0.1134684 0.907595 0.4042233 -0.1134218 0.9075803 0.4042692 0.09787958 0.5780789 -0.8100891 0.09788745 0.578085 -0.8100839 0.09788745 0.5780848 -0.8100841 0.09787958 0.5780787 -0.8100892 -0.3115705 0.5519624 -0.7734737 -0.3115914 0.5519437 -0.7734786 0.1369606 0.3561 -0.9243563 0.1369261 0.3560718 -0.9243723 0.1369261 0.3560719 -0.9243723 0.1369606 0.3560999 -0.9243564 -0.8989495 0.1574781 -0.4087669 -0.8989719 0.1574467 -0.4087299 -0.8989499 0.1574759 -0.4087671 -1 -5.53577e-6 0 -1 2.83138e-6 0 -1 0 0 -1 6.14203e-7 0 -1 -8.68618e-7 0 -1 0 0 -1 0 0 -1 -3.53852e-7 0 -1 -4.12496e-7 0 -1 7.80885e-7 0 -1 -7.33228e-7 0 -1 9.34639e-7 0 -1 -4.76205e-7 0 -1 -4.34336e-7 0 -1 4.88504e-7 0 -1 -1.88741e-6 0 -1 5.53405e-6 0 -1 -3.77481e-6 0 -1 -8.68673e-7 0 -1 -8.37974e-7 0 -1 -7.54278e-7 0 -1 3.77517e-6 0 -0.1357526 0.1204185 0.9833975 -0.1357555 0.1204155 0.9833975 -0.1357555 0.1204156 0.9833975 -0.09638488 0.3577638 0.9288246 -0.09634113 0.3578068 0.9288126 -0.05654203 0.5798998 0.8127233 -0.05645799 0.5799752 0.8126754 -0.01524341 0.7712441 0.636357 -0.01527523 0.7712669 0.6363285 -0.01527535 0.771267 0.6363285 -0.01524335 0.7712441 0.6363571 0.02756685 0.9131457 0.4067 0.02759087 0.9131561 0.4066752 0.07130724 0.9876055 0.1398234 0.07129615 0.9876084 0.139809 0.07129609 0.9876084 0.139809 0.1575552 0.9777631 0.1384044 0.1575551 0.9777616 0.1384155 0.157555 0.9777616 0.1384153 0.1145856 0.9836066 -0.139241 0.1145765 0.9836059 -0.1392544 0.1982519 0.8953536 0.3987961 0.1982885 0.895363 0.3987564 0.1982882 0.8953634 0.398756 0.236261 0.7495004 0.6184092 0.2362251 0.7494857 0.6184408 0.2362254 0.7494856 0.6184408 0.2720971 0.5589339 0.7832983 0.2721375 0.5589553 0.7832689 0.3071666 0.3420635 0.8880549 0.3071978 0.3420818 0.888037 0.3071978 0.3420816 0.8880371 0.3071665 0.3420637 0.8880547 -0.89741 -0.05362653 -0.4379265 -0.8974413 -0.05359643 -0.4378659 -0.8974416 -0.05359637 -0.4378654 0 -0.1215019 0.9925912 0 -0.1215023 0.9925912 0.01569408 0.9900069 -0.1401436 0.01569527 0.9900068 -0.1401445 0.01569527 0.9900068 -0.1401446 0.01569408 0.9900069 -0.1401436 0.05847632 0.9119063 -0.4062114 0.05853092 0.9119267 -0.4061576 0.09971064 0.7675099 -0.6332349 0.09971415 0.767512 -0.6332318 -0.02790182 0.9897423 0.1401138 -0.02789372 0.9897432 0.140108 -0.02790176 0.9897423 0.1401138 -0.07059097 0.9111969 0.4058784 -0.07058578 0.9111923 0.4058895 -0.3168889 0.7315889 -0.6036218 -0.316886 0.7315882 -0.603624 -0.3168889 0.731589 -0.6036216 -0.2811898 0.87663 -0.3904513 -0.281199 0.8766311 -0.3904423 -0.2811988 0.8766313 -0.3904421 -0.2811898 0.8766301 -0.3904511 -0.2422739 0.9606326 -0.1359724 -0.2422627 0.9606339 -0.1359834 -0.2422629 0.9606338 -0.1359836 -0.2001494 0.9700944 0.1373216 -0.2001712 0.9700941 0.1372922 -0.1560319 0.902293 0.4018975 -0.1560685 0.9023004 0.4018666 -0.1115645 0.7665215 0.632454 -0.1115927 0.7665408 0.6324257 -0.1115647 0.7665215 0.632454 0.139088 0.5752271 -0.8060821 0.1390793 0.5752224 -0.806087 0.1390883 0.575227 -0.8060821 -0.9016287 0.2512359 -0.3520601 -0.9016278 0.2512345 -0.3520634 0 0.3594939 -0.9331475 -0.1439824 0.9039582 -0.4026522 -0.1440184 0.90397 -0.4026128 -0.1439825 0.9039582 -0.4026522 -0.1454291 0.9796019 -0.1386742 -0.1454136 0.9796022 -0.1386886 -0.1454291 0.9796019 -0.1386742 -0.1454136 0.9796021 0.1386888 -0.1454291 0.9796019 0.1386743 -0.1454291 0.9796019 0.1386743 -0.1440183 0.90397 0.4026128 -0.1439825 0.9039582 0.4026522 -0.1440184 0.90397 0.4026128 -0.1416348 0.7635546 0.630019 -0.1416739 0.7635806 0.6299789 -0.141674 0.7635806 0.6299789 -0.1416347 0.7635548 0.630019 -0.1391028 0.5752315 0.8060765 -0.1390926 0.5752376 0.8060739 -0.1391028 0.5752317 0.8060762 -0.1369371 0.3560934 0.9243624 -0.1369724 0.3560543 0.9243721 -0.1369727 0.3560543 0.9243721 0.1416949 0.7635719 -0.6299847 0.141667 0.763561 -0.630004 0.1416667 0.7635611 -0.6300039 0.1416947 0.7635719 -0.6299847 0.1440173 0.903954 -0.4026489 0.1440522 0.9039644 -0.4026133 0.1454123 0.9796102 -0.1386334 0.145429 0.979606 -0.1386457 0.145429 0.979606 -0.1386457 0.1454284 0.9796078 0.138633 0.1454122 0.9796084 0.138646 0.1454284 0.9796078 0.138633 0.144052 0.9039644 0.4026133 0.1440172 0.9039541 0.4026488 0.1440172 0.903954 0.4026489 0.144052 0.9039644 0.4026133 0.1416673 0.7635458 0.6300225 0.1416941 0.7635566 0.6300033 0.141694 0.7635566 0.6300033 0.1416673 0.7635458 0.6300225 0.1390491 0.5752556 0.8060684 0.1390874 0.5752217 0.8060861 0.136961 0.3560691 0.9243682 0.1369251 0.356101 0.9243612 0.1369254 0.356101 0.9243612 0.1369606 0.3560692 0.9243682 -0.1357525 -0.1204181 -0.9833976 -0.1357882 -0.1203847 -0.9833968 -0.1357882 -0.1203846 -0.9833968 -0.1357932 0.1204183 -0.9833919 -0.1357527 0.1203805 -0.9834021 -0.1357527 0.1203805 -0.9834021 -0.1357932 0.1204183 -0.9833919 -0.1369407 0.3560603 -0.9243746 -0.1369699 0.3560855 -0.9243605 -0.1369699 0.3560857 -0.9243605 -0.1369407 0.3560602 -0.9243746 -0.1390947 0.5752575 -0.8060592 -0.1390712 0.5752393 -0.8060763 -0.1416743 0.7635649 -0.6299976 -0.1416338 0.7635394 -0.6300377 -0.1416339 0.7635394 -0.6300377 -0.1416745 0.7635651 -0.6299974 -0.09784775 0.5781126 0.8100689 -0.09787476 0.5780909 0.8100813 -0.05755054 0.7700799 0.6353464 -0.05751496 0.7700551 0.6353796 -0.05751502 0.7700551 0.6353797 -0.05755054 0.77008 0.6353462 -0.0155068 0.9133815 0.4068095 -0.01551461 0.9133859 0.406799 -0.01551455 0.9133861 0.406799 -0.01550674 0.9133815 0.4068092 0.02785623 0.9897435 0.1401133 0.02786076 0.9897432 0.1401153 0.02786076 0.9897432 0.1401153 0.07129609 0.9876072 -0.1398178 0.07130742 0.9876084 -0.1398028 0.07129609 0.9876072 -0.1398178 0.2001408 0.9700977 0.1373112 0.2001554 0.9700923 0.1373277 0.2001557 0.9700922 0.1373279 0.1575598 0.9777607 -0.1384159 0.1575555 0.9777624 -0.1384086 0.1575598 0.9777607 -0.1384159 0.1134664 0.9075951 -0.4042235 0.1134586 0.9075905 -0.4042358 0.1134586 0.9075905 -0.4042359 0.1134664 0.9075951 -0.4042233 0.2400348 0.8867916 0.3949482 0.2400358 0.8867943 0.3949413 0.240035 0.8867913 0.3949487 0.2768032 0.7411776 0.6115848 0.2768976 0.7412106 0.611502 0.2768981 0.74121 0.6115025 0.2768034 0.741177 0.6115854 0.3115915 0.5519591 0.7734674 0.3115522 0.5519368 0.7734993 -0.8989788 -0.1574332 -0.4087199 -0.8989434 -0.1574813 -0.4087793 -0.8989434 -0.1574802 -0.4087796 0 0.1214993 0.9925916 0 0.1214986 0.9925916 -0.7216934 -0.08410525 0.6870844 -0.7216336 -0.08414733 0.687142 -0.7216336 -0.08414936 0.687142 -0.7216933 -0.08410531 0.6870846 0.0590527 0.9884029 -0.1399016 0.05907154 0.988399 -0.1399213 0.05907154 0.988399 -0.1399213 0.0590527 0.9884029 -0.1399016 0.01569527 0.9900069 0.140143 0.01569408 0.990005 0.1401567 0.01569402 0.990005 0.1401567 0.01569527 0.9900069 0.140143 0.1014336 0.9087819 -0.4047551 0.1013973 0.9087677 -0.4047961 -0.02757549 0.9131238 0.4067488 -0.02762585 0.9131464 0.4066945 -0.06945562 0.7694947 0.6348652 -0.0694251 0.7694744 0.6348932 -0.904726 0.328599 -0.2710972 -0.9047482 0.3285475 -0.2710856 -0.9047259 0.3285992 -0.2710974 -0.3217158 0.8649259 -0.3852303 -0.3217192 0.8649284 -0.3852215 -0.3217192 0.8649284 -0.3852216 -0.3217159 0.8649257 -0.3852304 -0.2837862 0.9494221 -0.1343984 -0.2837914 0.949423 -0.1343824 -0.2837915 0.9494228 -0.1343824 -0.2422634 0.960633 0.1359884 -0.2422735 0.960632 0.1359771 -0.2422734 0.960632 0.1359771 -0.2422634 0.960633 0.1359884 -0.1982677 0.8953584 0.3987773 -0.1982376 0.895352 0.3988065 -0.1982678 0.8953584 0.3987773 -0.1534914 0.7622018 0.6288791 -0.1534861 0.7622 0.6288825 -0.1095878 0.5774164 0.8090617 -0.1095111 0.5773582 0.8091136 -0.1095111 0.5773577 0.809114 0 0.5808732 -0.8139941 0 0.5808746 -0.8139931 -0.7246949 -0.2477143 0.6430047 -0.7247383 -0.2476786 0.6429696 -0.7247384 -0.2476785 0.6429694 -0.7246947 -0.2477144 0.6430048 -0.1014103 0.9087824 -0.4047601 -0.101373 0.9087688 -0.4047996 -0.1023609 0.9849258 -0.1394404 -0.1023919 0.9849276 -0.1394044 -0.1023919 0.9849276 -0.1394044 -0.1023921 0.9849284 0.139399 -0.1023555 0.9849263 0.1394404 -0.1023555 0.9849262 0.1394404 -0.1023921 0.9849284 0.139399 -0.1013578 0.9087701 0.4048007 -0.1013949 0.908784 0.4047601 -0.1013949 0.908784 0.4047601 -0.1013578 0.9087701 0.4048006 -0.09970831 0.7674888 0.6332609 -0.09970706 0.7674885 0.6332613 -0.09970712 0.7674887 0.6332612 -0.09970831 0.7674887 0.633261 0.1024314 0.9849246 -0.1393966 0.1024362 0.9849221 -0.1394109 0.1024362 0.9849221 -0.1394109 0.1024414 0.9849227 0.1394025 0.1024312 0.9849228 0.1394101 0.1024415 0.9849228 0.1394026 0.1014127 0.9087661 0.4047959 0.101449 0.9087806 0.4047543 0.1014489 0.9087806 0.4047542 0.1014127 0.908766 0.404796 0.09971439 0.7674959 0.6332513 0.09973436 0.7675083 0.6332331 0.09973436 0.7675084 0.6332329 0.09971433 0.7674961 0.6332512 0.09791827 0.5780768 0.8100861 0.09788012 0.5781101 0.8100669 0.09636962 0.3578099 0.9288085 0.09639996 0.3577814 0.9288163 0.0963999 0.3577817 0.9288161 -0.09553283 -0.1209759 -0.9880478 -0.09552115 -0.120989 -0.9880473 -0.09552115 -0.120989 -0.9880473 -0.09553283 -0.1209759 -0.9880478 -0.09551256 0.1209682 -0.9880506 -0.09553301 0.1209874 -0.9880463 -0.09551328 0.1209682 -0.9880506 -0.09637612 0.3577976 -0.9288125 -0.09634864 0.3577733 -0.9288247 -0.09634822 0.3577733 -0.9288247 -0.0963757 0.3577979 -0.9288124 -0.09787553 0.578114 -0.8100647 -0.09787833 0.5781135 -0.8100646 -0.09787839 0.5781133 -0.8100647 -0.09787559 0.5781137 -0.8100648 -0.09970736 0.7674728 -0.6332805 -0.0997318 0.7674872 -0.6332591 -0.05855011 0.9119262 0.4061559 -0.05850517 0.9119116 0.4061951 -0.05850517 0.9119115 0.4061952 -0.05855005 0.9119262 0.4061558 -0.01561897 0.990006 0.1401576 -0.01566702 0.9900136 0.1400988 -0.01566702 0.9900136 0.1400989 0.02787137 0.989744 -0.1401075 0.02785617 0.9897425 -0.140121 0.02787137 0.989744 -0.1401076 0.07059085 0.9112133 -0.4058415 0.0705884 0.911209 -0.4058519 0.07058835 0.9112089 -0.4058519 0.07059091 0.9112133 -0.4058416 0.2423099 0.960623 0.1359764 0.2423009 0.9606259 0.1359717 0.2423012 0.9606258 0.1359718 0.2001494 0.9700943 -0.1373217 0.2001413 0.9700959 -0.137322 0.2001494 0.9700944 -0.1373216 0.1559982 0.9022977 -0.4018998 0.1560326 0.9023056 -0.4018689 0.1560326 0.9023056 -0.4018689 0.1559982 0.9022977 -0.4018996 0.111565 0.7665038 -0.6324755 0.11159 0.7665199 -0.6324515 0.11159 0.7665198 -0.6324518 0.1115651 0.7665038 -0.6324755 0.2811574 0.8766505 0.3904286 0.2811335 0.8766487 0.3904499 0.2811573 0.8766505 0.3904286 0.3168898 0.7316151 0.6035895 0.3168669 0.7316111 0.6036064 -0.9016188 -0.2512468 -0.3520776 -0.9016188 -0.2512464 -0.3520778 -0.9016185 -0.2512476 -0.3520778 -0.9016192 -0.2512456 -0.3520777 0 0.359493 0.9331478 0 0.3594948 0.9331471 -0.7216349 0.0841102 0.6871452 -0.7216989 0.08413684 0.6870747 -0.7216984 0.08413791 0.6870752 -1 -8.11001e-6 0 -1 6.67072e-7 0 -1 -1.73109e-6 0 -1 1.84902e-6 0 -1 2.59652e-6 0 -1 -8.56353e-6 0 -1 1.35661e-5 0 -1 -4.62739e-6 0 -1 1.63394e-6 0 -1 -2.66822e-6 0 -1 0 9.15583e-5 -0.08914601 0 0.9960186 -1 2.66829e-6 0 -1 -8.1077e-6 0 -1 -4.28126e-6 0 -1 3.21132e-6 0 -1 -2.31146e-6 0 -1 2.31133e-6 0 -1 -2.77349e-6 0 -1 4.28168e-6 0 -1 -8.56353e-6 0 -1 3.07955e-6 0 -1 -8.56252e-6 0 -1 -4.79056e-6 0 -1 -9.25478e-6 0 -1 2.71322e-5 0 -1 3.46203e-6 0 -1 3.69804e-6 0 0.05907154 0.988401 0.1399073 0.05905246 0.9883994 0.1399272 0.05905246 0.9883994 0.1399272 0.05907154 0.988401 0.1399073 0.01550412 0.913371 0.406833 0.01553267 0.9133832 0.4068045 0.01553267 0.9133833 0.4068042 0.01550412 0.913371 0.4068331 -0.02712017 0.771052 0.6361945 -0.02710384 0.7710428 0.6362065 -0.06816738 0.5795032 0.8121141 -0.06817191 0.5795034 0.8121135 -0.907464 0.3837811 -0.1709421 -0.9074493 0.3838147 -0.170945 -0.9074493 0.3838146 -0.170945 -0.907464 0.3837811 -0.1709421 0 0.7713655 -0.6363925 -0.3246194 0.9365094 -0.1325618 -0.3246014 0.9365131 -0.1325788 -0.3246013 0.9365133 -0.1325787 -0.2837965 0.9494215 0.1343823 -0.2837851 0.9494219 0.1344025 -0.2837851 0.9494219 0.1344025 -0.2399889 0.8867912 0.3949769 -0.2400007 0.8867945 0.3949625 -0.2400011 0.8867942 0.394963 -0.1950919 0.75652 0.6241928 -0.195093 0.75652 0.6241926 -0.1506696 0.5742493 0.8046966 -0.1507152 0.5742793 0.8046666 -0.1507151 0.5742797 0.8046663 -0.1506696 0.5742489 0.8046968 -0.1078276 0.3573197 0.9277369 -0.1078951 0.3573814 0.9277054 -0.1078948 0.3573811 0.9277056 -0.7300736 -0.3969538 0.5562557 -0.7300719 -0.3969526 0.5562587 -0.7300714 -0.3969542 0.5562582 -0.05847436 0.9119133 -0.4061957 -0.05855047 0.9119399 -0.4061253 -0.05915105 0.9883982 -0.1398941 -0.05916732 0.988399 -0.1398815 -0.05916738 0.9883997 0.1398758 -0.05915093 0.9883989 0.1398882 -0.05915093 0.9883989 0.1398882 0.05850023 0.9119284 0.4061582 0.05847668 0.9119198 0.4061807 0.05847674 0.9119198 0.4061809 0.05850023 0.9119284 0.406158 0.05754578 0.7700752 0.6353524 0.0575242 0.7700607 0.635372 0.05752426 0.7700605 0.6353722 0.05754578 0.7700751 0.6353526 0.05650216 0.5799217 0.8127105 0.05648136 0.5799397 0.8126991 0.056481 0.5799397 0.8126991 0.05561935 0.3589449 0.9317001 0.055637 0.3589283 0.9317055 0.05511415 0.1213511 0.9910784 0.05511826 0.1213473 0.9910786 -0.05511206 0.1213365 -0.9910804 -0.05511432 0.1213384 -0.99108 -0.05511432 0.1213385 -0.9910799 -0.05511206 0.1213365 -0.9910804 -0.05566239 0.3589732 -0.9316867 -0.05560141 0.3589145 -0.9317129 -0.05645716 0.5799026 -0.8127273 -0.05654197 0.5799724 -0.8126716 -0.05751484 0.7700551 -0.6353797 -0.05750221 0.7700491 -0.6353881 -0.05751502 0.7700551 -0.6353797 -0.01566708 0.9900128 -0.1401048 -0.01561897 0.9900052 -0.1401633 0.02757537 0.9131429 -0.406706 0.02759784 0.9131519 -0.4066843 0.02759784 0.9131519 -0.406684 0.02757537 0.913143 -0.4067059 0.06942677 0.769475 -0.6348922 0.0694248 0.7694713 -0.6348971 0.06942486 0.7694713 -0.6348969 0.06942671 0.769475 -0.6348923 0.2837737 0.949424 0.1344126 0.2837561 0.9494317 0.1343944 0.2837563 0.9494318 0.1343945 0.2423005 0.9606238 -0.1359869 0.2423111 0.9606235 -0.1359702 0.242311 0.9606235 -0.1359702 0.2423008 0.9606237 -0.1359871 0.1983026 0.8953666 -0.3987416 0.198237 0.89535 -0.3988113 0.1982372 0.89535 -0.3988115 0.1983026 0.8953665 -0.3987418 0.1535202 0.7622179 -0.6288525 0.1534562 0.762183 -0.6289103 0.1534564 0.7621828 -0.6289105 0.1535201 0.7622182 -0.6288523 0.1095123 0.5774213 -0.8090685 0.1095499 0.5773892 -0.8090862 0.1095499 0.5773898 -0.8090859 0.3217165 0.8649274 0.3852262 0.321717 0.8649274 0.3852258 0.3217171 0.8649274 0.3852258 -0.9047352 -0.3285766 -0.2710933 -0.9047495 -0.3285472 -0.2710813 -0.9047356 -0.3285755 -0.2710934 0 0.5808732 0.8139941 -0.7247536 0.2476605 0.6429592 -0.7246832 0.2477187 0.6430161 -0.7246828 0.2477189 0.6430165 -0.7247236 0.247686 -0.6429831 -0.7246823 0.2477223 -0.6430158 -0.7246821 0.2477224 -0.643016 -0.7247238 0.2476859 -0.642983 -0.7216358 0.08412742 -0.6871421 -0.7216632 0.0841062 -0.6871161 -0.7216635 0.08410614 -0.6871158 -0.7216358 0.08412945 -0.687142 -0.7216621 -0.08410829 -0.6871169 -0.7216349 -0.0841273 -0.6871432 -0.7216348 -0.08412933 -0.6871431 -0.7216621 -0.08410924 -0.6871168 -0.7246941 -0.2477179 -0.6430042 -0.7247081 -0.247704 -0.6429937 -0.7300742 -0.3969509 -0.556257 -0.7300719 -0.3969539 -0.5562578 -0.7300749 -0.3969479 -0.5562581 -0.7363646 -0.5218878 -0.4305815 -0.7364271 -0.5218086 -0.4305706 -0.7363661 -0.521885 -0.4305823 -0.7420482 -0.6123516 -0.2727457 -0.7420006 -0.6124109 -0.2727417 -0.7420006 -0.6124109 -0.2727417 -0.7420481 -0.6123516 -0.2727457 0.7453463 0.6600969 0.09344047 0.7453592 0.6600812 0.09344774 0.7453479 0.6600955 -0.09343808 0.7453606 0.6600801 -0.09344518 0.7453479 0.6600954 -0.09343808 -0.7420426 -0.6123558 0.272751 -0.7420185 -0.6123845 0.2727525 -0.742018 -0.6123851 0.2727524 -0.7420426 -0.6123559 0.272751 -0.7363882 -0.5218729 0.430559 -0.7364258 -0.5218262 0.4305512 -0.7363885 -0.5218724 0.4305593 0.01526588 0.7712495 0.6363499 0.01524549 0.7712369 0.6363658 0.01524561 0.7712369 0.6363657 0.01526588 0.7712495 0.6363498 -0.02657294 0.5806504 0.8137193 -0.02661609 0.5806904 0.8136894 -0.06711024 0.3586686 0.9310495 -0.06711441 0.3586721 0.9310479 -0.06711441 0.3586718 0.9310479 -0.9090437 0.4125878 -0.05840283 -0.9090501 0.4125735 -0.05840629 0 0.9134804 -0.4068831 0 0.9134814 -0.4068806 -0.3245958 0.9365145 0.1325826 -0.3246203 0.936509 0.1325621 -0.3246203 0.936509 0.1325621 -0.2811988 0.8766263 0.3904532 -0.2812038 0.8766263 0.3904495 -0.2812039 0.8766263 0.3904495 -0.2362298 0.7495204 0.6183968 -0.236211 0.7495142 0.6184116 -0.1915792 0.5701084 0.7989204 -0.1915937 0.5701189 0.7989096 -0.1915796 0.5701084 0.7989203 -0.1484345 0.3554897 0.9228187 -0.1483733 0.3554346 0.9228497 -0.1483733 0.355435 0.9228497 -0.1484345 0.3554894 0.9228188 -0.1069532 0.1208611 0.9868909 -0.1069003 0.1208096 0.986903 -0.1069003 0.1208096 0.986903 -0.1069532 0.1208612 0.9868909 -0.01553004 0.9133994 -0.4067683 -0.01550674 0.9133886 -0.4067936 0.01492214 0.5808298 0.8138883 0.01497322 0.5807808 0.8139223 0.01471138 0.3594419 0.9330516 0.01468902 0.3594641 0.9330433 0.01464009 0.121483 0.9924857 0.01460009 0.1215224 0.9924814 -0.01461565 0.1214831 -0.992486 -0.01463937 0.1215084 -0.9924826 -0.01468968 0.3594297 -0.9330566 -0.01475405 0.3594905 -0.9330322 -0.01498073 0.5808116 -0.8139002 -0.01492339 0.5807636 -0.8139356 -0.01527512 0.7712339 -0.6363686 -0.01526713 0.7712273 -0.6363768 0.02712744 0.7710486 -0.6361984 0.0271036 0.7710335 -0.6362177 0.02710354 0.7710333 -0.6362178 0.02712738 0.7710488 -0.6361982 0.06815063 0.5795361 -0.8120921 0.06819021 0.5794963 -0.8121171 0.06815063 0.5795356 -0.8120925 0.3245937 0.9365157 0.1325791 0.3246015 0.9365119 0.1325871 0.3246014 0.936512 0.1325871 0.2837603 0.9494279 -0.1344131 0.2837746 0.9494258 -0.1343978 0.2837747 0.9494258 -0.1343978 0.2837604 0.9494279 -0.1344132 0.2400209 0.886798 -0.3949423 0.2400361 0.8867967 -0.3949361 0.2400361 0.8867966 -0.3949362 0.2400212 0.8867977 -0.3949428 0.1950626 0.7565082 -0.6242162 0.195124 0.756532 -0.6241683 0.1951239 0.7565322 -0.624168 0.1950627 0.7565082 -0.6242162 0.1507349 0.5742239 -0.8047025 0.1506693 0.5742871 -0.8046696 0.1078699 0.3573297 -0.9277282 0.1078547 0.3573468 -0.9277234 0.1078548 0.3573461 -0.9277237 -0.9074789 -0.3837571 -0.1709169 -0.9074703 -0.3837752 -0.1709219 -0.9074699 -0.3837761 -0.1709219 -0.9074789 -0.3837572 -0.1709169 0 0.771337 0.6364271 -0.730052 0.3969653 0.5562757 -0.7300538 0.396966 0.5562729 -0.7300522 0.3969652 0.5562756 -0.7300527 0.3969648 -0.5562751 -0.7300543 0.3969632 -0.5562742 -0.7300555 0.3969599 -0.5562749 -0.730053 0.3969647 -0.556275 0 0.3594953 -0.9331469 0 0.3594936 -0.9331476 0 0.1214985 -0.9925916 0 0.1214993 -0.9925916 0 -0.1215022 -0.9925912 0 -0.1215019 -0.9925912 0 0.3594943 0.9331473 0 0.3594945 0.9331473 0 0.5808748 0.813993 0 0.7713546 0.6364057 0 0.7713545 0.6364059 0 0.9134859 0.4068704 0 0.9134848 0.4068729 0 0.990129 0.1401591 0 0.9901295 0.1401562 0 0.99013 -0.1401524 0 0.9901295 -0.1401553 -0.02616685 0.3593611 0.9328317 -0.02616363 0.3593559 0.9328337 -0.02616363 0.3593556 0.9328339 -0.02616685 0.3593608 0.9328318 -0.06646358 0.1212379 0.9903959 -0.06651419 0.1212877 0.9903864 -0.06651419 0.1212876 0.9903864 -0.06646358 0.121238 0.9903959 -0.909043 0.4125894 0.05840438 -0.9090526 0.4125675 0.05840814 -0.9090532 0.4125664 0.0584082 -0.3217458 0.8649297 0.3851965 -0.3217015 0.8649253 0.3852435 -0.3217464 0.8649291 0.3851972 -0.2768431 0.7411963 0.6115439 -0.2768613 0.7412003 0.6115309 -0.2768616 0.7411997 0.6115315 -0.2768434 0.7411958 0.6115444 -0.232087 0.5650159 0.7917656 -0.2320783 0.5650073 0.7917742 -0.2320787 0.5650073 0.7917742 -0.1887139 0.3530154 0.9163881 -0.1887096 0.353012 0.9163904 -0.147139 0.1202214 0.9817826 -0.147153 0.1202346 0.9817789 -0.147153 0.1202345 0.9817789 -0.147139 0.1202215 0.9817826 0.1069104 0.1208521 -0.9868966 0.1069539 0.1208094 -0.9868972 0.1069539 0.1208096 -0.9868972 0.1069104 0.1208519 -0.9868966 -0.02600252 0.1215156 0.9922489 -0.02594244 0.1214548 0.9922579 -0.02594244 0.1214549 0.9922579 0.0259518 0.1215083 -0.9922512 0.02600264 0.1214548 -0.9922564 0.02617508 0.3593583 -0.9328325 0.02619117 0.3593433 -0.9328379 0.02662163 0.5806466 -0.8137204 0.0265907 0.580673 -0.8137027 0.06712847 0.358632 -0.9310622 0.06708586 0.3586748 -0.9310489 0.9090515 0.4125702 0.05840563 0.9090555 0.412561 0.05840706 0.909052 0.4125691 0.05840569 0.3245957 0.9365146 -0.1325825 0.3245942 0.9365144 -0.1325877 0.3245958 0.9365145 -0.1325826 0.2811335 0.8766436 -0.3904612 0.2811716 0.8766466 -0.3904271 0.2811715 0.8766468 -0.3904269 0.2811334 0.8766438 -0.390461 0.2362255 0.7494856 -0.6184408 0.2362377 0.7494903 -0.6184304 0.2362378 0.7494903 -0.6184304 0.2362254 0.7494856 -0.6184408 0.1915706 0.5701119 -0.7989199 0.1915794 0.5701017 -0.7989252 0.148375 0.3554911 -0.9228277 0.1484209 0.3554457 -0.9228378 0.1484205 0.3554458 -0.9228379 0 0.9134989 0.4068415 0 0.9134988 0.4068416 -0.7363996 0.5218594 0.430556 -0.7364374 0.5218108 0.4305503 -0.7363997 0.5218593 0.4305559 -1 2.66821e-6 0 -1 7.18581e-6 0 -1 -1.35661e-5 0 -1 -2.71322e-5 0 -1 9.58107e-6 0 -0.736401 0.5218417 -0.4305753 -0.7364135 0.5218262 -0.4305724 -0.736415 0.5218235 -0.4305733 0 0.5808734 -0.8139939 -0.8989639 -0.1574529 0.4087451 -0.8989434 -0.1574823 0.408779 -0.8989428 -0.1574848 0.4087793 -0.8974119 -0.053604 0.4379254 -0.8974254 -0.05361253 0.4378966 -0.8974255 -0.05361253 0.4378963 -0.8974119 -0.05360281 0.4379254 -0.8974241 0.05360239 0.4379008 -0.897409 0.05361378 0.4379299 -0.8974241 0.05360239 0.4379006 -0.8989495 0.1574792 0.4087666 -0.8989569 0.1574665 0.4087554 -0.8989567 0.1574666 0.4087556 -0.8989493 0.1574804 0.4087668 -0.9016276 0.2512395 0.3520604 -0.9016285 0.2512329 0.3520629 -0.901628 0.2512342 0.352063 -0.9016272 0.2512407 0.3520604 -0.9047167 0.3286082 0.2711173 -0.9047482 0.3285378 0.2710973 -0.9047485 0.3285366 0.2710974 -0.9047163 0.3286092 0.2711172 -0.9074622 0.3837875 0.1709372 -0.9074444 0.3838281 0.1709414 -0.9074447 0.3838269 0.1709414 -0.9074618 0.3837885 0.1709371 0.06650495 0.1212376 -0.9903932 0.06646269 0.1212793 -0.990391 0.06646269 0.1212791 -0.990391 -0.3168869 0.7315649 0.6036518 -0.3169319 0.7315779 0.6036125 -0.3168867 0.7315655 0.6036513 -0.2721048 0.5589661 0.7832726 -0.2720935 0.5589553 0.7832842 -0.272105 0.5589652 0.7832732 -0.2286733 0.3499656 0.9084232 -0.2286544 0.3499507 0.9084336 -0.1870979 0.1193824 0.9750602 -0.1871137 0.1193976 0.9750553 -0.1871137 0.1193975 0.9750553 -0.1870979 0.1193826 0.9750602 0.1471476 0.1202166 -0.9817819 0.1471394 0.1202265 -0.9817819 0.1471394 0.1202263 -0.9817819 0.9090532 0.4125664 -0.0584082 0.9090539 0.4125645 -0.05841022 0 0.9901281 0.1401661 0 0.9901264 0.1401777 0.3217438 0.8649284 -0.385201 0.3217022 0.8649268 -0.3852394 0.3217021 0.864927 -0.3852393 0.321744 0.8649282 -0.3852015 0.276898 0.7412102 -0.6115024 0.2768035 0.7411772 -0.611585 0.2768037 0.7411769 -0.6115853 0.2768981 0.74121 -0.6115025 0.2320758 0.5650199 -0.7917661 0.2320861 0.5650088 -0.7917709 0.1887094 0.3530282 -0.9163841 0.1887282 0.3530088 -0.9163877 0.1887281 0.3530094 -0.9163876 -0.7420797 0.6123242 0.2727211 -0.7420592 0.6123496 0.2727202 -0.7420591 0.6123496 0.2727202 -0.7420797 0.6123243 0.2727211 -0.7453646 0.6600753 0.09344661 -0.7453687 0.6600706 0.09344667 -0.7453603 0.6600796 -0.09344995 -0.7453692 0.6600694 -0.09345197 -0.7453591 0.6600811 -0.09344977 -0.7420624 0.61235 -0.2727104 -0.7420499 0.6123645 -0.2727121 -0.742051 0.6123629 -0.2727125 0 0.7713258 -0.6364405 0 0.771326 -0.6364403 -0.9016193 -0.2512454 0.3520774 -0.9016173 -0.2512522 0.3520777 -0.9016196 -0.2512452 0.3520771 0.3071647 0.3420848 -0.8880472 0.3071671 0.3420895 -0.8880445 0.3071672 0.3420885 -0.8880449 0.3071649 0.3420838 -0.8880476 0.3047208 0.1157432 -0.9453829 0.3047117 0.1157516 -0.9453848 -0.3047124 0.1157435 0.9453856 -0.3047319 0.1157581 0.9453775 -0.3071918 0.3421038 0.8880305 -0.307165 0.342084 0.8880474 -0.3071649 0.3420843 0.8880473 -0.3071919 0.3421036 0.8880306 -0.3115629 0.5519639 0.7734757 -0.3115713 0.5519665 0.7734704 -0.3115627 0.5519647 0.7734751 -0.2681589 0.3463009 0.8989809 -0.268187 0.3463194 0.8989653 -0.2267392 0.1183462 0.9667386 -0.2267573 0.1183621 0.9667325 -0.2267572 0.1183623 0.9667324 -0.2267392 0.118346 0.9667387 0.1871188 0.1193733 -0.9750572 0.1870963 0.1193937 -0.975059 0.1870963 0.1193934 -0.9750592 -0.9074743 -0.3837695 0.1709133 -0.907463 -0.3837946 0.1709176 -0.9074629 -0.3837946 0.1709176 -0.9074745 -0.3837694 0.1709133 0 0.9901253 -0.1401854 0 0.990127 -0.1401737 0.3168672 0.7315883 -0.6036337 0.3169327 0.731604 -0.6035804 0.316867 0.7315884 -0.6036338 0.2721364 0.5589473 -0.7832751 0.2721257 0.5589573 -0.7832716 0.2721256 0.5589565 -0.7832722 0.2721363 0.5589465 -0.7832757 0.228655 0.349966 -0.9084276 0.2286584 0.3499623 -0.9084283 0.2286549 0.3499665 -0.9084275 0 0.9135079 -0.4068211 -0.904736 -0.3285647 0.2711054 -0.90474 -0.3285573 0.2711011 -0.9047361 -0.3285646 0.2711053 0.3115552 0.5519632 -0.7734791 0.3115631 0.5519576 -0.77348 0.3115636 0.5519567 -0.7734805 0.2681989 0.3462954 -0.8989711 0.2681719 0.3463226 -0.8989686 0.2659745 0.1171529 -0.9568349 0.2660036 0.1171301 -0.9568295 0.2660036 0.1171298 -0.9568296 0.2659745 0.1171535 -0.9568348 -0.2660021 0.1171602 0.9568263 -0.2659687 0.1171334 0.9568389 0.2267528 0.1183422 -0.9667359 0.2267379 0.1183544 -0.966738 0.2267379 0.1183541 -0.966738 0.2267528 0.1183419 -0.966736 -0.05111932 1.77437e-4 0.9986925 0.05111914 -1.77355e-4 -0.9986926 0.05057048 7.12694e-6 -0.9987206 0.05061244 4.2137e-6 -0.9987185 0.05055719 -5.2905e-6 -0.9987212 0.05060023 -5.4015e-6 -0.998719 0.05061519 -1.85568e-6 -0.9987183 0.05057382 0 -0.9987204 0.05058717 2.78133e-6 -0.9987196 0.05061918 0 -0.998718 0.05061841 -1.38382e-7 -0.9987181 0.0505833 4.4004e-6 -0.9987199 0.05057966 3.69736e-6 -0.9987201 0.05061101 -1.62687e-6 -0.9987185 0.05059283 -5.03106e-6 -0.9987194 0.05055671 2.77232e-6 -0.9987213 0.05063158 1.75692e-5 -0.9987175 0.0506252 1.93769e-5 -0.9987177 0.0505917 1.10751e-5 -0.9987195 0.05062282 1.7218e-6 -0.9987179 0.05065464 1.25252e-5 -0.9987162 0.05062073 2.43902e-5 -0.998718 0.05062073 2.44272e-5 -0.998718 0.05059158 1.10751e-5 -0.9987195 0.05062526 1.93769e-5 -0.9987177 0.05063158 1.76152e-5 -0.9987174 0.05059278 -4.9966e-6 -0.9987195 0.05061107 -1.64251e-6 -0.9987185 0.05061841 0 -0.9987181 0.05058723 2.78133e-6 -0.9987196 0.05057382 0 -0.9987204 0.05061519 -1.85568e-6 -0.9987183 0.05060023 -5.40618e-6 -0.998719 0.05055719 -5.2905e-6 -0.9987212 0.05061244 4.20929e-6 -0.9987185 0.05057048 7.13131e-6 -0.9987206 -0.9478946 0.3185842 0 0.9478946 -0.3185842 0 0.8437307 0.5367667 0 0.8437312 0.5367662 0 0.879582 0.4757475 0 0.8795829 0.4757459 0 0.6458264 0.7634842 0 0.6458242 0.7634862 0 0.6041056 0.7969044 0 0.6041061 0.796904 0 0.5606777 0.8280342 0 0.5606786 0.8280336 0 0.5156852 0.8567782 0 0.5156841 0.8567789 0 0.4691417 0.883123 0 0.4691404 0.8831236 0 0.4213065 0.9069184 0 0.421305 0.9069191 0 0.3723077 0.9281095 0 0.3723074 0.9281095 0 0.3221421 0.9466914 0 0.3221426 0.9466913 0 0.2711232 0.9625447 0 0.2711247 0.9625443 0 0.2193748 0.9756407 0 0.2193748 0.9756407 0 0.1668973 0.9859743 0 0.1668977 0.9859743 0 0.1668975 0.9859743 0 0.4240553 0.9056363 1.56717e-6 0.4240633 0.9056326 0 0.4240529 0.9056375 0 0.4240665 0.9056312 0 0.4240527 0.9056375 -2.44512e-6 0.4240559 0.9056361 0 0.4240394 0.9056438 0 0.4240524 0.9056376 0 0.4240626 0.905633 0 0.4240555 0.9056363 1.56717e-6 0.4870894 0.8733522 0 0.487089 0.8733524 0 0.487089 0.8733524 0 0.5476221 0.8367258 0 0.5476219 0.836726 0 0.6054327 0.7958967 0 0.6054315 0.7958976 0 0.6054325 0.7958967 0 0.6601756 0.7511115 0 0.6601775 0.7511098 0 0.6601757 0.7511113 0 0.7116572 0.7025269 0 0.7116563 0.7025278 0 0.7595501 0.6504489 0 0.7595499 0.6504492 0 0.8036842 0.5950561 0 0.8036838 0.5950567 0 0.8036851 0.5950549 0 -0.05464959 2.74407e-4 -0.9985056 -0.05464953 2.74407e-4 -0.9985057 0.5965775 0.3795351 0.707141 0.5965906 0.3795418 0.7071264 0.5965902 0.3795419 0.7071267 0.5965772 0.3795352 0.7071413 0.6219971 0.3362834 0.7071302 0.6214196 0.3367252 0.7074277 0.6220011 0.336426 0.7070588 0.6220006 0.3364257 0.7070595 0.6214148 0.3367303 0.7074294 0.6219975 0.3362833 0.70713 -0.45668 -0.5398792 0.7070884 -0.4566789 -0.5398786 0.7070895 0.4271789 0.5635111 -0.707088 0.4272105 0.5635316 -0.7070525 0.4270166 0.56365 -0.7070754 0.4265529 0.5634206 -0.7075379 0.4265406 0.5634093 -0.7075543 0.4270139 0.5636464 -0.7070798 0.4272113 0.5635327 -0.7070513 0.4271777 0.5635101 -0.7070895 0.3964504 0.5855004 -0.7071185 0.3964836 0.5855204 -0.7070833 0.3964845 0.5855215 -0.7070818 0.3964498 0.5854991 -0.7071198 0.364663 0.6058645 -0.7070708 0.3646231 0.6058313 -0.7071199 0.3646236 0.6058326 -0.7071186 0.3646627 0.6058632 -0.7070721 0.3317402 0.6244792 -0.7070886 0.3317511 0.6244894 -0.7070745 0.3317513 0.6244907 -0.7070732 0.3317408 0.6244805 -0.7070872 0.2979009 0.6412739 -0.707123 0.2979323 0.6413058 -0.7070809 0.2979321 0.6413044 -0.7070822 0.2979003 0.6412726 -0.7071244 0.263277 0.6563124 -0.7070639 0.2632302 0.6562597 -0.7071302 0.2632308 0.656261 -0.7071288 0.2632772 0.6563118 -0.7070643 0.227788 0.6694106 -0.7071083 0.2278153 0.6694418 -0.70707 0.2278155 0.6694422 -0.7070695 0.2277882 0.6694122 -0.7071067 0.1917071 0.6805997 -0.7071298 0.191724 0.680624 -0.7071018 0.1917235 0.6806224 -0.7071035 0.1917067 0.6805979 -0.7071317 0.155124 0.6898943 -0.7070944 0.1551039 0.6898661 -0.7071262 0.1551046 0.6898679 -0.7071244 0.1551241 0.6898939 -0.7070948 0.1180123 0.6971809 -0.7071152 0.1180236 0.6972035 -0.707091 0.1180235 0.697204 -0.7070906 0.1180126 0.6971816 -0.7071145 0.1140203 0.9934784 0 0.1140202 0.9934785 0 0.1140204 0.9934784 0 0.3589648 0.9333511 0 0.2998636 0.6403771 0.7071062 0.2998335 0.6403411 0.7071514 0.2998335 0.6403404 0.7071521 0.2998637 0.6403774 0.7071058 0.05061244 4.20048e-6 0.9987185 0.05055731 -5.28423e-6 0.9987212 0.05060017 -5.4015e-6 0.998719 0.05061519 -1.89507e-6 0.9987182 0.05062162 -2.18526e-6 0.9987179 0.05060315 -6.09905e-6 0.9987189 0.05056852 -3.09892e-6 0.9987207 0.0505976 2.56007e-6 0.9987191 0.05058318 4.4004e-6 0.9987199 0.05057966 3.72495e-6 0.9987201 0.05061113 -1.68944e-6 0.9987185 0.05062454 8.27023e-7 0.9987179 0.05061107 3.77342e-6 0.9987185 0.05054396 -9.65849e-6 0.9987219 0.05054926 -1.11304e-5 0.9987216 0.05065876 1.56781e-5 0.9987161 0.05063802 2.18594e-5 0.9987171 0.05063277 2.01447e-5 0.9987174 0.05062055 2.42425e-5 0.998718 0.05062043 2.42793e-5 0.998718 0.05063277 2.01795e-5 0.9987174 0.05063796 2.18968e-5 0.9987171 0.05065882 1.57127e-5 0.9987161 0.05054926 -1.10798e-5 0.9987216 0.05061113 3.77342e-6 0.9987185 0.05062454 8.27022e-7 0.9987178 0.05061107 -1.65816e-6 0.9987185 0.05058324 4.4004e-6 0.9987199 0.0505976 2.56007e-6 0.9987191 0.05056846 -3.0758e-6 0.9987207 0.05060309 -6.09905e-6 0.9987189 0.05062162 -2.1801e-6 0.9987179 0.05061519 -1.89069e-6 0.9987183 0.05060017 -5.40618e-6 0.998719 0.05055731 -5.2905e-6 0.9987212 0.0506125 4.19607e-6 0.9987185 0.487089 0.8733524 0 0.4870894 0.8733522 0 0.487089 0.8733523 0 0.2998681 0.6403505 -0.7071284 0.2998124 0.6402968 -0.7072005 0.3443822 0.6175207 0.7071557 0.3444328 0.6175685 0.7070893 0.3444322 0.6175678 0.7070901 0.3443829 0.6175212 0.7071548 0.3872382 0.5916711 0.707087 0.3872354 0.5916668 0.7070921 0.3872361 0.5916681 0.7070906 0.3872388 0.5916717 0.7070862 0.4281116 0.5627937 0.7070952 0.4281138 0.5627961 0.7070921 0.4281134 0.5627955 0.7070928 0.4281109 0.5627925 0.7070967 0.466831 0.5311245 0.7070896 0.466812 0.5311119 0.7071115 0.4668122 0.5311119 0.7071115 0.4668309 0.5311253 0.707089 0.5032179 0.4967665 0.7071032 0.5032244 0.4967681 0.7070975 0.5032252 0.4967692 0.707096 0.5032178 0.4967665 0.7071033 0.5371009 0.4599354 0.7070942 0.537064 0.4599192 0.7071327 0.5370648 0.4599203 0.7071314 0.5371017 0.4599364 0.7070928 0.5682671 0.4207528 0.7071349 0.5682693 0.4207527 0.7071332 0.5682709 0.4207534 0.7071315 0.5682669 0.4207528 0.707135 0.1668974 0.9859743 0 0.1668976 0.9859743 0 0.1668977 0.9859743 0 0 0 1 1.68286e-7 0 1 0 0 1 -1.34958e-7 0 1 2.37672e-7 0 1 0 0 1 -3.12566e-7 0 1 5.29684e-7 0 1 -1.44154e-7 0 1 -4.43078e-7 0 1 -3.41865e-7 0 1 6.98437e-7 0 1 0 0 1 0 0 1 -0.00106889 0 0.9999995 -1.43835e-6 0 1 -3.7203e-6 0 1 4.58715e-6 0 1 -3.14959e-6 0 1 2.26735e-6 0 1 -5.56649e-7 0 1 -9.84046e-7 0 1 4.32878e-7 0 1 -1.44338e-7 0 1 0 0 1 0 0 1 3.00062e-7 0 1 0 0 1 0 0 1 0 0 1 4.5122e-7 0 1 -3.11067e-7 0 1 3.74963e-7 0 1 -3.939e-7 0 1 5.64721e-7 0 1 -5.69015e-7 0 1 -5.69014e-7 0 1 1.12944e-6 0 1 -3.939e-7 0 1 -4.97707e-7 0 1 3.40835e-7 0 1 6.92604e-7 0 1 -6.29917e-6 0 1 8.15494e-6 0 1 0 0 1 5.64995e-7 0 1 -5.55674e-7 0 1 0.0806297 0.7024699 -0.7071315 0.0806238 0.702489 -0.7071133 0.08063 0.7024734 -0.7071279 -0.5967684 0.8024137 0 0.08062839 0.7024576 0.7071439 0.08062165 0.7024691 0.7071331 0.0806216 0.7024685 0.7071338 0.08062869 0.7024583 0.7071431 0.2920497 0.9564031 0 0.2920501 0.9564031 0 0.2538228 0.6599721 0.7071145 0.2538216 0.6599673 0.7071195 0.2538218 0.6599668 0.7071197 0.2538232 0.6599743 0.7071123 0.253821 0.6599588 -0.7071275 0.2538174 0.6599548 -0.7071326 0.2538213 0.6599588 -0.7071275 0.6041066 0.7969036 0 0.6041049 0.7969048 0 0.604105 0.7969048 0 0.6458256 0.763485 0 0.6458265 0.7634843 0 0.6458266 0.7634841 0 0.879583 0.4757456 0 0.8795822 0.4757469 0 0.8437308 0.5367668 0 0.8437315 0.5367655 0 0.8437307 0.5367669 0 0.8036847 0.5950555 0 0.8036833 0.5950574 0 0.7595505 0.6504485 0 0.7595505 0.6504485 0 0.7116567 0.7025275 0 0.7116573 0.7025269 0 0.6601759 0.751111 0 0.6601767 0.7511104 0 0.6601769 0.7511103 0 0.6054324 0.7958968 0 0.6054316 0.7958975 0 0.6054316 0.7958974 0 0.5476219 0.836726 0 0.5476222 0.8367258 0 0.547622 0.836726 0 0.2193744 0.9756408 0 0.2193749 0.9756407 0 0.2193749 0.9756407 0 0.2711244 0.9625445 0 0.2711241 0.9625445 0 0.2711238 0.9625446 0 0.322142 0.9466915 0 0.3221428 0.946691 0 0.3221427 0.9466912 0 0.3723079 0.9281093 0 0.3723075 0.9281095 0 0.3723075 0.9281095 0 0.4213058 0.9069187 0 0.4213057 0.9069188 0 0.4691408 0.8831235 0 0.4691406 0.8831235 0 0.4691402 0.8831238 0 0.5156846 0.8567785 0 0.5156844 0.8567786 0 0.5156849 0.8567784 0 0.5606778 0.8280342 0 0.5606781 0.8280339 0 0.5606784 0.8280338 0 0.3443534 0.6174749 -0.7072097 0.3444079 0.6175255 -0.7071389 0 0 -1 -6.78979e-7 0 -1 5.4076e-7 0 -1 -5.44136e-7 0 -1 5.56545e-7 0 -1 0 0 -1 -2.6001e-5 0 -1 -3.11309e-6 0 -1 6.859e-7 0 -1 -1.75081e-7 0 -1 0 0 -1 -2.05891e-7 0 -1 0 0 -1 0 0 -1 1.46448e-7 0 -1 -1.97878e-7 0 -1 6.12464e-7 0 -1 -9.91159e-6 0 -1 1.99018e-5 0 -1 2.65365e-5 0 -1 -7.67613e-7 0 -1 -6.05787e-7 0 -1 -4.11022e-7 0 -1 -5.65852e-7 0 -1 0.1180104 0.6971651 0.7071311 0.1180245 0.6971899 0.7071043 0.2065089 0.6762654 0.7071204 0.2065067 0.6762688 0.7071178 0.2065064 0.6762666 0.70712 0.206508 0.6762636 0.7071223 0 0.7071082 0.7071054 0 0.7071018 0.7071118 -0.7071465 0 0.7070671 -0.7071474 0 0.7070663 -0.7071465 0 0.7070671 0.5717355 0.4161146 -0.7070837 0.5716896 0.4161241 -0.7071151 0.5716905 0.4161248 -0.7071141 0.5717345 0.4161141 -0.7070847 0.5882956 0.3923088 -0.7071084 0.5883564 0.3922922 -0.707067 0.5883566 0.3922927 -0.7070666 0.5882951 0.3923084 -0.7071089 0.6039578 0.3678286 -0.7070624 0.6039341 0.3678309 -0.7070814 0.6039342 0.3678311 -0.7070812 0.6039579 0.3678283 -0.7070625 0.6185193 0.3427392 -0.7070811 0.6185365 0.3427374 -0.707067 0.6185364 0.342737 -0.7070673 0.61852 0.3427395 -0.7070804 0.6321378 0.3169482 -0.7070683 0.6320346 0.3169823 -0.7071453 0.6320354 0.3169829 -0.7071444 0.6321372 0.3169476 -0.7070692 0.6445168 0.2907539 -0.7071494 0.6445394 0.2907471 -0.7071317 0.6445401 0.2907472 -0.7071309 0.6445165 0.2907536 -0.7071499 0.6559563 0.2639896 -0.7071286 0.6559383 0.2639982 -0.7071421 0.6559385 0.2639982 -0.7071419 0.6559561 0.2639897 -0.7071288 0.6661908 0.2369297 -0.707145 0.6662705 0.2368887 -0.7070837 0.6662718 0.236889 -0.7070824 0.6661907 0.2369297 -0.7071453 0.6754466 0.2092918 -0.7070847 0.675382 0.20933 -0.7071353 0.6753806 0.2093296 -0.7071366 0.6754477 0.2092921 -0.7070837 0.6834101 0.1814168 -0.7071341 0.683479 0.1813748 -0.7070783 0.6834791 0.1813748 -0.7070782 0.683409 0.1814164 -0.7071352 -0.6903434 -0.1531772 0.7070805 -0.6903583 -0.1531666 0.7070682 -0.6903579 -0.1531667 0.7070685 -0.6903433 -0.1531773 0.7070806 -0.6960638 -0.1247069 0.7070668 -0.6960125 -0.1247431 0.707111 -0.696013 -0.124743 0.7071105 -0.6960629 -0.1247067 0.7070677 0 0.7071089 -0.7071048 0 0.7071 -0.7071136 0.706924 -0.01880365 0.7070395 0.706938 -0.01878845 0.7070259 0.7069391 -0.01878851 0.7070249 0.7069233 -0.01880359 0.7070403 0.7059507 -0.04182958 0.7070247 0.7059046 -0.04187047 0.7070683 0.7059056 -0.04187053 0.7070673 0.7059497 -0.04182952 0.7070257 0.7041698 -0.06476306 0.707072 0.7041587 -0.06477588 0.7070818 0.7041577 -0.06477582 0.7070828 0.7041685 -0.06476294 0.7070733 0.7016586 -0.0877909 0.7070842 0.7015945 -0.08784478 0.7071411 0.7015952 -0.0878449 0.7071404 0.7016579 -0.08779084 0.7070848 0.6983852 -0.1105315 0.7071357 0.698431 -0.1104904 0.7070969 0.6983846 -0.1105315 0.7071363 0.6944558 -0.1332166 0.7070959 0.6944412 -0.1332243 0.7071087 0.6944419 -0.1332244 0.7071081 0.6944552 -0.1332165 0.7070965 0.6897121 -0.1558778 0.7071064 0.6897571 -0.1558437 0.7070699 0.6843241 -0.1781983 0.7070685 0.6842778 -0.1782237 0.707107 0.678087 -0.2005165 0.7071005 0.6781086 -0.2005015 0.7070841 0.6712409 -0.2224149 0.7070836 0.6712293 -0.2224202 0.707093 0.663624 -0.2441703 0.7070955 0.6636374 -0.2441694 0.7070832 0.6636368 -0.2441692 0.7070839 0.6636247 -0.2441706 0.7070949 0.6552911 -0.2657485 0.7070865 0.6553612 -0.2657216 0.7070317 0.6552905 -0.2657487 0.707087 -0.4220635 0.5674019 -0.7070484 -0.4219386 0.5673405 -0.7071723 -0.4219391 0.5673403 -0.7071721 -0.4220649 0.5674037 -0.7070462 -0.9267216 0.3757489 0 -0.9267233 0.3757444 0 -0.4220451 0.567366 0.7070884 -0.4219195 0.5673124 0.7072063 -0.4219192 0.5673113 0.7072072 -0.4220452 0.5673659 0.7070882 0 1 0 0.2065272 0.6762899 -0.7070915 0.2065045 0.6762595 -0.7071272 0.2065042 0.6762596 -0.7071273 0.4271824 0.5635144 0.7070833 0.4271018 0.5634745 0.7071638 0.4271988 0.5634483 0.7071262 0.4272438 0.5634707 0.707081 0.4272462 0.56347 0.7070801 0.4271974 0.5634492 0.7071262 0.4566526 0.5398467 0.7071309 0.4566523 0.5398457 0.7071318 0.6217442 0.3366888 -0.7071597 0.621912 0.3364269 -0.7071368 0.6219636 0.336406 -0.7071013 0.6219634 0.3364056 -0.7071018 0.6219118 0.3364332 -0.7071339 0.6217426 0.3366871 -0.707162 0.5966569 0.3795462 -0.7070681 0.5965767 0.3795323 -0.7071433 0.5965756 0.3795316 -0.7071446 0.5966557 0.3795455 -0.7070694 0.5682511 0.420771 -0.7071368 0.5683262 0.4207959 -0.7070617 0.537056 0.459916 -0.7071409 0.5370641 0.4599204 -0.7071319 0.5370637 0.4599206 -0.7071321 0.5032221 0.4967502 -0.7071116 0.5031933 0.4967383 -0.7071405 0.4668383 0.5311272 -0.7070828 0.4668107 0.5311082 -0.7071152 0.4668125 0.5311102 -0.7071126 0.4281017 0.5627916 -0.707103 0.4281167 0.5628007 -0.7070866 0.4281183 0.5628029 -0.707084 0.3872017 0.5916377 -0.7071347 0.3872282 0.5916561 -0.7071049 0.15512 0.689877 0.7071121 0.1551034 0.6898587 0.7071336 0.1551198 0.689877 0.7071121 0.1917053 0.6805915 0.7071381 0.1916953 0.6805819 0.7071502 0.1917049 0.6805917 0.7071381 0.227775 0.669371 0.70715 0.2278166 0.6694145 0.7070955 0.2277746 0.6693711 0.7071501 0.2632672 0.6562863 0.7070918 0.2632286 0.6562514 0.7071385 0.2632668 0.6562864 0.7070919 0.2978949 0.6412581 0.7071398 0.2979059 0.6412691 0.7071252 0.2978945 0.6412582 0.7071399 0.3317217 0.6244423 0.7071297 0.3317626 0.6244782 0.7070789 0.3317221 0.6244423 0.7071297 0.3646566 0.605853 0.707084 0.364619 0.6058306 0.7071226 0.3964519 0.5854959 0.7071213 0.3964889 0.5855195 0.707081 0.6552678 -0.2657402 -0.7071112 0.6553333 -0.2657125 -0.707061 0.6553326 -0.265712 -0.7070618 0.6552691 -0.2657405 -0.70711 0.6636234 -0.2441496 -0.7071032 0.6636142 -0.2441575 -0.7071092 0.6636143 -0.2441574 -0.7071091 0.6636232 -0.2441497 -0.7071034 0.6712114 -0.2224271 -0.7071079 0.6712221 -0.2224183 -0.7071005 0.6712233 -0.2224186 -0.7070992 0.6712111 -0.2224272 -0.7071081 0.6780631 -0.2005062 -0.7071264 0.6780875 -0.2004929 -0.7071067 0.6780868 -0.2004925 -0.7071076 0.6780639 -0.2005065 -0.7071255 0.6842347 -0.1782413 -0.7071442 0.6842632 -0.178222 -0.7071215 0.6842624 -0.1782217 -0.7071223 0.6842359 -0.1782416 -0.707143 0.6897167 -0.1558032 -0.7071183 0.6896817 -0.1558271 -0.7071473 0.6896826 -0.1558274 -0.7071463 0.6897165 -0.1558032 -0.7071185 0.6944333 -0.1332186 -0.7071176 0.694432 -0.1332223 -0.7071182 0.6944322 -0.1332223 -0.707118 0.6944336 -0.1332185 -0.7071173 0.6983195 -0.1105743 -0.7071939 0.6984138 -0.1104895 -0.7071141 0.6984158 -0.1104899 -0.707112 0.6983172 -0.1105739 -0.7071962 0.7017276 -0.0876578 -0.7070323 0.7015423 -0.08783692 -0.7071938 0.7015425 -0.08783692 -0.7071937 0.7017273 -0.0876578 -0.7070325 0.704145 -0.06484627 -0.7070891 0.7042047 -0.06478023 -0.7070355 0.704205 -0.06478023 -0.7070353 0.704145 -0.06484627 -0.707089 0.7058627 -0.04189014 -0.707109 0.705884 -0.04187077 -0.7070889 0.7058839 -0.04187077 -0.707089 0.7058629 -0.04189008 -0.7071088 0.7069032 -0.01872473 -0.7070625 0.7068595 -0.01878845 -0.7071045 0.7068592 -0.01878845 -0.7071048 0.7069039 -0.01872473 -0.7070618 0 0.7070658 0.7071478 0 0.7070705 0.707143 -0.6959778 -0.1246907 -0.7071543 -0.6960726 -0.1246106 -0.7070751 -0.6960721 -0.1246104 -0.7070756 -0.6959773 -0.1246905 -0.7071548 -0.6902893 -0.1531649 -0.7071359 -0.6902668 -0.1531826 -0.7071541 0.6834278 0.181421 0.707116 0.6834058 0.1814348 0.7071336 0.6753932 0.2092748 0.7071409 0.6754211 0.2092587 0.7071189 0.6661534 0.236916 0.7071849 0.6662179 0.236879 0.7071366 0.6559249 0.2639761 0.7071629 0.6558943 0.2639917 0.7071853 0.6558939 0.2639915 0.7071858 0.6559253 0.2639763 0.7071623 0.6445318 0.2907589 0.7071337 0.6444883 0.2907831 0.7071633 0.6444879 0.2907829 0.7071639 0.6445317 0.2907593 0.7071337 0.6321403 0.316949 0.7070658 0.6320502 0.316987 0.7071293 0.6320504 0.3169872 0.7071291 0.6321401 0.3169488 0.707066 0.6184558 0.3427022 0.7071546 0.6185784 0.3426564 0.7070696 0.6185788 0.3426566 0.7070691 0.6184553 0.342702 0.7071552 0.6039034 0.3677945 0.7071266 0.6038615 0.3678097 0.7071545 0.6038613 0.3678096 0.7071545 0.6039034 0.3677945 0.7071265 0.5883163 0.3923228 0.7070834 0.588257 0.3923423 0.7071218 0.5882564 0.3923419 0.7071226 0.5883169 0.3923232 0.7070826 0.5717129 0.4160965 0.7071126 0.5717615 0.4160805 0.7070826 0.5717605 0.4160798 0.7070839 0.5717138 0.4160971 0.7071115 -0.7071069 0 -0.7071067 -0.7071062 0 -0.7071074 -0.7071061 0 -0.7071075 -0.7071071 0 -0.7071065 0 0.7071062 -0.7071074 0 0.7071169 -0.7070966 0.8085296 0.5884555 0 0.8085302 0.5884547 0 0.831977 0.5548102 0 0.8319776 0.5548093 0 0.8540719 0.520155 0 0.874687 0.4846883 0 0.8746872 0.4846878 0 0.8939292 0.4482083 0 0.8939296 0.4482074 0 0.9115396 0.4112124 0 0.9276911 0.3733488 0 0.9276911 0.3733488 0 0.9421872 0.3350872 0 0.9421872 0.3350872 0 0.9551959 0.2959744 0 0.9551962 0.2959734 0 0.9665253 0.2565717 0 0.9762568 0.2166168 0 0.9762567 0.2166171 0 0.9843273 0.1763519 0 0.9996471 -0.02656912 0 0.9996471 -0.02656912 0 0.9982455 -0.05921095 0 0.9957953 -0.09160602 0 0.9957958 -0.09160083 0 0.9922524 -0.1242382 0 0.9922528 -0.1242356 0 0.9877161 -0.1562591 0 0.9877166 -0.1562565 0 0.9820911 -0.188407 0 0.9820907 -0.1884095 0 0.9754126 -0.2203869 0 0.9677147 -0.2520483 0 0.9677147 -0.2520483 0 0.9589599 -0.2835418 0 0.9589607 -0.2835394 0 0.949243 -0.3145442 0 0.9492421 -0.3145465 0 0.9384952 -0.3452926 0 0.938496 -0.3452903 0 0 -1 1.10425e-4 0 -1 -2.08349e-4 0 -1 1.9039e-5 0 -1 -3.60926e-5 0 -1 9.51703e-6 0 -1 0 0 -1 2.8558e-5 0 -1 -3.60903e-5 0 -1 2.85602e-5 0 -1 -1.8047e-5 0 -1 1.90345e-5 0 -1 1.80453e-5 0 -1 -3.80782e-5 0 -1 3.60846e-5 0 -1 -3.8068e-5 0 -1 3.60877e-5 0 -1 -7.61362e-5 0 -1 3.60953e-5 0 -1 -3.8081e-5 0 -1 -1.80477e-5 0 -1 9.02417e-6 0 -1 3.80789e-5 0 -1 -2.70672e-5 0 -1 1.35333e-5 0 -1 7.61455e-5 0 -1 -1.80438e-5 0 -1 -3.80732e-5 0 -1 2.08196e-4 0 -1 -1.1049e-4 0 -1 -1.46934e-4 0 -1 3.02263e-6 0 -1 2.94155e-6 0 -1 -1.94038e-5 0 -1 -3.14201e-6 0 -1 1.6757e-5 0 -1 3.92206e-6 0 -1 -5.5825e-5 0 -1 1.46932e-4 0 -1 -3.02278e-6 0 -1 1.48086e-5 0 -1 -2.65341e-5 0 -1 1.36455e-5 0 -1 1.62799e-5 0 -1 -2.09668e-5 0 -1 -3.0741e-5 0 -1 3.07345e-5 0 -1 3.14502e-5 0 -1 -2.17064e-5 0 -1 -3.41167e-6 0 -1 1.92993e-5 0 -0.05591118 -0.9984357 0 -1 2.3877e-4 0 -1 -1.20906e-5 0 -1 9.1838e-5 0 -1 6.97826e-6 0 -1 4.85016e-6 0 -1 -3.39567e-5 0 -1 2.09462e-5 0 -1 -2.09462e-5 0 -1 2.93264e-5 0 -1 -4.85053e-6 0 -1 -7.84416e-6 0 -1 3.39522e-5 0 -1 2.09347e-5 0 -1 -2.38768e-4 0 1 6.06935e-6 0 1 6.91403e-6 0 1 -2.14358e-6 0 1 2.44208e-6 0 1 -1.80507e-6 0 1 1.74355e-6 0 1 5.05299e-7 0 1 1.75014e-6 0 1 -4.88893e-6 0 1 3.14217e-6 0 -1 4.34129e-5 0 -1 -2.72934e-5 0 -1 3.85985e-5 0 -1 -3.70178e-5 0 -1 2.41798e-5 0 -1 -1.03833e-5 0 -1 4.337e-6 0 -1 -1.6757e-5 0 -1 1.25677e-5 0 -1 -9.30891e-6 0 -1 2.07654e-5 0 -1 6.04536e-6 0 -1 2.96162e-5 0 -1 -3.85951e-5 0 -1 2.7291e-5 0 -1 2.17095e-5 0 -1 -1.25818e-4 -0.8505703 0 -0.5258613 -0.8505636 0 -0.5258724 -0.9812406 0 -0.1927873 -0.9812406 0 -0.1927873 -0.6577222 0 -0.7532606 -0.6577358 0 -0.7532488 -0.9812407 0 0.1927872 -0.9812406 0 0.1927872 -0.4571918 0 -0.8893682 -0.4572011 0 -0.8893634 -0.8505703 0 0.5258613 -0.8505637 0 0.5258722 -0.2674235 0 -0.9635791 -0.2674353 0 -0.9635759 -0.6577228 0 0.7532601 -0.6577094 0 0.7532718 -0.08787053 0 -0.996132 -0.08787596 0 -0.9961314 -0.4572331 0 0.8893469 -0.4572234 0 0.889352 0.08787214 0 -0.9961318 0.08787441 0 -0.9961316 -0.2674356 0 0.9635758 -0.2674241 0 0.9635789 0.2674235 0 -0.9635791 0.2674353 0 -0.9635759 -0.08785784 0 0.9961331 -0.08785206 0 0.9961336 0.4571912 0 -0.8893685 0.4572017 0 -0.8893631 0.08785593 0 0.9961333 0.08785402 0 0.9961334 0.6576955 0 -0.753284 0.6577222 0 -0.7532606 0.2674359 0 0.9635757 0.2674238 0 0.963579 0.8505905 0 -0.5258287 0.8505839 0 -0.5258395 0.4572334 0 0.8893468 0.4572231 0 0.8893521 0.9812422 0 -0.1927795 0.9812391 0 -0.1927951 0.6577094 0 0.7532718 0.6576824 0 0.7532953 0.9812422 0 0.1927794 0.9812391 0 0.192795 0.8505906 0 0.5258285 0.8505839 0 0.5258395 0.2291459 -0.5153813 -0.8257569 0.2291771 -0.5153571 -0.8257632 0.07601529 -0.501255 -0.8619543 0.07605326 -0.5013061 -0.8619211 0.3839979 -0.5428398 -0.7469074 0.3839845 -0.5428476 -0.7469086 -0.07601302 -0.5012969 -0.8619302 -0.07605516 -0.501253 -0.8619519 0.5354176 -0.5807995 -0.6131883 0.5354247 -0.5807961 -0.6131855 -0.2291857 -0.5153518 -0.8257641 -0.2291435 -0.5153764 -0.8257606 0.6666659 -0.6210068 -0.4121979 0.6666963 -0.6209898 -0.4121745 -0.383971 -0.5428578 -0.7469081 -0.3840118 -0.5428248 -0.7469112 0.7470334 -0.6483895 -0.1467393 0.7470034 -0.6484163 -0.1467727 -0.5354162 -0.5808142 -0.6131758 -0.5354107 -0.5808182 -0.6131768 0.747009 -0.6484194 0.1467303 0.7470233 -0.6483902 0.1467867 -0.6666811 -0.6210119 -0.4121658 -0.666679 -0.621033 -0.4121373 0.6666925 -0.6209876 0.412184 0.6666883 -0.6210041 0.4121659 -0.747018 -0.648392 -0.1468055 -0.7470058 -0.6484136 -0.1467732 0.5354283 -0.58078 0.6131975 0.5354223 -0.5807829 0.6132 -0.7469991 -0.6484138 0.1468055 -0.7470211 -0.6483944 0.1467794 0.3839848 -0.5428363 0.7469167 0.3840023 -0.5428237 0.7469167 -0.6666812 -0.6210271 0.4121427 -0.6666939 -0.6210175 0.4121366 0.2291819 -0.515337 0.8257744 0.2291645 -0.5153529 0.8257695 -0.5354138 -0.5808011 0.6131902 -0.5354189 -0.5807964 0.6131902 0.07601022 -0.5012708 0.8619456 0.07602894 -0.5012534 0.8619541 -0.3839896 -0.5428352 0.7469149 -0.3839987 -0.5428211 0.7469205 -0.07602864 -0.5012517 0.8619551 -0.07601022 -0.5012708 0.8619456 -0.2291741 -0.5153495 0.8257687 -0.2291792 -0.5153315 0.8257787 -0.08774095 0.05018681 -0.9948783 -0.08773177 0.05018985 -0.994879 -0.267036 0.05210512 -0.9622769 -0.2670768 0.05209261 -0.9622663 -0.08770537 0.05590194 -0.9945768 -0.08770161 0.05590289 -0.994577 0.08773183 0.05018985 -0.994879 0.0877372 0.05018812 -0.9948786 -0.08775848 0.04448491 -0.995148 -0.08776479 0.04448282 -0.9951475 -0.4565311 0.05598056 -0.8879446 -0.4565036 0.05598866 -0.8879582 -0.2669897 0.05801665 -0.9619514 -0.266965 0.05802345 -0.9619579 -0.2671515 0.04616224 -0.9625483 -0.2671138 0.0461744 -0.9625582 -0.08767199 0.06160819 -0.9942426 -0.08764308 0.06161618 -0.9942446 0.08770167 0.05590283 -0.994577 0.08770549 0.05590194 -0.9945768 0.2670768 0.05209654 -0.9622662 0.2670478 0.05210536 -0.9622737 0.08776104 0.04448282 -0.9951479 0.0877586 0.0444836 -0.9951481 -0.08781939 0.03877407 -0.9953815 -0.08777946 0.03878837 -0.9953846 -0.6564508 0.06177568 -0.7518352 -0.6564714 0.06176906 -0.7518178 -0.4563316 0.06234699 -0.8876229 -0.4563534 0.06234091 -0.8876121 -0.4566205 0.0496301 -0.8882763 -0.4566844 0.04960954 -0.8882445 -0.2668688 0.06395518 -0.9616085 -0.2669135 0.06394344 -0.9615968 -0.2671775 0.04026198 -0.9628059 -0.2672196 0.04024749 -0.9627949 -0.08765721 0.05909407 -0.9943964 -0.08768725 0.05907374 -0.994395 0.0876432 0.06161618 -0.9942445 0.08767211 0.06160819 -0.9942424 0.266965 0.05802345 -0.9619579 0.2669898 0.05801659 -0.9619514 0.4564818 0.05598843 -0.8879694 0.4565109 0.05597966 -0.8879551 0.2671258 0.04617059 -0.962555 0.2671401 0.04616594 -0.9625512 0.08777958 0.03878837 -0.9953845 0.08781939 0.03877407 -0.9953815 -0.08782184 0.03308194 -0.9955867 -0.08783751 0.03307598 -0.9955856 -0.8485633 0.06856119 -0.5246331 -0.8485344 0.06857264 -0.5246783 -0.6561698 0.06878727 -0.7514716 -0.6561736 0.0687862 -0.7514684 -0.6567523 0.05476057 -0.7521155 -0.6567195 0.05477154 -0.7521434 -0.4561625 0.06870889 -0.8872401 -0.4561229 0.06871867 -0.8872596 -0.4567952 0.0432533 -0.8885197 -0.4567561 0.04326701 -0.8885391 -0.2669577 0.06132227 -0.9617553 -0.2669255 0.06134229 -0.9617629 -0.2672479 0.03433495 -0.963016 -0.2672364 0.03433901 -0.9630191 -0.08773881 0.04836189 -0.9949688 -0.08780628 0.04831808 -0.9949651 0.08768242 0.05907374 -0.9943954 0.08765733 0.05909085 -0.9943966 0.2669136 0.0639435 -0.9615968 0.2668688 0.06395512 -0.9616085 0.4563532 0.06234079 -0.8876122 0.4563097 0.06235295 -0.8876338 0.6564717 0.06176894 -0.7518174 0.6564782 0.06176704 -0.7518121 0.456664 0.04961609 -0.8882546 0.45664 0.0496239 -0.8882665 0.2672085 0.04024744 -0.9627979 0.2671774 0.04025799 -0.9628061 0.08783763 0.03307592 -0.9955856 0.08782184 0.03308194 -0.9955867 -0.08782833 0.027372 -0.9957596 -0.08783668 0.02736854 -0.9957588 -0.9785815 0.07366651 -0.192228 -0.9785706 0.07367753 -0.1922793 -0.8480539 0.07634902 -0.5243811 -0.8480684 0.07634353 -0.5243584 -0.8490221 0.06077945 -0.5248499 -0.8489914 0.06079256 -0.524898 -0.6558395 0.07579684 -0.7510855 -0.6558092 0.07580471 -0.7511113 -0.6569646 0.04773855 -0.7524086 -0.6569898 0.04772961 -0.7523872 -0.45621 0.0659011 -0.8874287 -0.4562317 0.06588768 -0.8874185 -0.4569546 0.03688782 -0.8887248 -0.4569125 0.03690302 -0.8887459 -0.267093 0.05016493 -0.9623643 -0.2670425 0.05019652 -0.9623767 -0.2673118 0.02840805 -0.9631913 -0.2672975 0.02841341 -0.9631951 -0.08784729 0.03755825 -0.9954257 -0.08781242 0.03758031 -0.9954279 0.08780646 0.04831808 -0.994965 0.08773398 0.04836523 -0.9949691 0.2669408 0.06133258 -0.9617593 0.2669578 0.06132239 -0.9617553 0.4560981 0.06871819 -0.8872725 0.4561626 0.06870228 -0.8872406 0.6561422 0.06879508 -0.751495 0.65617 0.06878739 -0.7514714 0.8485623 0.06856083 -0.5246348 0.8485638 0.06856149 -0.5246321 0.656747 0.05476236 -0.75212 0.6567521 0.05476045 -0.7521157 0.4567755 0.04326045 -0.8885296 0.4567953 0.04325336 -0.8885197 0.2672365 0.03433901 -0.963019 0.2672482 0.03433495 -0.963016 0.08783674 0.02736854 -0.9957589 0.08782839 0.02737194 -0.9957595 -0.08783614 0.02167248 -0.9958992 -0.08784008 0.02167093 -0.9958989 -0.9785819 0.07367914 0.1922217 -0.9785715 0.07366567 0.1922792 -0.9779291 0.08204793 -0.1921533 -0.9779373 0.08204013 -0.1921148 -0.9791424 0.06532794 -0.1923864 -0.9791522 0.06531727 -0.1923401 -0.8475344 0.08414244 -0.5240283 -0.8476007 0.08412033 -0.5239247 -0.8493801 0.05300569 -0.5251134 -0.8493994 0.05299687 -0.5250828 -0.6559606 0.07271355 -0.7512847 -0.655972 0.07270598 -0.7512753 -0.6571415 0.04072266 -0.7526665 -0.6571695 0.04071223 -0.7526425 -0.4565595 0.05393064 -0.8880569 -0.4565938 0.05390959 -0.8880406 -0.4569978 0.03055042 -0.888943 -0.4570526 0.03052979 -0.8889155 -0.2671759 0.03902453 -0.9628574 -0.2672349 0.03898841 -0.9628424 -0.2673589 0.02249515 -0.9633345 -0.2673526 0.02249789 -0.9633362 -0.08784216 0.02684438 -0.9957727 -0.08781379 0.02686196 -0.9957747 0.08780729 0.03758037 -0.9954284 0.08784741 0.03755491 -0.9954258 0.2670423 0.05020654 -0.9623761 0.2671082 0.05016517 -0.96236 0.4562059 0.06588745 -0.8874318 0.4561852 0.06589984 -0.8874415 0.6558428 0.07579624 -0.7510827 0.6558083 0.07580482 -0.751112 0.848083 0.07634389 -0.5243347 0.8480989 0.0763517 -0.5243079 0.9785681 0.07367819 -0.1922917 0.9785698 0.07368016 -0.1922819 0.8490208 0.06079316 -0.5248504 0.8489912 0.06077754 -0.5249 0.6569901 0.04772973 -0.7523869 0.6569651 0.04773843 -0.7524082 0.4569126 0.03690302 -0.8887459 0.4569361 0.03689426 -0.8887341 0.2672973 0.02841329 -0.9631952 0.2673119 0.02840822 -0.9631912 0.08784031 0.02167099 -0.9958989 0.08783614 0.02167242 -0.9958992 -0.08786851 0.01596736 -0.9960041 -0.08784556 0.01597654 -0.996006 -0.8485543 0.06857323 0.5246459 -0.8485349 0.06856346 0.5246788 -0.9779297 0.08204019 0.1921533 -0.9779367 0.08204847 0.1921145 -0.9791432 0.06531584 0.1923865 -0.9791527 0.06532859 0.1923336 -0.9772285 0.09038847 -0.1919756 -0.9772108 0.09040361 -0.1920583 -0.979652 0.05696147 -0.1924511 -0.9796448 0.0569697 -0.1924849 -0.8478429 0.08067494 -0.5240745 -0.8478153 0.08069771 -0.5241156 -0.8497095 0.04521369 -0.525309 -0.8497062 0.04521536 -0.5253142 -0.6565476 0.0594955 -0.7519345 -0.6565297 0.05950725 -0.7519493 -0.657359 0.03370255 -0.7528237 -0.6573126 0.03372049 -0.7528634 -0.4568576 0.0418924 -0.888553 -0.4567709 0.0419448 -0.8885951 -0.4570969 0.02417045 -0.8890884 -0.457078 0.02417814 -0.8890981 -0.2673342 0.02784925 -0.9632014 -0.2673138 0.02786195 -0.9632067 -0.2673547 0.01658833 -0.9634554 -0.2673896 0.01657408 -0.963446 -0.08783394 0.01610589 -0.996005 -0.08787941 0.01607859 -0.9960014 0.08781379 0.02686202 -0.9957747 0.08783698 0.02684754 -0.995773 0.2672351 0.03897863 -0.9628428 0.2671759 0.03901445 -0.9628577 0.4565938 0.05390989 -0.8880404 0.4565333 0.05394679 -0.8880694 0.6560067 0.07270652 -0.751245 0.6559938 0.07271528 -0.7512553 0.8475663 0.08413201 -0.5239784 0.847566 0.08413159 -0.5239788 0.9779292 0.08204019 -0.1921559 0.9779237 0.08203327 -0.1921869 0.9785691 0.07368022 0.1922855 0.9785699 0.07367932 0.1922815 0.9791433 0.06531649 -0.192386 0.9791399 0.06531286 -0.1924041 0.8493559 0.05299633 -0.5251532 0.8493978 0.05301821 -0.5250833 0.6571698 0.04072201 -0.7526417 0.6571655 0.04072338 -0.7526455 0.4570351 0.03052973 -0.8889245 0.4569976 0.03054362 -0.8889434 0.2673522 0.02249789 -0.9633362 0.2673589 0.02249509 -0.9633345 0.08784568 0.01597654 -0.996006 0.08786547 0.01596868 -0.9960044 -0.08786731 0.01027262 -0.9960793 -0.08787482 0.01026922 -0.9960787 -0.6564504 0.06177568 0.7518355 -0.6564717 0.06176918 0.7518175 -0.8480544 0.0763393 0.5243816 -0.8480774 0.07635033 0.5243427 -0.8490212 0.06079322 0.5248498 -0.8489842 0.06077378 0.5249118 -0.977227 0.09040379 0.1919752 -0.9772123 0.09038692 0.1920585 -0.9796526 0.05697125 0.1924453 -0.9796453 0.05696099 0.1924849 -0.9775364 0.08666902 -0.1921223 -0.9775276 0.08668607 -0.1921602 -0.9800747 0.04860883 -0.1925895 -0.980086 0.0485953 -0.1925359 -0.8487324 0.06604248 -0.5246826 -0.84874 0.06603616 -0.524671 -0.8499986 0.03741657 -0.5254545 -0.8499833 0.0374242 -0.5254787 -0.6569902 0.04628342 -0.7524771 -0.6570719 0.04623109 -0.7524089 -0.6574913 0.02667868 -0.7529898 -0.6574984 0.02667611 -0.7529837 -0.4569681 0.02997034 -0.888978 -0.4570311 0.02993261 -0.888947 -0.4571676 0.01782643 -0.8892019 -0.4571578 0.01782995 -0.889207 -0.2673801 0.01671868 -0.9634461 -0.2673814 0.01671773 -0.9634457 -0.2673704 0.01066523 -0.9635349 -0.2673753 0.01066315 -0.9635335 -0.08788913 0.005375027 -0.9961158 -0.08788543 0.005377531 -0.9961162 0.08787941 0.01607865 -0.9960014 0.08783394 0.01610583 -0.996005 0.2672979 0.02787166 -0.9632108 0.2673342 0.02784919 -0.9632014 0.4567986 0.04192781 -0.8885815 0.4568578 0.04189252 -0.8885529 0.6565282 0.05953168 -0.7519487 0.6565823 0.05949693 -0.7519041 0.8478076 0.08069741 -0.5241281 0.8478147 0.0807048 -0.5241155 0.9772143 0.09038919 -0.1920475 0.9772263 0.09040284 -0.1919798 0.9779298 0.08203387 0.1921558 0.9779232 0.08203989 0.1921866 0.8485536 0.06856495 0.5246483 0.8485639 0.06856071 0.524632 0.9791436 0.06531268 0.1923859 0.979141 0.06531566 0.1923978 0.9796504 0.05698376 -0.1924526 0.9796447 0.05697542 -0.1924844 0.849708 0.04521536 -0.5253112 0.849682 0.0452007 -0.5253545 0.6573376 0.03371125 -0.7528418 0.6573586 0.03370249 -0.752824 0.457078 0.02417808 -0.8890981 0.457097 0.02417039 -0.8890884 0.2673897 0.01657807 -0.963446 0.2673643 0.01658833 -0.9634528 0.08787155 0.01026922 -0.996079 0.08786433 0.01027262 -0.9960795 -0.08788573 0.004571616 -0.9961201 -0.08787047 0.004577696 -0.9961214 -0.4565107 0.05598002 0.8879552 -0.4565254 0.05597567 0.8879479 -0.6561697 0.06878179 0.7514722 -0.6561921 0.06877535 0.7514533 -0.6567525 0.05476045 0.7521154 -0.6567195 0.05477142 0.7521433 -0.847545 0.08412647 0.5240135 -0.8475883 0.08414584 0.5239405 -0.8493728 0.05299651 0.5251259 -0.8493987 0.05301022 0.5250826 -0.9775351 0.08668619 0.1921219 -0.9775291 0.08666831 0.1921604 -0.9800755 0.04859393 0.1925895 -0.9800865 0.04860925 0.1925303 -0.9787466 0.07097476 -0.1923999 -0.9787474 0.07097357 -0.1923966 -0.9804444 0.0402143 -0.1926438 -0.9804408 0.040219 -0.1926612 -0.8494743 0.05135184 -0.5251251 -0.8494281 0.05138951 -0.5251963 -0.8501871 0.0296427 -0.5256457 -0.8502211 0.02962511 -0.5255915 -0.6574167 0.03301674 -0.7528038 -0.6573122 0.03308331 -0.752892 -0.6576105 0.01967275 -0.7531012 -0.6575987 0.01967769 -0.7531114 -0.4571621 0.01795786 -0.8892021 -0.4571553 0.01796185 -0.8892056 -0.4572087 0.01146376 -0.8892856 -0.4572091 0.0114631 -0.8892854 -0.2674143 0.005560278 -0.9635656 -0.2673802 0.00558108 -0.963575 -0.2673896 0.004743337 -0.9635769 -0.2673824 0.004746198 -0.9635788 -0.08788913 -0.005375146 -0.9961159 -0.08788508 -0.00537765 -0.9961162 0.08787989 0.005377531 -0.9961166 0.08788913 0.005371749 -0.9961158 0.267382 0.01671773 -0.9634456 0.267364 0.0167284 -0.9634504 0.457031 0.02993273 -0.888947 0.4569957 0.02995377 -0.8889645 0.657035 0.04623043 -0.7524413 0.6569903 0.0462591 -0.7524785 0.8487327 0.06603604 -0.5246828 0.8487399 0.0660426 -0.5246704 0.9775473 0.08672308 -0.192043 0.9775291 0.08666837 -0.1921604 0.9772131 0.090402 0.1920471 0.9772275 0.09038907 0.19198 0.8480823 0.07635068 0.5243348 0.8481092 0.07634055 0.5242927 0.6564719 0.06176918 0.7518173 0.6564777 0.0617671 0.7518124 0.8490215 0.0607751 0.5248513 0.848982 0.06079244 0.524913 0.9796521 0.05697578 0.1924467 0.9796441 0.05698525 0.1924844 0.9800766 0.04858177 -0.1925874 0.9800856 0.04859471 -0.1925379 0.8499999 0.03742498 -0.525452 0.8499826 0.0374149 -0.5254807 0.6574987 0.02667611 -0.7529834 0.6574685 0.02668809 -0.7530093 0.4571576 0.01782989 -0.889207 0.457168 0.01782643 -0.8892018 0.2673854 0.01066321 -0.9635307 0.2673802 0.01066529 -0.9635322 0.08786725 0.004577696 -0.9961217 0.08788603 0.004570245 -0.9961201 -0.08788597 -0.001113831 -0.99613 -0.08787077 -0.001120448 -0.9961313 -0.4566392 0.04963058 0.8882666 -0.4566648 0.04962253 0.8882538 -0.2670577 0.0520913 0.9622717 -0.2670308 0.0520994 0.9622787 -0.4563527 0.06233453 0.8876129 -0.4563085 0.06234687 0.8876348 -0.6558564 0.07580894 0.7510695 -0.6558276 0.07581651 0.751094 -0.6569641 0.04773873 0.7524089 -0.6569899 0.04772973 0.7523871 -0.8478314 0.08068853 0.5240909 -0.8478168 0.08067327 0.5241168 -0.8497024 0.04521137 0.5253207 -0.8496987 0.04520934 0.5253267 -0.9787467 0.07097345 0.1923997 -0.9787473 0.07097482 0.1923964 -0.9804454 0.04022043 0.1926379 -0.9804409 0.04021412 0.1926617 -0.9797254 0.05520612 -0.1925889 -0.9797366 0.05518436 -0.1925383 -0.9807386 0.03186267 -0.192709 -0.9807401 0.03186088 -0.1927014 -0.8499783 0.03672522 -0.5255361 -0.8500563 0.03666162 -0.5254144 -0.8503581 0.02184349 -0.525751 -0.8503576 0.02184325 -0.5257517 -0.657543 0.01983928 -0.753156 -0.6575776 0.01981699 -0.7531262 -0.6576648 0.01266056 -0.7532044 -0.6576847 0.01265168 -0.7531872 -0.4572212 0.005985081 -0.889333 -0.457228 0.005980849 -0.8893294 -0.4572207 0.005101859 -0.8893386 -0.4572324 0.005097329 -0.8893327 -0.2674145 -0.005560398 -0.9635656 -0.2673802 -0.00558114 -0.963575 -0.2673917 -0.00116688 -0.9635872 -0.2674205 -0.001155734 -0.9635792 -0.08783411 -0.01610589 -0.996005 -0.08787959 -0.01607865 -0.9960014 0.08788883 -0.00537765 -0.9961158 0.08787995 -0.005371809 -0.9961166 0.2673974 0.005570948 -0.9635703 0.2674148 0.005560338 -0.9635655 0.4571554 0.01797884 -0.8892052 0.4571622 0.01797491 -0.8892018 0.6573496 0.03305923 -0.7528603 0.6573791 0.03304016 -0.7528355 0.8494743 0.05135971 -0.5251244 0.8494663 0.05135041 -0.5251383 0.9787468 0.07097369 -0.1923997 0.9787473 0.0709747 -0.1923964 0.9775519 0.08666992 0.1920437 0.9775243 0.08672326 0.1921594 0.8475757 0.08413237 0.5239629 0.847555 0.0841394 0.5239955 0.6561606 0.06878429 0.7514799 0.65617 0.06878185 0.751472 0.4565035 0.05597531 0.8879591 0.4564903 0.05597919 0.8879657 0.6567469 0.0547623 0.7521201 0.6567522 0.05476027 0.7521156 0.8493474 0.05302053 0.5251647 0.8493986 0.05299687 0.5250843 0.980076 0.04859441 0.1925873 0.9800875 0.04858028 0.1925323 0.9804325 0.04021769 -0.1927041 0.9804407 0.04022991 -0.1926593 0.8501865 0.02963739 -0.5256469 0.8502216 0.02965688 -0.5255888 0.6575748 0.01967751 -0.7531323 0.6576095 0.01966369 -0.7531023 0.4572099 0.01146328 -0.889285 0.4572085 0.01146382 -0.8892857 0.2673921 0.004742085 -0.9635762 0.2673797 0.004747211 -0.9635795 0.08788651 -0.001120448 -0.9961299 0.08787029 -0.001113772 -0.9961314 -0.08786207 2.93766e-4 -0.9961327 -0.0878694 2.85872e-4 -0.996132 -0.4567773 0.04325294 0.888529 -0.4567753 0.04325389 0.88853 -0.2671303 0.04617625 0.9625535 -0.2671352 0.04617464 0.9625523 -0.08778536 0.05019485 0.994874 -0.0877555 0.05020433 0.9948762 -0.2669433 0.05802261 0.961964 -0.2669659 0.05801612 0.9619581 -0.4561173 0.06872022 0.8872624 -0.4561237 0.06871849 0.8872593 -0.6559804 0.07270056 0.7512686 -0.6559928 0.07269215 0.7512586 -0.6571686 0.04071778 0.7526431 -0.6571691 0.04071766 0.7526427 -0.8487333 0.06602609 0.5246832 -0.8487507 0.06604319 0.5246528 -0.8499911 0.03742831 0.5254658 -0.8499761 0.03741991 0.5254907 -0.9797264 0.05518794 0.1925889 -0.9797338 0.05520659 0.1925463 -0.9807387 0.03185927 0.1927089 -0.9807411 0.03186285 0.1926963 -0.9804682 0.03944444 -0.1926821 -0.9804543 0.03947186 -0.1927468 -0.9809665 0.02348303 -0.1927525 -0.9809661 0.02348327 -0.1927538 -0.8504222 0.02199822 -0.5256408 -0.8503727 0.02203869 -0.5257191 -0.8504963 0.01405298 -0.5257933 -0.8504765 0.01406377 -0.5258252 -0.6576924 0.006610095 -0.7532578 -0.6577008 0.006604969 -0.7532504 -0.6577122 0.005627453 -0.7532483 -0.6577072 0.005630075 -0.7532526 -0.4572209 -0.0059852 -0.889333 -0.457228 -0.005980968 -0.8893294 -0.4572271 -0.001251876 -0.8893491 -0.4572207 -0.001254498 -0.8893524 -0.2673799 -0.01671868 -0.9634461 -0.267381 -0.01671773 -0.9634459 -0.2674344 2.90228e-4 -0.9635761 -0.2674189 3.01635e-4 -0.9635803 -0.08784204 -0.02684384 -0.9957727 -0.08781379 -0.02686142 -0.9957747 0.08783471 -0.01607871 -0.9960053 0.08787888 -0.01610612 -0.996001 0.2673975 -0.005571126 -0.9635702 0.267415 -0.005560457 -0.9635655 0.4572278 0.005980908 -0.8893296 0.4572216 0.005985081 -0.8893327 0.6575769 0.01984202 -0.7531262 0.6575798 0.01983964 -0.7531237 0.8500157 0.03669255 -0.525478 0.8500182 0.03669446 -0.5254739 0.9797266 0.05518442 -0.192589 0.9797354 0.05520665 -0.192538 0.9787467 0.0709744 0.1923997 0.9787474 0.07097381 0.1923963 0.8477966 0.08070433 0.524145 0.8478158 0.08068776 0.5241163 0.6558613 0.07580804 0.7510654 0.6558253 0.07581692 0.751096 0.4563083 0.06234675 0.8876349 0.4563308 0.06234055 0.8876238 0.2670309 0.0521034 0.9622785 0.2670695 0.05209147 0.9622684 0.4566446 0.04962921 0.8882639 0.4566587 0.04962438 0.888257 0.6569901 0.04773002 0.7523868 0.6569646 0.04773837 0.7524085 0.8497017 0.04519736 0.525323 0.8496739 0.04521095 0.5253669 0.980433 0.04022967 0.1926987 0.9804412 0.04021942 0.1926593 0.9807484 0.0318765 -0.1926566 0.9807286 0.03184759 -0.1927621 0.8503608 0.02183157 -0.525747 0.850357 0.02182972 -0.5257533 0.6576836 0.0126518 -0.7531881 0.6576642 0.01265954 -0.7532048 0.4572327 0.005104005 -0.8893325 0.4572374 0.005101919 -0.88933 0.26742 -0.001155614 -0.9635795 0.267383 -0.001170873 -0.9635897 0.0878694 2.85847e-4 -0.996132 0.08785921 2.96591e-4 -0.9961329 -0.08783817 0.008839488 -0.9960956 -0.08785814 0.008822619 -0.996094 -0.4569213 0.03689342 0.8887417 -0.4568938 0.03690302 0.8887555 -0.267217 0.04024833 0.9627956 -0.2671988 0.04025453 0.9628003 -0.08777976 0.04448539 0.9951461 -0.08780932 0.04447531 0.995144 0.0877819 0.05020421 0.9948738 0.08775526 0.05019569 0.9948767 -0.08772915 0.05589479 0.994575 -0.08772683 0.0558955 0.9945752 -0.2668692 0.06395494 0.9616084 -0.2668868 0.0639503 0.9616038 -0.4562119 0.06588417 0.8874289 -0.4562317 0.06587129 0.8874197 -0.6565685 0.05948203 0.7519174 -0.6565079 0.05952113 0.7519671 -0.6573587 0.03370821 0.7528237 -0.6573401 0.03371542 0.7528395 -0.8494838 0.05139082 0.5251061 -0.8494518 0.05136078 0.5251607 -0.8501874 0.02962476 0.525646 -0.8502139 0.0296393 0.5256024 -0.9804657 0.03946834 0.1926901 -0.9804555 0.03944391 0.1927468 -0.9809664 0.02348333 0.1927524 -0.9809663 0.02348315 0.1927535 -0.9809439 0.02368003 -0.192843 -0.9809616 0.02364403 -0.1927572 -0.9811288 0.01510369 -0.1927652 -0.9811249 0.015109 -0.1927838 -0.8505565 0.00733602 -0.5258325 -0.8505585 0.007334291 -0.5258294 -0.8505492 0.006253838 -0.5258583 -0.8505637 0.006245613 -0.525835 -0.6576929 -0.006610214 -0.7532572 -0.6576998 -0.006605088 -0.7532512 -0.6577222 -0.001377761 -0.7532594 -0.6577166 -0.001380503 -0.7532644 -0.4571624 -0.01795792 -0.8892019 -0.4571552 -0.01796191 -0.8892056 -0.4572048 3.29812e-4 -0.8893615 -0.4572193 3.1476e-4 -0.8893539 -0.2673344 -0.02784866 -0.9632014 -0.267314 -0.02786135 -0.9632067 -0.26742 0.009177565 -0.9635365 -0.2674226 0.0091784 -0.9635356 -0.08784675 -0.03755903 -0.9954258 -0.08781248 -0.03758102 -0.9954279 0.08783692 -0.02686142 -0.9957727 0.08781373 -0.02684682 -0.9957752 0.2673816 -0.01671773 -0.9634458 0.2673641 -0.01672846 -0.9634504 0.4572282 -0.005981147 -0.8893294 0.4572216 -0.0059852 -0.8893327 0.6577004 0.006604611 -0.7532507 0.657692 0.006610035 -0.753258 0.8503842 0.02203953 -0.5257004 0.8503729 0.02202934 -0.5257191 0.9804686 0.03943502 -0.1926821 0.9804725 0.0394445 -0.1926603 0.9797255 0.05520582 0.1925886 0.9797347 0.05518794 0.1925464 0.8487323 0.06604272 0.5246827 0.848752 0.06602579 0.524653 0.6560274 0.07269275 0.7512283 0.6560136 0.07270222 0.7512394 0.4560988 0.06871807 0.8872721 0.4561175 0.06871354 0.8872628 0.2669659 0.05801606 0.9619581 0.2669435 0.05802261 0.961964 0.2671472 0.04617089 0.9625491 0.267119 0.04617989 0.9625564 0.4567946 0.04324728 0.8885203 0.4567774 0.04325306 0.888529 0.6571691 0.04072737 0.7526421 0.6571926 0.04071867 0.7526221 0.8499928 0.03741949 0.5254637 0.8499748 0.03742825 0.5254923 0.9807494 0.03184831 0.1926566 0.9807288 0.03187465 0.1927567 0.9809656 0.0234673 -0.1927585 0.9809765 0.02348405 -0.1927014 0.8504949 0.01406335 -0.5257953 0.8504789 0.01405346 -0.5258214 0.6577076 0.005630254 -0.7532525 0.6577119 0.005627632 -0.7532486 0.4572206 -0.001261293 -0.8893525 0.4572426 -0.001252055 -0.8893412 0.26742 3.10153e-4 -0.96358 0.2674335 2.98632e-4 -0.9635763 0.08785486 0.00882256 -0.9960942 0.08783853 0.008836746 -0.9960956 -0.08784288 0.01736629 -0.995983 -0.08782958 0.01737844 -0.995984 -0.4569807 0.03054368 0.8889521 -0.4570186 0.03052943 0.8889331 -0.2672668 0.03433543 0.9630107 -0.2672759 0.03433203 0.9630083 -0.08779984 0.03878122 0.995383 -0.08780014 0.03878092 0.9953829 0.08777993 0.04447543 0.9951466 0.08780544 0.04448437 0.995144 0.08772927 0.05589544 0.994575 0.08772695 0.05589479 0.9945752 -0.08769714 0.061616 0.9942398 -0.08769756 0.06161588 0.9942397 -0.2669315 0.06130361 0.9617637 -0.2668984 0.06132429 0.9617716 -0.4565591 0.05394762 0.888056 -0.4566202 0.05391007 0.8880268 -0.6569694 0.04628312 0.7524954 -0.6570297 0.04624438 0.752445 -0.6575044 0.02667897 0.7529782 -0.6574983 0.02668172 0.7529835 -0.8500024 0.03667068 0.525501 -0.8500545 0.03671753 0.5254136 -0.8503579 0.02184319 0.5257512 -0.850358 0.02184361 0.5257511 -0.9809449 0.02364039 0.1928431 -0.9809625 0.02368044 0.1927483 -0.9811297 0.01511025 0.1927601 -0.9811251 0.01510375 0.1927834 -0.9812051 0.007917642 -0.1928052 -0.981218 0.00789088 -0.1927409 -0.9812166 0.006723821 -0.1927924 -0.9812185 0.006721496 -0.1927828 -0.8505585 -0.007336139 -0.5258291 -0.850557 -0.00733447 -0.5258318 -0.850571 -0.001532733 -0.5258582 -0.8505643 -0.001529633 -0.525869 -0.657543 -0.01983934 -0.7531558 -0.6575772 -0.01981699 -0.7531266 -0.6577246 3.59739e-4 -0.7532584 -0.6577161 3.65502e-4 -0.7532659 -0.4569683 -0.02996975 -0.8889781 -0.4570313 -0.02993202 -0.8889469 -0.4571756 0.009864032 -0.8893218 -0.457183 0.009858191 -0.8893181 -0.2671759 -0.0390253 -0.9628573 -0.2672355 -0.03898918 -0.9628423 -0.2673916 0.01802337 -0.9634194 -0.2673906 0.01802515 -0.9634196 -0.08773857 -0.04836118 -0.994969 -0.08780664 -0.04831731 -0.9949651 0.08784794 -0.0375809 -0.9954248 0.08780634 -0.03755527 -0.9954295 0.267298 -0.02787107 -0.9632108 0.2673343 -0.02784866 -0.9632014 0.4571551 -0.01797884 -0.8892053 0.457162 -0.01797509 -0.8892019 0.6577 -0.006604671 -0.7532511 0.6576918 -0.006610095 -0.7532581 0.8505564 0.007334291 -0.5258327 0.8505585 0.007335901 -0.5258295 0.980961 0.0236808 -0.1927563 0.9809607 0.02368044 -0.1927571 0.9804666 0.03944432 0.1926903 0.9804729 0.0394333 0.1926603 0.8494854 0.05136179 0.5251063 0.8494883 0.05135864 0.5251019 0.6565064 0.05954545 0.7519667 0.6566033 0.0594834 0.751887 0.4562059 0.06587105 0.8874329 0.4561871 0.0658828 0.8874418 0.2668868 0.06395035 0.9616038 0.2668692 0.06395494 0.9616084 0.2671878 0.04025447 0.9628034 0.2672169 0.04024434 0.9627958 0.4568938 0.0369029 0.8887555 0.4569029 0.0368998 0.8887509 0.6573649 0.033706 0.7528184 0.6573585 0.03370815 0.7528239 0.8501864 0.02965277 0.5256462 0.8502151 0.02963703 0.5256007 0.9809653 0.02348321 0.1927583 0.9809769 0.02346789 0.1927011 0.9811289 0.01511013 -0.1927633 0.9811239 0.01510262 -0.1927893 0.8505501 0.006246149 -0.5258571 0.8505626 0.006252944 -0.5258368 0.6577165 -0.001380562 -0.7532644 0.6577224 -0.001378417 -0.7532593 0.4572186 3.29555e-4 -0.8893543 0.4572213 3.30133e-4 -0.889353 0.2674217 0.009170114 -0.9635361 0.2674127 0.009177446 -0.9635385 0.08782958 0.01737844 -0.995984 0.0878396 0.01736903 -0.9959833 -0.08781647 0.0258997 -0.9958 -0.08782631 0.025891 -0.9957994 -0.4570803 0.02417677 0.8890968 -0.4570607 0.02418458 0.8891068 -0.2673302 0.02840816 0.9631862 -0.2673164 0.02841335 0.9631898 -0.08782184 0.03307461 0.9955871 -0.08781743 0.03307604 0.9955874 0.0877996 0.03878092 0.995383 0.08780056 0.03878122 0.9953829 0.08769726 0.06161588 0.9942398 0.08769768 0.061616 0.9942398 -0.08771133 0.0590766 0.9943926 -0.0877155 0.05907398 0.9943924 -0.2670656 0.0501644 0.9623719 -0.2670427 0.0501787 0.9623775 -0.4568833 0.04190963 0.8885389 -0.4568247 0.04194527 0.8885673 -0.6573745 0.03302973 0.7528399 -0.657313 0.03306895 0.7528918 -0.657611 0.01967257 0.7531008 -0.6576115 0.01967221 0.7531003 -0.8504211 0.02204865 0.5256406 -0.8503506 0.02198725 0.525757 -0.850496 0.01406782 0.5257934 -0.8504768 0.01405662 0.5258249 -0.9812071 0.007894456 0.1927965 -0.9812178 0.007917761 0.1927407 -0.9812176 0.006721436 0.192787 -0.9812195 0.00672388 0.1927776 -0.9812178 -0.007917881 -0.1927411 -0.9812054 -0.007891058 -0.192805 -0.9812402 -0.001655459 -0.1927824 -0.9812375 -0.001651942 -0.1927961 -0.8503736 -0.02199745 -0.5257196 -0.8504214 -0.02203911 -0.5256404 -0.8505835 3.85689e-4 -0.52584 -0.8505707 4.01064e-4 -0.5258605 -0.6574173 -0.03301608 -0.7528032 -0.6573116 -0.0330826 -0.7528925 -0.657693 0.01087921 -0.7532075 -0.6576849 0.01088792 -0.7532146 -0.4568579 -0.04189324 -0.8885528 -0.4567706 -0.04194557 -0.8885952 -0.4571159 0.01937288 -0.8891962 -0.4571104 0.01937627 -0.889199 -0.2670934 -0.05016404 -0.9623641 -0.2670425 -0.05019575 -0.9623766 -0.2673363 0.02688771 -0.9632281 -0.2673394 0.02688431 -0.9632274 -0.08765709 -0.05909508 -0.9943963 -0.08768713 -0.05907469 -0.9943949 0.08773374 -0.04831755 -0.9949715 0.08780652 -0.04836547 -0.9949628 0.2672354 -0.03897929 -0.9628426 0.267176 -0.03901517 -0.9628577 0.4570316 -0.02993226 -0.8889468 0.4569956 -0.02995306 -0.8889645 0.6575769 -0.01984196 -0.7531262 0.6575803 -0.01983964 -0.7531232 0.8505583 -0.007334411 -0.5258297 0.8505566 -0.00733602 -0.5258325 0.9812055 0.007890343 -0.192805 0.9812009 0.007880806 -0.1928282 0.980961 0.02367991 0.1927562 0.9809626 0.02367764 0.1927483 0.8500384 0.03668612 0.5254416 0.8500176 0.03670167 0.5254742 0.6569927 0.04624396 0.7524774 0.6569695 0.04625874 0.7524967 0.4566204 0.05391019 0.8880268 0.4565328 0.05396389 0.8880686 0.2669138 0.06131452 0.961768 0.2669316 0.06130367 0.9617637 0.2672759 0.03433203 0.9630082 0.2672671 0.03433555 0.9630106 0.4570012 0.0305292 0.8889421 0.4569802 0.03053694 0.8889525 0.6574981 0.02668166 0.7529837 0.6574814 0.02668839 0.752998 0.8503605 0.02182966 0.5257476 0.8503575 0.02183163 0.5257524 0.9811301 0.01510286 0.1927582 0.9811239 0.01511162 0.1927892 0.981217 0.0067209 -0.1927904 0.9812188 0.006722807 -0.1927813 0.8505461 -0.00153017 -0.5258984 0.850566 -0.001519143 -0.5258662 0.6577169 3.65842e-4 -0.7532652 0.6577227 3.609e-4 -0.7532601 0.4571998 0.00985825 -0.8893095 0.4571901 0.009863674 -0.8893144 0.2673805 0.01803356 -0.9634223 0.2674016 0.01801496 -0.9634168 0.08782345 0.02589106 -0.9957996 0.08781647 0.0258969 -0.9958 -0.08780992 0.03442835 -0.9955422 -0.08779418 0.03444319 -0.995543 -0.4571672 0.01781988 0.8892023 -0.4571411 0.01782989 0.8892155 -0.2673591 0.02250218 0.9633343 -0.2673707 0.02249801 0.9633311 -0.08782774 0.02737182 0.9957596 -0.08783668 0.0273683 0.9957588 0.08782154 0.03307604 0.995587 0.08781784 0.03307455 0.9955873 0.08771145 0.05907404 0.9943928 0.08771067 0.05907332 0.9943929 -0.08776551 0.04834383 0.9949674 -0.08774805 0.0483554 0.9949684 -0.2671759 0.03902441 0.9628574 -0.2671757 0.03902435 0.9628574 -0.457022 0.02995449 0.8889509 -0.4570028 0.02996599 0.8889604 -0.657543 0.01985299 0.7531555 -0.6575995 0.01981711 0.7531071 -0.6576645 0.01266616 0.7532045 -0.6576857 0.01265722 0.7531862 -0.8505332 0.007324457 0.5258705 -0.8505586 0.007345795 0.5258291 -0.8505493 0.006245791 0.5258585 -0.8505636 0.00625348 0.5258352 -0.9812179 -0.007894635 0.192741 -0.981207 -0.007917821 0.1927962 -0.9812393 -0.001654505 0.1927874 -0.9812384 -0.001655697 0.192791 -0.9809607 -0.02368044 -0.1927571 -0.9809447 -0.02364408 -0.192843 -0.9812355 4.37794e-4 -0.192813 -0.9812414 4.18553e-4 -0.1927831 -0.8500542 -0.03672653 -0.5254133 -0.8499799 -0.03665989 -0.5255379 -0.8505144 0.01209133 -0.5258129 -0.8505222 0.01208424 -0.5258002 -0.6569904 -0.04628437 -0.7524768 -0.6570716 -0.04623198 -0.7524092 -0.6575921 0.02137166 -0.753071 -0.6575806 0.02138036 -0.7530809 -0.4565591 -0.05392974 -0.8880571 -0.4565941 -0.05390882 -0.8880404 -0.4570092 0.02889961 -0.8889923 -0.4570075 0.02889806 -0.8889933 -0.2669574 -0.06132334 -0.9617553 -0.2669258 -0.06134331 -0.9617628 -0.2672351 0.03576672 -0.9629675 -0.2672621 0.03574472 -0.9629608 0.08765727 -0.05907487 -0.9943975 0.0876823 -0.0590924 -0.9943943 0.2670425 -0.05020576 -0.9623762 0.2671085 -0.05016434 -0.9623599 0.4567987 -0.04192864 -0.8885815 0.4568576 -0.04189336 -0.8885528 0.6573494 -0.0330587 -0.7528606 0.6573793 -0.03303951 -0.7528353 0.8503728 -0.02203905 -0.5257191 0.8503847 -0.02202993 -0.5257002 0.9812009 -0.007889628 -0.1928282 0.9812055 -0.00788176 -0.192805 0.9812073 0.007880389 0.1927963 0.9812009 0.00789386 0.1928281 0.8503844 0.0220195 0.5257009 0.8503495 0.02204787 0.5257564 0.6573505 0.03304529 0.7528601 0.6573369 0.0330531 0.7528716 0.4568524 0.04192847 0.8885539 0.4568835 0.04190945 0.8885388 0.2670425 0.05018854 0.962377 0.2670808 0.05016469 0.9623677 0.2673163 0.02841323 0.9631898 0.2673304 0.02840822 0.9631862 0.4570606 0.02418452 0.8891068 0.4570802 0.02417671 0.8890969 0.6575877 0.01967197 0.7531212 0.6576095 0.01966369 0.7531024 0.8504948 0.01405739 0.5257956 0.8504786 0.01406711 0.5258216 0.981218 0.006723523 0.1927855 0.9812199 0.006720244 0.1927757 0.9812505 -0.00163567 -0.1927296 0.9812378 -0.001654446 -0.1927949 0.8505834 4.02423e-4 -0.5258401 0.8505463 3.57298e-4 -0.5259001 0.657684 0.01088804 -0.7532153 0.6576941 0.01087814 -0.7532067 0.4571275 0.01936179 -0.8891905 0.4571167 0.01937323 -0.8891958 0.2673482 0.02687585 -0.9632252 0.2673358 0.02688771 -0.9632282 0.08779418 0.03444314 -0.995543 0.08781033 0.03442853 -0.9955422 -0.08777981 0.04298967 -0.9952118 -0.08778154 0.04298824 -0.9952117 -0.4571924 0.01147013 0.8892939 -0.4572085 0.01146328 0.8892857 -0.2673724 0.0165885 0.9634505 -0.2673895 0.01658111 0.9634459 -0.08783674 0.02167254 0.9958992 -0.08783954 0.02167093 0.9958989 0.08782774 0.02736836 0.9957597 0.0878368 0.02737188 0.9957587 0.08776062 0.04835528 0.9949673 0.08774822 0.04834693 0.9949688 -0.08778852 0.03759509 0.9954295 -0.08784276 0.03756117 0.9954259 -0.2672757 0.02788484 0.9632166 -0.2673439 0.02784359 0.9631989 -0.4571343 0.0179575 0.8892164 -0.4571557 0.01794481 0.8892056 -0.6577143 0.006596148 0.7532387 -0.6577009 0.006604969 0.7532504 -0.6576874 0.005627214 0.7532701 -0.657707 0.005618989 0.753253 -0.8505589 -0.007324576 0.5258288 -0.8505335 -0.007345855 0.5258697 -0.850571 -0.001537144 0.5258579 -0.850565 -0.00154066 0.5258678 -0.9809634 -0.02364051 0.1927486 -0.980944 -0.02368009 0.1928426 -0.9812355 4.21973e-4 0.192813 -0.9812403 4.37638e-4 0.1927881 -0.9804555 -0.03944307 -0.1927471 -0.9804672 -0.03947108 -0.1926817 -0.9811527 0.01300448 -0.1927958 -0.9811527 0.01300609 -0.1927961 -0.8494296 -0.05135113 -0.5251975 -0.8494731 -0.05139136 -0.5251234 -0.8503367 0.02372539 -0.5257041 -0.8503394 0.02372294 -0.5256997 -0.6565472 -0.05949449 -0.7519351 -0.6565293 -0.05950629 -0.7519497 -0.6573861 0.03191435 -0.7528779 -0.6574066 0.03189641 -0.7528606 -0.4562101 -0.06590223 -0.8874285 -0.456232 -0.06588882 -0.8874182 -0.4569177 0.03839141 -0.8886802 -0.4568631 0.0384413 -0.8887062 -0.2671539 0.04460829 -0.9626209 -0.2671418 0.04461896 -0.9626237 0.2669415 -0.06133359 -0.9617591 0.2669578 -0.06132346 -0.9617552 0.4565942 -0.05390894 -0.8880403 0.4565332 -0.05394601 -0.8880695 0.6570346 -0.04623132 -0.7524417 0.6569908 -0.04625993 -0.7524781 0.8500178 -0.03669053 -0.5254747 0.8500158 -0.036695 -0.5254775 0.9809607 -0.0236805 -0.1927571 0.9809609 -0.0236808 -0.1927563 0.9812009 -0.007880926 0.1928283 0.9812072 -0.007893562 0.1927961 0.8505334 0.007345318 0.52587 0.8505583 0.007324516 0.5258298 0.6575988 0.01984214 0.753107 0.6575799 0.01985323 0.7531233 0.4570026 0.02996593 0.8889605 0.4570495 0.02993798 0.8889373 0.2671759 0.03901445 0.9628578 0.267176 0.03901439 0.9628577 0.2673704 0.02249801 0.9633312 0.2673591 0.02250224 0.9633342 0.4571411 0.01782983 0.8892155 0.4571674 0.01782 0.8892021 0.6576841 0.01265716 0.7531877 0.6576641 0.01266533 0.753205 0.8505495 0.006252884 0.5258578 0.8505629 0.006245791 0.5258364 0.9812495 -0.001654207 0.1927346 0.9812387 -0.001638293 0.1927899 0.9812345 3.84911e-4 -0.1928181 0.9812518 4.38716e-4 -0.1927297 0.8505131 0.01208227 -0.5258151 0.8505236 0.01209193 -0.5257979 0.6575824 0.0213803 -0.7530792 0.6575695 0.02139228 -0.7530902 0.4570103 0.02889823 -0.8889919 0.457008 0.02889925 -0.888993 0.2672619 0.03574466 -0.9629608 0.2672351 0.03576678 -0.9629675 0.08778154 0.04298818 -0.9952117 0.08777934 0.04298943 -0.995212 -0.08773666 0.05155098 -0.9948089 -0.08774423 0.05154383 -0.9948086 -0.457253 0.005088925 0.8893221 -0.4572163 0.005103886 0.889341 -0.2673703 0.01066541 0.9635349 -0.2673931 0.01065605 0.9635286 -0.08785033 0.01597452 0.9960056 -0.08784556 0.01597654 0.996006 0.08783614 0.02167093 0.9958993 0.08784031 0.02167266 0.9958988 0.08778876 0.03756135 0.9954308 0.08783757 0.03759235 0.9954252 -0.08787304 0.0268256 0.9957705 -0.08781379 0.02686196 0.9957747 -0.26741 0.0167005 0.9634382 -0.2673814 0.01671773 0.9634458 -0.4572213 0.00598514 0.889333 -0.4571999 0.005997717 0.8893437 -0.6577147 -0.006596267 0.7532383 -0.6576997 -0.006605029 0.7532514 -0.6576974 -0.001388609 0.7532809 -0.6577287 -0.001375138 0.7532538 -0.8503494 -0.02204811 0.5257565 -0.8504221 -0.02198845 0.5256413 -0.8505835 4.08874e-4 0.52584 -0.850571 3.94208e-4 0.52586 -0.9804545 -0.03946751 0.1927469 -0.9804667 -0.03944355 0.19269 -0.9811538 0.0130093 0.19279 -0.9811525 0.01300436 0.1927968 -0.9797353 -0.05520778 -0.1925382 -0.9797266 -0.05518537 -0.1925889 -0.9809145 0.02550923 -0.1927589 -0.9809166 0.02550327 -0.192749 -0.8487398 -0.0660417 -0.5246706 -0.8487325 -0.06603503 -0.5246833 -0.8500615 0.03542405 -0.5254909 -0.8500412 0.03544682 -0.5255224 -0.6559602 -0.07271474 -0.7512849 -0.655973 -0.07270729 -0.7512745 -0.657108 0.0423935 -0.7526036 -0.6571322 0.04237258 -0.7525836 -0.4567012 0.04796141 -0.8883264 -0.4567278 0.0479356 -0.8883142 -0.2670249 0.05351418 -0.9622027 -0.2670365 0.05350548 -0.9622 0.456206 -0.06588858 -0.8874316 0.4561855 -0.06590104 -0.8874413 0.6565279 -0.05953061 -0.7519491 0.6565827 -0.05949592 -0.751904 0.8494659 -0.05135929 -0.525138 0.8494747 -0.05135303 -0.5251244 0.9804729 -0.03943419 -0.1926603 0.9804682 -0.03944349 -0.1926818 0.9809625 -0.02368116 0.1927484 0.980961 -0.02367651 0.1927562 0.8505583 -0.007344961 0.5258296 0.8505334 -0.007325232 0.5258702 0.6577006 0.006604611 0.7532505 0.6577137 0.006595969 0.7532391 0.4571558 0.01796203 0.8892053 0.4571344 0.01797467 0.8892161 0.267328 0.02785336 0.963203 0.2672757 0.02788484 0.9632166 0.2673895 0.01658505 0.9634458 0.2673819 0.01658862 0.9634479 0.4572094 0.01146352 0.8892853 0.4571926 0.01147001 0.8892937 0.6577071 0.005619168 0.7532529 0.6576877 0.005627393 0.7532697 0.8505469 -0.00152713 0.525897 0.8505653 -0.001537859 0.5258672 0.9812346 4.39527e-4 0.1928172 0.9812507 3.86704e-4 0.1927355 0.9811532 0.01300603 -0.1927933 0.9811518 0.01300084 -0.1928011 0.850356 0.0237503 -0.5256716 0.8503381 0.02372467 -0.5257019 0.6573857 0.03189593 -0.7528791 0.6573889 0.0318939 -0.7528763 0.4568631 0.03844118 -0.8887062 0.4569005 0.03840589 -0.8886883 0.2671409 0.04461872 -0.962624 0.2671445 0.04461646 -0.9626231 0.08774465 0.05154401 -0.9948086 0.08773672 0.05155098 -0.994809 -0.08773154 0.06007921 -0.9943308 -0.08769458 0.06011426 -0.9943319 -0.4572584 -0.001245558 0.8893331 -0.4572211 -0.001261055 0.8893522 -0.2673894 0.00475043 0.9635769 -0.267382 0.004753291 0.9635789 -0.08788484 0.01026529 0.9960778 -0.08785718 0.01027661 0.9960801 0.08784717 0.0159766 0.9960059 0.08784574 0.01597577 0.996006 0.08786779 0.02686184 0.9957699 0.08781385 0.02682834 0.9957756 -0.08783453 0.01610589 0.9960049 -0.08784711 0.01609772 0.996004 -0.2674143 0.005578577 0.9635655 -0.2674409 0.00556308 0.9635583 -0.4572213 -0.0059852 0.8893328 -0.4571998 -0.005997836 0.8893439 -0.6575434 -0.01985305 0.7531552 -0.6575989 -0.01981711 0.7531076 -0.6577239 3.71463e-4 0.7532591 -0.6577285 3.65528e-4 0.7532551 -0.8500553 -0.03667062 0.5254152 -0.8500011 -0.03671526 0.5254999 -0.8505143 0.01209253 0.5258129 -0.8505222 0.0120998 0.5258001 -0.9797347 -0.05518901 0.1925464 -0.9797254 -0.05520725 0.1925887 -0.9809157 0.02550321 0.1927538 -0.9809175 0.02550953 0.192744 0.9787473 0.07097375 0.1923967 0.9787468 0.07097232 0.1924 -0.9805189 0.03807651 -0.1926989 -0.9805228 0.03806626 -0.1926813 0.8478169 0.0806747 0.5241165 0.8478412 0.08069992 0.5240736 -0.8496363 0.04708325 -0.5252631 -0.8496515 0.0470643 -0.5252404 -0.6567971 0.05290764 -0.752209 -0.6567772 0.05292481 -0.7522252 -0.456468 0.05749851 -0.88788 -0.4564685 0.05749601 -0.88788 0.2668734 -0.06237357 0.9617111 0.2668882 -0.06235849 0.961708 0.6560066 -0.07270771 -0.751245 0.6559931 -0.07271629 -0.7512559 0.8487402 -0.06603384 -0.5246709 0.8487325 -0.06604242 -0.5246825 0.9797366 -0.05518585 -0.1925382 0.9797254 -0.05520689 -0.1925887 0.9804725 -0.0394445 0.1926602 0.980467 -0.03943169 0.1926903 0.8503499 -0.02201884 0.5257569 0.8503842 -0.02204835 0.5257003 0.6577001 -0.006604731 0.753251 0.6577138 -0.006596088 0.7532391 0.4571996 0.005997657 0.889344 0.4572215 0.005985081 0.8893328 0.2673819 0.01671773 0.9634456 0.267394 0.01671022 0.9634425 0.2674031 0.01065605 0.9635259 0.2673801 0.01066547 0.9635322 0.4572168 0.005110502 0.8893406 0.4572698 0.005089104 0.8893135 0.6577289 -0.001375138 0.7532535 0.6576972 -0.001389384 0.7532811 0.850585 3.66133e-4 0.5258377 0.8505451 4.10528e-4 0.525902 0.9811542 0.01300048 0.1927883 0.9811517 0.01300954 0.1928011 0.9809146 0.02550327 -0.1927598 0.9809169 0.0255115 -0.1927464 0.8500376 0.03541994 -0.5255298 0.8500623 0.03545129 -0.5254876 0.657132 0.04239332 -0.7525826 0.6571073 0.04241597 -0.7526028 0.4567127 0.04794991 -0.8883212 0.4567174 0.04794728 -0.8883188 0.2670268 0.05350524 -0.9622026 0.2670159 0.05351412 -0.9622052 0.08769458 0.0601142 -0.9943319 0.08773142 0.06007909 -0.9943308 0.08764827 -0.06865584 0.9937828 0.08768278 -0.06862235 0.9937821 -0.4572218 3.29822e-4 0.8893527 -0.4572198 3.28487e-4 0.8893536 -0.2673912 -0.001174032 0.9635874 -0.2674201 -0.001162886 0.9635794 -0.0878672 0.004578948 0.9961218 -0.08788907 0.004570186 0.9961199 0.08788168 0.01027661 0.9960779 0.08785402 0.01026523 0.9960805 0.08783453 0.01609772 0.996005 0.08784711 0.01610594 0.9960038 -0.08785742 0.005356371 0.9961187 -0.08782362 0.005376994 0.9961216 -0.2674148 -0.005578637 0.9635655 -0.2674406 -0.005563139 0.9635584 -0.4571347 -0.0179575 0.8892161 -0.4571554 -0.01794487 0.8892058 -0.6573753 -0.03302907 0.7528392 -0.6573126 -0.03306829 0.7528923 -0.6576679 0.01089102 0.7532293 -0.6576846 0.01087629 0.7532151 -0.8494506 -0.05139124 0.5251595 -0.849485 -0.05136305 0.5251066 -0.85033 0.02371495 0.5257152 -0.8503394 0.02372533 0.5256996 0.9787474 0.07097226 -0.1923965 0.9787468 0.07097363 -0.1923999 -0.9805188 0.03805971 0.1927031 -0.9805233 0.03807681 0.1926769 0.977529 0.08666974 0.1921601 0.9775348 0.08668768 0.1921224 -0.9799844 0.05058306 -0.1925411 -0.979973 0.05061471 -0.1925905 0.8490931 -0.05876111 0.5249648 0.8491095 -0.05874121 0.5249407 0.6563939 -0.06344336 0.7517461 0.656392 -0.06344783 0.7517472 0.4561911 -0.06703341 0.8873535 0.4561946 -0.06702679 0.8873522 0.2667425 -0.07123243 0.9611319 0.2667155 -0.07126128 0.9611372 0.8478149 -0.08069872 -0.524116 0.8478431 -0.08067619 -0.524074 0.9787475 -0.0709719 -0.1923962 0.9787467 -0.07097417 -0.1924 0.9797337 -0.05520755 0.1925464 0.9797265 -0.05518877 0.1925886 0.8500182 -0.03668338 0.5254746 0.8500378 -0.03670263 0.5254415 0.6575985 -0.01984226 0.7531073 0.6575804 -0.01985329 0.7531228 0.4571997 -0.005997776 0.8893439 0.4572218 -0.00598514 0.8893327 0.267458 0.005553066 0.9635536 0.2674148 0.005578637 0.9635655 0.2673918 0.004749298 0.9635762 0.2673794 0.004754304 0.9635797 0.4572213 -0.00126785 0.889352 0.4572746 -0.001245677 0.8893248 0.6577297 3.65316e-4 0.753254 0.657723 3.729e-4 0.7532599 0.8505143 0.01209914 0.5258129 0.8505222 0.0120911 0.5258002 0.9809155 0.02551114 0.1927538 0.9809182 0.02550303 0.1927415 0.9805278 0.03809827 -0.1926499 0.9805223 0.03807717 -0.192682 0.8496555 0.04709267 -0.5252314 0.8496291 0.04705715 -0.5252771 0.6567785 0.05290377 -0.7522256 0.6567983 0.052886 -0.7522096 0.4564861 0.0574966 -0.8878709 0.4564835 0.05749922 -0.887872 0.2668803 0.06235861 -0.9617102 0.2668727 0.06236493 -0.9617119 0.08768314 0.06862258 -0.993782 0.08764833 0.06865578 -0.9937828 0.08759146 -0.07723045 0.9931583 0.08759391 -0.07722896 0.9931582 -0.4571902 0.009850382 0.8893144 -0.4571979 0.009844064 0.8893106 -0.2673994 3.05082e-4 0.9635858 -0.2674187 2.86292e-4 0.9635804 -0.08786863 -0.001121163 0.9961315 -0.08785229 -0.001127719 0.9961329 0.08786743 0.004570186 0.9961217 0.08788585 0.004577636 0.9961201 0.08785742 0.005376935 0.9961186 0.08781808 0.005353033 0.9961223 -0.08785778 -0.00535649 0.9961187 -0.08782327 -0.005377054 0.9961216 -0.2674103 -0.01670056 0.963438 -0.2673809 -0.01671773 0.9634459 -0.457022 -0.02995389 0.8889509 -0.4570032 -0.0299654 0.8889603 -0.6569699 -0.04628407 0.7524948 -0.6570294 -0.04624527 0.7524453 -0.6575921 0.02136003 0.7530713 -0.6575559 0.02139204 0.7531021 -0.8487519 -0.06602543 0.5246532 -0.8487321 -0.06604129 0.5246832 -0.8500676 0.03544694 0.5254793 -0.8500356 0.03540694 0.525534 0.9775274 0.08668756 -0.1921601 0.9775364 0.08667045 -0.1921222 -0.9799828 0.05061805 0.1925399 -0.9799737 0.0505824 0.1925957 0.9792807 -0.06315308 0.1924089 0.9792822 -0.06314885 0.1924025 0.8484732 -0.07039177 0.5245363 0.8484517 -0.07041931 0.5245674 0.6559409 -0.07393324 0.7511827 0.6559205 -0.07395172 0.7511987 0.4558778 -0.07652765 0.8867464 0.4558802 -0.07653075 0.8867447 0.2665588 -0.08015012 0.9604803 0.266562 -0.08014839 0.9604796 0.9775275 -0.08668655 -0.1921602 0.9775364 -0.08667087 -0.1921219 0.9787474 -0.07097351 0.1923961 0.9787468 -0.0709725 0.1923999 0.8494883 -0.05136203 0.5251016 0.8494855 -0.05136048 0.5251063 0.6573503 -0.03304451 0.7528603 0.6573371 -0.03305232 0.7528716 0.4571553 -0.01796185 0.8892056 0.4571344 -0.01797461 0.889216 0.2674579 -0.005553126 0.9635536 0.2674153 -0.005578756 0.9635652 0.2674192 -0.001162767 0.9635796 0.2673823 -0.001178026 0.9635898 0.4572198 3.43135e-4 0.8893536 0.457238 3.30274e-4 0.8893444 0.6576834 0.01087659 0.753216 0.6576698 0.01088988 0.7532278 0.8503497 0.02372604 0.5256828 0.8503377 0.02374237 0.5257018 0.9805275 0.0380789 0.1926549 0.9805227 0.0380907 0.1926768 0.9799746 0.05058461 -0.1925901 0.9799825 0.05061459 -0.1925424 0.8490956 0.05871248 -0.5249662 0.8491293 0.05876296 -0.5249062 0.6563925 0.06344878 -0.7517468 0.6563972 0.06344324 -0.7517431 0.4562106 0.06701266 -0.887345 0.4561904 0.06703317 -0.8873538 0.2667153 0.07126128 -0.9611372 0.2667335 0.07124054 -0.9611337 -0.08759391 -0.0772289 0.9931582 -0.08759111 -0.07723015 0.9931583 0.08755266 -0.08578407 0.9924595 0.08752995 -0.08580803 0.9924593 -0.457133 0.01938712 0.8891871 -0.4571256 0.019391 0.8891909 -0.2674037 0.009162187 0.9635411 -0.2673879 0.0091784 0.9635453 -0.08789771 2.779e-4 0.9961295 -0.08785182 3.17619e-4 0.9961335 0.08785229 -0.001127719 0.9961329 0.08786869 -0.001121163 0.9961315 0.08781778 -0.005377113 0.9961221 0.08785784 -0.005353152 0.9961187 -0.08783471 -0.01610594 0.9960049 -0.08784669 -0.01609772 0.9960039 -0.2672755 -0.02788424 0.9632166 -0.2673441 -0.02784305 0.9631989 -0.4568832 -0.04191046 0.888539 -0.4568248 -0.04194605 0.8885672 -0.6565681 -0.05948102 0.7519179 -0.6565079 -0.05952024 0.7519673 -0.657374 0.03191411 0.7528884 -0.6574064 0.03188413 0.7528615 0.8478159 0.08068925 -0.524116 0.8478323 0.08067572 -0.5240916 -0.849636 0.04706382 0.5252655 -0.8496584 0.04709249 0.5252264 0.9792807 -0.06314903 -0.1924097 0.979282 -0.06315302 -0.1924017 0.9784215 -0.07565939 0.1922684 0.9784282 -0.0756421 0.1922408 0.8477081 -0.0820617 0.5240771 0.8477162 -0.08205187 0.5240656 0.6553652 -0.08444607 0.7505767 0.6553937 -0.08442193 0.7505546 0.4555361 -0.0860961 0.8860442 0.4555212 -0.0861082 0.8860507 0.2663416 -0.08904671 0.9597567 0.2663601 -0.0890274 0.9597533 0.977529 -0.08666974 0.19216 0.9775349 -0.08668774 0.1921219 0.8487509 -0.0660423 0.5246526 0.8487331 -0.06602454 0.5246838 0.6569928 -0.04624474 0.7524773 0.6569697 -0.04625976 0.7524966 0.4570029 -0.0299654 0.8889604 0.4570494 -0.02993744 0.8889374 0.2673814 -0.01671773 0.9634457 0.2673943 -0.01671028 0.9634424 0.2674199 2.94769e-4 0.9635801 0.2673981 3.13699e-4 0.9635862 0.457216 0.009844183 0.8893012 0.4572059 0.009850382 0.8893064 0.6575573 0.02139198 0.7531009 0.6575689 0.02138066 0.7530909 0.8500441 0.03543335 0.5255185 0.8500567 0.03542011 0.5254989 0.9799731 0.05061376 0.1925906 0.9799829 0.05058795 0.1925476 0.9792818 0.06314951 -0.1924041 0.9792743 0.06311875 -0.1924527 0.8484742 0.07041859 -0.524531 0.8484522 0.07038861 -0.5245707 0.6559215 0.0739516 -0.7511978 0.6559393 0.07393264 -0.7511841 0.4558777 0.076545 -0.8867449 0.4558929 0.07652735 -0.8867386 0.2665541 0.08014839 -0.9604818 0.2665596 0.08014184 -0.9604808 -0.08753067 -0.08580863 0.9924592 -0.08755207 -0.08578342 0.9924595 0.08744472 -0.09455031 0.9916722 0.08748799 -0.09435135 0.9916873 -0.4570565 0.02888596 0.8889685 -0.4570235 0.028912 0.8889846 -0.2673567 0.01803886 0.9634289 -0.2673732 0.01802515 0.9634245 -0.08787417 0.008839547 0.9960924 -0.08789443 0.008822858 0.9960908 0.08789426 3.17625e-4 0.9961299 0.08785247 2.80713e-4 0.9961335 0.08784657 -0.01609772 0.9960039 0.08783471 -0.01610589 0.9960049 -0.08787292 -0.02682507 0.9957705 -0.08781379 -0.02686142 0.9957747 -0.2671759 -0.03902518 0.9628573 -0.2671759 -0.03902518 0.9628573 -0.4565585 -0.05394667 0.8880564 -0.4566208 -0.0539093 0.8880267 -0.6559798 -0.07270181 0.7512691 -0.6559935 -0.07269346 0.7512578 -0.6571211 0.04239404 0.752592 -0.657119 0.04239654 0.7525937 0.8491003 -0.05874949 -0.5249546 0.8491085 -0.05876183 -0.5249397 0.9784228 -0.07564216 -0.1922686 0.9784268 -0.07566004 -0.1922413 0.977413 -0.0881682 0.1920684 0.9774124 -0.08817046 0.1920701 0.8468226 -0.09371417 0.5235544 0.846835 -0.09370112 0.5235368 0.6547229 -0.09497195 0.7498789 0.6547455 -0.09495115 0.7498618 0.4551442 -0.09564036 0.8852665 0.4551342 -0.09564608 0.8852711 0.2661352 -0.09787786 0.9589536 0.2661219 -0.09810787 0.9589338 0.8478172 -0.08067357 0.5241162 0.8478317 -0.08069026 0.5240904 0.6565064 -0.05954462 0.7519667 0.6566033 -0.05948251 0.751887 0.4568527 -0.04192924 0.8885537 0.4568832 -0.0419104 0.8885388 0.267328 -0.02785283 0.963203 0.2672756 -0.02788424 0.9632167 0.2673861 0.009169816 0.9635459 0.2673955 0.009162127 0.9635434 0.4571419 0.01937633 0.8891828 0.457132 0.01938742 0.8891876 0.6573854 0.03188347 0.7528797 0.6573767 0.03189367 0.752887 0.8496567 0.04706555 0.5252318 0.8496345 0.04709392 0.5252651 0.9792838 0.06311929 0.1924045 0.9792723 0.06314951 0.1924523 0.9784229 0.07563865 -0.1922695 0.9784276 0.07565969 -0.1922374 0.8477076 0.08205163 -0.5240796 0.8477166 0.08206444 -0.524063 0.6553964 0.08442074 -0.7505523 0.6553652 0.08444708 -0.7505767 0.4555377 0.08609408 -0.8860436 0.4555354 0.08609598 -0.8860446 -0.2663598 -0.08902728 0.9597535 -0.2663395 -0.08904606 0.9597573 -0.08748799 -0.09435117 0.9916873 -0.08745282 -0.09455901 0.9916706 -0.4569011 0.0384196 0.8886874 -0.4569104 0.03841346 0.888683 -0.2672848 0.0269019 0.963242 -0.2673041 0.02688419 0.9632371 -0.08787864 0.01736652 0.9959798 -0.08786511 0.01737838 0.9959808 0.08787488 0.008822858 0.9960925 0.08789086 0.008836865 0.996091 0.08781379 -0.02686148 0.9957747 0.08786779 -0.02682816 0.9957708 -0.08778852 -0.0375958 0.9954295 -0.08784282 -0.03756189 0.9954259 -0.2670654 -0.05016356 0.962372 -0.2670428 -0.05017793 0.9623775 -0.4562121 -0.06588536 0.8874287 -0.4562318 -0.06587243 0.8874195 -0.6567978 0.0529198 0.7522076 -0.6567887 0.05292463 0.7522153 0.8484718 -0.07041114 -0.5245358 0.84846 -0.07039129 -0.5245577 0.9774128 -0.08817011 -0.1920682 0.9774127 -0.08816844 -0.1920701 0.9762585 -0.1006497 0.1918049 0.9762501 -0.1006726 0.1918358 0.845875 -0.1053059 0.5228827 0.845832 -0.1053566 0.522942 0.6540469 -0.105449 0.7490682 0.6540301 -0.1054683 0.7490801 0.4546345 -0.1053856 0.8844216 0.4547204 -0.1051272 0.8844081 0.6560276 -0.07269406 0.7512279 0.6560127 -0.0727033 0.7512401 0.4566208 -0.05390948 0.8880267 0.4565327 -0.05396288 0.8880686 0.2671757 -0.03901529 0.9628578 0.267176 -0.03901523 0.9628576 0.2673629 0.0180335 0.9634271 0.2673673 0.01803064 0.9634261 0.4570251 0.02889776 0.8889843 0.4570384 0.02888506 0.8889778 0.6571183 0.04241776 0.7525932 0.6571194 0.04241585 0.7525923 0.8490984 0.05876135 0.5249563 0.8491328 0.05872273 0.5249051 0.9784214 0.07565933 0.1922691 0.9784293 0.07563769 0.1922369 0.9774135 0.08817261 -0.1920638 0.9774128 0.08816725 -0.1920701 0.846825 0.09370058 -0.523553 0.846834 0.09371381 -0.5235362 0.6547439 0.09495133 -0.7498632 0.6547195 0.09497267 -0.7498818 0.4551378 0.09564679 -0.8852691 0.455142 0.09564143 -0.8852676 -0.266126 -0.09810835 0.9589327 -0.2661248 -0.0979377 0.9589504 -0.456687 0.04796105 0.8883338 -0.4567126 0.04793602 0.8883219 -0.2672523 0.03573632 0.9629638 -0.2672103 0.03577518 0.962974 -0.08785206 0.0259 0.9957968 -0.08786219 0.02589064 0.9957962 0.08787488 0.01737838 0.99598 0.08786571 0.01736915 0.9959809 0.08783769 -0.03756195 0.9954264 0.08778882 -0.03759253 0.9954295 -0.08776628 -0.04834306 0.9949674 -0.08774781 -0.04835462 0.9949684 -0.2669313 -0.06130468 0.9617637 -0.2668989 -0.06132537 0.9617714 0.6563958 -0.06343108 -0.7517454 0.6563926 -0.06343615 -0.7517477 0.8477143 -0.08206033 -0.5240674 0.8477154 -0.08206248 -0.5240654 0.9762568 -0.1006757 -0.1917999 0.9762524 -0.1006489 -0.1918361 0.9749231 -0.1131611 0.1916239 0.9749446 -0.113107 0.1915463 0.8447433 -0.1169807 0.5222303 0.8447674 -0.1169514 0.5221978 0.6532819 -0.1160264 0.7481716 0.6532856 -0.1161609 0.7481475 0.4562059 -0.06587207 0.887433 0.4561871 -0.06588387 0.8874417 0.2670426 -0.05018788 0.9623771 0.2670806 -0.05016392 0.9623677 0.2673133 0.02687567 0.9632349 0.2673023 0.02688682 0.9632376 0.4568946 0.03842735 0.8886905 0.4568845 0.03843402 0.8886953 0.6567901 0.052904 0.7522155 0.6567975 0.05289793 0.7522094 0.8484745 0.0703895 0.5245345 0.8484575 0.07040995 0.5245592 0.977414 0.08816784 0.1920638 0.9774124 0.08817279 0.1920692 0.9762468 0.1006706 -0.191853 0.9762494 0.100682 -0.191834 0.8458725 0.1053597 -0.5228758 0.8458369 0.1053028 -0.522945 0.6540281 0.105471 -0.7490816 0.6540449 0.105449 -0.7490701 -0.4547057 -0.1052263 0.8844039 -0.454657 -0.1053806 0.8844106 -0.4564384 0.05748331 0.8878962 -0.4564552 0.05746698 0.8878887 -0.2671533 0.04460877 0.962621 -0.2671591 0.04460376 0.9626196 -0.08779293 0.03445988 0.9955425 -0.08782911 0.03442722 0.9955405 0.087852 0.02589076 0.9957971 0.08785927 0.02589714 0.9957962 0.08774787 -0.04835456 0.9949685 0.08776134 -0.04834628 0.9949676 -0.08771109 -0.05907756 0.9943926 -0.08771479 -0.05907499 0.9943925 0.6559191 -0.07394438 -0.7512006 0.6559225 -0.07394009 -0.7511981 0.8468185 -0.09369194 -0.5235651 0.8468392 -0.09372395 -0.5235258 0.97493 -0.1131066 -0.1916207 0.9749389 -0.1131631 -0.191542 0.9734656 -0.1255846 0.1912936 0.9734537 -0.1256138 0.1913354 0.8435308 -0.1285945 0.5214588 0.8435131 -0.1286632 0.5214705 0.2669141 -0.06131547 0.9617679 0.2669317 -0.06130474 0.9617636 0.2672273 0.03577536 0.9629693 0.2672522 0.0357517 0.9629633 0.4566969 0.04795014 0.8883292 0.456703 0.04794681 0.8883263 0.6563921 0.06343722 0.7517481 0.6563975 0.06343036 0.7517439 0.8477128 0.08206456 0.5240692 0.8477168 0.08206003 0.5240634 0.9762467 0.1006811 0.1918483 0.9762499 0.1006741 0.1918356 0.9749289 0.1131062 -0.1916265 0.9749327 0.1131308 -0.1915928 0.8447295 0.1169508 -0.5222592 0.8447652 0.1170114 -0.522188 0.6532731 0.1161479 -0.7481604 0.6532825 0.1160186 -0.7481722 0.4562048 -0.06701987 -0.8873476 0.4561631 -0.06705474 -0.8873662 -0.2670574 0.05348348 0.9621953 -0.2670358 0.05350542 0.9622001 -0.08779692 0.04297399 0.9952111 -0.08776402 0.04300415 0.9952126 0.0877934 0.03442734 0.9955437 0.08782905 0.03446036 0.9955393 0.08771002 -0.05907511 0.9943929 0.08771139 -0.0590744 0.9943928 0.655377 -0.08443498 -0.7505677 0.6553696 -0.08444499 -0.750573 0.8458643 -0.1053575 -0.5228895 0.845831 -0.1053023 -0.5229547 0.9734622 -0.1256106 -0.1912943 0.9734585 -0.1255834 -0.1913304 0.9718593 -0.1379311 0.1909567 0.971839 -0.1380617 0.1909656 0.2671574 0.04460334 0.9626201 0.2671443 0.04461711 0.9626232 0.4564724 0.05746787 0.8878798 0.4564546 0.05748373 0.8878878 0.6559215 0.07393997 0.751199 0.6559153 0.07394373 0.7512041 0.8468175 0.09371989 0.5235617 0.8468417 0.09369397 0.5235272 0.9749268 0.11313 0.191623 0.9749363 0.1131063 0.1915888 0.9734659 0.1256459 -0.191252 0.9734569 0.1255838 -0.191339 0.8434909 0.1286556 -0.5215083 0.8435123 0.1285956 -0.5214884 0.4558631 -0.07655507 -0.8867515 0.4558948 -0.07653146 -0.8867372 0.266874 -0.06240445 -0.961709 0.2669202 -0.06235885 -0.9616991 -0.08773672 0.05155098 0.994809 -0.08776098 0.05152791 0.994808 0.0877971 0.04300397 0.9952098 0.08776348 0.04297339 0.9952141 0.6547222 -0.09497171 -0.7498795 0.6547582 -0.09493964 -0.7498521 0.8447462 -0.1169511 -0.5222321 0.8447593 -0.1169735 -0.522206 0.9718442 -0.1380364 -0.190958 0.9718562 -0.1379367 -0.1909689 0.2670264 0.05350536 0.9622027 0.2670487 0.05348348 0.9621978 0.4561794 0.0670408 0.8873589 0.4562055 0.06701982 0.8873472 0.6553723 0.08444422 0.7505708 0.6553767 0.08443582 0.7505679 0.8458702 0.1053062 0.5228903 0.8458271 0.1053576 0.5229496 0.973473 0.1255865 0.1912547 0.9734507 0.1256424 0.1913318 0.9718417 0.1380603 -0.1909532 0.9718372 0.1381313 -0.1909253 0.4555355 -0.08608186 -0.8860459 0.455507 -0.08610737 -0.8860581 0.2667413 -0.07123285 -0.9611321 0.2667159 -0.07126104 -0.9611372 -0.08771556 0.06007885 0.9943323 -0.0876941 0.0600984 0.994333 0.08773618 0.05152791 0.9948102 0.08776187 0.05155164 0.9948067 0.6540564 -0.1054499 -0.7490598 0.6540293 -0.1054802 -0.7490792 0.8435204 -0.128664 -0.5214585 0.8435355 -0.1285364 -0.5214655 0.2669116 0.06235891 0.9617014 0.266873 0.06239575 0.9617097 0.4558922 0.07654565 0.8867374 0.4558782 0.07655471 0.8867438 0.6547547 0.09493941 0.7498552 0.6547206 0.09497284 0.7498809 0.8447246 0.1169995 0.5222561 0.8447639 0.1169514 0.5222033 0.9718318 0.1381265 0.1909555 0.9718485 0.1380479 0.1909275 0.4551304 -0.09565365 -0.8852721 0.4551337 -0.09564602 -0.8852713 0.2665586 -0.08014971 -0.9604805 0.2665616 -0.08014827 -0.9604797 0.08766329 -0.06865596 -0.9937815 0.08766722 -0.06865435 -0.9937812 0.08771497 0.0600984 0.9943311 0.0876947 0.06007826 0.9943341 0.6532687 -0.1160228 -0.7481837 0.653303 -0.1159971 -0.7481577 0.266716 0.07126122 0.9611371 0.2667325 0.07124078 0.9611341 0.4555232 0.08609348 0.8860512 0.4555362 0.08608192 0.8860456 0.6540267 0.1054826 0.7490812 0.6540548 0.1054505 0.7490611 0.8435175 0.1285409 0.5214937 0.8434986 0.1286447 0.5214986 0.4546605 -0.1051925 -0.8844311 0.4547076 -0.1051265 -0.8844148 0.2663543 -0.08904701 -0.9597531 0.2663597 -0.08904272 -0.9597521 0.08759152 -0.07723057 -0.9931583 0.08760952 -0.07721281 -0.9931581 0.08766424 0.06865388 0.9937815 0.08766657 0.06865668 0.9937811 0.2665542 0.08014839 0.9604817 0.2665585 0.08014124 0.9604811 0.4551376 0.09564685 0.8852692 0.4551286 0.0956549 0.885273 0.653293 0.1159818 0.7481688 0.6532726 0.1160184 0.7481809 0.2661206 -0.09787708 -0.9589577 0.2661349 -0.09789484 -0.958952 0.08753842 -0.08579951 -0.9924594 0.08752995 -0.08580803 -0.9924593 -0.08759158 -0.07721251 -0.9931597 -0.08760905 -0.07723093 -0.9931567 -0.2663597 -0.08904278 -0.9597521 -0.2663532 -0.08904653 -0.9597535 -0.45469 -0.1052253 -0.884412 -0.4546815 -0.1051864 -0.8844211 0.08746409 -0.09433466 -0.9916911 0.08747279 -0.09435147 -0.9916887 -0.08753836 -0.08580791 -0.9924586 -0.08753013 -0.08579933 -0.9924601 -0.2661411 -0.09789592 -0.9589502 -0.2661048 -0.09793543 -0.9589563 -0.08746635 -0.09434324 -0.99169 -0.08747667 -0.0943492 -0.9916885</float_array>
          <technique_common>
            <accessor source="#ID64-mesh-normals-array" count="3711" stride="3">
              <param name="X" type="float"/>
              <param name="Y" type="float"/>
              <param name="Z" type="float"/>
            </accessor>
          </technique_common>
        </source>
        <vertices id="ID64-mesh-vertices">
          <input semantic="POSITION" source="#ID64-mesh-positions"/>
        </vertices>
        <triangles material="__auto_-material" count="2584">
          <input semantic="VERTEX" source="#ID64-mesh-vertices" offset="0"/>
          <input semantic="NORMAL" source="#ID64-mesh-normals" offset="1"/>
          <p>0 0 2 0 1 0 1 1 3 1 0 1 4 1 5 1 6 1 7 0 6 0 5 0 8 2 10 2 9 2 9 3 11 3 8 3 12 4 13 4 14 4 15 2 14 2 13 2 16 5 18 5 17 5 17 6 19 6 16 6 20 7 21 7 22 7 23 5 22 5 21 5 24 8 25 8 26 8 25 9 24 9 27 9 28 10 30 10 29 10 31 11 29 11 30 11 32 12 34 12 33 12 33 13 35 13 32 13 36 13 37 13 38 13 39 14 38 14 37 14 40 15 42 15 41 15 41 16 43 16 40 16 44 16 45 16 46 16 47 15 46 15 45 15 48 17 50 17 49 17 49 18 51 18 48 18 52 18 53 18 54 18 55 17 54 17 53 17 56 19 58 19 57 19 57 20 59 20 56 20 60 21 61 21 62 21 63 22 62 22 61 22 64 23 66 23 65 23 65 24 67 24 64 24 68 24 69 24 70 24 71 23 70 23 69 23 72 25 73 25 74 25 73 26 72 26 75 26 76 27 78 27 77 27 79 28 77 28 78 28 80 29 81 29 82 29 81 30 80 30 83 30 84 31 86 31 85 31 87 32 85 32 86 32 88 33 89 33 90 33 89 34 88 34 91 34 92 35 94 35 93 35 95 36 93 36 94 36 96 37 98 37 97 37 97 38 99 38 96 38 100 39 101 39 102 39 103 40 102 40 101 40 104 41 106 41 105 41 105 42 107 42 104 42 108 43 109 43 110 43 111 44 110 44 109 44 112 45 114 45 113 45 113 46 115 46 112 46 116 46 117 46 118 46 119 47 118 47 117 47 120 48 122 48 121 48 121 49 123 49 120 49 124 49 125 49 126 49 127 48 126 48 125 48 128 50 130 50 129 50 129 51 131 51 128 51 132 52 133 52 134 52 135 50 134 50 133 50 136 53 138 53 137 53 137 54 139 54 136 54 140 54 141 54 142 54 143 53 142 53 141 53 144 55 146 55 145 55 145 56 147 56 144 56 148 56 149 56 150 56 151 55 150 55 149 55 152 57 153 57 154 57 153 58 152 58 155 58 156 59 158 59 157 59 159 57 157 57 158 57 160 60 161 60 162 60 161 61 160 61 163 61 164 62 166 62 165 62 167 63 165 63 166 63 168 64 169 64 170 64 169 65 168 65 171 65 172 65 174 65 173 65 175 66 173 66 174 66 176 67 177 67 178 67 177 68 176 68 179 68 180 68 182 68 181 68 183 67 181 67 182 67 184 69 185 69 186 69 185 70 184 70 187 70 188 71 190 71 189 71 191 72 189 72 190 72 192 73 194 73 193 73 193 74 195 74 192 74 196 75 197 75 198 75 199 73 198 73 197 73 200 76 202 76 201 76 201 77 203 77 200 77 204 78 205 78 206 78 207 79 206 79 205 79 208 80 210 80 209 80 209 81 211 81 208 81 212 82 213 82 214 82 215 83 214 83 213 83 216 84 218 84 217 84 217 85 219 85 216 85 220 86 221 86 222 86 223 87 222 87 221 87 224 88 226 88 225 88 225 89 227 89 224 89 228 89 229 89 230 89 231 88 230 88 229 88 232 90 234 90 233 90 233 91 235 91 232 91 236 91 237 91 238 91 239 92 238 92 237 92 240 93 242 93 241 93 241 94 243 94 240 94 244 94 245 94 246 94 247 93 246 93 245 93 248 95 250 95 249 95 249 96 251 96 248 96 252 96 253 96 254 96 255 95 254 95 253 95 256 97 258 97 257 97 257 98 259 98 256 98 260 99 261 99 262 99 263 100 262 100 261 100 264 101 265 101 266 101 265 102 264 102 267 102 268 102 270 102 269 102 271 101 269 101 270 101 272 103 273 103 274 103 273 104 272 104 275 104 276 104 278 104 277 104 279 105 277 105 278 105 280 106 281 106 282 106 281 107 280 107 283 107 284 107 286 107 285 107 287 106 285 106 286 106 288 108 289 108 290 108 289 109 288 109 291 109 292 109 294 109 293 109 295 108 293 108 294 108 296 110 297 110 298 110 297 111 296 111 299 111 300 112 302 112 301 112 303 110 301 110 302 110 304 113 305 113 306 113 305 114 304 114 307 114 308 115 310 115 309 115 311 113 309 113 310 113 312 116 313 116 314 116 313 117 312 117 315 117 316 117 318 117 317 117 319 116 317 116 318 116 320 118 322 118 321 118 321 119 323 119 320 119 324 120 325 120 326 120 327 121 326 121 325 121 328 122 330 122 329 122 329 123 331 123 328 123 332 124 333 124 334 124 335 125 334 125 333 125 336 126 338 126 337 126 337 127 339 127 336 127 340 128 341 128 342 128 343 129 342 129 341 129 344 130 346 130 345 130 345 131 347 131 344 131 348 132 349 132 350 132 351 133 350 133 349 133 352 134 354 134 353 134 353 135 355 135 352 135 356 136 357 136 358 136 359 137 358 137 357 137 360 138 362 138 361 138 361 139 363 139 360 139 364 140 365 140 366 140 367 138 366 138 365 138 368 141 370 141 369 141 369 142 371 142 368 142 372 142 373 142 374 142 375 141 374 141 373 141 376 143 378 143 377 143 377 144 379 144 376 144 380 145 381 145 382 145 383 143 382 143 381 143 384 146 386 146 385 146 385 147 387 147 384 147 388 147 389 147 390 147 391 146 390 146 389 146 392 148 394 148 393 148 393 149 395 149 392 149 396 150 397 150 398 150 399 148 398 148 397 148 400 151 401 151 402 151 401 152 400 152 403 152 404 153 406 153 405 153 407 154 405 154 406 154 408 155 409 155 410 155 409 156 408 156 411 156 412 156 414 156 413 156 415 155 413 155 414 155 416 157 417 157 418 157 417 158 416 158 419 158 420 158 422 158 421 158 423 157 421 157 422 157 424 159 425 159 426 159 425 160 424 160 427 160 428 160 430 160 429 160 431 159 429 159 430 159 432 161 433 161 434 161 433 162 432 162 435 162 436 162 438 162 437 162 439 161 437 161 438 161 440 163 441 163 442 163 441 164 440 164 443 164 444 165 446 165 445 165 447 163 445 163 446 163 448 166 449 166 450 166 449 167 448 167 451 167 452 167 454 167 453 167 455 168 453 168 454 168 456 169 457 169 458 169 457 170 456 170 459 170 460 171 462 171 461 171 463 172 461 172 462 172 464 173 465 173 466 173 465 174 464 174 467 174 468 174 470 174 469 174 471 175 469 175 470 175 472 176 473 176 474 176 473 177 472 177 475 177 476 177 478 177 477 177 479 176 477 176 478 176 480 178 482 178 481 178 481 179 483 179 480 179 484 180 485 180 486 180 487 181 486 181 485 181 488 182 490 182 489 182 489 183 491 183 488 183 492 183 493 183 494 183 495 182 494 182 493 182 496 184 498 184 497 184 497 185 499 185 496 185 500 186 501 186 502 186 503 187 502 187 501 187 504 188 506 188 505 188 505 189 507 189 504 189 508 190 509 190 510 190 511 188 510 188 509 188 512 191 514 191 513 191 513 192 515 192 512 192 516 193 517 193 518 193 519 194 518 194 517 194 520 195 522 195 521 195 521 196 523 196 520 196 524 197 525 197 526 197 527 198 526 198 525 198 528 199 530 199 529 199 529 200 531 200 528 200 532 201 533 201 534 201 535 199 534 199 533 199 536 202 538 202 537 202 537 203 539 203 536 203 540 204 541 204 542 204 543 202 542 202 541 202 544 205 546 205 545 205 545 206 547 206 544 206 548 206 549 206 550 206 551 205 550 205 549 205 552 207 554 207 553 207 553 208 555 208 552 208 556 208 557 208 558 208 559 209 558 209 557 209 560 210 562 210 561 210 561 211 563 211 560 211 564 211 565 211 566 211 567 210 566 210 565 210 568 212 570 212 569 212 569 213 571 213 568 213 572 213 573 213 574 213 575 212 574 212 573 212 576 214 577 214 578 214 577 215 576 215 579 215 580 216 582 216 581 216 583 217 581 217 582 217 584 218 585 218 586 218 585 219 584 219 587 219 588 219 590 219 589 219 591 220 589 220 590 220 592 221 593 221 594 221 593 222 592 222 595 222 596 222 598 222 597 222 599 221 597 221 598 221 600 223 601 223 602 223 601 224 600 224 603 224 604 224 606 224 605 224 607 223 605 223 606 223 608 225 609 225 610 225 609 226 608 226 611 226 612 226 614 226 613 226 615 225 613 225 614 225 616 227 617 227 618 227 617 228 616 228 619 228 620 228 622 228 621 228 623 227 621 227 622 227 624 229 625 229 626 229 625 230 624 230 627 230 628 231 630 231 629 231 631 232 629 232 630 232 632 233 633 233 634 233 633 234 632 234 635 234 636 234 638 234 637 234 639 233 637 233 638 233 640 235 641 235 642 235 641 236 640 236 643 236 644 236 646 236 645 236 647 235 645 235 646 235 648 237 649 237 650 237 649 238 648 238 651 238 652 238 654 238 653 238 655 237 653 237 654 237 656 239 657 239 658 239 657 240 656 240 659 240 660 241 662 241 661 241 663 242 661 242 662 242 664 243 665 243 666 243 665 244 664 244 667 244 668 244 670 244 669 244 671 243 669 243 670 243 672 245 674 245 673 245 673 246 675 246 672 246 676 247 677 247 678 247 679 248 678 248 677 248 680 249 682 249 681 249 681 250 683 250 680 250 684 250 685 250 686 250 687 249 686 249 685 249 688 251 690 251 689 251 689 252 691 252 688 252 692 252 693 252 694 252 695 253 694 253 693 253 696 254 698 254 697 254 697 255 699 255 696 255 700 256 701 256 702 256 703 257 702 257 701 257 704 258 706 258 705 258 705 259 707 259 704 259 708 259 709 259 710 259 711 258 710 258 709 258 712 260 714 260 713 260 713 261 715 261 712 261 716 262 717 262 718 262 719 263 718 263 717 263 720 264 722 264 721 264 721 265 723 265 720 265 724 266 725 266 726 266 727 267 726 267 725 267 728 268 730 268 729 268 729 269 731 269 728 269 732 270 733 270 734 270 735 268 734 268 733 268 736 271 738 271 737 271 737 272 739 272 736 272 740 273 741 273 742 273 743 274 742 274 741 274 744 275 746 275 745 275 745 276 747 276 744 276 748 276 749 276 750 276 751 275 750 275 749 275 752 277 754 277 753 277 753 278 755 278 752 278 756 279 757 279 758 279 759 280 758 280 757 280 760 281 762 281 761 281 761 282 763 282 760 282 764 282 765 282 766 282 767 281 766 281 765 281 768 283 770 283 769 283 769 284 771 284 768 284 772 285 773 285 774 285 775 286 774 286 773 286 776 287 778 287 777 287 777 288 779 288 776 288 780 288 781 288 782 288 783 289 782 289 781 289 784 290 786 290 785 290 785 291 787 291 784 291 785 292 788 292 787 292 788 293 789 293 787 293 788 294 790 294 789 294 790 295 791 295 789 295 790 292 792 292 791 292 792 296 793 296 791 296 792 292 794 292 793 292 794 297 795 297 793 297 794 292 796 292 795 292 796 298 797 298 795 298 796 299 798 299 797 299 798 300 799 300 797 300 798 301 800 301 799 301 800 302 801 302 799 302 800 292 802 292 801 292 802 303 803 303 801 303 802 292 804 292 803 292 804 304 805 304 803 304 804 305 806 305 805 305 806 306 807 306 805 306 808 306 809 306 810 306 810 307 809 307 811 307 809 292 812 292 811 292 811 292 812 292 813 292 812 308 814 308 813 308 813 292 814 292 815 292 814 292 816 292 815 292 815 301 816 301 817 301 816 309 818 309 817 309 817 299 818 299 819 299 818 310 820 310 819 310 819 292 820 292 821 292 820 292 822 292 821 292 821 292 822 292 823 292 822 292 824 292 823 292 823 292 824 292 825 292 824 292 826 292 825 292 825 294 826 294 827 294 826 292 828 292 827 292 827 292 828 292 829 292 828 311 830 311 829 311 831 290 829 290 830 290 832 312 833 312 834 312 833 313 832 313 835 313 836 314 838 314 837 314 839 312 837 312 838 312 840 315 841 315 842 315 841 316 840 316 843 316 844 316 846 316 845 316 847 315 845 315 846 315 848 317 849 317 850 317 849 318 848 318 851 318 852 318 854 318 853 318 855 317 853 317 854 317 856 319 857 319 858 319 857 320 856 320 859 320 860 321 862 321 861 321 863 322 861 322 862 322 864 323 865 323 866 323 865 324 864 324 867 324 868 324 870 324 869 324 871 323 869 323 870 323 872 325 873 325 874 325 873 326 872 326 875 326 876 327 878 327 877 327 879 325 877 325 878 325 880 328 881 328 882 328 881 329 880 329 883 329 884 330 886 330 885 330 887 328 885 328 886 328 888 331 889 331 890 331 889 332 888 332 891 332 892 332 894 332 893 332 895 331 893 331 894 331 896 333 897 333 898 333 897 334 896 334 899 334 900 335 902 335 901 335 903 333 901 333 902 333 904 336 905 336 906 336 905 337 904 337 907 337 908 338 910 338 909 338 911 336 909 336 910 336 912 339 913 339 914 339 913 340 912 340 915 340 916 340 918 340 917 340 919 339 917 339 918 339 920 341 921 341 922 341 921 342 920 342 923 342 924 343 926 343 925 343 927 344 925 344 926 344 928 345 930 345 929 345 929 346 931 346 928 346 932 347 933 347 934 347 935 345 934 345 933 345 936 348 937 348 938 348 937 349 936 349 939 349 940 349 942 349 941 349 943 348 941 348 942 348 944 350 946 350 945 350 945 351 947 351 944 351 948 352 949 352 950 352 951 353 950 353 949 353 952 354 954 354 953 354 953 355 955 355 952 355 956 355 957 355 958 355 959 354 958 354 957 354 960 356 962 356 961 356 961 357 963 357 960 357 964 357 965 357 966 357 967 356 966 356 965 356 968 358 970 358 969 358 969 359 971 359 968 359 972 359 973 359 974 359 975 360 974 360 973 360 976 361 978 361 977 361 977 362 979 362 976 362 980 362 981 362 982 362 983 361 982 361 981 361 984 363 986 363 985 363 985 364 987 364 984 364 988 364 989 364 990 364 991 365 990 365 989 365 992 366 994 366 993 366 993 367 995 367 992 367 996 368 997 368 998 368 999 369 998 369 997 369 1000 370 1002 370 1001 370 1001 371 1003 371 1000 371 1004 372 1005 372 1006 372 1007 370 1006 370 1005 370 1008 373 1010 373 1009 373 1009 374 1011 374 1008 374 1012 374 1013 374 1014 374 1015 373 1014 373 1013 373 1016 375 1018 375 1017 375 1017 376 1019 376 1016 376 1020 376 1021 376 1022 376 1023 375 1022 375 1021 375 1024 377 1026 377 1025 377 1025 378 1027 378 1024 378 1028 378 1029 378 1030 378 1031 379 1030 379 1029 379 1032 380 1034 380 1033 380 1033 381 1035 381 1032 381 1036 381 1037 381 1038 381 1039 382 1038 382 1037 382 1040 383 1042 383 1041 383 1041 384 1043 384 1040 384 1044 384 1045 384 1046 384 1047 383 1046 383 1045 383 1048 385 1050 385 1049 385 1049 385 1051 385 1048 385 1052 385 1053 385 1054 385 1055 385 1054 385 1053 385 1056 386 1057 386 1058 386 1057 387 1056 387 1059 387 1060 387 1062 387 1061 387 1063 388 1061 388 1062 388 1064 389 1065 389 1066 389 1065 390 1064 390 1067 390 1068 390 1070 390 1069 390 1071 391 1069 391 1070 391 1072 392 1073 392 1074 392 1073 393 1072 393 1075 393 1076 394 1078 394 1077 394 1079 392 1077 392 1078 392 1080 395 1081 395 1082 395 1081 396 1080 396 1083 396 1084 396 1086 396 1085 396 1087 397 1085 397 1086 397 1088 398 1089 398 1090 398 1089 399 1088 399 1091 399 1092 400 1094 400 1093 400 1095 401 1093 401 1094 401 1096 402 1097 402 1098 402 1097 403 1096 403 1099 403 1100 403 1102 403 1101 403 1103 404 1101 404 1102 404 1104 405 1105 405 1106 405 1105 406 1104 406 1107 406 1108 407 1110 407 1109 407 1111 405 1109 405 1110 405 1112 408 1114 408 1113 408 1113 409 1115 409 1112 409 1116 410 1117 410 1118 410 1119 411 1118 411 1117 411 1120 412 1122 412 1121 412 1121 413 1123 413 1120 413 1124 413 1125 413 1126 413 1127 412 1126 412 1125 412 1128 414 1130 414 1129 414 1129 415 1131 415 1128 415 1132 416 1133 416 1134 416 1135 414 1134 414 1133 414 1136 417 1138 417 1137 417 1137 418 1139 418 1136 418 1140 418 1141 418 1142 418 1143 419 1142 419 1141 419 1144 420 1146 420 1145 420 1145 421 1147 421 1144 421 1148 422 1149 422 1150 422 1151 423 1150 423 1149 423 1152 424 1154 424 1153 424 1153 425 1155 425 1152 425 1156 426 1157 426 1158 426 1159 427 1158 427 1157 427 1160 428 1162 428 1161 428 1161 429 1163 429 1160 429 1164 429 1165 429 1166 429 1167 428 1166 428 1165 428 1168 430 1170 430 1169 430 1169 431 1171 431 1168 431 1172 432 1173 432 1174 432 1175 433 1174 433 1173 433 1176 434 1177 434 1178 434 1177 435 1176 435 1179 435 1180 436 1182 436 1181 436 1183 434 1181 434 1182 434 1184 437 1185 437 1186 437 1185 438 1184 438 1187 438 1188 439 1190 439 1189 439 1191 440 1189 440 1190 440 1192 441 1193 441 1194 441 1193 442 1192 442 1195 442 1196 443 1198 443 1197 443 1199 444 1197 444 1198 444 1200 445 1201 445 1202 445 1201 446 1200 446 1203 446 1204 446 1206 446 1205 446 1207 445 1205 445 1206 445 1208 447 1209 447 1210 447 1209 448 1208 448 1211 448 1212 449 1214 449 1213 449 1215 450 1213 450 1214 450 1216 451 1217 451 1218 451 1217 452 1216 452 1219 452 1220 452 1222 452 1221 452 1223 451 1221 451 1222 451 1224 453 1225 453 1226 453 1225 454 1224 454 1227 454 1228 455 1230 455 1229 455 1231 456 1229 456 1230 456 1232 457 1233 457 1234 457 1233 458 1232 458 1235 458 1236 459 1238 459 1237 459 1239 460 1237 460 1238 460 1240 461 1241 461 1242 461 1241 462 1240 462 1243 462 1244 463 1246 463 1245 463 1247 461 1245 461 1246 461 1248 464 1249 464 1250 464 1249 465 1248 465 1251 465 1252 465 1254 465 1253 465 1255 466 1253 466 1254 466 1256 467 1257 467 1258 467 1257 468 1256 468 1259 468 1260 469 1262 469 1261 469 1263 467 1261 467 1262 467 1264 470 1265 470 1266 470 1265 471 1264 471 1267 471 1268 471 1270 471 1269 471 1271 472 1269 472 1270 472 1272 473 1273 473 1274 473 1273 474 1272 474 1275 474 1276 475 1278 475 1277 475 1279 476 1277 476 1278 476 1280 477 1281 477 1282 477 1281 478 1280 478 1283 478 1284 478 1286 478 1285 478 1287 479 1285 479 1286 479 1288 480 1289 480 1290 480 1289 481 1288 481 1291 481 1292 482 1294 482 1293 482 1295 483 1293 483 1294 483 1296 484 1297 484 1298 484 1297 485 1296 485 1299 485 1300 485 1302 485 1301 485 1303 484 1301 484 1302 484 1304 486 1306 486 1305 486 1305 487 1307 487 1304 487 1308 488 1309 488 1310 488 1311 486 1310 486 1309 486 1312 489 1313 489 1314 489 1313 490 1312 490 1315 490 1316 490 1318 490 1317 490 1319 489 1317 489 1318 489 1320 491 1321 491 1322 491 1321 492 1320 492 1323 492 1324 493 1326 493 1325 493 1327 494 1325 494 1326 494 1328 495 1330 495 1329 495 1329 496 1331 496 1328 496 1332 497 1333 497 1334 497 1335 498 1334 498 1333 498 1336 499 1338 499 1337 499 1337 500 1339 500 1336 500 1340 501 1341 501 1342 501 1343 502 1342 502 1341 502 1344 503 1346 503 1345 503 1345 504 1347 504 1344 504 1348 504 1349 504 1350 504 1351 503 1350 503 1349 503 1352 505 1354 505 1353 505 1353 506 1355 506 1352 506 1356 506 1357 506 1358 506 1359 505 1358 505 1357 505 1360 507 1362 507 1361 507 1361 508 1363 508 1360 508 1364 508 1365 508 1366 508 1367 507 1366 507 1365 507 1368 509 1370 509 1369 509 1369 510 1371 510 1368 510 1372 510 1373 510 1374 510 1375 511 1374 511 1373 511 1376 512 1378 512 1377 512 1377 513 1379 513 1376 513 1380 514 1381 514 1382 514 1383 515 1382 515 1381 515 1384 516 1386 516 1385 516 1385 517 1387 517 1384 517 1388 518 1389 518 1390 518 1391 516 1390 516 1389 516 1392 519 1394 519 1393 519 1393 520 1395 520 1392 520 1396 521 1397 521 1398 521 1399 522 1398 522 1397 522 1400 523 1402 523 1401 523 1401 524 1403 524 1400 524 1404 524 1405 524 1406 524 1407 525 1406 525 1405 525 1408 526 1410 526 1409 526 1409 527 1411 527 1408 527 1412 527 1413 527 1414 527 1415 526 1414 526 1413 526 1416 528 1418 528 1417 528 1417 529 1419 529 1416 529 1420 530 1421 530 1422 530 1423 528 1422 528 1421 528 1424 531 1426 531 1425 531 1425 532 1427 532 1424 532 1428 532 1429 532 1430 532 1431 531 1430 531 1429 531 1432 533 1433 533 1434 533 1433 534 1432 534 1435 534 1436 535 1438 535 1437 535 1439 536 1437 536 1438 536 1440 537 1441 537 1442 537 1441 538 1440 538 1443 538 1444 538 1446 538 1445 538 1447 537 1445 537 1446 537 1448 539 1449 539 1450 539 1449 540 1448 540 1451 540 1452 541 1454 541 1453 541 1455 539 1453 539 1454 539 1456 542 1457 542 1458 542 1457 543 1456 543 1459 543 1460 544 1462 544 1461 544 1463 545 1461 545 1462 545 1464 546 1465 546 1466 546 1465 547 1464 547 1467 547 1468 548 1470 548 1469 548 1471 549 1469 549 1470 549 1472 550 1473 550 1474 550 1473 551 1472 551 1475 551 1476 552 1478 552 1477 552 1479 553 1477 553 1478 553 1480 554 1482 554 1481 554 1481 555 1483 555 1480 555 1484 556 1485 556 1486 556 1487 554 1486 554 1485 554 1488 557 1490 557 1489 557 1489 558 1491 558 1488 558 1492 558 1493 558 1494 558 1495 559 1494 559 1493 559 1496 560 1498 560 1497 560 1497 561 1499 561 1496 561 1500 562 1501 562 1502 562 1503 563 1502 563 1501 563 1504 564 1506 564 1505 564 1505 565 1507 565 1504 565 1508 566 1509 566 1510 566 1511 567 1510 567 1509 567 1512 568 1514 568 1513 568 1513 569 1515 569 1512 569 1516 569 1517 569 1518 569 1519 568 1518 568 1517 568 1520 570 1522 570 1521 570 1521 571 1523 571 1520 571 1524 572 1525 572 1526 572 1527 570 1526 570 1525 570 1528 573 1529 573 1530 573 1529 574 1528 574 1531 574 1532 575 1534 575 1533 575 1535 576 1533 576 1534 576 1536 577 1537 577 1538 577 1537 578 1536 578 1539 578 1540 578 1542 578 1541 578 1543 579 1541 579 1542 579 1544 580 1545 580 1546 580 1545 581 1544 581 1547 581 1548 582 1550 582 1549 582 1551 583 1549 583 1550 583 1552 584 1553 584 1554 584 1553 585 1552 585 1555 585 1556 586 1558 586 1557 586 1559 587 1557 587 1558 587 1560 588 1561 588 1562 588 1561 589 1560 589 1563 589 1564 589 1566 589 1565 589 1567 588 1565 588 1566 588 1568 590 1569 590 1570 590 1569 591 1568 591 1571 591 1572 592 1574 592 1573 592 1575 593 1573 593 1574 593 1576 594 1577 594 1578 594 1577 595 1576 595 1579 595 1580 596 1582 596 1581 596 1583 594 1581 594 1582 594 1584 597 1585 597 1586 597 1585 598 1584 598 1587 598 1588 598 1590 598 1589 598 1591 599 1589 599 1590 599 1592 600 1593 600 1594 600 1593 601 1592 601 1595 601 1596 602 1598 602 1597 602 1599 603 1597 603 1598 603 1600 604 1601 604 1602 604 1601 605 1600 605 1603 605 1604 606 1606 606 1605 606 1607 604 1605 604 1606 604 1608 607 1609 607 1610 607 1609 608 1608 608 1611 608 1612 608 1614 608 1613 608 1615 609 1613 609 1614 609 1616 610 1617 610 1618 610 1617 611 1616 611 1619 611 1620 612 1622 612 1621 612 1623 613 1621 613 1622 613 1624 614 1625 614 1626 614 1625 615 1624 615 1627 615 1628 616 1630 616 1629 616 1631 617 1629 617 1630 617 1632 618 1633 618 1634 618 1633 619 1632 619 1635 619 1636 619 1638 619 1637 619 1639 620 1637 620 1638 620 1640 621 1641 621 1642 621 1641 622 1640 622 1643 622 1644 622 1646 622 1645 622 1647 621 1645 621 1646 621 1648 623 1650 623 1649 623 1649 624 1651 624 1648 624 1652 625 1653 625 1654 625 1655 626 1654 626 1653 626 1656 627 1657 627 1658 627 1657 628 1656 628 1659 628 1660 628 1662 628 1661 628 1663 627 1661 627 1662 627 1664 629 1665 629 1666 629 1665 630 1664 630 1667 630 1668 631 1670 631 1669 631 1671 629 1669 629 1670 629 1672 632 1673 632 1674 632 1673 633 1672 633 1675 633 1673 292 1675 292 1676 292 1676 292 1675 292 1677 292 1677 292 1675 292 1678 292 1678 634 1675 634 1679 634 1678 292 1679 292 1680 292 1680 292 1679 292 1681 292 1681 635 1679 635 1682 635 1681 292 1682 292 1683 292 1683 292 1682 292 1684 292 1684 292 1682 292 1685 292 1685 636 1682 636 1686 636 1685 637 1686 637 1687 637 1687 292 1686 292 1688 292 1688 292 1686 292 1689 292 1690 638 1691 638 1692 638 1691 639 1690 639 1693 639 1691 292 1693 292 1694 292 1694 292 1693 292 1695 292 1694 292 1695 292 1696 292 1696 640 1695 640 1672 640 1696 641 1672 641 1697 641 1697 292 1672 642 1674 643 1697 292 1674 292 1698 292 1697 644 1698 644 1699 644 1699 645 1698 645 1700 645 1699 292 1700 292 1701 292 1699 646 1701 646 1702 646 1699 292 1702 292 1703 292 1703 647 1702 647 1704 647 1703 648 1704 648 1705 648 1703 649 1705 649 1706 649 1703 292 1706 292 1707 292 1707 650 1706 650 1708 650 1707 651 1708 651 1709 651 1707 292 1709 292 1710 292 1710 652 1709 652 1711 652 1710 653 1711 653 1712 653 1710 292 1712 292 1689 292 1713 292 1715 292 1714 292 1714 292 1715 292 1716 292 1716 652 1715 652 1717 652 1715 292 1718 292 1717 292 1717 292 1718 292 1719 292 1719 292 1718 292 1720 292 1718 292 1721 292 1720 292 1720 292 1721 292 1722 292 1722 292 1721 292 1723 292 1723 292 1721 292 1724 292 1721 292 1725 292 1724 292 1724 654 1725 654 1726 654 1726 292 1725 292 1727 292 1727 292 1725 292 1728 292 1725 644 1729 644 1728 644 1728 292 1729 292 1730 292 1730 643 1729 292 1731 642 1729 292 1732 292 1731 292 1731 292 1732 292 1733 292 1732 292 1734 292 1733 292 1733 292 1734 292 1735 292 1734 655 1736 655 1735 655 1735 656 1736 656 1737 656 1738 657 1737 657 1736 657 1713 292 1740 292 1739 292 1740 292 1741 292 1739 292 1741 637 1742 637 1739 637 1739 658 1742 658 1743 658 1742 292 1744 292 1743 292 1744 292 1745 292 1743 292 1745 292 1746 292 1743 292 1743 659 1746 659 1747 659 1746 292 1748 292 1747 292 1748 292 1749 292 1747 292 1747 292 1749 292 1750 292 1749 292 1751 292 1750 292 1751 292 1752 292 1750 292 1752 292 1753 292 1750 292 1750 292 1753 292 1731 292 1730 292 1731 292 1753 292 1754 660 1756 660 1755 660 1755 661 1757 661 1754 661 1758 662 1759 662 1760 662 1761 663 1760 663 1759 663 1762 664 1764 664 1763 664 1763 665 1765 665 1762 665 1766 666 1767 666 1768 666 1769 667 1768 667 1767 667 1770 668 1772 668 1771 668 1771 669 1773 669 1770 669 1774 669 1775 669 1776 669 1777 668 1776 668 1775 668 1778 670 1780 670 1779 670 1779 671 1781 671 1778 671 1782 671 1783 671 1784 671 1785 670 1784 670 1783 670 1786 672 1788 672 1787 672 1787 673 1789 673 1786 673 1790 674 1791 674 1792 674 1793 675 1792 675 1791 675 1794 676 1796 676 1795 676 1795 676 1797 676 1794 676 1798 676 1799 676 1800 676 1801 676 1800 676 1799 676 1802 677 1804 677 1803 677 1803 678 1805 678 1802 678 1806 679 1807 679 1808 679 1809 677 1808 677 1807 677 1810 680 1812 680 1811 680 1811 681 1813 681 1810 681 1814 682 1815 682 1816 682 1817 680 1816 680 1815 680 1818 683 1820 683 1819 683 1819 684 1821 684 1818 684 1822 685 1823 685 1824 685 1825 683 1824 683 1823 683 1826 686 1828 686 1827 686 1827 687 1829 687 1826 687 1830 687 1831 687 1832 687 1833 686 1832 686 1831 686 1834 688 1836 688 1835 688 1835 689 1837 689 1834 689 1838 690 1839 690 1840 690 1841 691 1840 691 1839 691 1842 692 1844 692 1843 692 1843 693 1845 693 1842 693 1846 694 1847 694 1848 694 1849 692 1848 692 1847 692 1850 695 1851 695 1852 695 1851 696 1850 696 1853 696 1854 697 1856 697 1855 697 1857 695 1855 695 1856 695 1858 698 1859 698 1860 698 1859 699 1858 699 1861 699 1862 699 1864 699 1863 699 1865 698 1863 698 1864 698 1866 700 1867 700 1868 700 1867 701 1866 701 1869 701 1870 701 1872 701 1871 701 1873 700 1871 700 1872 700 1874 702 1875 702 1876 702 1875 703 1874 703 1877 703 1878 704 1880 704 1879 704 1881 702 1879 702 1880 702 1882 705 1884 705 1883 705 1883 706 1885 706 1882 706 1886 707 1887 707 1888 707 1889 708 1888 708 1887 708 1890 709 1892 709 1891 709 1891 710 1893 710 1890 710 1894 711 1895 711 1896 711 1897 712 1896 712 1895 712 1898 713 1900 713 1899 713 1899 714 1901 714 1898 714 1902 715 1903 715 1904 715 1905 713 1904 713 1903 713 1906 716 1908 716 1907 716 1907 717 1909 717 1906 717 1910 717 1911 717 1912 717 1913 716 1912 716 1911 716 1914 718 1916 718 1915 718 1915 719 1917 719 1914 719 1918 719 1919 719 1920 719 1921 718 1920 718 1919 718 1922 720 1923 720 1924 720 1923 721 1922 721 1925 721 1926 722 1928 722 1927 722 1929 723 1927 723 1928 723 1930 724 1931 724 1932 724 1931 725 1930 725 1933 725 1934 725 1936 725 1935 725 1937 724 1935 724 1936 724 1938 726 1939 726 1940 726 1939 727 1938 727 1941 727 1942 727 1944 727 1943 727 1945 726 1943 726 1944 726 1946 728 1947 728 1948 728 1947 729 1946 729 1949 729 1950 729 1952 729 1951 729 1953 730 1951 730 1952 730 1954 731 1955 731 1956 731 1955 732 1954 732 1957 732 1958 732 1960 732 1959 732 1961 731 1959 731 1960 731 1962 733 1963 733 1964 733 1963 734 1962 734 1965 734 1966 735 1968 735 1967 735 1969 736 1967 736 1968 736 1970 737 1971 737 1972 737 1971 738 1970 738 1973 738 1974 739 1976 739 1975 739 1977 740 1975 740 1976 740 1978 741 1979 741 1980 741 1979 742 1978 742 1981 742 1982 743 1984 743 1983 743 1985 741 1983 741 1984 741 1986 744 1987 744 1988 744 1987 745 1986 745 1989 745 1990 746 1992 746 1991 746 1993 747 1991 747 1992 747 1994 748 1995 748 1996 748 1995 749 1994 749 1997 749 1998 750 2000 750 1999 750 2001 751 1999 751 2000 751 2002 752 2003 752 2004 752 2003 753 2002 753 2005 753 2006 754 2008 754 2007 754 2009 755 2007 755 2008 755 2010 756 2011 756 2012 756 2011 757 2010 757 2013 757 2014 758 2016 758 2015 758 2017 756 2015 756 2016 756 2018 759 2019 759 2020 759 2019 760 2018 760 2021 760 2022 761 2024 761 2023 761 2025 759 2023 759 2024 759 2026 762 2028 762 2027 762 2027 763 2029 763 2026 763 2030 763 2031 763 2032 763 2033 764 2032 764 2031 764 2034 765 2035 765 2036 765 2035 765 2034 765 2037 765 2038 765 2040 765 2039 765 2041 765 2039 765 2040 765 2042 766 2043 766 2044 766 2043 767 2042 767 2045 767 2046 768 2048 768 2047 768 2049 766 2047 766 2048 766 2050 769 2051 769 2052 769 2051 770 2050 770 2053 770 2054 771 2056 771 2055 771 2057 772 2055 772 2056 772 2058 773 2059 773 2060 773 2059 774 2058 774 2061 774 2062 775 2064 775 2063 775 2065 776 2063 776 2064 776 2066 777 2067 777 2068 777 2067 778 2066 778 2069 778 2070 779 2072 779 2071 779 2073 780 2071 780 2072 780 2074 781 2075 781 2076 781 2075 782 2074 782 2077 782 2078 782 2080 782 2079 782 2081 781 2079 781 2080 781 2082 783 2083 783 2084 783 2083 784 2082 784 2085 784 2086 784 2088 784 2087 784 2089 785 2087 785 2088 785 2090 786 2091 786 2092 786 2091 787 2090 787 2093 787 2094 787 2096 787 2095 787 2097 788 2095 788 2096 788 2098 789 2099 789 2100 789 2099 790 2098 790 2101 790 2102 791 2104 791 2103 791 2105 792 2103 792 2104 792 2106 793 2108 793 2107 793 2107 794 2109 794 2106 794 2110 794 2111 794 2112 794 2113 793 2112 793 2111 793 2114 795 2116 795 2115 795 2115 796 2117 796 2114 796 2118 796 2119 796 2120 796 2121 797 2120 797 2119 797 2122 798 2123 798 2124 798 2123 799 2122 799 2125 799 2126 800 2128 800 2127 800 2129 801 2127 801 2128 801 2130 802 2131 802 2132 802 2131 803 2130 803 2133 803 2134 803 2136 803 2135 803 2137 804 2135 804 2136 804 2138 805 2140 805 2139 805 2139 806 2141 806 2138 806 2142 807 2143 807 2144 807 2145 808 2144 808 2143 808 2146 809 2148 809 2147 809 2147 810 2149 810 2146 810 2150 810 2151 810 2152 810 2153 809 2152 809 2151 809 2154 811 2156 811 2155 811 2155 812 2157 812 2154 812 2158 813 2159 813 2160 813 2161 811 2160 811 2159 811 2162 814 2164 814 2163 814 2163 815 2165 815 2162 815 2166 815 2167 815 2168 815 2169 814 2168 814 2167 814 2170 816 2172 816 2171 816 2171 817 2173 817 2170 817 2174 817 2175 817 2176 817 2177 816 2176 816 2175 816 2178 818 2180 818 2179 818 2179 819 2181 819 2178 819 2182 820 2183 820 2184 820 2185 818 2184 818 2183 818 2186 821 2188 821 2187 821 2187 822 2189 822 2186 822 2190 823 2191 823 2192 823 2193 821 2192 821 2191 821 2194 824 2196 824 2195 824 2195 825 2197 825 2194 825 2198 825 2199 825 2200 825 2201 824 2200 824 2199 824 2202 826 2204 826 2203 826 2203 827 2205 827 2202 827 2206 827 2207 827 2208 827 2209 828 2208 828 2207 828 2210 829 2212 829 2211 829 2211 830 2213 830 2210 830 2214 831 2215 831 2216 831 2217 832 2216 832 2215 832 2218 833 2220 833 2219 833 2219 834 2221 834 2218 834 2222 835 2223 835 2224 835 2225 836 2224 836 2223 836 2226 837 2227 837 2228 837 2227 838 2226 838 2229 838 2230 838 2232 838 2231 838 2233 837 2231 837 2232 837 2234 839 2236 839 2235 839 2235 840 2237 840 2234 840 2238 840 2239 840 2240 840 2241 839 2240 839 2239 839 2242 841 2244 841 2243 841 2243 842 2245 842 2242 842 2246 842 2247 842 2248 842 2249 841 2248 841 2247 841 2250 843 2252 843 2251 843 2251 844 2253 844 2250 844 2254 844 2255 844 2256 844 2257 843 2256 843 2255 843 2258 845 2259 845 2260 845 2259 846 2258 846 2261 846 2262 846 2264 846 2263 846 2265 845 2263 845 2264 845 2266 847 2267 847 2268 847 2267 848 2266 848 2269 848 2270 848 2272 848 2271 848 2273 847 2271 847 2272 847 2274 849 2275 849 2276 849 2275 850 2274 850 2277 850 2278 850 2280 850 2279 850 2281 849 2279 849 2280 849 2282 851 2283 851 2284 851 2283 852 2282 852 2285 852 2286 852 2288 852 2287 852 2289 851 2287 851 2288 851 2290 853 2291 853 2292 853 2291 854 2290 854 2293 854 2294 855 2296 855 2295 855 2297 856 2295 856 2296 856 2298 857 2299 857 2300 857 2299 858 2298 858 2301 858 2302 858 2304 858 2303 858 2305 859 2303 859 2304 859 2306 860 2307 860 2308 860 2307 861 2306 861 2309 861 2310 862 2312 862 2311 862 2313 860 2311 860 2312 860 2314 863 2315 863 2316 863 2315 864 2314 864 2317 864 2318 865 2320 865 2319 865 2321 866 2319 866 2320 866 2322 867 2323 867 2324 867 2323 868 2322 868 2325 868 2326 869 2328 869 2327 869 2329 870 2327 870 2328 870 2330 871 2331 871 2332 871 2331 872 2330 872 2333 872 2334 873 2336 873 2335 873 2337 874 2335 874 2336 874 2338 875 2339 875 2340 875 2339 876 2338 876 2341 876 2342 876 2344 876 2343 876 2345 875 2343 875 2344 875 2346 877 2347 877 2348 877 2347 878 2346 878 2349 878 2350 879 2352 879 2351 879 2353 877 2351 877 2352 877 2354 880 2356 880 2355 880 2355 881 2357 881 2354 881 2358 882 2359 882 2360 882 2361 883 2360 883 2359 883 2362 884 2363 884 2364 884 2363 884 2362 884 2365 884 2366 884 2368 884 2367 884 2369 884 2367 884 2368 884 2370 885 2371 885 2372 885 2371 886 2370 886 2373 886 2374 886 2376 886 2375 886 2377 887 2375 887 2376 887 2378 888 2379 888 2380 888 2379 889 2378 889 2381 889 2382 890 2384 890 2383 890 2385 891 2383 891 2384 891 2386 892 2387 892 2388 892 2387 893 2386 893 2389 893 2390 893 2392 893 2391 893 2393 892 2391 892 2392 892 2394 894 2395 894 2396 894 2395 895 2394 895 2397 895 2398 895 2400 895 2399 895 2401 894 2399 894 2400 894 2402 896 2403 896 2404 896 2403 897 2402 897 2405 897 2406 897 2408 897 2407 897 2409 896 2407 896 2408 896 2410 898 2412 898 2411 898 2411 899 2413 899 2410 899 2414 899 2415 899 2416 899 2417 898 2416 898 2415 898 2418 900 2420 900 2419 900 2419 765 2421 765 2418 765 2422 765 2423 765 2424 765 2425 900 2424 900 2423 900 2426 901 2428 901 2427 901 2427 902 2429 902 2426 902 2430 902 2431 902 2432 902 2433 901 2432 901 2431 901 2434 903 2436 903 2435 903 2435 904 2437 904 2434 904 2438 904 2439 904 2440 904 2441 903 2440 903 2439 903 2442 905 2444 905 2443 905 2443 906 2445 906 2442 906 2446 906 2447 906 2448 906 2449 905 2448 905 2447 905 2450 907 2452 907 2451 907 2451 908 2453 908 2450 908 2454 908 2455 908 2456 908 2457 907 2456 907 2455 907 2458 909 2460 909 2459 909 2459 910 2461 910 2458 910 2462 911 2463 911 2464 911 2465 912 2464 912 2463 912 2466 913 2468 913 2467 913 2467 914 2469 914 2466 914 2470 915 2471 915 2472 915 2473 916 2472 916 2471 916 2474 917 2476 917 2475 917 2475 918 2477 918 2474 918 2478 919 2479 919 2480 919 2481 917 2480 917 2479 917 2482 920 2484 920 2483 920 2483 921 2485 921 2482 921 2486 921 2487 921 2488 921 2489 922 2488 922 2487 922 2490 923 2492 923 2491 923 2491 924 2493 924 2490 924 2494 925 2495 925 2496 925 2497 926 2496 926 2495 926 2498 927 2500 927 2499 927 2499 928 2501 928 2498 928 2502 929 2503 929 2504 929 2505 927 2504 927 2503 927 2506 930 2508 930 2507 930 2507 931 2509 931 2506 931 2510 931 2511 931 2512 931 2513 930 2512 930 2511 930 2514 932 2516 932 2515 932 2515 933 2517 933 2514 933 2518 934 2519 934 2520 934 2521 935 2520 935 2519 935 2522 936 2523 936 2524 936 2523 937 2522 937 2525 937 2526 938 2528 938 2527 938 2529 939 2527 939 2528 939 2530 940 2532 940 2531 940 2531 941 2533 941 2530 941 2534 942 2535 942 2536 942 2537 940 2536 940 2535 940 2538 943 2539 943 2540 943 2539 944 2538 944 2541 944 2542 944 2544 944 2543 944 2545 943 2543 943 2544 943 2546 945 2547 945 2548 945 2547 946 2546 946 2549 946 2550 946 2552 946 2551 946 2553 945 2551 945 2552 945 2554 947 2555 947 2556 947 2555 948 2554 948 2557 948 2558 948 2560 948 2559 948 2561 947 2559 947 2560 947 2562 949 2563 949 2564 949 2563 950 2562 950 2565 950 2566 950 2568 950 2567 950 2569 949 2567 949 2568 949 2570 951 2571 951 2572 951 2571 952 2570 952 2573 952 2574 952 2576 952 2575 952 2577 953 2575 953 2576 953 2578 954 2579 954 2580 954 2579 955 2578 955 2581 955 2582 955 2584 955 2583 955 2585 956 2583 956 2584 956 2586 957 2587 957 2588 957 2587 958 2586 958 2589 958 2590 959 2592 959 2591 959 2593 960 2591 960 2592 960 2594 961 2595 961 2596 961 2595 962 2594 962 2597 962 2598 963 2600 963 2599 963 2601 964 2599 964 2600 964 2602 965 2603 965 2604 965 2603 966 2602 966 2605 966 2606 966 2608 966 2607 966 2609 965 2607 965 2608 965 2610 967 2611 967 2612 967 2611 968 2610 968 2613 968 2614 969 2616 969 2615 969 2617 967 2615 967 2616 967 2618 970 2619 970 2620 970 2619 971 2618 971 2621 971 2622 971 2624 971 2623 971 2625 970 2623 970 2624 970 2626 972 2627 972 2628 972 2627 973 2626 973 2629 973 2630 973 2632 973 2631 973 2633 974 2631 974 2632 974 2634 975 1710 975 1686 975 1710 292 2634 292 2635 292 2635 292 2634 292 2636 292 2635 292 2636 292 2637 292 2637 976 2636 976 2638 976 2637 292 2638 292 2639 292 2639 977 2638 977 2640 977 2641 978 2643 978 2642 978 2643 292 2644 292 2642 292 2642 979 2644 979 2645 979 2644 292 2646 292 2645 292 2645 292 2646 292 2647 292 2646 292 1715 292 2647 292 1739 292 2647 292 1715 292 2648 980 2649 980 2650 980 2649 981 2648 981 2651 981 2652 982 2654 982 2653 982 2655 980 2653 980 2654 980 2656 983 2657 983 2658 983 2657 531 2656 531 2659 531 2660 531 2662 531 2661 531 2663 983 2661 983 2662 983 2664 984 2666 984 2665 984 2665 985 2667 985 2664 985 2668 986 2669 986 2670 986 2671 984 2670 984 2669 984 2672 987 2674 987 2673 987 2673 988 2675 988 2672 988 2676 989 2677 989 2678 989 2679 990 2678 990 2677 990 2680 991 2682 991 2681 991 2681 992 2683 992 2680 992 2684 992 2685 992 2686 992 2687 993 2686 993 2685 993 2688 994 2690 994 2689 994 2689 995 2691 995 2688 995 2692 996 2693 996 2694 996 2695 997 2694 997 2693 997 2696 998 2698 998 2697 998 2697 999 2699 999 2696 999 2700 1000 2701 1000 2702 1000 2703 1001 2702 1001 2701 1001 2704 1002 2706 1002 2705 1002 2705 1003 2707 1003 2704 1003 2708 1004 2709 1004 2710 1004 2711 1005 2710 1005 2709 1005 2712 1006 2714 1006 2713 1006 2713 1007 2715 1007 2712 1007 2716 1008 2717 1008 2718 1008 2719 1009 2718 1009 2717 1009 2720 1010 2721 1010 2722 1010 2721 1011 2720 1011 2723 1011 2724 1012 2726 1012 2725 1012 2727 1010 2725 1010 2726 1010 2728 1013 2730 1013 2729 1013 2729 1014 2731 1014 2728 1014 2732 1014 2733 1014 2734 1014 2735 1015 2734 1015 2733 1015 2736 1016 2738 1016 2737 1016 2737 1017 2739 1017 2736 1017 2740 1017 2741 1017 2742 1017 2743 1018 2742 1018 2741 1018 2744 1019 2746 1019 2745 1019 2745 1020 2747 1020 2744 1020 2748 1020 2749 1020 2750 1020 2751 1019 2750 1019 2749 1019 2752 1021 2754 1021 2753 1021 2753 1022 2755 1022 2752 1022 2756 1023 2757 1023 2758 1023 2759 1024 2758 1024 2757 1024 2760 1025 2761 1025 2762 1025 2761 1026 2760 1026 2763 1026 2764 1027 2766 1027 2765 1027 2767 1025 2765 1025 2766 1025 2768 1028 2769 1028 2770 1028 2769 1029 2768 1029 2771 1029 2772 1029 2774 1029 2773 1029 2775 1028 2773 1028 2774 1028 2776 1030 2777 1030 2778 1030 2777 1031 2776 1031 2779 1031 2780 1031 2782 1031 2781 1031 2783 1030 2781 1030 2782 1030 2784 1032 2785 1032 2786 1032 2785 1033 2784 1033 2787 1033 2788 1034 2790 1034 2789 1034 2791 1035 2789 1035 2790 1035 2792 1036 2793 1036 2794 1036 2793 1037 2792 1037 2795 1037 2796 1038 2798 1038 2797 1038 2799 1039 2797 1039 2798 1039 2800 1040 2801 1040 2802 1040 2801 1041 2800 1041 2803 1041 2804 1041 2806 1041 2805 1041 2807 1040 2805 1040 2806 1040 2808 1042 2809 1042 2810 1042 2809 1043 2808 1043 2811 1043 2812 1044 2814 1044 2813 1044 2815 1042 2813 1042 2814 1042 2816 1045 2817 1045 2818 1045 2817 1046 2816 1046 2819 1046 2820 1047 2822 1047 2821 1047 2823 1048 2821 1048 2822 1048 2824 1049 2825 1049 2826 1049 2825 1050 2824 1050 2827 1050 2828 1050 2830 1050 2829 1050 2831 1049 2829 1049 2830 1049 2832 1051 2833 1051 2834 1051 2833 1052 2832 1052 2835 1052 2836 1052 2838 1052 2837 1052 2839 1053 2837 1053 2838 1053 2840 1054 2841 1054 2842 1054 2841 1055 2840 1055 2843 1055 2844 1056 2846 1056 2845 1056 2847 1054 2845 1054 2846 1054 2848 1057 2849 1057 2850 1057 2849 1058 2848 1058 2851 1058 2852 1058 2854 1058 2853 1058 2855 1057 2853 1057 2854 1057 2856 1059 2858 1059 2857 1059 2857 1060 2859 1060 2856 1060 2860 1060 2861 1060 2862 1060 2863 1061 2862 1061 2861 1061 2864 1062 2865 1062 2866 1062 2865 1063 2864 1063 2867 1063 2868 1064 2870 1064 2869 1064 2871 1065 2869 1065 2870 1065 2872 1066 2873 1066 2874 1066 2873 1067 2872 1067 2875 1067 2876 1067 2878 1067 2877 1067 2879 1066 2877 1066 2878 1066 2880 1068 2882 1068 2881 1068 2881 1069 2883 1069 2880 1069 2884 1069 2885 1069 2886 1069 2887 1068 2886 1068 2885 1068 2888 1070 2890 1070 2889 1070 2889 1071 2891 1071 2888 1071 2892 1072 2893 1072 2894 1072 2895 1073 2894 1073 2893 1073 2896 1074 2898 1074 2897 1074 2897 1075 2899 1075 2896 1075 2900 1075 2901 1075 2902 1075 2903 1076 2902 1076 2901 1076 2904 1077 2906 1077 2905 1077 2905 1078 2907 1078 2904 1078 2908 1078 2909 1078 2910 1078 2911 1077 2910 1077 2909 1077 2912 1079 2914 1079 2913 1079 2913 1080 2915 1080 2912 1080 2916 1081 2917 1081 2918 1081 2919 1082 2918 1082 2917 1082 2920 1083 2921 1083 2922 1083 2921 1084 2920 1084 2923 1084 2924 1085 2926 1085 2925 1085 2927 1083 2925 1083 2926 1083 2928 1086 2930 1086 2929 1086 2929 1087 2931 1087 2928 1087 2932 1088 2933 1088 2934 1088 2935 1089 2934 1089 2933 1089 2936 1090 2937 1090 2938 1090 2937 1091 2936 1091 2939 1091 2940 1091 2942 1091 2941 1091 2943 1090 2941 1090 2942 1090 2944 1092 2945 1092 2946 1092 2945 1093 2944 1093 2947 1093 2948 1093 2950 1093 2949 1093 2951 1094 2949 1094 2950 1094 2952 1095 2953 1095 2954 1095 2953 1096 2952 1096 2955 1096 2956 1097 2958 1097 2957 1097 2959 1098 2957 1098 2958 1098 2960 1099 2961 1099 2962 1099 2961 1100 2960 1100 2963 1100 2964 1100 2966 1100 2965 1100 2967 1101 2965 1101 2966 1101 2968 1102 2969 1102 2970 1102 2969 1102 2968 1102 2971 1102 2972 1102 2974 1102 2973 1102 2975 1102 2973 1102 2974 1102 2976 1103 2978 1103 2977 1103 2977 1104 2979 1104 2976 1104 2980 1104 2981 1104 2982 1104 2983 1105 2982 1105 2981 1105 2984 1106 2985 1106 2986 1106 2985 1107 2984 1107 2987 1107 2988 1108 2990 1108 2989 1108 2991 1106 2989 1106 2990 1106 2992 1109 2993 1109 2994 1109 2993 1110 2992 1110 2995 1110 2996 1110 2998 1110 2997 1110 2999 1109 2997 1109 2998 1109 3000 1111 3001 1111 3002 1111 3001 1112 3000 1112 3003 1112 3004 1113 3006 1113 3005 1113 3007 1114 3005 1114 3006 1114 3008 1115 3010 1115 3009 1115 3009 1116 3011 1116 3008 1116 3012 1116 3013 1116 3014 1116 3015 1115 3014 1115 3013 1115 3016 1117 3017 1117 3018 1117 3017 1118 3016 1118 3019 1118 3020 1119 3022 1119 3021 1119 3023 1120 3021 1120 3022 1120 6816 1121 6818 1121 6817 1121 6819 1122 6821 1122 6820 1122 6822 1123 6823 1123 6824 1123 6823 1124 6822 1124 6825 1124 6825 1125 6822 1125 6826 1125 6825 1126 6826 1126 6827 1126 6827 1127 6826 1127 6828 1127 6827 1128 6828 1128 6829 1128 6829 1129 6828 1129 6830 1129 6829 1130 6830 1130 6831 1130 6831 1131 6830 1131 6832 1131 6831 1132 6832 1132 6833 1132 6833 1133 6832 1133 6834 1133 6833 1134 6834 1134 6835 1134 6835 1135 6834 1135 6836 1135 6835 1136 6836 1136 6837 1136 6837 1137 6836 1137 6838 1137 6837 1138 6838 1138 6839 1138 6839 1139 6838 1139 6840 1139 6839 1140 6840 1140 6841 1140 6841 1141 6840 1141 6842 1141 6841 1142 6842 1142 6843 1142 6844 1143 6846 1143 6845 1143 6845 1141 6846 1141 6847 1141 6846 1140 6848 1140 6847 1140 6847 1144 6848 1144 6849 1144 6848 1145 6850 1145 6849 1145 6849 1146 6850 1146 6851 1146 6850 1136 6852 1136 6851 1136 6851 1147 6852 1147 6853 1147 6852 1148 6854 1148 6853 1148 6853 1133 6854 1133 6855 1133 6854 1132 6856 1132 6855 1132 6855 1149 6856 1149 6857 1149 6856 1130 6858 1130 6857 1130 6857 1150 6858 1150 6859 1150 6858 1151 6860 1151 6859 1151 6859 1152 6860 1152 6861 1152 6860 1153 6862 1153 6861 1153 6861 1154 6862 1154 6863 1154 6862 1155 6864 1155 6863 1155 6865 1156 6863 1156 6864 1156 6866 1157 6867 1157 6868 1157 6869 1158 6870 1158 6871 1158 6872 1159 6873 1159 6874 1159 6873 1160 6872 1160 6875 1160 6876 1160 6878 1160 6877 1160 6879 1159 6877 1159 6878 1159 6880 1161 6881 1161 6882 1161 6881 1162 6880 1162 6883 1162 6884 1162 6886 1162 6885 1162 6887 1161 6885 1161 6886 1161 6888 1163 6890 1163 6889 1163 6889 1164 6891 1164 6888 1164 6892 1164 6893 1164 6894 1164 6895 1163 6894 1163 6893 1163 6896 1165 6898 1165 6897 1165 6897 1166 6899 1166 6896 1166 6900 1166 6901 1166 6902 1166 6903 1165 6902 1165 6901 1165 6904 1167 6906 1167 6905 1167 6905 1168 6907 1168 6904 1168 6908 1168 6909 1168 6910 1168 6911 1167 6910 1167 6909 1167 6912 1169 6914 1169 6913 1169 6913 1170 6915 1170 6912 1170 6916 1170 6917 1170 6918 1170 6919 1169 6918 1169 6917 1169 6920 1171 6922 1171 6921 1171 6921 1172 6923 1172 6920 1172 6924 1172 6925 1172 6926 1172 6927 1171 6926 1171 6925 1171 6928 1173 6930 1173 6929 1173 6929 1174 6931 1174 6928 1174 6932 1174 6933 1174 6934 1174 6935 1173 6934 1173 6933 1173 6936 1175 6938 1175 6937 1175 6937 1176 6939 1176 6936 1176 6940 1176 6941 1176 6942 1176 6943 1175 6942 1175 6941 1175 6944 1177 6946 1177 6945 1177 6945 1178 6947 1178 6944 1178 6948 1178 6949 1178 6950 1178 6951 1177 6950 1177 6949 1177 6952 1179 6954 1179 6953 1179 6953 1180 6955 1180 6952 1180 6956 1180 6957 1180 6958 1180 6959 1179 6958 1179 6957 1179 6960 1181 6962 1181 6961 1181 6961 1182 6963 1182 6960 1182 6964 1182 6965 1182 6966 1182 6967 1181 6966 1181 6965 1181 6968 1183 6970 1183 6969 1183 6969 1184 6971 1184 6968 1184 6972 1184 6973 1184 6974 1184 6975 1185 6974 1185 6973 1185 6976 1186 6977 1186 6978 1186 6977 1187 6976 1187 6979 1187 6978 1188 6977 1188 6980 1188 6977 1189 6979 1189 6981 1189 6981 1190 6979 1190 6982 1190 6982 1191 6979 1191 6983 1191 6984 1191 6986 1191 6985 1191 6986 1190 6987 1190 6985 1190 6987 1192 6988 1192 6985 1192 6989 1193 6990 1193 6988 1193 6985 1194 6988 1194 6991 1194 6990 1195 6991 1195 6988 1195 6992 1196 6993 1196 6994 1196 6993 1197 6992 1197 6995 1197 6996 1197 6998 1197 6997 1197 6999 1198 6997 1198 6998 1198 7000 1199 7001 1199 7002 1199 7001 1200 7000 1200 7003 1200 7004 1200 7006 1200 7005 1200 7007 1199 7005 1199 7006 1199 7008 1201 7009 1201 7010 1201 7009 1202 7008 1202 7011 1202 7012 1202 7014 1202 7013 1202 7015 1203 7013 1203 7014 1203 7016 1204 7017 1204 7018 1204 7017 1205 7016 1205 7019 1205 7020 1205 7022 1205 7021 1205 7023 1206 7021 1206 7022 1206 7024 1207 7025 1207 7026 1207 7025 1208 7024 1208 7027 1208 7028 1208 7030 1208 7029 1208 7031 1207 7029 1207 7030 1207 7032 1209 7033 1209 7034 1209 7033 1210 7032 1210 7035 1210 7036 1210 7038 1210 7037 1210 7039 1209 7037 1209 7038 1209 7040 1211 7041 1211 7042 1211 7041 1212 7040 1212 7043 1212 7044 1212 7046 1212 7045 1212 7047 1213 7045 1213 7046 1213 7048 1214 7050 1214 7049 1214 7051 1215 7052 1215 7053 1215 7054 1216 7055 1216 7056 1216 7055 1217 7054 1217 7057 1217 7058 1218 7060 1218 7059 1218 7061 1219 7059 1219 7060 1219 7062 1220 7063 1220 7064 1220 7063 1221 7062 1221 7065 1221 7063 1222 7065 1222 7066 1222 7067 1223 7069 1223 7068 1223 7068 1224 7069 1224 7070 1224 7071 1225 7070 1225 7069 1225 7072 1226 7073 1226 7074 1226 7075 1227 7077 1227 7076 1227 7078 1228 7080 1228 7079 1228 7079 1229 7081 1229 7078 1229 7081 1230 7082 1230 7078 1230 7081 1231 7083 1231 7082 1231 7084 1232 7085 1232 7086 1232 7085 1233 7087 1233 7086 1233 7086 1234 7087 1234 7088 1234 7089 1235 7088 1235 7087 1235 7090 1236 7092 1236 7091 1236 7091 1237 7093 1237 7090 1237 7094 1238 7095 1238 7096 1238 7097 1239 7096 1239 7095 1239 7098 1240 7100 1240 7099 1240 7099 1241 7101 1241 7098 1241 7102 1242 7103 1242 7104 1242 7105 1243 7104 1243 7103 1243 7106 1244 7108 1244 7107 1244 7107 1245 7109 1245 7106 1245 7110 1246 7111 1246 7112 1246 7113 1247 7112 1247 7111 1247 7114 1248 7116 1248 7115 1248 7115 1249 7117 1249 7114 1249 7118 1250 7119 1250 7120 1250 7121 1251 7120 1251 7119 1251 7122 1252 7124 1252 7123 1252 7123 1253 7125 1253 7122 1253 7126 1254 7127 1254 7128 1254 7129 1255 7128 1255 7127 1255 7130 1256 7132 1256 7131 1256 7131 1257 7133 1257 7130 1257 7134 1258 7135 1258 7136 1258 7137 1259 7136 1259 7135 1259 7138 1260 7140 1260 7139 1260 7139 1261 7141 1261 7138 1261 7142 1262 7143 1262 7144 1262 7145 1263 7144 1263 7143 1263 7146 1264 7148 1264 7147 1264 7147 1265 7149 1265 7146 1265 7150 1266 7151 1266 7152 1266 7153 1267 7152 1267 7151 1267 7154 1268 7156 1268 7155 1268 7155 1269 7157 1269 7154 1269 7158 1270 7159 1270 7160 1270 7161 1271 7160 1271 7159 1271 7162 1272 7164 1272 7163 1272 7163 1273 7165 1273 7162 1273 7165 1274 7166 1274 7162 1274 7167 1274 7168 1274 7169 1274 7169 1273 7168 1273 7170 1273 7171 1272 7170 1272 7168 1272 7172 1275 7173 1275 7174 1275 7173 1275 7172 1275 7175 1275 7176 1275 7178 1275 7177 1275 7179 1275 7177 1275 7178 1275 7180 1276 7181 1276 7182 1276 7181 1277 7180 1277 7183 1277 7184 1278 7186 1278 7185 1278 7187 1279 7185 1279 7186 1279 7188 1280 7189 1280 7190 1280 7189 1281 7188 1281 7191 1281 7191 1282 7188 1282 7192 1282 7191 1283 7192 1283 7193 1283 7193 1284 7192 1284 7194 1284 7193 1285 7194 1285 7195 1285 7195 1286 7194 1286 7196 1286 7195 1287 7196 1287 7197 1287 7197 1288 7196 1288 7198 1288 7197 1289 7198 1289 7199 1289 7199 1290 7198 1290 7200 1290 7199 1291 7200 1291 7201 1291 7201 1292 7200 1292 7202 1292 7201 1293 7202 1293 7203 1293 7203 1294 7202 1294 7204 1294 7203 1295 7204 1295 7205 1295 7205 1296 7204 1296 7206 1296 7205 1297 7206 1297 7207 1297 7207 1298 7206 1298 7208 1298 7209 1299 7211 1299 7210 1299 7211 1300 7212 1300 7210 1300 7210 1301 7212 1301 7213 1301 7212 1302 7214 1302 7213 1302 7213 1303 7214 1303 7215 1303 7214 1293 7216 1293 7215 1293 7215 1304 7216 1304 7217 1304 7216 1305 7218 1305 7217 1305 7217 1306 7218 1306 7219 1306 7218 1289 7220 1289 7219 1289 7219 1307 7220 1307 7221 1307 7220 1308 7222 1308 7221 1308 7221 1309 7222 1309 7223 1309 7222 1310 7224 1310 7223 1310 7223 1311 7224 1311 7225 1311 7224 1312 7226 1312 7225 1312 7225 1313 7226 1313 7227 1313 7226 1314 7228 1314 7227 1314 7229 1315 7227 1315 7228 1315 7230 1316 7231 1316 7232 1316 7231 1317 7230 1317 7233 1317 7234 1318 7236 1318 7235 1318 7237 1316 7235 1316 7236 1316 7238 1319 7239 1319 7240 1319 7239 1320 7238 1320 7241 1320 7242 1320 7244 1320 7243 1320 7245 1319 7243 1319 7244 1319 7246 1321 7247 1321 7248 1321 7247 1322 7246 1322 7249 1322 7250 1323 7252 1323 7251 1323 7253 1324 7251 1324 7252 1324 7254 1325 7255 1325 7256 1325 7255 1326 7254 1326 7257 1326 7258 1327 7260 1327 7259 1327 7261 1328 7259 1328 7260 1328 7262 1329 7263 1329 7264 1329 7263 1330 7262 1330 7265 1330 7266 1331 7268 1331 7267 1331 7269 1332 7267 1332 7268 1332 7270 1333 7271 1333 7272 1333 7271 1334 7270 1334 7273 1334 7274 1335 7276 1335 7275 1335 7277 1336 7275 1336 7276 1336 7278 1337 7279 1337 7280 1337 7279 1338 7278 1338 7281 1338 7282 1339 7284 1339 7283 1339 7285 1340 7283 1340 7284 1340 7286 1341 7287 1341 7288 1341 7287 1342 7286 1342 7289 1342 7290 1343 7292 1343 7291 1343 7293 1344 7291 1344 7292 1344 7294 1345 7295 1345 7296 1345 7295 1346 7294 1346 7297 1346 7298 1347 7300 1347 7299 1347 7301 1348 7299 1348 7300 1348 7302 1349 7304 1349 7303 1349 7303 1350 7305 1350 7302 1350 7306 1351 7307 1351 7308 1351 7309 1349 7308 1349 7307 1349 7310 1352 7311 1352 7312 1352 7311 1352 7310 1352 7313 1352 7313 1353 7310 1353 7314 1353 7313 1354 7314 1354 7315 1354 7313 1355 7315 1355 7316 1355 7313 1356 7316 1356 7317 1356 7313 1357 7317 1357 7318 1357 7313 1358 7318 1358 7319 1358 7313 1359 7319 1359 7320 1359 7313 1360 7320 1360 7321 1360 7313 1361 7321 1361 7322 1361 7313 1362 7322 1362 7323 1362 7313 1363 7323 1363 7324 1363 7313 1364 7324 1364 7325 1364 7325 1352 7324 1352 7326 1352 7326 1365 7324 1365 7327 1365 7327 1352 7324 1352 7328 1352 7313 1366 7325 1366 7329 1366 7313 1367 7329 1367 7330 1367 7313 1368 7330 1368 7331 1368 7313 1369 7331 1369 7332 1369 7313 1370 7332 1370 7333 1370 7313 1371 7333 1371 7334 1371 7313 1372 7334 1372 7335 1372 7313 1373 7335 1373 7336 1373 7313 1352 7336 1352 7337 1352 7313 1374 7337 1374 7338 1374 7313 1352 7338 1352 7339 1352 7339 1375 7338 1375 7340 1375 7339 1352 7340 1352 7341 1352 7341 1376 7340 1376 7342 1376 7341 1352 7342 1352 7343 1352 7343 1377 7342 1377 7344 1377 7343 1378 7344 1378 7345 1378 7345 1379 7344 1379 7346 1379 7345 1352 7346 1352 7347 1352 7347 1380 7346 1380 7348 1380 7347 1381 7348 1381 7349 1381 7347 1382 7349 1382 7350 1382 7350 1383 7349 1383 7351 1383 7350 1352 7351 1352 7352 1352 7352 1352 7351 1352 7353 1352 7352 1384 7353 1384 7354 1384 7354 1385 7353 1385 7355 1385 7354 1386 7355 1386 7356 1386 7356 1387 7355 1387 7357 1387 7356 1352 7357 1352 7358 1352 7358 1352 7357 1352 7359 1352 7359 1352 7357 1352 7360 1352 7360 1352 7357 1352 7361 1352 7362 1352 7364 1352 7363 1352 7364 1352 7365 1352 7363 1352 7365 1352 7366 1352 7363 1352 7366 1352 7367 1352 7363 1352 7363 1388 7367 1388 7368 1388 7367 1389 7369 1389 7368 1389 7368 1390 7369 1390 7370 1390 7369 1352 7371 1352 7370 1352 7370 1352 7371 1352 7372 1352 7371 1352 7373 1352 7372 1352 7372 1391 7373 1391 7374 1391 7373 1352 7375 1352 7374 1352 7374 1352 7375 1352 7376 1352 7376 1352 7375 1352 7377 1352 7375 1392 7378 1392 7377 1392 7377 1352 7378 1352 7379 1352 7378 1352 7380 1352 7379 1352 7379 1352 7380 1352 7381 1352 7380 1352 7382 1352 7381 1352 7381 1352 7382 1352 7383 1352 7382 1352 7384 1352 7383 1352 7383 1352 7384 1352 7385 1352 7384 1352 7386 1352 7385 1352 7385 1393 7386 1393 7387 1393 7387 1352 7386 1352 7388 1352 7388 1352 7386 1352 7389 1352 7389 1352 7386 1352 7390 1352 7390 1352 7386 1352 7391 1352 7391 1394 7386 1394 7392 1394 7392 1395 7386 1395 7393 1395 7393 1352 7386 1352 7394 1352 7394 1352 7386 1352 7395 1352 7395 1352 7386 1352 7396 1352 7397 1352 7399 1352 7398 1352 7399 1352 7400 1352 7398 1352 7400 1352 7396 1352 7398 1352 7396 1396 7386 1396 7398 1396 7398 1352 7386 1352 7401 1352 7401 1352 7386 1352 7402 1352 7402 1352 7386 1352 7403 1352 7403 1352 7386 1352 7404 1352 7404 1397 7386 1397 7405 1397 7405 1398 7386 1398 7406 1398 7406 1352 7386 1352 7407 1352 7407 1352 7386 1352 7408 1352 7408 1352 7386 1352 7409 1352 7409 1352 7386 1352 7410 1352 7410 1352 7386 1352 7411 1352 7386 1352 7412 1352 7411 1352 7413 1352 7411 1352 7412 1352 7414 1399 7416 1399 7415 1399 7415 1400 7417 1400 7414 1400 7418 1400 7419 1400 7420 1400 7421 1401 7420 1401 7419 1401 7422 1402 7424 1402 7423 1402 7423 1402 7425 1402 7422 1402 7426 1402 7427 1402 7428 1402 7429 1402 7428 1402 7427 1402 7430 1403 7432 1403 7431 1403 7431 1404 7433 1404 7430 1404 7434 1405 7435 1405 7436 1405 7437 1406 7436 1406 7435 1406 7438 1407 7439 1407 7440 1407 7439 1408 7438 1408 7441 1408 7442 1408 7444 1408 7443 1408 7445 1407 7443 1407 7444 1407 7446 1409 7447 1409 7448 1409 7447 1410 7446 1410 7449 1410 7450 1411 7452 1411 7451 1411 7453 1412 7451 1412 7452 1412 7454 1413 7455 1413 7456 1413 7455 1414 7454 1414 7457 1414 7458 1414 7460 1414 7459 1414 7461 1415 7459 1415 7460 1415 7462 1416 7464 1416 7463 1416 7463 1417 7465 1417 7462 1417 7466 1418 7467 1418 7468 1418 7469 1416 7468 1416 7467 1416 7470 1419 7472 1419 7471 1419 7471 1420 7473 1420 7470 1420 7474 1421 7475 1421 7476 1421 7477 1419 7476 1419 7475 1419 7478 1422 7479 1422 7480 1422 7479 1423 7478 1423 7481 1423 7482 1423 7484 1423 7483 1423 7485 1422 7483 1422 7484 1422 7486 1424 7487 1424 7488 1424 7487 1425 7486 1425 7489 1425 7490 1426 7492 1426 7491 1426 7493 1424 7491 1424 7492 1424 7494 1427 7495 1427 7496 1427 7495 1428 7494 1428 7497 1428 7498 1428 7500 1428 7499 1428 7501 1427 7499 1427 7500 1427 7502 1429 7503 1429 7504 1429 7503 1430 7502 1430 7505 1430 7506 1430 7508 1430 7507 1430 7509 1429 7507 1429 7508 1429 7510 1431 7511 1431 7512 1431 7511 1432 7510 1432 7513 1432 7514 1432 7516 1432 7515 1432 7517 1431 7515 1431 7516 1431 7518 1433 7519 1433 7520 1433 7519 1434 7518 1434 7521 1434 7522 1435 7524 1435 7523 1435 7525 1433 7523 1433 7524 1433 7526 1436 7527 1436 7528 1436 7527 1437 7526 1437 7529 1437 7530 1438 7532 1438 7531 1438 7533 1436 7531 1436 7532 1436 7534 1439 7535 1439 7536 1439 7535 1440 7534 1440 7537 1440 7538 1441 7540 1441 7539 1441 7541 1439 7539 1439 7540 1439 7542 1442 7544 1442 7543 1442 7543 1443 7545 1443 7542 1443 7546 1444 7547 1444 7548 1444 7549 1442 7548 1442 7547 1442 7550 1445 7552 1445 7551 1445 7551 1446 7553 1446 7550 1446 7554 1447 7555 1447 7556 1447 7557 1445 7556 1445 7555 1445 7558 1448 7560 1448 7559 1448 7559 1449 7561 1449 7558 1449 7562 1450 7563 1450 7564 1450 7565 1448 7564 1448 7563 1448 7566 1451 7568 1451 7567 1451 7567 1452 7569 1452 7566 1452 7570 1453 7571 1453 7572 1453 7573 1451 7572 1451 7571 1451 7574 1454 7576 1454 7575 1454 7575 1455 7577 1455 7574 1455 7578 1455 7579 1455 7580 1455 7581 1454 7580 1454 7579 1454 7582 1456 7584 1456 7583 1456 7583 1457 7585 1457 7582 1457 7586 1458 7587 1458 7588 1458 7589 1456 7588 1456 7587 1456 7590 1459 7592 1459 7591 1459 7591 1460 7593 1460 7590 1460 7594 1461 7595 1461 7596 1461 7597 1459 7596 1459 7595 1459 7598 1462 7600 1462 7599 1462 7599 1463 7601 1463 7598 1463 7602 1464 7603 1464 7604 1464 7605 1462 7604 1462 7603 1462 7606 1465 7607 1465 7608 1465 7607 1466 7606 1466 7609 1466 7610 1466 7612 1466 7611 1466 7613 1465 7611 1465 7612 1465 7614 1467 7615 1467 7616 1467 7615 1468 7614 1468 7617 1468 7617 1467 7614 1467 7618 1467 7618 1467 7614 1467 7619 1467 7619 1469 7614 1469 7620 1469 7620 1470 7614 1470 7621 1470 7621 1467 7614 1467 7622 1467 7622 1471 7614 1471 7623 1471 7623 1467 7614 1467 7624 1467 7624 1467 7614 1467 7625 1467 7625 1467 7614 1467 7626 1467 7626 1467 7614 1467 7627 1467 7627 1467 7614 1467 7628 1467 7628 1467 7614 1467 7629 1467 7628 1467 7629 1467 7630 1467 7628 1467 7630 1467 7631 1467 7628 1472 7631 1472 7632 1472 7628 1467 7632 1467 7633 1467 7629 1473 7614 1473 7634 1473 7634 1467 7614 1467 7635 1467 7635 1467 7614 1467 7636 1467 7636 1467 7614 1467 7637 1467 7637 1467 7614 1467 7638 1467 7638 1467 7614 1467 7639 1467 7639 1467 7614 1467 7640 1467 7640 1474 7614 1474 7641 1474 7641 1475 7614 1475 7642 1475 7642 1476 7614 1476 7643 1476 7642 1467 7643 1467 7644 1467 7644 1477 7643 1477 7645 1477 7644 1467 7645 1467 7646 1467 7646 1478 7645 1478 7647 1478 7646 1467 7647 1467 7648 1467 7648 1479 7647 1479 7649 1479 7648 1467 7649 1467 7650 1467 7650 1480 7649 1480 7651 1480 7650 1467 7651 1467 7652 1467 7652 1467 7651 1467 7653 1467 7653 1467 7651 1467 7654 1467 7653 1467 7654 1467 7655 1467 7655 1481 7654 1481 7656 1481 7655 1467 7656 1467 7657 1467 7657 1482 7656 1482 7658 1482 7657 1467 7658 1467 7659 1467 7659 1483 7658 1483 7660 1483 7659 1467 7660 1467 7661 1467 7661 1467 7660 1467 7662 1467 7661 1467 7662 1467 7663 1467 7661 1484 7663 1484 7664 1484 7661 1485 7664 1485 7665 1485 7666 1486 7668 1486 7667 1486 7667 1467 7668 1467 7669 1467 7669 1487 7668 1487 7670 1487 7670 1467 7668 1467 7671 1467 7668 1488 7672 1488 7671 1488 7671 1467 7672 1467 7673 1467 7672 1489 7674 1489 7673 1489 7673 1467 7674 1467 7675 1467 7674 1467 7676 1467 7675 1467 7675 1467 7676 1467 7677 1467 7676 1467 7678 1467 7677 1467 7677 1467 7678 1467 7679 1467 7678 1467 7680 1467 7679 1467 7680 1467 7681 1467 7679 1467 7679 1467 7681 1467 7682 1467 7681 1467 7683 1467 7682 1467 7682 1467 7683 1467 7684 1467 7683 1467 7685 1467 7684 1467 7684 1467 7685 1467 7686 1467 7685 1467 7687 1467 7686 1467 7686 1467 7687 1467 7688 1467 7687 1467 7689 1467 7688 1467 7688 1467 7689 1467 7690 1467 7689 1475 7691 1475 7690 1475 7691 1474 7692 1474 7690 1474 7692 1467 7693 1467 7690 1467 7693 1467 7694 1467 7690 1467 7694 1467 7695 1467 7690 1467 7695 1467 7696 1467 7690 1467 7696 1467 7697 1467 7690 1467 7697 1467 7698 1467 7690 1467 7698 1467 7699 1467 7690 1467 7700 1467 7702 1467 7701 1467 7701 1467 7702 1467 7703 1467 7703 1467 7702 1467 7704 1467 7704 1467 7702 1467 7699 1467 7699 1467 7702 1467 7690 1467 7702 1467 7705 1467 7690 1467 7705 1467 7706 1467 7690 1467 7706 1467 7707 1467 7690 1467 7707 1467 7708 1467 7690 1467 7708 1490 7709 1490 7690 1490 7709 1471 7710 1471 7690 1471 7710 1467 7711 1467 7690 1467 7711 1470 7712 1470 7690 1470 7712 1469 7713 1469 7690 1469 7713 1467 7714 1467 7690 1467 7714 1467 7715 1467 7690 1467 7715 1468 7716 1468 7690 1468 7717 1467 7690 1467 7716 1467 7718 1491 7720 1491 7719 1491 7719 1492 7721 1492 7718 1492 7722 1492 7723 1492 7724 1492 7725 1491 7724 1491 7723 1491 7726 1493 7727 1493 7728 1493 7727 1494 7726 1494 7729 1494 7730 1495 7732 1495 7731 1495 7733 1496 7731 1496 7732 1496 7734 1497 7735 1497 7736 1497 7735 1498 7734 1498 7737 1498 7738 1498 7740 1498 7739 1498 7741 1497 7739 1497 7740 1497 7742 1499 7743 1499 7744 1499 7743 1500 7742 1500 7745 1500 7746 1501 7748 1501 7747 1501 7749 1499 7747 1499 7748 1499 7750 1502 7752 1502 7751 1502 7751 1503 7753 1503 7750 1503 7754 1504 7755 1504 7756 1504 7757 1505 7756 1505 7755 1505 7758 1506 7760 1506 7759 1506 7759 1507 7761 1507 7758 1507 7762 1508 7763 1508 7764 1508 7765 1509 7764 1509 7763 1509 7766 1510 7768 1510 7767 1510 7767 1511 7769 1511 7766 1511 7770 1512 7771 1512 7772 1512 7773 1513 7772 1513 7771 1513 7774 1514 7776 1514 7775 1514 7775 1515 7777 1515 7774 1515 7778 1516 7779 1516 7780 1516 7781 1517 7780 1517 7779 1517 7782 1518 7784 1518 7783 1518 7783 1519 7785 1519 7782 1519 7786 1520 7787 1520 7788 1520 7789 1521 7788 1521 7787 1521 7790 1522 7792 1522 7791 1522 7791 1523 7793 1523 7790 1523 7794 1524 7795 1524 7796 1524 7797 1525 7796 1525 7795 1525 7798 1526 7800 1526 7799 1526 7799 1527 7801 1527 7798 1527 7802 1528 7803 1528 7804 1528 7805 1529 7804 1529 7803 1529 7806 1530 7808 1530 7807 1530 7807 1531 7809 1531 7806 1531 7810 1532 7811 1532 7812 1532 7813 1533 7812 1533 7811 1533 7814 1534 7816 1534 7815 1534 7815 1535 7817 1535 7814 1535 7818 1536 7819 1536 7820 1536 7821 1537 7820 1537 7819 1537 7822 1538 7824 1538 7823 1538 7823 1539 7825 1539 7822 1539 7826 1540 7827 1540 7828 1540 7829 1541 7828 1541 7827 1541 7830 1542 7831 1542 7832 1542 7831 1543 7830 1543 7833 1543 7834 1544 7836 1544 7835 1544 7837 1545 7835 1545 7836 1545 7838 1546 7839 1546 7840 1546 7839 1547 7838 1547 7841 1547 7842 1548 7844 1548 7843 1548 7845 1549 7843 1549 7844 1549 7846 1550 7848 1550 7847 1550 7847 1551 7849 1551 7846 1551 7850 1551 7851 1551 7852 1551 7853 1550 7852 1550 7851 1550 7854 1552 7855 1552 7856 1552 7855 1553 7854 1553 7857 1553 7858 1554 7860 1554 7859 1554 7861 1555 7859 1555 7860 1555 7862 1556 7863 1556 7864 1556 7863 1557 7862 1557 7865 1557 7866 1558 7868 1558 7867 1558 7869 1559 7867 1559 7868 1559 7870 1560 7871 1560 7872 1560 7871 1561 7870 1561 7873 1561 7874 1562 7876 1562 7875 1562 7877 1563 7875 1563 7876 1563 7878 1564 7879 1564 7880 1564 7879 1565 7878 1565 7881 1565 7882 1566 7884 1566 7883 1566 7885 1567 7883 1567 7884 1567 7886 1568 7887 1568 7888 1568 7887 1569 7886 1569 7889 1569 7890 1569 7892 1569 7891 1569 7893 1570 7891 1570 7892 1570 7894 1571 7895 1571 7896 1571 7895 1572 7894 1572 7897 1572 7898 1573 7900 1573 7899 1573 7901 1574 7899 1574 7900 1574 7902 1575 7903 1575 7904 1575 7903 1576 7902 1576 7905 1576 7906 1576 7908 1576 7907 1576 7909 1575 7907 1575 7908 1575 7910 1577 7911 1577 7912 1577 7911 1578 7910 1578 7913 1578 7914 1578 7916 1578 7915 1578 7917 1577 7915 1577 7916 1577 7918 1579 7919 1579 7920 1579 7919 1580 7918 1580 7921 1580 7922 1580 7924 1580 7923 1580 7925 1579 7923 1579 7924 1579 7926 1581 7927 1581 7928 1581 7927 1582 7926 1582 7929 1582 7930 1582 7932 1582 7931 1582 7933 1581 7931 1581 7932 1581 7934 1583 7935 1583 7936 1583 7935 1584 7934 1584 7937 1584 7938 1585 7940 1585 7939 1585 7941 1586 7939 1586 7940 1586 7942 1587 7943 1587 7944 1587 7943 1588 7942 1588 7945 1588 7946 1588 7948 1588 7947 1588 7949 1589 7947 1589 7948 1589 7950 1590 7952 1590 7951 1590 7951 1591 7953 1591 7950 1591 7954 1592 7955 1592 7956 1592 7957 1593 7956 1593 7955 1593 7958 1594 7960 1594 7959 1594 7959 1595 7961 1595 7958 1595 7962 1595 7963 1595 7964 1595 7965 1594 7964 1594 7963 1594 7966 1596 7968 1596 7967 1596 7967 1597 7969 1597 7966 1597 7970 1598 7971 1598 7972 1598 7973 1599 7972 1599 7971 1599 7974 1600 7975 1600 7976 1600 7975 1600 7974 1600 7977 1600 7978 1600 7980 1600 7979 1600 7981 1600 7979 1600 7980 1600 7982 1601 7983 1601 7984 1601 7983 1602 7982 1602 7985 1602 7986 1603 7988 1603 7987 1603 7989 1601 7987 1601 7988 1601 7990 1604 7992 1604 7991 1604 7991 1605 7993 1605 7990 1605 7991 1606 7994 1606 7993 1606 7994 1607 7995 1607 7993 1607 7996 1608 7997 1608 7998 1608 7998 1609 7997 1609 7999 1609 7997 1605 8000 1605 7999 1605 8001 1604 7999 1604 8000 1604 8002 1610 8004 1610 8003 1610 8005 1611 8006 1611 8007 1611 8008 1612 8009 1612 8010 1612 8009 1613 8008 1613 8011 1613 8011 1614 8008 1614 8012 1614 8013 1615 8015 1615 8014 1615 8015 1616 8016 1616 8014 1616 8017 1617 8014 1617 8016 1617 8018 1618 8019 1618 8020 1618 8019 1619 8018 1619 8021 1619 8022 1620 8024 1620 8023 1620 8025 1621 8023 1621 8024 1621 8026 1622 8027 1622 8028 1622 8027 1623 8026 1623 8029 1623 8030 1623 8032 1623 8031 1623 8033 1622 8031 1622 8032 1622 8034 1624 8035 1624 8036 1624 8035 1625 8034 1625 8037 1625 8038 1626 8040 1626 8039 1626 8041 1624 8039 1624 8040 1624 8042 1627 8043 1627 8044 1627 8043 1628 8042 1628 8045 1628 8046 1628 8048 1628 8047 1628 8049 1627 8047 1627 8048 1627 8050 1629 8051 1629 8052 1629 8051 1630 8050 1630 8053 1630 8054 1631 8056 1631 8055 1631 8057 1629 8055 1629 8056 1629 8058 1632 8059 1632 8060 1632 8059 1633 8058 1633 8061 1633 8062 1634 8064 1634 8063 1634 8065 1632 8063 1632 8064 1632 8066 1635 8067 1635 8068 1635 8067 1636 8066 1636 8069 1636 8070 1636 8072 1636 8071 1636 8073 1635 8071 1635 8072 1635 8074 1637 8076 1637 8075 1637 8075 1638 8077 1638 8074 1638 8078 1638 8079 1638 8080 1638 8081 1639 8080 1639 8079 1639 8082 1640 8084 1640 8083 1640 8083 1641 8085 1641 8082 1641 8086 1641 8087 1641 8088 1641 8089 1642 8088 1642 8087 1642 8090 1643 8092 1643 8091 1643 8091 1644 8093 1644 8090 1644 8094 1644 8095 1644 8096 1644 8097 1645 8096 1645 8095 1645 8098 1646 8100 1646 8099 1646 8099 1647 8101 1647 8098 1647 8102 1647 8103 1647 8104 1647 8105 1648 8104 1648 8103 1648 8106 1649 8108 1649 8107 1649 8107 1650 8109 1650 8106 1650 8110 1650 8111 1650 8112 1650 8113 1651 8112 1651 8111 1651 8114 1652 8116 1652 8115 1652 8115 1653 8117 1653 8114 1653 8118 1653 8119 1653 8120 1653 8121 1654 8120 1654 8119 1654 8122 1655 8124 1655 8123 1655 8123 1656 8125 1656 8122 1656 8126 1656 8127 1656 8128 1656 8129 1655 8128 1655 8127 1655 8130 1657 8132 1657 8131 1657 8131 1658 8133 1658 8130 1658 8134 1658 8135 1658 8136 1658 8137 1657 8136 1657 8135 1657 8138 1659 8139 1659 8140 1659 8139 1660 8138 1660 8141 1660 8142 1661 8144 1661 8143 1661 8145 1662 8143 1662 8144 1662 8146 1663 8147 1663 8148 1663 8147 1664 8146 1664 8149 1664 8150 1665 8152 1665 8151 1665 8153 1666 8151 1666 8152 1666 8154 1667 8155 1667 8156 1667 8155 1668 8154 1668 8157 1668 8158 1669 8160 1669 8159 1669 8161 1670 8159 1670 8160 1670 8162 1671 8163 1671 8164 1671 8163 1672 8162 1672 8165 1672 8166 1673 8168 1673 8167 1673 8169 1674 8167 1674 8168 1674 8170 1675 8171 1675 8172 1675 8171 1676 8170 1676 8173 1676 8174 1677 8176 1677 8175 1677 8177 1678 8175 1678 8176 1678 8178 1679 8179 1679 8180 1679 8179 1680 8178 1680 8181 1680 8182 1681 8184 1681 8183 1681 8185 1682 8183 1682 8184 1682 8186 1683 8187 1683 8188 1683 8187 1684 8186 1684 8189 1684 8190 1685 8192 1685 8191 1685 8193 1686 8191 1686 8192 1686 8194 1687 8195 1687 8196 1687 8195 1688 8194 1688 8197 1688 8198 1689 8200 1689 8199 1689 8201 1690 8199 1690 8200 1690 8202 1691 8203 1691 8204 1691 8203 1692 8202 1692 8205 1692 8206 1693 8208 1693 8207 1693 8209 1694 8207 1694 8208 1694 8210 1695 8211 1695 8212 1695 8211 1696 8210 1696 8213 1696 8214 1697 8216 1697 8215 1697 8217 1698 8215 1698 8216 1698 8218 1699 8219 1699 8220 1699 8219 1700 8218 1700 8221 1700 8222 1701 8224 1701 8223 1701 8225 1702 8223 1702 8224 1702 8226 1703 8227 1703 8228 1703 8227 1704 8226 1704 8229 1704 8230 1705 8232 1705 8231 1705 8233 1706 8231 1706 8232 1706 8234 1707 8236 1707 8235 1707 8235 1708 8237 1708 8234 1708 8238 1708 8239 1708 8240 1708 8241 1707 8240 1707 8239 1707 8242 1709 8243 1709 8244 1709 8243 1710 8242 1710 8245 1710 8246 1711 8248 1711 8247 1711 8249 1712 8247 1712 8248 1712 8250 1713 8251 1713 8252 1713 8251 1714 8250 1714 8253 1714 8254 1714 8256 1714 8255 1714 8257 1713 8255 1713 8256 1713 8258 1715 8260 1715 8259 1715 8259 1716 8261 1716 8258 1716 8262 1716 8263 1716 8264 1716 8265 1715 8264 1715 8263 1715 8266 1717 8268 1717 8267 1717 8267 1718 8269 1718 8266 1718 8270 1718 8271 1718 8272 1718 8273 1717 8272 1717 8271 1717 8274 1719 8276 1719 8275 1719 8275 1720 8277 1720 8274 1720 8278 1720 8279 1720 8280 1720 8281 1719 8280 1719 8279 1719 8282 1721 8284 1721 8283 1721 8283 1722 8285 1722 8282 1722 8286 1723 8287 1723 8288 1723 8289 1724 8288 1724 8287 1724 8290 1725 8292 1725 8291 1725 8291 1726 8293 1726 8290 1726 8294 1727 8295 1727 8296 1727 8297 1728 8296 1728 8295 1728 8298 1729 8300 1729 8299 1729 8299 1730 8301 1730 8298 1730 8302 1731 8303 1731 8304 1731 8305 1732 8304 1732 8303 1732 8306 1733 8308 1733 8307 1733 8307 1734 8309 1734 8306 1734 8310 1735 8311 1735 8312 1735 8313 1736 8312 1736 8311 1736 8314 1737 8316 1737 8315 1737 8315 1738 8317 1738 8314 1738 8318 1739 8319 1739 8320 1739 8321 1740 8320 1740 8319 1740 8322 1741 8324 1741 8323 1741 8323 1742 8325 1742 8322 1742 8326 1743 8327 1743 8328 1743 8329 1744 8328 1744 8327 1744 8330 1745 8332 1745 8331 1745 8331 1746 8333 1746 8330 1746 8334 1747 8335 1747 8336 1747 8337 1748 8336 1748 8335 1748 8338 1749 8339 1749 8340 1749 8339 1750 8338 1750 8341 1750 8342 1751 8344 1751 8343 1751 8345 1752 8343 1752 8344 1752 8346 1753 8347 1753 8348 1753 8347 1754 8346 1754 8349 1754 8350 1754 8352 1754 8351 1754 8353 1753 8351 1753 8352 1753 8354 292 8355 292 8356 292 8355 292 8354 292 8357 292 8358 292 8360 292 8359 292 8361 292 8359 292 8360 292 8362 1755 8364 1755 8363 1755 8363 1756 8365 1756 8362 1756 8366 1756 8367 1756 8368 1756 8369 1755 8368 1755 8367 1755 8370 1757 8372 1757 8371 1757 8371 1758 8373 1758 8370 1758 8374 1758 8375 1758 8376 1758 8377 1757 8376 1757 8375 1757 8378 1759 8380 1759 8379 1759 8379 1759 8381 1759 8378 1759 8382 1759 8383 1759 8384 1759 8385 1759 8384 1759 8383 1759 8386 1760 8388 1760 8387 1760 8387 1761 8389 1761 8386 1761 8390 1761 8391 1761 8392 1761 8393 1760 8392 1760 8391 1760 8394 1762 8396 1762 8395 1762 8395 1763 8397 1763 8394 1763 8398 1763 8399 1763 8400 1763 8401 1762 8400 1762 8399 1762 8402 1764 8404 1764 8403 1764 8403 1764 8405 1764 8402 1764 8406 1764 8407 1764 8408 1764 8409 1764 8408 1764 8407 1764 8410 1765 8412 1765 8411 1765 8411 1766 8413 1766 8410 1766 8414 1766 8415 1766 8416 1766 8417 1765 8416 1765 8415 1765 8418 1767 8420 1767 8419 1767 8419 1768 8421 1768 8418 1768 8422 1768 8423 1768 8424 1768 8425 1767 8424 1767 8423 1767 8426 1769 8428 1769 8427 1769 8427 1770 8429 1770 8426 1770 8430 1770 8431 1770 8432 1770 8433 1769 8432 1769 8431 1769 8434 1771 8436 1771 8435 1771 8435 1771 8437 1771 8434 1771 8438 1771 8439 1771 8440 1771 8441 1771 8440 1771 8439 1771 8442 1772 8444 1772 8443 1772 8443 1773 8445 1773 8442 1773 8446 1773 8447 1773 8448 1773 8449 1772 8448 1772 8447 1772 8450 1774 8452 1774 8451 1774 8451 1774 8453 1774 8450 1774 8454 1774 8455 1774 8456 1774 8457 1774 8456 1774 8455 1774 8458 1600 8460 1600 8459 1600 8459 1600 8461 1600 8458 1600 8462 1600 8463 1600 8464 1600 8465 1600 8464 1600 8463 1600 8466 1775 8467 1775 8468 1775 8467 1776 8466 1776 8469 1776 8470 1776 8472 1776 8471 1776 8473 1775 8471 1775 8472 1775 8474 1777 8475 1777 8476 1777 8475 1777 8474 1777 8477 1777 8478 1777 8480 1777 8479 1777 8481 1777 8479 1777 8480 1777 8482 1778 8483 1778 8484 1778 8483 1779 8482 1779 8485 1779 8486 1779 8488 1779 8487 1779 8489 1778 8487 1778 8488 1778 8490 1780 8491 1780 8492 1780 8491 1781 8490 1781 8493 1781 8494 1781 8496 1781 8495 1781 8497 1780 8495 1780 8496 1780 8498 1782 8499 1782 8500 1782 8499 1783 8498 1783 8501 1783 8502 1783 8504 1783 8503 1783 8505 1782 8503 1782 8504 1782 8506 1784 8507 1784 8508 1784 8507 1785 8506 1785 8509 1785 8510 1785 8512 1785 8511 1785 8513 1784 8511 1784 8512 1784 8514 1786 8515 1786 8516 1786 8515 1786 8514 1786 8517 1786 8518 1786 8520 1786 8519 1786 8521 1786 8519 1786 8520 1786 8522 1787 8523 1787 8524 1787 8523 1788 8522 1788 8525 1788 8526 1788 8528 1788 8527 1788 8529 1787 8527 1787 8528 1787 8530 1789 8531 1789 8532 1789 8531 1790 8530 1790 8533 1790 8534 1790 8536 1790 8535 1790 8537 1789 8535 1789 8536 1789 8538 1791 8539 1791 8540 1791 8539 1792 8538 1792 8541 1792 8542 1792 8544 1792 8543 1792 8545 1791 8543 1791 8544 1791 8546 1793 8547 1793 8548 1793 8547 1794 8546 1794 8549 1794 8550 1794 8552 1794 8551 1794 8553 1793 8551 1793 8552 1793</p>
        </triangles>
        <triangles material="__auto_4-material" count="96">
          <input semantic="VERTEX" source="#ID64-mesh-vertices" offset="0"/>
          <input semantic="NORMAL" source="#ID64-mesh-normals" offset="1"/>
          <p>3024 1795 3025 1795 3026 1795 3025 1796 3024 1796 3027 1796 3027 1797 3024 1797 3028 1797 3028 1798 3024 1798 3029 1798 3028 1799 3029 1799 3030 1799 3030 1800 3029 1800 3031 1800 3030 1801 3031 1801 3032 1801 3032 1802 3031 1802 3033 1802 3032 1803 3033 1803 3034 1803 3034 1804 3033 1804 3035 1804 3034 1805 3035 1805 3036 1805 3036 1800 3035 1800 3037 1800 3036 1800 3037 1800 3038 1800 3038 1800 3037 1800 3039 1800 3038 1800 3039 1800 3040 1800 3040 1800 3039 1800 3041 1800 3041 1806 3039 1806 3042 1806 3041 1807 3042 1807 3043 1807 3043 1808 3042 1808 3044 1808 3043 1809 3044 1809 3045 1809 3045 1800 3044 1800 3046 1800 3045 1800 3046 1800 3047 1800 3047 1810 3046 1810 3048 1810 3047 1800 3048 1800 3049 1800 3025 1800 3050 1800 3051 1800 3050 1800 3025 1800 3027 1800 3051 1811 3050 1811 3052 1811 3051 1800 3052 1800 3053 1800 3053 1800 3052 1800 3054 1800 3053 1812 3054 1812 3055 1812 3055 1813 3054 1813 3056 1813 3055 1800 3056 1800 3057 1800 3057 1800 3056 1800 3058 1800 3057 1814 3058 1814 3059 1814 3059 1800 3058 1800 3060 1800 3059 1800 3060 1800 3061 1800 3059 1815 3061 1815 3062 1815 3062 1800 3061 1800 3063 1800 3062 1800 3063 1800 3064 1800 3064 1816 3063 1816 3065 1816 3064 1817 3065 1817 3066 1817 3066 1800 3065 1800 3067 1800 3066 1818 3067 1818 3068 1818 3068 1819 3067 1819 3069 1819 3068 1820 3069 1820 3070 1820 3070 1821 3069 1821 3049 1821 3070 1822 3049 1822 3048 1822 3070 1823 3048 1823 3071 1823 3120 1824 3121 1824 3122 1824 3121 1825 3120 1825 3123 1825 3121 1800 3123 1800 3124 1800 3124 1800 3123 1800 3125 1800 3125 1800 3123 1800 3126 1800 3126 1826 3123 1826 3127 1826 3126 1827 3127 1827 3128 1827 3128 1800 3127 1800 3129 1800 3129 1828 3127 1828 3130 1828 3129 1829 3130 1829 3131 1829 3131 1800 3130 1800 3132 1800 3132 1800 3130 1800 3133 1800 3133 1830 3130 1830 3134 1830 3133 1800 3134 1800 3135 1800 3135 1831 3134 1831 3136 1831 3136 1832 3134 1832 3137 1832 3137 1833 3134 1833 3138 1833 3137 1800 3138 1800 3139 1800 3139 1834 3138 1834 3140 1834 3140 1835 3138 1835 3141 1835 3140 1836 3141 1836 3142 1836 3142 1837 3141 1837 3143 1837 3142 1838 3143 1838 3144 1838 3144 1839 3143 1839 3145 1839 3146 1840 3147 1840 3148 1840 3147 1841 3146 1841 3149 1841 3147 1842 3149 1842 3150 1842 3150 1843 3149 1843 3151 1843 3150 1844 3151 1844 3152 1844 3151 1800 3120 1800 3152 1800 3152 1800 3120 1800 3153 1800 3153 1800 3120 1800 3122 1845 3153 1846 3122 1846 3154 1846 3153 1847 3154 1847 3155 1847 3155 1848 3154 1848 3156 1848 3155 1849 3156 1849 3157 1849 3155 1850 3157 1850 3158 1850 3155 1800 3158 1800 3159 1800 3159 1851 3158 1851 3160 1851 3159 1852 3160 1852 3161 1852 3159 1853 3161 1853 3162 1853 3159 1800 3162 1800 3163 1800 3163 1854 3162 1854 3164 1854 3163 1855 3164 1855 3165 1855 3163 1856 3165 1856 3139 1856 3139 1857 3165 1857 3166 1857 3139 1858 3166 1858 3167 1858 3139 1859 3167 1859 3137 1859</p>
        </triangles>
        <triangles material="__auto_5-material" count="22">
          <input semantic="VERTEX" source="#ID64-mesh-vertices" offset="0"/>
          <input semantic="NORMAL" source="#ID64-mesh-normals" offset="1"/>
          <p>3072 1600 3073 1600 3074 1600 3073 1860 3072 1860 3075 1860 3073 1600 3075 1600 3076 1600 3076 1861 3075 1861 3077 1861 3076 1600 3077 1600 3078 1600 3078 1862 3077 1862 3079 1862 3078 1600 3079 1600 3080 1600 3080 1863 3079 1863 3081 1863 3080 1600 3081 1600 3082 1600 3082 1864 3081 1864 3083 1864 3082 1600 3083 1600 3084 1600 3084 1865 3083 1865 3085 1865 3084 1600 3085 1600 3086 1600 3086 1866 3085 1866 3087 1866 3086 1600 3087 1600 3088 1600 3088 1867 3087 1867 3089 1867 3088 1600 3089 1600 3090 1600 3090 1868 3089 1868 3091 1868 3090 1600 3091 1600 3092 1600 3092 1869 3091 1869 3093 1869 3092 1600 3093 1600 3094 1600 3094 1600 3093 1600 3095 1600</p>
        </triangles>
        <triangles material="__auto_2-material" count="70">
          <input semantic="VERTEX" source="#ID64-mesh-vertices" offset="0"/>
          <input semantic="NORMAL" source="#ID64-mesh-normals" offset="1"/>
          <p>3096 1800 3097 1800 3098 1800 3097 1800 3096 1800 3099 1800 3097 1870 3099 1870 3100 1870 3100 1871 3099 1871 3101 1871 3100 1872 3101 1872 3102 1872 3102 1873 3101 1873 3103 1873 3102 1874 3103 1874 3104 1874 3104 1875 3103 1875 3105 1875 3104 1800 3105 1800 3106 1800 3106 1876 3105 1876 3107 1876 3106 1877 3107 1877 3108 1877 3108 1878 3107 1878 3109 1878 3108 1800 3109 1800 3110 1800 3110 1879 3109 1879 3111 1879 3110 1880 3111 1880 3112 1880 3112 1881 3111 1881 3113 1881 3112 1882 3113 1882 3114 1882 3114 1883 3113 1883 3115 1883 3114 1884 3115 1884 3116 1884 3116 1885 3115 1885 3117 1885 3116 1886 3117 1886 3118 1886 3118 1800 3117 1800 3119 1800 3264 1887 3265 1887 3266 1887 3265 1888 3264 1888 3267 1888 3268 1889 3269 1889 3270 1889 3269 1890 3268 1890 3271 1890 3272 1891 3273 1891 3274 1891 3273 1892 3272 1892 3275 1892 3276 1893 3277 1893 3278 1893 3277 1894 3276 1894 3279 1894 3280 1895 3281 1895 3282 1895 3281 1896 3280 1896 3283 1896 3284 1897 3285 1897 3286 1897 3285 1898 3284 1898 3287 1898 3288 1899 3289 1899 3290 1899 3289 1900 3288 1900 3291 1900 3292 1901 3293 1901 3294 1901 3293 1902 3292 1902 3295 1902 3296 1903 3297 1903 3298 1903 3297 1904 3296 1904 3299 1904 3300 1905 3301 1905 3302 1905 3301 1906 3300 1906 3303 1906 3304 1907 3305 1907 3306 1907 3305 1908 3304 1908 3307 1908 3308 1909 3309 1909 3310 1909 3309 1910 3308 1910 3311 1910 3312 1911 3313 1911 3314 1911 3313 1912 3312 1912 3315 1912 3316 1913 3317 1913 3318 1913 3317 1914 3316 1914 3319 1914 3320 1915 3321 1915 3322 1915 3321 1916 3320 1916 3323 1916 3324 1917 3325 1917 3326 1917 3325 1918 3324 1918 3327 1918 3328 1919 3329 1919 3330 1919 3329 1920 3328 1920 3331 1920 3332 1921 3333 1921 3334 1921 3333 1922 3332 1922 3335 1922 3336 1923 3337 1923 3338 1923 3337 1924 3336 1924 3339 1924 3340 1925 3341 1925 3342 1925 3341 1926 3340 1926 3343 1926 3344 1927 3345 1927 3346 1927 3345 1928 3344 1928 3347 1928 3348 1929 3349 1929 3350 1929 3349 1930 3348 1930 3351 1930 3352 1931 3353 1931 3354 1931 3353 1932 3352 1932 3355 1932 3356 1933 3357 1933 3358 1933 3357 1934 3356 1934 3359 1934</p>
        </triangles>
        <triangles material="__auto_3-material" count="48">
          <input semantic="VERTEX" source="#ID64-mesh-vertices" offset="0"/>
          <input semantic="NORMAL" source="#ID64-mesh-normals" offset="1"/>
          <p>3168 1935 3169 1935 3170 1935 3169 1936 3168 1936 3171 1936 3172 1937 3173 1937 3174 1937 3173 1938 3172 1938 3175 1938 3176 1939 3177 1939 3178 1939 3177 1940 3176 1940 3179 1940 3180 1941 3181 1941 3182 1941 3181 1942 3180 1942 3183 1942 3184 1943 3185 1943 3186 1943 3185 1944 3184 1944 3187 1944 3188 1945 3189 1945 3190 1945 3189 1946 3188 1946 3191 1946 3192 1947 3193 1947 3194 1947 3193 1948 3192 1948 3195 1948 3196 1949 3197 1949 3198 1949 3197 1950 3196 1950 3199 1950 3200 1951 3201 1951 3202 1951 3201 1952 3200 1952 3203 1952 3204 1953 3205 1953 3206 1953 3205 1954 3204 1954 3207 1954 3208 1955 3209 1955 3210 1955 3209 1956 3208 1956 3211 1956 3212 1957 3213 1957 3214 1957 3213 1958 3212 1958 3215 1958 3216 1959 3217 1959 3218 1959 3217 1960 3216 1960 3219 1960 3220 1961 3221 1961 3222 1961 3221 1962 3220 1962 3223 1962 3224 1963 3225 1963 3226 1963 3225 1964 3224 1964 3227 1964 3228 1965 3229 1965 3230 1965 3229 1966 3228 1966 3231 1966 3232 1967 3233 1967 3234 1967 3233 1968 3232 1968 3235 1968 3236 1969 3237 1969 3238 1969 3237 1970 3236 1970 3239 1970 3240 1971 3241 1971 3242 1971 3241 1972 3240 1972 3243 1972 3244 1973 3245 1973 3246 1973 3245 1974 3244 1974 3247 1974 3248 1975 3249 1975 3250 1975 3249 1976 3248 1976 3251 1976 3252 1977 3253 1977 3254 1977 3253 1978 3252 1978 3255 1978 3256 1979 3257 1979 3258 1979 3257 1980 3256 1980 3259 1980 3260 1981 3261 1981 3262 1981 3261 1982 3260 1982 3263 1982</p>
        </triangles>
        <triangles material="__auto_1-material" count="1728">
          <input semantic="VERTEX" source="#ID64-mesh-vertices" offset="0"/>
          <input semantic="NORMAL" source="#ID64-mesh-normals" offset="1"/>
          <p>3360 1983 3361 1983 3362 1983 3361 1984 3360 1984 3363 1984 3364 1985 3365 1985 3366 1985 3365 1986 3364 1986 3367 1986 3368 1987 3369 1987 3370 1987 3369 1988 3368 1988 3371 1988 3372 1989 3373 1989 3374 1989 3373 1990 3372 1990 3375 1990 3376 1991 3377 1991 3378 1991 3377 1992 3376 1992 3379 1992 3380 1993 3381 1993 3382 1993 3381 1994 3380 1994 3383 1994 3384 1995 3385 1995 3386 1995 3385 1996 3384 1996 3387 1996 3388 1997 3389 1997 3390 1997 3389 1998 3388 1998 3391 1998 3392 1999 3393 1999 3394 1999 3393 2000 3392 2000 3395 2000 3396 2001 3397 2001 3398 2001 3397 2002 3396 2002 3399 2002 3400 2003 3401 2003 3402 2003 3401 2004 3400 2004 3403 2004 3404 2005 3405 2005 3406 2005 3405 2006 3404 2006 3407 2006 3408 2007 3409 2007 3410 2007 3409 2008 3408 2008 3411 2008 3412 2009 3413 2009 3414 2009 3413 2010 3412 2010 3415 2010 3416 2011 3417 2011 3418 2011 3417 2012 3416 2012 3419 2012 3420 2013 3421 2013 3422 2013 3421 2014 3420 2014 3423 2014 3424 2015 3425 2015 3426 2015 3425 2016 3424 2016 3427 2016 3428 2017 3429 2017 3430 2017 3429 2018 3428 2018 3431 2018 3432 2019 3433 2019 3434 2019 3433 2020 3432 2020 3435 2020 3436 2021 3437 2021 3438 2021 3437 2022 3436 2022 3439 2022 3440 2023 3441 2023 3442 2023 3441 2024 3440 2024 3443 2024 3444 2025 3445 2025 3446 2025 3445 2026 3444 2026 3447 2026 3448 2027 3449 2027 3450 2027 3449 2028 3448 2028 3451 2028 3452 2029 3453 2029 3454 2029 3453 2030 3452 2030 3455 2030 3456 2031 3457 2031 3458 2031 3457 2032 3456 2032 3459 2032 3460 2033 3461 2033 3462 2033 3461 2034 3460 2034 3463 2034 3464 2035 3465 2035 3466 2035 3465 2036 3464 2036 3467 2036 3468 2037 3469 2037 3470 2037 3469 2038 3468 2038 3471 2038 3472 2039 3473 2039 3474 2039 3473 2040 3472 2040 3475 2040 3476 2041 3477 2041 3478 2041 3477 2042 3476 2042 3479 2042 3480 2043 3481 2043 3482 2043 3481 2044 3480 2044 3483 2044 3484 2045 3485 2045 3486 2045 3485 2046 3484 2046 3487 2046 3488 2047 3489 2047 3490 2047 3489 2048 3488 2048 3491 2048 3492 2049 3493 2049 3494 2049 3493 2050 3492 2050 3495 2050 3496 2051 3497 2051 3498 2051 3497 2052 3496 2052 3499 2052 3500 2053 3501 2053 3502 2053 3501 2054 3500 2054 3503 2054 3504 2055 3505 2055 3506 2055 3505 2056 3504 2056 3507 2056 3508 2057 3509 2057 3510 2057 3509 2058 3508 2058 3511 2058 3512 2059 3513 2059 3514 2059 3513 2060 3512 2060 3515 2060 3516 2061 3517 2061 3518 2061 3517 2062 3516 2062 3519 2062 3520 2063 3521 2063 3522 2063 3521 2064 3520 2064 3523 2064 3524 2065 3525 2065 3526 2065 3525 2066 3524 2066 3527 2066 3528 2067 3529 2067 3530 2067 3529 2068 3528 2068 3531 2068 3532 2069 3533 2069 3534 2069 3533 2070 3532 2070 3535 2070 3536 2071 3537 2071 3538 2071 3537 2072 3536 2072 3539 2072 3540 2073 3541 2073 3542 2073 3541 2074 3540 2074 3543 2074 3544 2075 3545 2075 3546 2075 3545 2076 3544 2076 3547 2076 3548 2077 3549 2077 3550 2077 3549 2078 3548 2078 3551 2078 3552 2079 3553 2079 3554 2079 3553 2080 3552 2080 3555 2080 3556 2081 3557 2081 3558 2081 3557 2082 3556 2082 3559 2082 3560 2083 3561 2083 3562 2083 3561 2084 3560 2084 3563 2084 3564 2085 3565 2085 3566 2085 3565 2086 3564 2086 3567 2086 3568 2087 3569 2087 3570 2087 3569 2088 3568 2088 3571 2088 3572 2089 3573 2089 3574 2089 3573 2090 3572 2090 3575 2090 3576 2091 3577 2091 3578 2091 3577 2092 3576 2092 3579 2092 3580 2093 3581 2093 3582 2093 3581 2094 3580 2094 3583 2094 3584 2095 3585 2095 3586 2095 3585 2096 3584 2096 3587 2096 3588 2097 3589 2097 3590 2097 3589 2098 3588 2098 3591 2098 3592 2099 3593 2099 3594 2099 3593 2100 3592 2100 3595 2100 3596 2101 3597 2101 3598 2101 3597 2102 3596 2102 3599 2102 3600 2103 3601 2103 3602 2103 3601 2104 3600 2104 3603 2104 3604 2105 3605 2105 3606 2105 3605 2106 3604 2106 3607 2106 3608 2107 3609 2107 3610 2107 3609 2108 3608 2108 3611 2108 3612 2109 3613 2109 3614 2109 3613 2110 3612 2110 3615 2110 3616 2111 3617 2111 3618 2111 3617 2112 3616 2112 3619 2112 3620 2113 3621 2113 3622 2113 3621 2114 3620 2114 3623 2114 3624 2115 3625 2115 3626 2115 3625 2116 3624 2116 3627 2116 3628 2117 3629 2117 3630 2117 3629 2118 3628 2118 3631 2118 3632 2119 3633 2119 3634 2119 3633 2120 3632 2120 3635 2120 3636 2121 3637 2121 3638 2121 3637 2122 3636 2122 3639 2122 3640 2123 3641 2123 3642 2123 3641 2124 3640 2124 3643 2124 3644 2125 3645 2125 3646 2125 3645 2126 3644 2126 3647 2126 3648 2127 3649 2127 3650 2127 3649 2128 3648 2128 3651 2128 3652 2129 3653 2129 3654 2129 3653 2130 3652 2130 3655 2130 3656 2131 3657 2131 3658 2131 3657 2132 3656 2132 3659 2132 3660 2133 3661 2133 3662 2133 3661 2134 3660 2134 3663 2134 3664 2135 3665 2135 3666 2135 3665 2136 3664 2136 3667 2136 3668 2137 3669 2137 3670 2137 3669 2138 3668 2138 3671 2138 3672 2139 3673 2139 3674 2139 3673 2140 3672 2140 3675 2140 3676 2141 3677 2141 3678 2141 3677 2142 3676 2142 3679 2142 3680 2143 3681 2143 3682 2143 3681 2144 3680 2144 3683 2144 3684 2145 3685 2145 3686 2145 3685 2146 3684 2146 3687 2146 3688 2147 3689 2147 3690 2147 3689 2148 3688 2148 3691 2148 3692 2149 3693 2149 3694 2149 3693 2150 3692 2150 3695 2150 3696 2151 3697 2151 3698 2151 3697 2152 3696 2152 3699 2152 3700 2153 3701 2153 3702 2153 3701 2154 3700 2154 3703 2154 3704 2155 3705 2155 3706 2155 3705 2156 3704 2156 3707 2156 3708 2157 3709 2157 3710 2157 3709 2158 3708 2158 3711 2158 3712 2159 3713 2159 3714 2159 3713 2160 3712 2160 3715 2160 3716 2161 3717 2161 3718 2161 3717 2162 3716 2162 3719 2162 3720 2163 3721 2163 3722 2163 3721 2164 3720 2164 3723 2164 3724 2165 3725 2165 3726 2165 3725 2166 3724 2166 3727 2166 3728 2167 3729 2167 3730 2167 3729 2168 3728 2168 3731 2168 3732 2169 3733 2169 3734 2169 3733 2170 3732 2170 3735 2170 3736 2171 3737 2171 3738 2171 3737 2172 3736 2172 3739 2172 3740 2173 3741 2173 3742 2173 3741 2174 3740 2174 3743 2174 3744 2175 3745 2175 3746 2175 3745 2176 3744 2176 3747 2176 3748 2177 3749 2177 3750 2177 3749 2178 3748 2178 3751 2178 3752 2179 3753 2179 3754 2179 3753 2180 3752 2180 3755 2180 3756 2181 3757 2181 3758 2181 3757 2182 3756 2182 3759 2182 3760 2183 3761 2183 3762 2183 3761 2184 3760 2184 3763 2184 3764 2185 3765 2185 3766 2185 3765 2186 3764 2186 3767 2186 3768 2187 3769 2187 3770 2187 3769 2188 3768 2188 3771 2188 3772 2189 3773 2189 3774 2189 3773 2190 3772 2190 3775 2190 3776 2191 3777 2191 3778 2191 3777 2192 3776 2192 3779 2192 3780 2193 3781 2193 3782 2193 3781 2194 3780 2194 3783 2194 3784 2195 3785 2195 3786 2195 3785 2196 3784 2196 3787 2196 3788 2197 3789 2197 3790 2197 3789 2198 3788 2198 3791 2198 3792 2199 3793 2199 3794 2199 3793 2200 3792 2200 3795 2200 3796 2201 3797 2201 3798 2201 3797 2202 3796 2202 3799 2202 3800 2203 3801 2203 3802 2203 3801 2204 3800 2204 3803 2204 3804 2205 3805 2205 3806 2205 3805 2206 3804 2206 3807 2206 3808 2207 3809 2207 3810 2207 3809 2208 3808 2208 3811 2208 3812 2209 3813 2209 3814 2209 3813 2210 3812 2210 3815 2210 3816 2211 3817 2211 3818 2211 3817 2212 3816 2212 3819 2212 3820 2213 3821 2213 3822 2213 3821 2214 3820 2214 3823 2214 3824 2215 3825 2215 3826 2215 3825 2216 3824 2216 3827 2216 3828 2217 3829 2217 3830 2217 3829 2218 3828 2218 3831 2218 3832 2219 3833 2219 3834 2219 3833 2220 3832 2220 3835 2220 3836 2221 3837 2221 3838 2221 3837 2222 3836 2222 3839 2222 3840 2223 3841 2223 3842 2223 3841 2224 3840 2224 3843 2224 3844 2225 3845 2225 3846 2225 3845 2226 3844 2226 3847 2226 3848 2227 3849 2227 3850 2227 3849 2228 3848 2228 3851 2228 3852 2229 3853 2229 3854 2229 3853 2230 3852 2230 3855 2230 3856 2231 3857 2231 3858 2231 3857 2232 3856 2232 3859 2232 3860 2233 3861 2233 3862 2233 3861 2234 3860 2234 3863 2234 3864 2235 3865 2235 3866 2235 3865 2236 3864 2236 3867 2236 3868 2237 3869 2237 3870 2237 3869 2238 3868 2238 3871 2238 3872 2239 3873 2239 3874 2239 3873 2240 3872 2240 3875 2240 3876 2241 3877 2241 3878 2241 3877 2242 3876 2242 3879 2242 3880 2243 3881 2243 3882 2243 3881 2244 3880 2244 3883 2244 3884 2245 3885 2245 3886 2245 3885 2246 3884 2246 3887 2246 3888 2247 3889 2247 3890 2247 3889 2248 3888 2248 3891 2248 3892 2249 3893 2249 3894 2249 3893 2250 3892 2250 3895 2250 3896 2251 3897 2251 3898 2251 3897 2252 3896 2252 3899 2252 3900 2253 3901 2253 3902 2253 3901 2254 3900 2254 3903 2254 3904 2255 3905 2255 3906 2255 3905 2256 3904 2256 3907 2256 3908 2257 3909 2257 3910 2257 3909 2258 3908 2258 3911 2258 3912 2259 3913 2259 3914 2259 3913 2260 3912 2260 3915 2260 3916 2261 3917 2261 3918 2261 3917 2262 3916 2262 3919 2262 3920 2263 3921 2263 3922 2263 3921 2264 3920 2264 3923 2264 3924 2265 3925 2265 3926 2265 3925 2266 3924 2266 3927 2266 3928 2267 3929 2267 3930 2267 3929 2268 3928 2268 3931 2268 3932 2269 3933 2269 3934 2269 3933 2270 3932 2270 3935 2270 3936 2271 3937 2271 3938 2271 3937 2272 3936 2272 3939 2272 3940 2273 3941 2273 3942 2273 3941 2274 3940 2274 3943 2274 3944 2275 3945 2275 3946 2275 3945 2276 3944 2276 3947 2276 3948 2277 3949 2277 3950 2277 3949 2278 3948 2278 3951 2278 3952 2279 3953 2279 3954 2279 3953 2280 3952 2280 3955 2280 3956 2281 3957 2281 3958 2281 3957 2282 3956 2282 3959 2282 3960 2283 3961 2283 3962 2283 3961 2284 3960 2284 3963 2284 3964 2285 3965 2285 3966 2285 3965 2286 3964 2286 3967 2286 3968 2287 3969 2287 3970 2287 3969 2288 3968 2288 3971 2288 3972 2289 3973 2289 3974 2289 3973 2290 3972 2290 3975 2290 3976 2291 3977 2291 3978 2291 3977 2292 3976 2292 3979 2292 3980 2293 3981 2293 3982 2293 3981 2294 3980 2294 3983 2294 3984 2295 3985 2295 3986 2295 3985 2296 3984 2296 3987 2296 3988 2297 3989 2297 3990 2297 3989 2298 3988 2298 3991 2298 3992 2299 3993 2299 3994 2299 3993 2300 3992 2300 3995 2300 3996 2301 3997 2301 3998 2301 3997 2302 3996 2302 3999 2302 4000 2303 4001 2303 4002 2303 4001 2304 4000 2304 4003 2304 4004 2305 4005 2305 4006 2305 4005 2306 4004 2306 4007 2306 4008 2307 4009 2307 4010 2307 4009 2308 4008 2308 4011 2308 4012 2309 4013 2309 4014 2309 4013 2310 4012 2310 4015 2310 4016 2311 4017 2311 4018 2311 4017 2312 4016 2312 4019 2312 4020 2313 4021 2313 4022 2313 4021 2314 4020 2314 4023 2314 4024 2315 4025 2315 4026 2315 4025 2316 4024 2316 4027 2316 4028 2317 4029 2317 4030 2317 4029 2318 4028 2318 4031 2318 4032 2319 4033 2319 4034 2319 4033 2320 4032 2320 4035 2320 4036 2321 4037 2321 4038 2321 4037 2322 4036 2322 4039 2322 4040 2323 4041 2323 4042 2323 4041 2324 4040 2324 4043 2324 4044 2325 4045 2325 4046 2325 4045 2326 4044 2326 4047 2326 4048 2327 4049 2327 4050 2327 4049 2328 4048 2328 4051 2328 4052 2329 4053 2329 4054 2329 4053 2330 4052 2330 4055 2330 4056 2331 4057 2331 4058 2331 4057 2332 4056 2332 4059 2332 4060 2333 4061 2333 4062 2333 4061 2334 4060 2334 4063 2334 4064 2335 4065 2335 4066 2335 4065 2336 4064 2336 4067 2336 4068 2337 4069 2337 4070 2337 4069 2338 4068 2338 4071 2338 4072 2339 4073 2339 4074 2339 4073 2340 4072 2340 4075 2340 4076 2341 4077 2341 4078 2341 4077 2342 4076 2342 4079 2342 4080 2343 4081 2343 4082 2343 4081 2344 4080 2344 4083 2344 4084 2345 4085 2345 4086 2345 4085 2346 4084 2346 4087 2346 4088 2347 4089 2347 4090 2347 4089 2348 4088 2348 4091 2348 4092 2349 4093 2349 4094 2349 4093 2350 4092 2350 4095 2350 4096 2351 4097 2351 4098 2351 4097 2352 4096 2352 4099 2352 4100 2353 4101 2353 4102 2353 4101 2354 4100 2354 4103 2354 4104 2355 4105 2355 4106 2355 4105 2356 4104 2356 4107 2356 4108 2357 4109 2357 4110 2357 4109 2358 4108 2358 4111 2358 4112 2359 4113 2359 4114 2359 4113 2360 4112 2360 4115 2360 4116 2361 4117 2361 4118 2361 4117 2362 4116 2362 4119 2362 4120 2363 4121 2363 4122 2363 4121 2364 4120 2364 4123 2364 4124 2365 4125 2365 4126 2365 4125 2366 4124 2366 4127 2366 4128 2367 4129 2367 4130 2367 4129 2368 4128 2368 4131 2368 4132 2369 4133 2369 4134 2369 4133 2370 4132 2370 4135 2370 4136 2371 4137 2371 4138 2371 4137 2372 4136 2372 4139 2372 4140 2373 4141 2373 4142 2373 4141 2374 4140 2374 4143 2374 4144 2375 4145 2375 4146 2375 4145 2376 4144 2376 4147 2376 4148 2377 4149 2377 4150 2377 4149 2378 4148 2378 4151 2378 4152 2379 4153 2379 4154 2379 4153 2380 4152 2380 4155 2380 4156 2381 4157 2381 4158 2381 4157 2382 4156 2382 4159 2382 4160 2383 4161 2383 4162 2383 4161 2384 4160 2384 4163 2384 4164 2385 4165 2385 4166 2385 4165 2386 4164 2386 4167 2386 4168 2387 4169 2387 4170 2387 4169 2388 4168 2388 4171 2388 4172 2389 4173 2389 4174 2389 4173 2390 4172 2390 4175 2390 4176 2391 4177 2391 4178 2391 4177 2392 4176 2392 4179 2392 4180 2393 4181 2393 4182 2393 4181 2394 4180 2394 4183 2394 4184 2395 4185 2395 4186 2395 4185 2396 4184 2396 4187 2396 4188 2397 4189 2397 4190 2397 4189 2398 4188 2398 4191 2398 4192 2399 4193 2399 4194 2399 4193 2400 4192 2400 4195 2400 4196 2401 4197 2401 4198 2401 4197 2402 4196 2402 4199 2402 4200 2403 4201 2403 4202 2403 4201 2404 4200 2404 4203 2404 4204 2405 4205 2405 4206 2405 4205 2406 4204 2406 4207 2406 4208 2407 4209 2407 4210 2407 4209 2408 4208 2408 4211 2408 4212 2409 4213 2409 4214 2409 4213 2410 4212 2410 4215 2410 4216 2411 4217 2411 4218 2411 4217 2412 4216 2412 4219 2412 4220 2413 4221 2413 4222 2413 4221 2414 4220 2414 4223 2414 4224 2415 4225 2415 4226 2415 4225 2416 4224 2416 4227 2416 4228 2417 4229 2417 4230 2417 4229 2418 4228 2418 4231 2418 4232 2419 4233 2419 4234 2419 4233 2420 4232 2420 4235 2420 4236 2421 4237 2421 4238 2421 4237 2422 4236 2422 4239 2422 4240 2423 4241 2423 4242 2423 4241 2424 4240 2424 4243 2424 4244 2425 4245 2425 4246 2425 4245 2426 4244 2426 4247 2426 4248 2427 4249 2427 4250 2427 4249 2428 4248 2428 4251 2428 4252 2429 4253 2429 4254 2429 4253 2430 4252 2430 4255 2430 4256 2431 4257 2431 4258 2431 4257 2432 4256 2432 4259 2432 4260 2433 4261 2433 4262 2433 4261 2434 4260 2434 4263 2434 4264 2435 4265 2435 4266 2435 4265 2436 4264 2436 4267 2436 4268 2437 4269 2437 4270 2437 4269 2438 4268 2438 4271 2438 4272 2439 4273 2439 4274 2439 4273 2440 4272 2440 4275 2440 4276 2441 4277 2441 4278 2441 4277 2442 4276 2442 4279 2442 4280 2443 4281 2443 4282 2443 4281 2444 4280 2444 4283 2444 4284 2445 4285 2445 4286 2445 4285 2446 4284 2446 4287 2446 4288 2447 4289 2447 4290 2447 4289 2448 4288 2448 4291 2448 4292 2449 4293 2449 4294 2449 4293 2450 4292 2450 4295 2450 4296 2451 4297 2451 4298 2451 4297 2452 4296 2452 4299 2452 4300 2453 4301 2453 4302 2453 4301 2454 4300 2454 4303 2454 4304 2455 4305 2455 4306 2455 4305 2456 4304 2456 4307 2456 4308 2457 4309 2457 4310 2457 4309 2458 4308 2458 4311 2458 4312 2459 4313 2459 4314 2459 4313 2460 4312 2460 4315 2460 4316 2461 4317 2461 4318 2461 4317 2462 4316 2462 4319 2462 4320 2463 4321 2463 4322 2463 4321 2464 4320 2464 4323 2464 4324 2465 4325 2465 4326 2465 4325 2466 4324 2466 4327 2466 4328 2467 4329 2467 4330 2467 4329 2468 4328 2468 4331 2468 4332 2469 4333 2469 4334 2469 4333 2470 4332 2470 4335 2470 4336 2471 4337 2471 4338 2471 4337 2472 4336 2472 4339 2472 4340 2473 4341 2473 4342 2473 4341 2474 4340 2474 4343 2474 4344 2475 4345 2475 4346 2475 4345 2476 4344 2476 4347 2476 4348 2477 4349 2477 4350 2477 4349 2478 4348 2478 4351 2478 4352 2479 4353 2479 4354 2479 4353 2480 4352 2480 4355 2480 4356 2481 4357 2481 4358 2481 4357 2482 4356 2482 4359 2482 4360 2483 4361 2483 4362 2483 4361 2484 4360 2484 4363 2484 4364 2485 4365 2485 4366 2485 4365 2486 4364 2486 4367 2486 4368 2487 4369 2487 4370 2487 4369 2488 4368 2488 4371 2488 4372 2489 4373 2489 4374 2489 4373 2490 4372 2490 4375 2490 4376 2491 4377 2491 4378 2491 4377 2492 4376 2492 4379 2492 4380 2493 4381 2493 4382 2493 4381 2494 4380 2494 4383 2494 4384 2495 4385 2495 4386 2495 4385 2496 4384 2496 4387 2496 4388 2497 4389 2497 4390 2497 4389 2498 4388 2498 4391 2498 4392 2499 4393 2499 4394 2499 4393 2500 4392 2500 4395 2500 4396 2501 4397 2501 4398 2501 4397 2502 4396 2502 4399 2502 4400 2503 4401 2503 4402 2503 4401 2504 4400 2504 4403 2504 4404 2505 4405 2505 4406 2505 4405 2506 4404 2506 4407 2506 4408 2507 4409 2507 4410 2507 4409 2508 4408 2508 4411 2508 4412 2509 4413 2509 4414 2509 4413 2510 4412 2510 4415 2510 4416 2511 4417 2511 4418 2511 4417 2512 4416 2512 4419 2512 4420 2513 4421 2513 4422 2513 4421 2514 4420 2514 4423 2514 4424 2515 4425 2515 4426 2515 4425 2516 4424 2516 4427 2516 4428 2517 4429 2517 4430 2517 4429 2518 4428 2518 4431 2518 4432 2519 4433 2519 4434 2519 4433 2520 4432 2520 4435 2520 4436 2521 4437 2521 4438 2521 4437 2522 4436 2522 4439 2522 4440 2523 4441 2523 4442 2523 4441 2524 4440 2524 4443 2524 4444 2525 4445 2525 4446 2525 4445 2526 4444 2526 4447 2526 4448 2527 4449 2527 4450 2527 4449 2528 4448 2528 4451 2528 4452 2529 4453 2529 4454 2529 4453 2530 4452 2530 4455 2530 4456 2531 4457 2531 4458 2531 4457 2532 4456 2532 4459 2532 4460 2533 4461 2533 4462 2533 4461 2534 4460 2534 4463 2534 4464 2535 4465 2535 4466 2535 4465 2536 4464 2536 4467 2536 4468 2537 4469 2537 4470 2537 4469 2538 4468 2538 4471 2538 4472 2539 4473 2539 4474 2539 4473 2540 4472 2540 4475 2540 4476 2541 4477 2541 4478 2541 4477 2542 4476 2542 4479 2542 4480 2543 4481 2543 4482 2543 4481 2544 4480 2544 4483 2544 4484 2545 4485 2545 4486 2545 4485 2546 4484 2546 4487 2546 4488 2547 4489 2547 4490 2547 4489 2548 4488 2548 4491 2548 4492 2549 4493 2549 4494 2549 4493 2550 4492 2550 4495 2550 4496 2551 4497 2551 4498 2551 4497 2552 4496 2552 4499 2552 4500 2553 4501 2553 4502 2553 4501 2554 4500 2554 4503 2554 4504 2555 4505 2555 4506 2555 4505 2556 4504 2556 4507 2556 4508 2557 4509 2557 4510 2557 4509 2558 4508 2558 4511 2558 4512 2559 4513 2559 4514 2559 4513 2560 4512 2560 4515 2560 4516 2561 4517 2561 4518 2561 4517 2562 4516 2562 4519 2562 4520 2563 4521 2563 4522 2563 4521 2564 4520 2564 4523 2564 4524 2565 4525 2565 4526 2565 4525 2566 4524 2566 4527 2566 4528 2567 4529 2567 4530 2567 4529 2568 4528 2568 4531 2568 4532 2569 4533 2569 4534 2569 4533 2570 4532 2570 4535 2570 4536 2571 4537 2571 4538 2571 4537 2572 4536 2572 4539 2572 4540 2573 4541 2573 4542 2573 4541 2574 4540 2574 4543 2574 4544 2575 4545 2575 4546 2575 4545 2576 4544 2576 4547 2576 4548 2577 4549 2577 4550 2577 4549 2578 4548 2578 4551 2578 4552 2579 4553 2579 4554 2579 4553 2580 4552 2580 4555 2580 4556 2581 4557 2581 4558 2581 4557 2582 4556 2582 4559 2582 4560 2583 4561 2583 4562 2583 4561 2584 4560 2584 4563 2584 4564 2585 4565 2585 4566 2585 4565 2586 4564 2586 4567 2586 4568 2587 4569 2587 4570 2587 4569 2588 4568 2588 4571 2588 4572 2589 4573 2589 4574 2589 4573 2590 4572 2590 4575 2590 4576 2591 4577 2591 4578 2591 4577 2592 4576 2592 4579 2592 4580 2593 4581 2593 4582 2593 4581 2594 4580 2594 4583 2594 4584 2595 4585 2595 4586 2595 4585 2596 4584 2596 4587 2596 4588 2597 4589 2597 4590 2597 4589 2598 4588 2598 4591 2598 4592 2599 4593 2599 4594 2599 4593 2600 4592 2600 4595 2600 4596 2601 4597 2601 4598 2601 4597 2602 4596 2602 4599 2602 4600 2603 4601 2603 4602 2603 4601 2604 4600 2604 4603 2604 4604 2605 4605 2605 4606 2605 4605 2606 4604 2606 4607 2606 4608 2607 4609 2607 4610 2607 4609 2608 4608 2608 4611 2608 4612 2609 4613 2609 4614 2609 4613 2610 4612 2610 4615 2610 4616 2611 4617 2611 4618 2611 4617 2612 4616 2612 4619 2612 4620 2613 4621 2613 4622 2613 4621 2614 4620 2614 4623 2614 4624 2615 4625 2615 4626 2615 4625 2616 4624 2616 4627 2616 4628 2617 4629 2617 4630 2617 4629 2618 4628 2618 4631 2618 4632 2619 4633 2619 4634 2619 4633 2620 4632 2620 4635 2620 4636 2621 4637 2621 4638 2621 4637 2622 4636 2622 4639 2622 4640 2623 4641 2623 4642 2623 4641 2624 4640 2624 4643 2624 4644 2625 4645 2625 4646 2625 4645 2626 4644 2626 4647 2626 4648 2627 4649 2627 4650 2627 4649 2628 4648 2628 4651 2628 4652 2629 4653 2629 4654 2629 4653 2630 4652 2630 4655 2630 4656 2631 4657 2631 4658 2631 4657 2632 4656 2632 4659 2632 4660 2633 4661 2633 4662 2633 4661 2634 4660 2634 4663 2634 4664 2635 4665 2635 4666 2635 4665 2636 4664 2636 4667 2636 4668 2637 4669 2637 4670 2637 4669 2638 4668 2638 4671 2638 4672 2639 4673 2639 4674 2639 4673 2640 4672 2640 4675 2640 4676 2641 4677 2641 4678 2641 4677 2642 4676 2642 4679 2642 4680 2643 4681 2643 4682 2643 4681 2644 4680 2644 4683 2644 4684 2645 4685 2645 4686 2645 4685 2646 4684 2646 4687 2646 4688 2647 4689 2647 4690 2647 4689 2648 4688 2648 4691 2648 4692 2649 4693 2649 4694 2649 4693 2650 4692 2650 4695 2650 4696 2651 4697 2651 4698 2651 4697 2652 4696 2652 4699 2652 4700 2653 4701 2653 4702 2653 4701 2654 4700 2654 4703 2654 4704 2655 4705 2655 4706 2655 4705 2656 4704 2656 4707 2656 4708 2657 4709 2657 4710 2657 4709 2658 4708 2658 4711 2658 4712 2659 4713 2659 4714 2659 4713 2660 4712 2660 4715 2660 4716 2661 4717 2661 4718 2661 4717 2662 4716 2662 4719 2662 4720 2663 4721 2663 4722 2663 4721 2664 4720 2664 4723 2664 4724 2665 4725 2665 4726 2665 4725 2666 4724 2666 4727 2666 4728 2667 4729 2667 4730 2667 4729 2668 4728 2668 4731 2668 4732 2669 4733 2669 4734 2669 4733 2670 4732 2670 4735 2670 4736 2671 4737 2671 4738 2671 4737 2672 4736 2672 4739 2672 4740 2673 4741 2673 4742 2673 4741 2674 4740 2674 4743 2674 4744 2675 4745 2675 4746 2675 4745 2676 4744 2676 4747 2676 4748 2677 4749 2677 4750 2677 4749 2678 4748 2678 4751 2678 4752 2679 4753 2679 4754 2679 4753 2680 4752 2680 4755 2680 4756 2681 4757 2681 4758 2681 4757 2682 4756 2682 4759 2682 4760 2683 4761 2683 4762 2683 4761 2684 4760 2684 4763 2684 4764 2685 4765 2685 4766 2685 4765 2686 4764 2686 4767 2686 4768 2687 4769 2687 4770 2687 4769 2688 4768 2688 4771 2688 4772 2689 4773 2689 4774 2689 4773 2690 4772 2690 4775 2690 4776 2691 4777 2691 4778 2691 4777 2692 4776 2692 4779 2692 4780 2693 4781 2693 4782 2693 4781 2694 4780 2694 4783 2694 4784 2695 4785 2695 4786 2695 4785 2696 4784 2696 4787 2696 4788 2697 4789 2697 4790 2697 4789 2698 4788 2698 4791 2698 4792 2699 4793 2699 4794 2699 4793 2700 4792 2700 4795 2700 4796 2701 4797 2701 4798 2701 4797 2702 4796 2702 4799 2702 4800 2703 4801 2703 4802 2703 4801 2704 4800 2704 4803 2704 4804 2705 4805 2705 4806 2705 4805 2706 4804 2706 4807 2706 4808 2707 4809 2707 4810 2707 4809 2708 4808 2708 4811 2708 4812 2709 4813 2709 4814 2709 4813 2710 4812 2710 4815 2710 4816 2711 4817 2711 4818 2711 4817 2712 4816 2712 4819 2712 4820 2713 4821 2713 4822 2713 4821 2714 4820 2714 4823 2714 4824 2715 4825 2715 4826 2715 4825 2716 4824 2716 4827 2716 4828 2717 4829 2717 4830 2717 4829 2718 4828 2718 4831 2718 4832 2719 4833 2719 4834 2719 4833 2720 4832 2720 4835 2720 4836 2721 4837 2721 4838 2721 4837 2722 4836 2722 4839 2722 4840 2723 4841 2723 4842 2723 4841 2724 4840 2724 4843 2724 4844 2725 4845 2725 4846 2725 4845 2726 4844 2726 4847 2726 4848 2727 4849 2727 4850 2727 4849 2728 4848 2728 4851 2728 4852 2729 4853 2729 4854 2729 4853 2730 4852 2730 4855 2730 4856 2731 4857 2731 4858 2731 4857 2732 4856 2732 4859 2732 4860 2733 4861 2733 4862 2733 4861 2734 4860 2734 4863 2734 4864 2735 4865 2735 4866 2735 4865 2736 4864 2736 4867 2736 4868 2737 4869 2737 4870 2737 4869 2738 4868 2738 4871 2738 4872 2739 4873 2739 4874 2739 4873 2740 4872 2740 4875 2740 4876 2741 4877 2741 4878 2741 4877 2742 4876 2742 4879 2742 4880 2743 4881 2743 4882 2743 4881 2744 4880 2744 4883 2744 4884 2745 4885 2745 4886 2745 4885 2746 4884 2746 4887 2746 4888 2747 4889 2747 4890 2747 4889 2748 4888 2748 4891 2748 4892 2749 4893 2749 4894 2749 4893 2750 4892 2750 4895 2750 4896 2751 4897 2751 4898 2751 4897 2752 4896 2752 4899 2752 4900 2753 4901 2753 4902 2753 4901 2754 4900 2754 4903 2754 4904 2755 4905 2755 4906 2755 4905 2756 4904 2756 4907 2756 4908 2757 4909 2757 4910 2757 4909 2758 4908 2758 4911 2758 4912 2759 4913 2759 4914 2759 4913 2760 4912 2760 4915 2760 4916 2761 4917 2761 4918 2761 4917 2762 4916 2762 4919 2762 4920 2763 4921 2763 4922 2763 4921 2764 4920 2764 4923 2764 4924 2765 4925 2765 4926 2765 4925 2766 4924 2766 4927 2766 4928 2767 4929 2767 4930 2767 4929 2768 4928 2768 4931 2768 4932 2769 4933 2769 4934 2769 4933 2770 4932 2770 4935 2770 4936 2771 4937 2771 4938 2771 4937 2772 4936 2772 4939 2772 4940 2773 4941 2773 4942 2773 4941 2774 4940 2774 4943 2774 4944 2775 4945 2775 4946 2775 4945 2776 4944 2776 4947 2776 4948 2777 4949 2777 4950 2777 4949 2778 4948 2778 4951 2778 4952 2779 4953 2779 4954 2779 4953 2780 4952 2780 4955 2780 4956 2781 4957 2781 4958 2781 4957 2782 4956 2782 4959 2782 4960 2783 4961 2783 4962 2783 4961 2784 4960 2784 4963 2784 4964 2785 4965 2785 4966 2785 4965 2786 4964 2786 4967 2786 4968 2787 4969 2787 4970 2787 4969 2788 4968 2788 4971 2788 4972 2789 4973 2789 4974 2789 4973 2790 4972 2790 4975 2790 4976 2791 4977 2791 4978 2791 4977 2792 4976 2792 4979 2792 4980 2793 4981 2793 4982 2793 4981 2794 4980 2794 4983 2794 4984 2795 4985 2795 4986 2795 4985 2796 4984 2796 4987 2796 4988 2797 4989 2797 4990 2797 4989 2798 4988 2798 4991 2798 4992 2799 4993 2799 4994 2799 4993 2800 4992 2800 4995 2800 4996 2801 4997 2801 4998 2801 4997 2802 4996 2802 4999 2802 5000 2803 5001 2803 5002 2803 5001 2804 5000 2804 5003 2804 5004 2805 5005 2805 5006 2805 5005 2806 5004 2806 5007 2806 5008 2807 5009 2807 5010 2807 5009 2808 5008 2808 5011 2808 5012 2809 5013 2809 5014 2809 5013 2810 5012 2810 5015 2810 5016 2811 5017 2811 5018 2811 5017 2812 5016 2812 5019 2812 5020 2813 5021 2813 5022 2813 5021 2814 5020 2814 5023 2814 5024 2815 5025 2815 5026 2815 5025 2816 5024 2816 5027 2816 5028 2817 5029 2817 5030 2817 5029 2818 5028 2818 5031 2818 5032 2819 5033 2819 5034 2819 5033 2820 5032 2820 5035 2820 5036 2821 5037 2821 5038 2821 5037 2822 5036 2822 5039 2822 5040 2823 5041 2823 5042 2823 5041 2824 5040 2824 5043 2824 5044 2825 5045 2825 5046 2825 5045 2826 5044 2826 5047 2826 5048 2827 5049 2827 5050 2827 5049 2828 5048 2828 5051 2828 5052 2829 5053 2829 5054 2829 5053 2830 5052 2830 5055 2830 5056 2831 5057 2831 5058 2831 5057 2832 5056 2832 5059 2832 5060 2833 5061 2833 5062 2833 5061 2834 5060 2834 5063 2834 5064 2835 5065 2835 5066 2835 5065 2836 5064 2836 5067 2836 5068 2837 5069 2837 5070 2837 5069 2838 5068 2838 5071 2838 5072 2839 5073 2839 5074 2839 5073 2840 5072 2840 5075 2840 5076 2841 5077 2841 5078 2841 5077 2842 5076 2842 5079 2842 5080 2843 5081 2843 5082 2843 5081 2844 5080 2844 5083 2844 5084 2845 5085 2845 5086 2845 5085 2846 5084 2846 5087 2846 5088 2847 5089 2847 5090 2847 5089 2848 5088 2848 5091 2848 5092 2849 5093 2849 5094 2849 5093 2850 5092 2850 5095 2850 5096 2851 5097 2851 5098 2851 5097 2852 5096 2852 5099 2852 5100 2853 5101 2853 5102 2853 5101 2854 5100 2854 5103 2854 5104 2855 5105 2855 5106 2855 5105 2856 5104 2856 5107 2856 5108 2857 5109 2857 5110 2857 5109 2858 5108 2858 5111 2858 5112 2859 5113 2859 5114 2859 5113 2860 5112 2860 5115 2860 5116 2861 5117 2861 5118 2861 5117 2862 5116 2862 5119 2862 5120 2863 5121 2863 5122 2863 5121 2864 5120 2864 5123 2864 5124 2865 5125 2865 5126 2865 5125 2866 5124 2866 5127 2866 5128 2867 5129 2867 5130 2867 5129 2868 5128 2868 5131 2868 5132 2869 5133 2869 5134 2869 5133 2870 5132 2870 5135 2870 5136 2871 5137 2871 5138 2871 5137 2872 5136 2872 5139 2872 5140 2873 5141 2873 5142 2873 5141 2874 5140 2874 5143 2874 5144 2875 5145 2875 5146 2875 5145 2876 5144 2876 5147 2876 5148 2877 5149 2877 5150 2877 5149 2878 5148 2878 5151 2878 5152 2879 5153 2879 5154 2879 5153 2880 5152 2880 5155 2880 5156 2881 5157 2881 5158 2881 5157 2882 5156 2882 5159 2882 5160 2883 5161 2883 5162 2883 5161 2884 5160 2884 5163 2884 5164 2885 5165 2885 5166 2885 5165 2886 5164 2886 5167 2886 5168 2887 5169 2887 5170 2887 5169 2888 5168 2888 5171 2888 5172 2889 5173 2889 5174 2889 5173 2890 5172 2890 5175 2890 5176 2891 5177 2891 5178 2891 5177 2892 5176 2892 5179 2892 5180 2893 5181 2893 5182 2893 5181 2894 5180 2894 5183 2894 5184 2895 5185 2895 5186 2895 5185 2896 5184 2896 5187 2896 5188 2897 5189 2897 5190 2897 5189 2898 5188 2898 5191 2898 5192 2899 5193 2899 5194 2899 5193 2900 5192 2900 5195 2900 5196 2901 5197 2901 5198 2901 5197 2902 5196 2902 5199 2902 5200 2903 5201 2903 5202 2903 5201 2904 5200 2904 5203 2904 5204 2905 5205 2905 5206 2905 5205 2906 5204 2906 5207 2906 5208 2907 5209 2907 5210 2907 5209 2908 5208 2908 5211 2908 5212 2909 5213 2909 5214 2909 5213 2910 5212 2910 5215 2910 5216 2911 5217 2911 5218 2911 5217 2912 5216 2912 5219 2912 5220 2913 5221 2913 5222 2913 5221 2914 5220 2914 5223 2914 5224 2915 5225 2915 5226 2915 5225 2916 5224 2916 5227 2916 5228 2917 5229 2917 5230 2917 5229 2918 5228 2918 5231 2918 5232 2919 5233 2919 5234 2919 5233 2920 5232 2920 5235 2920 5236 2921 5237 2921 5238 2921 5237 2922 5236 2922 5239 2922 5240 2923 5241 2923 5242 2923 5241 2924 5240 2924 5243 2924 5244 2925 5245 2925 5246 2925 5245 2926 5244 2926 5247 2926 5248 2927 5249 2927 5250 2927 5249 2928 5248 2928 5251 2928 5252 2929 5253 2929 5254 2929 5253 2930 5252 2930 5255 2930 5256 2931 5257 2931 5258 2931 5257 2932 5256 2932 5259 2932 5260 2933 5261 2933 5262 2933 5261 2934 5260 2934 5263 2934 5264 2935 5265 2935 5266 2935 5265 2936 5264 2936 5267 2936 5268 2937 5269 2937 5270 2937 5269 2938 5268 2938 5271 2938 5272 2939 5273 2939 5274 2939 5273 2940 5272 2940 5275 2940 5276 2941 5277 2941 5278 2941 5277 2942 5276 2942 5279 2942 5280 2943 5281 2943 5282 2943 5281 2944 5280 2944 5283 2944 5284 2945 5285 2945 5286 2945 5285 2946 5284 2946 5287 2946 5288 2947 5289 2947 5290 2947 5289 2948 5288 2948 5291 2948 5292 2949 5293 2949 5294 2949 5293 2950 5292 2950 5295 2950 5296 2951 5297 2951 5298 2951 5297 2952 5296 2952 5299 2952 5300 2953 5301 2953 5302 2953 5301 2954 5300 2954 5303 2954 5304 2955 5305 2955 5306 2955 5305 2956 5304 2956 5307 2956 5308 2957 5309 2957 5310 2957 5309 2958 5308 2958 5311 2958 5312 2959 5313 2959 5314 2959 5313 2960 5312 2960 5315 2960 5316 2961 5317 2961 5318 2961 5317 2962 5316 2962 5319 2962 5320 2963 5321 2963 5322 2963 5321 2964 5320 2964 5323 2964 5324 2965 5325 2965 5326 2965 5325 2966 5324 2966 5327 2966 5328 2967 5329 2967 5330 2967 5329 2968 5328 2968 5331 2968 5332 2969 5333 2969 5334 2969 5333 2970 5332 2970 5335 2970 5336 2971 5337 2971 5338 2971 5337 2972 5336 2972 5339 2972 5340 2973 5341 2973 5342 2973 5341 2974 5340 2974 5343 2974 5344 2975 5345 2975 5346 2975 5345 2976 5344 2976 5347 2976 5348 2977 5349 2977 5350 2977 5349 2978 5348 2978 5351 2978 5352 2979 5353 2979 5354 2979 5353 2980 5352 2980 5355 2980 5356 2981 5357 2981 5358 2981 5357 2982 5356 2982 5359 2982 5360 2983 5361 2983 5362 2983 5361 2984 5360 2984 5363 2984 5364 2985 5365 2985 5366 2985 5365 2986 5364 2986 5367 2986 5368 2987 5369 2987 5370 2987 5369 2988 5368 2988 5371 2988 5372 2989 5373 2989 5374 2989 5373 2990 5372 2990 5375 2990 5376 2991 5377 2991 5378 2991 5377 2992 5376 2992 5379 2992 5380 2993 5381 2993 5382 2993 5381 2994 5380 2994 5383 2994 5384 2995 5385 2995 5386 2995 5385 2996 5384 2996 5387 2996 5388 2997 5389 2997 5390 2997 5389 2998 5388 2998 5391 2998 5392 2999 5393 2999 5394 2999 5393 3000 5392 3000 5395 3000 5396 3001 5397 3001 5398 3001 5397 3002 5396 3002 5399 3002 5400 3003 5401 3003 5402 3003 5401 3004 5400 3004 5403 3004 5404 3005 5405 3005 5406 3005 5405 3006 5404 3006 5407 3006 5408 3007 5409 3007 5410 3007 5409 3008 5408 3008 5411 3008 5412 3009 5413 3009 5414 3009 5413 3010 5412 3010 5415 3010 5416 3011 5417 3011 5418 3011 5417 3012 5416 3012 5419 3012 5420 3013 5421 3013 5422 3013 5421 3014 5420 3014 5423 3014 5424 3015 5425 3015 5426 3015 5425 3016 5424 3016 5427 3016 5428 3017 5429 3017 5430 3017 5429 3018 5428 3018 5431 3018 5432 3019 5433 3019 5434 3019 5433 3020 5432 3020 5435 3020 5436 3021 5437 3021 5438 3021 5437 3022 5436 3022 5439 3022 5440 3023 5441 3023 5442 3023 5441 3024 5440 3024 5443 3024 5444 3025 5445 3025 5446 3025 5445 3026 5444 3026 5447 3026 5448 3027 5449 3027 5450 3027 5449 3028 5448 3028 5451 3028 5452 3029 5453 3029 5454 3029 5453 3030 5452 3030 5455 3030 5456 3031 5457 3031 5458 3031 5457 3032 5456 3032 5459 3032 5460 3033 5461 3033 5462 3033 5461 3034 5460 3034 5463 3034 5464 3035 5465 3035 5466 3035 5465 3036 5464 3036 5467 3036 5468 3037 5469 3037 5470 3037 5469 3038 5468 3038 5471 3038 5472 3039 5473 3039 5474 3039 5473 3040 5472 3040 5475 3040 5476 3041 5477 3041 5478 3041 5477 3042 5476 3042 5479 3042 5480 3043 5481 3043 5482 3043 5481 3044 5480 3044 5483 3044 5484 3045 5485 3045 5486 3045 5485 3046 5484 3046 5487 3046 5488 3047 5489 3047 5490 3047 5489 3048 5488 3048 5491 3048 5492 3049 5493 3049 5494 3049 5493 3050 5492 3050 5495 3050 5496 3051 5497 3051 5498 3051 5497 3052 5496 3052 5499 3052 5500 3053 5501 3053 5502 3053 5501 3054 5500 3054 5503 3054 5504 3055 5505 3055 5506 3055 5505 3056 5504 3056 5507 3056 5508 3057 5509 3057 5510 3057 5509 3058 5508 3058 5511 3058 5512 3059 5513 3059 5514 3059 5513 3060 5512 3060 5515 3060 5516 3061 5517 3061 5518 3061 5517 3062 5516 3062 5519 3062 5520 3063 5521 3063 5522 3063 5521 3064 5520 3064 5523 3064 5524 3065 5525 3065 5526 3065 5525 3066 5524 3066 5527 3066 5528 3067 5529 3067 5530 3067 5529 3068 5528 3068 5531 3068 5532 3069 5533 3069 5534 3069 5533 3070 5532 3070 5535 3070 5536 3071 5537 3071 5538 3071 5537 3072 5536 3072 5539 3072 5540 3073 5541 3073 5542 3073 5541 3074 5540 3074 5543 3074 5544 3075 5545 3075 5546 3075 5545 3076 5544 3076 5547 3076 5548 3077 5549 3077 5550 3077 5549 3078 5548 3078 5551 3078 5552 3079 5553 3079 5554 3079 5553 3080 5552 3080 5555 3080 5556 3081 5557 3081 5558 3081 5557 3082 5556 3082 5559 3082 5560 3083 5561 3083 5562 3083 5561 3084 5560 3084 5563 3084 5564 3085 5565 3085 5566 3085 5565 3086 5564 3086 5567 3086 5568 3087 5569 3087 5570 3087 5569 3088 5568 3088 5571 3088 5572 3089 5573 3089 5574 3089 5573 3090 5572 3090 5575 3090 5576 3091 5577 3091 5578 3091 5577 3092 5576 3092 5579 3092 5580 3093 5581 3093 5582 3093 5581 3094 5580 3094 5583 3094 5584 3095 5585 3095 5586 3095 5585 3096 5584 3096 5587 3096 5588 3097 5590 3097 5589 3097 5589 3098 5591 3098 5588 3098 5592 3099 5593 3099 5594 3099 5593 3100 5592 3100 5595 3100 5596 3101 5598 3101 5597 3101 5597 3102 5599 3102 5596 3102 5600 3103 5601 3103 5602 3103 5601 3104 5600 3104 5603 3104 5604 3105 5605 3105 5606 3105 5605 3106 5604 3106 5607 3106 5608 3107 5609 3107 5610 3107 5609 3108 5608 3108 5611 3108 5612 3109 5614 3109 5613 3109 5613 3110 5615 3110 5612 3110 5616 3111 5617 3111 5618 3111 5617 3112 5616 3112 5619 3112 5620 3113 5621 3113 5622 3113 5621 3114 5620 3114 5623 3114 5624 3115 5625 3115 5626 3115 5625 3116 5624 3116 5627 3116 5628 3117 5629 3117 5630 3117 5629 3118 5628 3118 5631 3118 5632 3119 5633 3119 5634 3119 5633 3120 5632 3120 5635 3120 5636 3121 5637 3121 5638 3121 5637 3122 5636 3122 5639 3122 5640 3123 5641 3123 5642 3123 5641 3124 5640 3124 5643 3124 5644 3125 5645 3125 5646 3125 5645 3126 5644 3126 5647 3126 5648 3127 5649 3127 5650 3127 5649 3128 5648 3128 5651 3128 5652 3129 5653 3129 5654 3129 5653 3130 5652 3130 5655 3130 5656 3131 5657 3131 5658 3131 5657 3132 5656 3132 5659 3132 5660 3133 5661 3133 5662 3133 5661 3134 5660 3134 5663 3134 5664 3135 5665 3135 5666 3135 5665 3136 5664 3136 5667 3136 5668 3137 5669 3137 5670 3137 5669 3138 5668 3138 5671 3138 5672 3139 5673 3139 5674 3139 5673 3140 5672 3140 5675 3140 5676 3141 5677 3141 5678 3141 5677 3142 5676 3142 5679 3142 5680 3143 5681 3143 5682 3143 5681 3144 5680 3144 5683 3144 5684 3145 5685 3145 5686 3145 5685 3146 5684 3146 5687 3146 5688 3147 5689 3147 5690 3147 5689 3148 5688 3148 5691 3148 5692 3149 5694 3149 5693 3149 5693 3150 5695 3150 5692 3150 5696 3151 5697 3151 5698 3151 5697 3152 5696 3152 5699 3152 5700 3153 5701 3153 5702 3153 5701 3154 5700 3154 5703 3154 5704 3155 5705 3155 5706 3155 5705 3156 5704 3156 5707 3156 5708 3157 5709 3157 5710 3157 5709 3158 5708 3158 5711 3158 5712 3159 5713 3159 5714 3159 5713 3160 5712 3160 5715 3160 5716 3161 5717 3161 5718 3161 5717 3162 5716 3162 5719 3162 5720 3163 5721 3163 5722 3163 5721 3164 5720 3164 5723 3164 5724 3165 5725 3165 5726 3165 5725 3166 5724 3166 5727 3166 5728 3167 5729 3167 5730 3167 5729 3168 5728 3168 5731 3168 5732 3169 5733 3169 5734 3169 5733 3170 5732 3170 5735 3170 5736 3171 5737 3171 5738 3171 5737 3172 5736 3172 5739 3172 5740 3173 5741 3173 5742 3173 5741 3174 5740 3174 5743 3174 5744 3175 5746 3175 5745 3175 5745 3176 5747 3176 5744 3176 5748 3177 5749 3177 5750 3177 5749 3178 5748 3178 5751 3178 5752 3179 5754 3179 5753 3179 5753 3180 5755 3180 5752 3180 5756 3181 5757 3181 5758 3181 5757 3182 5756 3182 5759 3182 5760 3183 5762 3183 5761 3183 5761 3184 5763 3184 5760 3184 5764 3185 5766 3185 5765 3185 5765 3186 5767 3186 5764 3186 5768 3187 5770 3187 5769 3187 5769 3188 5771 3188 5768 3188 5772 3189 5774 3189 5773 3189 5773 3190 5775 3190 5772 3190 5776 3191 5777 3191 5778 3191 5777 3192 5776 3192 5779 3192 5780 3193 5781 3193 5782 3193 5781 3194 5780 3194 5783 3194 5784 3195 5785 3195 5786 3195 5785 3196 5784 3196 5787 3196 5788 3197 5789 3197 5790 3197 5789 3198 5788 3198 5791 3198 5792 3199 5793 3199 5794 3199 5793 3200 5792 3200 5795 3200 5796 3201 5797 3201 5798 3201 5797 3202 5796 3202 5799 3202 5800 3203 5801 3203 5802 3203 5801 3204 5800 3204 5803 3204 5804 3205 5805 3205 5806 3205 5805 3206 5804 3206 5807 3206 5808 3207 5809 3207 5810 3207 5809 3208 5808 3208 5811 3208 5812 3209 5813 3209 5814 3209 5813 3210 5812 3210 5815 3210 5816 3211 5817 3211 5818 3211 5817 3212 5816 3212 5819 3212 5820 3213 5821 3213 5822 3213 5821 3214 5820 3214 5823 3214 5824 3215 5825 3215 5826 3215 5825 3216 5824 3216 5827 3216 5828 3217 5829 3217 5830 3217 5829 3218 5828 3218 5831 3218 5832 3219 5833 3219 5834 3219 5833 3220 5832 3220 5835 3220 5836 3221 5837 3221 5838 3221 5837 3222 5836 3222 5839 3222 5840 3223 5841 3223 5842 3223 5841 3224 5840 3224 5843 3224 5844 3225 5845 3225 5846 3225 5845 3226 5844 3226 5847 3226 5848 3227 5850 3227 5849 3227 5849 3228 5851 3228 5848 3228 5852 3229 5853 3229 5854 3229 5853 3230 5852 3230 5855 3230 5856 3231 5857 3231 5858 3231 5857 3232 5856 3232 5859 3232 5860 3233 5861 3233 5862 3233 5861 3234 5860 3234 5863 3234 5864 3235 5865 3235 5866 3235 5865 3236 5864 3236 5867 3236 5868 3237 5869 3237 5870 3237 5869 3238 5868 3238 5871 3238 5872 3239 5873 3239 5874 3239 5873 3240 5872 3240 5875 3240 5876 3241 5877 3241 5878 3241 5877 3242 5876 3242 5879 3242 5880 3243 5881 3243 5882 3243 5881 3244 5880 3244 5883 3244 5884 3245 5885 3245 5886 3245 5885 3246 5884 3246 5887 3246 5888 3247 5889 3247 5890 3247 5889 3248 5888 3248 5891 3248 5892 3249 5893 3249 5894 3249 5893 3250 5892 3250 5895 3250 5896 3251 5897 3251 5898 3251 5897 3252 5896 3252 5899 3252 5900 3253 5902 3253 5901 3253 5901 3254 5903 3254 5900 3254 5904 3255 5905 3255 5906 3255 5905 3256 5904 3256 5907 3256 5908 3257 5910 3257 5909 3257 5909 3258 5911 3258 5908 3258 5912 3259 5914 3259 5913 3259 5913 3260 5915 3260 5912 3260 5916 3261 5918 3261 5917 3261 5917 3262 5919 3262 5916 3262 5920 3263 5922 3263 5921 3263 5921 3264 5923 3264 5920 3264 5924 3265 5926 3265 5925 3265 5925 3266 5927 3266 5924 3266 5928 3267 5929 3267 5930 3267 5929 3268 5928 3268 5931 3268 5932 3269 5933 3269 5934 3269 5933 3270 5932 3270 5935 3270 5936 3271 5937 3271 5938 3271 5937 3272 5936 3272 5939 3272 5940 3273 5941 3273 5942 3273 5941 3274 5940 3274 5943 3274 5944 3275 5945 3275 5946 3275 5945 3276 5944 3276 5947 3276 5948 3277 5949 3277 5950 3277 5949 3278 5948 3278 5951 3278 5952 3279 5953 3279 5954 3279 5953 3280 5952 3280 5955 3280 5956 3281 5957 3281 5958 3281 5957 3282 5956 3282 5959 3282 5960 3283 5961 3283 5962 3283 5961 3284 5960 3284 5963 3284 5964 3285 5965 3285 5966 3285 5965 3286 5964 3286 5967 3286 5968 3287 5969 3287 5970 3287 5969 3288 5968 3288 5971 3288 5972 3289 5973 3289 5974 3289 5973 3290 5972 3290 5975 3290 5976 3291 5977 3291 5978 3291 5977 3292 5976 3292 5979 3292 5980 3293 5981 3293 5982 3293 5981 3294 5980 3294 5983 3294 5984 3295 5985 3295 5986 3295 5985 3296 5984 3296 5987 3296 5988 3297 5989 3297 5990 3297 5989 3298 5988 3298 5991 3298 5992 3299 5994 3299 5993 3299 5993 3300 5995 3300 5992 3300 5996 3301 5998 3301 5997 3301 5997 3302 5999 3302 5996 3302 6000 3303 6001 3303 6002 3303 6001 3304 6000 3304 6003 3304 6004 3305 6005 3305 6006 3305 6005 3306 6004 3306 6007 3306 6008 3307 6009 3307 6010 3307 6009 3308 6008 3308 6011 3308 6012 3309 6013 3309 6014 3309 6013 3310 6012 3310 6015 3310 6016 3311 6017 3311 6018 3311 6017 3312 6016 3312 6019 3312 6020 3313 6021 3313 6022 3313 6021 3314 6020 3314 6023 3314 6024 3315 6025 3315 6026 3315 6025 3316 6024 3316 6027 3316 6028 3317 6029 3317 6030 3317 6029 3318 6028 3318 6031 3318 6032 3319 6033 3319 6034 3319 6033 3320 6032 3320 6035 3320 6036 3321 6037 3321 6038 3321 6037 3322 6036 3322 6039 3322 6040 3323 6042 3323 6041 3323 6041 3324 6043 3324 6040 3324 6044 3325 6045 3325 6046 3325 6045 3326 6044 3326 6047 3326 6048 3327 6050 3327 6049 3327 6049 3328 6051 3328 6048 3328 6052 3329 6054 3329 6053 3329 6053 3330 6055 3330 6052 3330 6056 3331 6058 3331 6057 3331 6057 3332 6059 3332 6056 3332 6060 3333 6062 3333 6061 3333 6061 3334 6063 3334 6060 3334 6064 3335 6066 3335 6065 3335 6065 3336 6067 3336 6064 3336 6068 3337 6070 3337 6069 3337 6069 3338 6071 3338 6068 3338 6072 3339 6073 3339 6074 3339 6073 3340 6072 3340 6075 3340 6076 3341 6077 3341 6078 3341 6077 3342 6076 3342 6079 3342 6080 3343 6081 3343 6082 3343 6081 3344 6080 3344 6083 3344 6084 3345 6085 3345 6086 3345 6085 3346 6084 3346 6087 3346 6088 3347 6089 3347 6090 3347 6089 3348 6088 3348 6091 3348 6092 3349 6093 3349 6094 3349 6093 3350 6092 3350 6095 3350 6096 3351 6097 3351 6098 3351 6097 3352 6096 3352 6099 3352 6100 3353 6101 3353 6102 3353 6101 3354 6100 3354 6103 3354 6104 3355 6105 3355 6106 3355 6105 3356 6104 3356 6107 3356 6108 3357 6109 3357 6110 3357 6109 3358 6108 3358 6111 3358 6112 3359 6113 3359 6114 3359 6113 3360 6112 3360 6115 3360 6116 3361 6117 3361 6118 3361 6117 3362 6116 3362 6119 3362 6120 3363 6121 3363 6122 3363 6121 3364 6120 3364 6123 3364 6124 3365 6125 3365 6126 3365 6125 3366 6124 3366 6127 3366 6128 3367 6129 3367 6130 3367 6129 3368 6128 3368 6131 3368 6132 3369 6134 3369 6133 3369 6133 3370 6135 3370 6132 3370 6136 3371 6138 3371 6137 3371 6137 3372 6139 3372 6136 3372 6140 3373 6141 3373 6142 3373 6141 3374 6140 3374 6143 3374 6144 3375 6145 3375 6146 3375 6145 3376 6144 3376 6147 3376 6148 3377 6149 3377 6150 3377 6149 3378 6148 3378 6151 3378 6152 3379 6153 3379 6154 3379 6153 3380 6152 3380 6155 3380 6156 3381 6157 3381 6158 3381 6157 3382 6156 3382 6159 3382 6160 3383 6161 3383 6162 3383 6161 3384 6160 3384 6163 3384 6164 3385 6165 3385 6166 3385 6165 3386 6164 3386 6167 3386 6168 3387 6169 3387 6170 3387 6169 3388 6168 3388 6171 3388 6172 3389 6173 3389 6174 3389 6173 3390 6172 3390 6175 3390 6176 3391 6177 3391 6178 3391 6177 3392 6176 3392 6179 3392 6180 3393 6182 3393 6181 3393 6181 3394 6183 3394 6180 3394 6184 3395 6186 3395 6185 3395 6185 3396 6187 3396 6184 3396 6188 3397 6190 3397 6189 3397 6189 3398 6191 3398 6188 3398 6192 3399 6194 3399 6193 3399 6193 3400 6195 3400 6192 3400 6196 3401 6198 3401 6197 3401 6197 3402 6199 3402 6196 3402 6200 3403 6202 3403 6201 3403 6201 3404 6203 3404 6200 3404 6204 3405 6206 3405 6205 3405 6205 3406 6207 3406 6204 3406 6208 3407 6209 3407 6210 3407 6209 3408 6208 3408 6211 3408 6212 3409 6213 3409 6214 3409 6213 3410 6212 3410 6215 3410 6216 3411 6217 3411 6218 3411 6217 3412 6216 3412 6219 3412 6220 3413 6221 3413 6222 3413 6221 3414 6220 3414 6223 3414 6224 3415 6225 3415 6226 3415 6225 3416 6224 3416 6227 3416 6228 3417 6229 3417 6230 3417 6229 3418 6228 3418 6231 3418 6232 3419 6233 3419 6234 3419 6233 3420 6232 3420 6235 3420 6236 3421 6237 3421 6238 3421 6237 3422 6236 3422 6239 3422 6240 3423 6241 3423 6242 3423 6241 3424 6240 3424 6243 3424 6244 3425 6245 3425 6246 3425 6245 3426 6244 3426 6247 3426 6248 3427 6249 3427 6250 3427 6249 3428 6248 3428 6251 3428 6252 3429 6253 3429 6254 3429 6253 3430 6252 3430 6255 3430 6256 3431 6257 3431 6258 3431 6257 3432 6256 3432 6259 3432 6260 3433 6262 3433 6261 3433 6261 3434 6263 3434 6260 3434 6264 3435 6266 3435 6265 3435 6265 3436 6267 3436 6264 3436 6268 3437 6269 3437 6270 3437 6269 3438 6268 3438 6271 3438 6272 3439 6273 3439 6274 3439 6273 3440 6272 3440 6275 3440 6276 3441 6277 3441 6278 3441 6277 3442 6276 3442 6279 3442 6280 3443 6281 3443 6282 3443 6281 3444 6280 3444 6283 3444 6284 3445 6285 3445 6286 3445 6285 3446 6284 3446 6287 3446 6288 3447 6289 3447 6290 3447 6289 3448 6288 3448 6291 3448 6292 3449 6293 3449 6294 3449 6293 3450 6292 3450 6295 3450 6296 3451 6297 3451 6298 3451 6297 3452 6296 3452 6299 3452 6300 3453 6301 3453 6302 3453 6301 3454 6300 3454 6303 3454 6304 3455 6306 3455 6305 3455 6305 3456 6307 3456 6304 3456 6308 3457 6310 3457 6309 3457 6309 3458 6311 3458 6308 3458 6312 3459 6314 3459 6313 3459 6313 3460 6315 3460 6312 3460 6316 3461 6318 3461 6317 3461 6317 3462 6319 3462 6316 3462 6320 3463 6322 3463 6321 3463 6321 3464 6323 3464 6320 3464 6324 3465 6326 3465 6325 3465 6325 3466 6327 3466 6324 3466 6328 3467 6329 3467 6330 3467 6329 3468 6328 3468 6331 3468 6332 3469 6333 3469 6334 3469 6333 3470 6332 3470 6335 3470 6336 3471 6337 3471 6338 3471 6337 3472 6336 3472 6339 3472 6340 3473 6341 3473 6342 3473 6341 3474 6340 3474 6343 3474 6344 3475 6345 3475 6346 3475 6345 3476 6344 3476 6347 3476 6348 3477 6349 3477 6350 3477 6349 3478 6348 3478 6351 3478 6352 3479 6353 3479 6354 3479 6353 3480 6352 3480 6355 3480 6356 3481 6357 3481 6358 3481 6357 3482 6356 3482 6359 3482 6360 3483 6361 3483 6362 3483 6361 3484 6360 3484 6363 3484 6364 3485 6365 3485 6366 3485 6365 3486 6364 3486 6367 3486 6368 3487 6369 3487 6370 3487 6369 3488 6368 3488 6371 3488 6372 3489 6373 3489 6374 3489 6373 3490 6372 3490 6375 3490 6376 3491 6378 3491 6377 3491 6377 3492 6379 3492 6376 3492 6380 3493 6381 3493 6382 3493 6381 3494 6380 3494 6383 3494 6384 3495 6385 3495 6386 3495 6385 3496 6384 3496 6387 3496 6388 3497 6389 3497 6390 3497 6389 3498 6388 3498 6391 3498 6392 3499 6393 3499 6394 3499 6393 3500 6392 3500 6395 3500 6396 3501 6397 3501 6398 3501 6397 3502 6396 3502 6399 3502 6400 3503 6401 3503 6402 3503 6401 3504 6400 3504 6403 3504 6404 3505 6405 3505 6406 3505 6405 3506 6404 3506 6407 3506 6408 3507 6410 3507 6409 3507 6409 3508 6411 3508 6408 3508 6412 3509 6414 3509 6413 3509 6413 3510 6415 3510 6412 3510 6416 3511 6418 3511 6417 3511 6417 3512 6419 3512 6416 3512 6420 3513 6422 3513 6421 3513 6421 3514 6423 3514 6420 3514 6424 3515 6426 3515 6425 3515 6425 3516 6427 3516 6424 3516 6428 3517 6430 3517 6429 3517 6429 3518 6431 3518 6428 3518 6432 3519 6433 3519 6434 3519 6433 3520 6432 3520 6435 3520 6436 3521 6437 3521 6438 3521 6437 3522 6436 3522 6439 3522 6440 3523 6441 3523 6442 3523 6441 3524 6440 3524 6443 3524 6444 3525 6445 3525 6446 3525 6445 3526 6444 3526 6447 3526 6448 3527 6449 3527 6450 3527 6449 3528 6448 3528 6451 3528 6452 3529 6453 3529 6454 3529 6453 3530 6452 3530 6455 3530 6456 3531 6457 3531 6458 3531 6457 3532 6456 3532 6459 3532 6460 3533 6461 3533 6462 3533 6461 3534 6460 3534 6463 3534 6464 3535 6465 3535 6466 3535 6465 3536 6464 3536 6467 3536 6468 3537 6469 3537 6470 3537 6469 3538 6468 3538 6471 3538 6472 3539 6474 3539 6473 3539 6473 3540 6475 3540 6472 3540 6476 3541 6477 3541 6478 3541 6477 3542 6476 3542 6479 3542 6480 3543 6481 3543 6482 3543 6481 3544 6480 3544 6483 3544 6484 3545 6485 3545 6486 3545 6485 3546 6484 3546 6487 3546 6488 3547 6489 3547 6490 3547 6489 3548 6488 3548 6491 3548 6492 3549 6493 3549 6494 3549 6493 3550 6492 3550 6495 3550 6496 3551 6497 3551 6498 3551 6497 3552 6496 3552 6499 3552 6500 3553 6502 3553 6501 3553 6501 3554 6503 3554 6500 3554 6504 3555 6506 3555 6505 3555 6505 3556 6507 3556 6504 3556 6508 3557 6510 3557 6509 3557 6509 3558 6511 3558 6508 3558 6512 3559 6514 3559 6513 3559 6513 3560 6515 3560 6512 3560 6516 3561 6518 3561 6517 3561 6517 3562 6519 3562 6516 3562 6520 3563 6521 3563 6522 3563 6521 3564 6520 3564 6523 3564 6524 3565 6525 3565 6526 3565 6525 3566 6524 3566 6527 3566 6528 3567 6529 3567 6530 3567 6529 3568 6528 3568 6531 3568 6532 3569 6533 3569 6534 3569 6533 3570 6532 3570 6535 3570 6536 3571 6537 3571 6538 3571 6537 3572 6536 3572 6539 3572 6540 3573 6541 3573 6542 3573 6541 3574 6540 3574 6543 3574 6544 3575 6545 3575 6546 3575 6545 3576 6544 3576 6547 3576 6548 3577 6549 3577 6550 3577 6549 3578 6548 3578 6551 3578 6552 3579 6553 3579 6554 3579 6553 3580 6552 3580 6555 3580 6556 3581 6558 3581 6557 3581 6557 3582 6559 3582 6556 3582 6560 3583 6561 3583 6562 3583 6561 3584 6560 3584 6563 3584 6564 3585 6565 3585 6566 3585 6565 3586 6564 3586 6567 3586 6568 3587 6569 3587 6570 3587 6569 3588 6568 3588 6571 3588 6572 3589 6573 3589 6574 3589 6573 3590 6572 3590 6575 3590 6576 3591 6578 3591 6577 3591 6577 3592 6579 3592 6576 3592 6580 3593 6582 3593 6581 3593 6581 3594 6583 3594 6580 3594 6584 3595 6586 3595 6585 3595 6585 3596 6587 3596 6584 3596 6588 3597 6590 3597 6589 3597 6589 3598 6591 3598 6588 3598 6592 3599 6593 3599 6594 3599 6593 3600 6592 3600 6595 3600 6596 3601 6597 3601 6598 3601 6597 3602 6596 3602 6599 3602 6600 3603 6601 3603 6602 3603 6601 3604 6600 3604 6603 3604 6604 3605 6605 3605 6606 3605 6605 3606 6604 3606 6607 3606 6608 3607 6609 3607 6610 3607 6609 3608 6608 3608 6611 3608 6612 3609 6613 3609 6614 3609 6613 3610 6612 3610 6615 3610 6616 3611 6617 3611 6618 3611 6617 3612 6616 3612 6619 3612 6620 3613 6622 3613 6621 3613 6621 3614 6623 3614 6620 3614 6624 3615 6626 3615 6625 3615 6625 3616 6627 3616 6624 3616 6628 3617 6629 3617 6630 3617 6629 3618 6628 3618 6631 3618 6632 3619 6633 3619 6634 3619 6633 3620 6632 3620 6635 3620 6636 3621 6638 3621 6637 3621 6637 3622 6639 3622 6636 3622 6640 3623 6642 3623 6641 3623 6641 3624 6643 3624 6640 3624 6644 3625 6646 3625 6645 3625 6645 3626 6647 3626 6644 3626 6648 3627 6649 3627 6650 3627 6649 3628 6648 3628 6651 3628 6652 3629 6653 3629 6654 3629 6653 3630 6652 3630 6655 3630 6656 3631 6657 3631 6658 3631 6657 3632 6656 3632 6659 3632 6660 3633 6661 3633 6662 3633 6661 3634 6660 3634 6663 3634 6664 3635 6665 3635 6666 3635 6665 3636 6664 3636 6667 3636 6668 3637 6669 3637 6670 3637 6669 3638 6668 3638 6671 3638 6672 3639 6674 3639 6673 3639 6673 3640 6675 3640 6672 3640 6676 3641 6678 3641 6677 3641 6677 3642 6679 3642 6676 3642 6680 3643 6681 3643 6682 3643 6681 3644 6680 3644 6683 3644 6684 3645 6685 3645 6686 3645 6685 3646 6684 3646 6687 3646 6688 3647 6690 3647 6689 3647 6689 3648 6691 3648 6688 3648 6692 3649 6694 3649 6693 3649 6693 3650 6695 3650 6692 3650 6696 3651 6697 3651 6698 3651 6697 3652 6696 3652 6699 3652 6700 3653 6701 3653 6702 3653 6701 3654 6700 3654 6703 3654 6704 3655 6705 3655 6706 3655 6705 3656 6704 3656 6707 3656 6708 3657 6709 3657 6710 3657 6709 3658 6708 3658 6711 3658 6712 3659 6713 3659 6714 3659 6713 3660 6712 3660 6715 3660 6716 3661 6718 3661 6717 3661 6717 3662 6719 3662 6716 3662 6720 3663 6722 3663 6721 3663 6721 3664 6723 3664 6720 3664 6724 3665 6726 3665 6725 3665 6725 3666 6727 3666 6724 3666 6728 3667 6729 3667 6730 3667 6729 3668 6728 3668 6731 3668 6732 3669 6734 3669 6733 3669 6733 3670 6735 3670 6732 3670 6736 3671 6737 3671 6738 3671 6737 3672 6736 3672 6739 3672 6740 3673 6741 3673 6742 3673 6741 3674 6740 3674 6743 3674 6744 3675 6745 3675 6746 3675 6745 3676 6744 3676 6747 3676 6748 3677 6749 3677 6750 3677 6749 3678 6748 3678 6751 3678 6752 3679 6754 3679 6753 3679 6753 3680 6755 3680 6752 3680 6756 3681 6758 3681 6757 3681 6757 3682 6759 3682 6756 3682 6760 3683 6762 3683 6761 3683 6761 3684 6763 3684 6760 3684 6764 3685 6765 3685 6766 3685 6765 3686 6764 3686 6767 3686 6768 3687 6769 3687 6770 3687 6769 3688 6768 3688 6771 3688 6772 3689 6773 3689 6774 3689 6773 3690 6772 3690 6775 3690 6776 3691 6777 3691 6778 3691 6777 3692 6776 3692 6779 3692 6780 3693 6782 3693 6781 3693 6781 3694 6783 3694 6780 3694 6784 3695 6786 3695 6785 3695 6785 3696 6787 3696 6784 3696 6788 3697 6790 3697 6789 3697 6789 3698 6791 3698 6788 3698 6792 3699 6794 3699 6793 3699 6793 3700 6795 3700 6792 3700 6796 3701 6798 3701 6797 3701 6797 3702 6799 3702 6796 3702 6800 3703 6802 3703 6801 3703 6801 3704 6803 3704 6800 3704 6804 3705 6806 3705 6805 3705 6805 3706 6807 3706 6804 3706 6808 3707 6810 3707 6809 3707 6809 3708 6811 3708 6808 3708 6812 3709 6814 3709 6813 3709 6813 3710 6815 3710 6812 3710</p>
        </triangles>
      </mesh>
    </geometry>
  </library_geometries>
  <library_visual_scenes>
    <visual_scene id="Scene" name="Scene">
      <node id="skpC7C7_008" name="skpC7C7_008" type="NODE">
        <matrix sid="transform">0.0254 0 0 0 0 0.0254 0 0 0 0 0.0254 0 0 0 0 1</matrix>
        <instance_geometry url="#ID64-mesh" name="skpC7C7_008">
          <bind_material>
            <technique_common>
              <instance_material symbol="__auto_-material" target="#__auto_-material"/>
              <instance_material symbol="__auto_4-material" target="#__auto_4-material"/>
              <instance_material symbol="__auto_5-material" target="#__auto_5-material"/>
              <instance_material symbol="__auto_2-material" target="#__auto_2-material"/>
              <instance_material symbol="__auto_3-material" target="#__auto_3-material"/>
              <instance_material symbol="__auto_1-material" target="#__auto_1-material"/>
            </technique_common>
          </bind_material>
        </instance_geometry>
      </node>
      <node id="SketchUp" name="SketchUp" type="NODE">
        <matrix sid="transform">0.0254 0 0 0 0 0.0254 0 0 0 0 0.0254 0 0 0 0 1</matrix>
      </node>
      <node id="Camera" name="Camera" type="NODE">
        <matrix sid="transform">0.6859207 -0.3240135 0.6515582 7.358891 0.7276763 0.3054208 -0.6141704 -6.925791 0 0.8953956 0.4452714 4.958309 0 0 0 1</matrix>
        <instance_camera url="#Camera-camera"/>
      </node>
      <node id="Light" name="Light" type="NODE">
        <matrix sid="transform">-0.2908646 -0.7711008 0.5663932 4.076245 0.9551712 -0.1998834 0.2183912 1.005454 -0.05518906 0.6045247 0.7946723 5.903862 0 0 0 1</matrix>
        <instance_light url="#Light-light"/>
      </node>
    </visual_scene>
  </library_visual_scenes>
  <scene>
    <instance_visual_scene url="#Scene"/>
  </scene>
</COLLADA>