<?xml version="1.0" encoding="UTF-8"?>
<COLLADA xmlns="http://www.collada.org/2005/11/COLLADASchema" version="1.4.1">
    <asset>
        <contributor>
            <author>VCGLab</author>
            <authoring_tool>VCGLib | MeshLab</authoring_tool>
        </contributor>
        <created>일 3월 15 06:14:35 2026 GMT</created>
        <modified>일 3월 15 06:14:35 2026 GMT</modified>
        <up_axis>Y_UP</up_axis>
    </asset>
    <library_images>
        <image id="texture0" name="texture0">
            <init_from>../materials/textures/optimized_tsdf_texture_mapped_mesh.png</init_from>
        </image>
    </library_images>
    <library_materials>
        <material id="material0" name="material0">
            <instance_effect url="#material0-fx"/>
        </material>
    </library_materials>
    <library_effects>
        <effect id="material0-fx">
            <profile_COMMON>
                <newparam sid="texture0-surface">
                    <surface type="2D">
                        <init_from>texture0</init_from>
                        <format>R8G8B8</format>
                    </surface>
                </newparam>
                <newparam sid="texture0-sampler">
                    <sampler2D>
                        <source>texture0-surface</source>
                        <minfilter>LINEAR</minfilter>
                        <magfilter>LINEAR</magfilter>
                    </sampler2D>
                </newparam>
                <technique sid="common">
                    <blinn>
                        <diffuse>
                            <texture texture="texture0-sampler" texcoord="UVSET0"/>
                        </diffuse>
                    </blinn>
                </technique>
            </profile_COMMON>
        </effect>
    </library_effects>
    <library_geometries>
        <geometry id="shape0-lib" name="shape0">
            <mesh>
                <source id="shape0-lib-positions" name="position">
                    <float_array id="shape0-lib-positions-array" count="13257">0.0222514 -0.0270632 0.0098564 0.041511 -0.026555 0.0139914 0.029593 -0.0259405 -0.0117613 0.0198795 -0.0248126 -0.0162405 -0.00111947 -0.0261656 -0.0162866 -0.00566749 -0.0196577 -0.023091 0.0333157 -0.026615 -0.00619142 0.0202205 -0.0271256 -0.00779981 0.0173273 -0.0277715 -0.0013564 0.00672503 -0.0282025 -0.00966283 0.0261694 -0.0274132 0.0047993 0.0126262 -0.0275428 0.0048413 -0.016557 -0.0284202 -0.00716908 -0.00405735 -0.02802 0.0071528 0.00262965 -0.0286095 -0.0025967 0.00775665 -0.0278132 0.0104839 0.0245811 -0.0267499 0.0156482 0.0229884 -0.0227145 0.0233527 -0.00534463 -0.027989 0.0131919 -0.0149548 -0.0263086 0.0221506 0.0110071 -0.0270977 0.0180291 -0.00279611 -0.0268782 0.0189271 0.00416142 -0.0241344 0.0227523 -0.0117614 -0.0226645 0.0245668 -0.00850308 -0.0169747 0.0256667 -0.0467623 -0.031168 -0.0003912 -0.0608378 -0.0293626 -0.0012351 -0.0549622 -0.0275467 -0.0131997 -0.059025 -0.0292938 -0.0064002 -0.0611134 -0.0292376 0.0071755 -0.0508436 -0.031438 0.0073853 -0.06519 -0.0243345 0.0016869 -0.0403082 -0.0285562 -0.0122725 -0.0232944 -0.0270577 -0.0144308 -0.0290402 -0.0133021 -0.0268085 -0.0343084 0.02235 -0.0192715 -0.0382767 -0.0300347 -0.00542867 -0.013714 -0.0284714 -0.0008416 -0.0185692 -0.0285644 0.0042926 -0.036217 -0.0299732 0.0019941 -0.0367186 -0.0296502 0.0075703 -0.0631451 -0.0221773 -0.00971268 -0.0631052 0.0201488 -0.0115572 -0.061368 0.00400722 -0.0181982 -0.0462485 0.0247165 -0.0134199 -0.0642672 -0.00854416 -0.0121646 -0.0664028 -0.0140788 -0.0033283 -0.066865 0.00571098 -0.0069421 -0.066456 0.0172338 -0.00704351 -0.0675391 0.0033402 -0.001915 -0.0670802 -0.0104806 0.0079156 -0.0669103 -0.0061999 0.0021267 -0.0673787 0.00657048 0.004412 -0.0683405 0.0174346 0.0083342 -0.0495933 0.0254761 -0.00679366 -0.0672575 0.0197463 0.0011719 -0.0635919 0.0224418 -0.0046243 -0.0518475 0.0261088 -0.0016334 -0.0476247 0.0266229 0.008179 -0.0602806 0.0257712 0.0107001 -0.0442788 0.0264359 0.0014194 -0.0609267 0.0259018 0.0055106 -0.0432496 -0.0297459 0.0132568 -0.0595876 -0.0289571 0.012649 -0.0441367 -0.0287445 0.0188299 -0.0591254 -0.0283144 0.0155962 -0.0525196 -0.0277061 0.0215508 -0.0640162 -0.0221887 0.0178248 -0.0619143 -0.0218959 0.0207872 -0.0540031 -0.024549 0.0232343 -0.0440954 -0.0248499 0.0264385 -0.0571698 -0.0185743 0.0247922 -0.0203956 -0.0285718 0.0104158 -0.0174141 -0.0279135 0.0160211 -0.0296151 -0.0289813 0.0132511 -0.0299022 -0.0280064 0.0188888 -0.025275 -0.0252314 0.0234349 -0.0278985 -0.0219623 0.0259436 -0.0224005 -0.0131804 0.0248744 -0.0110429 -0.00962932 0.0254641 -0.000299685 -0.00496331 0.0252738 -0.00460035 0.00152249 0.0257612 -0.0175768 -0.00625311 0.0252828 -0.0359737 -0.0165209 0.0266662 -0.0523418 -0.0206148 0.0262093 -0.0354858 -0.010951 0.0263903 -0.0230233 -0.0029323 0.0260606 -0.0547013 -0.0143066 0.0263027 -0.0586213 -0.0142798 0.0250703 -0.0487502 -0.00767264 0.0259244 -0.045011 -0.0034848 0.0258318 -0.0317195 0.000170152 0.0275463 -0.0264609 0.00703453 0.0276411 -0.0262735 0.014689 0.0285258 -0.0485067 0.00477683 0.0258878 -0.0424029 0.00921387 0.0262653 -0.0660594 -0.0191771 0.0139775 -0.0668531 -0.000401187 0.0123587 -0.0617376 -0.00620479 0.0243631 -0.0652579 -0.0078828 0.0188668 -0.0671641 0.00689257 0.0161702 -0.0588694 0.000776871 0.0259508 -0.064872 0.0023499 0.0220719 -0.0607373 0.00641824 0.0254207 -0.0639347 0.0135664 0.0243787 -0.0668821 0.017058 0.0170815 -0.0596183 0.0235489 0.0218023 -0.0637937 0.0204379 0.022985 -0.0637814 0.0230951 0.0136603 -0.060533 0.0248456 0.0177354 -0.0586096 0.00978648 0.026139 -0.0514825 0.015442 0.0263866 -0.0441386 0.0259326 0.0213317 -0.0460649 0.022624 0.026095 -0.05938 0.0198309 0.0259749 0.06537 -0.000303626 -0.00941131 0.064334 -0.00444385 -0.0146848 0.0499151 -0.0244405 -0.0120369 0.0632813 -0.022042 -0.00605148 0.0626014 -0.02468 -0.0005365 0.0471231 -0.0265653 -0.0034157 0.0334621 -0.0269473 -0.0007754 0.0615224 -0.0263001 0.0056825 0.0557566 -0.0275162 0.010896 0.0644668 -0.0230705 0.0108824 0.0439239 -0.0273266 0.0026475 0.0410201 -0.0269691 0.0074876 0.06272 -0.0206511 -0.0111762 0.0677705 -0.012308 -0.000296 0.066683 -0.0132305 -0.00648311 0.0664173 0.00632034 -0.0033966 0.0680415 -0.0139807 0.0040263 0.0679972 -0.0148111 0.010394 0.0672339 0.00151757 0.0103769 0.0635847 0.00931855 -0.0148735 0.0679615 0.00643508 0.0063397 0.067544 0.00577199 0.002142 0.0418609 -0.0114157 -0.0266051 0.0366528 -0.0232489 -0.0166107 0.0544443 0.0172277 -0.0222379 0.0248175 0.0256461 -0.0172738 0.0246262 0.0289743 0.0019519 0.0596477 0.02289 -0.015875 0.0393977 0.0282077 -0.0140077 0.0654985 0.0231733 -0.00526177 0.0582944 0.0276979 -0.011102 0.0641516 0.0271285 -0.0016655 0.0650139 0.0254089 0.0034757 0.0673642 0.0152029 0.0107355 0.0624417 0.0278657 0.007421 0.0526771 0.0313888 0.0096104 0.0358758 0.029251 -0.00621893 0.0484016 0.0305283 -0.00732168 0.0396238 0.0302811 0.0022046 0.0524834 0.0316671 -0.0004682 0.0529862 0.0314354 0.0053836 0.0276679 0.0292657 0.0075559 0.0604963 -0.0244374 0.0177861 0.0327114 -0.0258287 0.019562 0.0522479 -0.0240116 0.0227702 0.0608301 -0.0201649 0.024188 0.0657088 -0.0173 0.0219402 0.067215 -0.0165961 0.0165348 0.0664568 0.000314011 0.0158431 0.0655344 -0.00199988 0.0215636 0.0605797 -0.0170491 0.0255335 0.059628 -0.0139852 0.026073 0.0636217 -0.00813304 0.0258517 0.0545784 -0.00981026 0.0268412 0.0619367 -0.000238823 0.0268961 0.0380354 -0.02329 0.0240927 0.0384897 -0.0183016 0.0253277 0.0388854 -0.0135539 0.0256145 0.0418314 -0.00691628 0.0263611 0.0137946 -0.017943 0.0244769 0.00958871 -0.0139561 0.0245388 0.0271256 -0.00859767 0.0248839 0.0442487 -0.00220105 0.0272316 0.0584242 0.00356043 0.0278502 0.0587371 0.00877188 0.0285746 0.038707 0.00944949 0.0264368 0.0461289 0.01387 0.0269297 0.0109172 -0.00865326 0.0246393 0.0187647 -0.00277092 0.0243354 0.0355743 0.00409734 0.0255035 0.0166017 0.00140869 0.0247878 0.0178996 0.0060471 0.025331 0.0304319 0.0292518 0.0136295 0.0285454 0.0280857 0.0201358 0.0266717 0.0111638 0.0255141 0.0223436 0.015441 0.0269317 0.0415034 0.0200046 0.0254986 0.0296813 0.0206504 0.0272023 0.0343345 0.0243683 0.0262181 0.0231806 0.0266954 0.0291695 0.0654429 0.0130173 0.0218145 0.0665839 0.0142689 0.0160642 0.0646066 0.024861 0.0140433 0.0611058 0.027624 0.0176273 0.0572185 0.0301314 0.0157956 0.0579735 0.0287137 0.0214609 0.0628709 0.0105399 0.0272345 0.0570928 0.0168812 0.0291171 0.063285 0.0235348 0.0235753 0.0609015 0.0239366 0.0262861 0.0519188 0.0233322 0.0269476 0.0529211 0.0309485 0.0136131 0.0409304 0.0283065 0.0187282 0.0434874 0.0261176 0.0226145 0.0144943 0.0165851 -0.0271188 -0.00310174 0.0236226 -0.0182387 0.0195195 0.0274751 -0.0126164 -0.0208137 0.0255585 -0.0127892 -0.0121078 0.0259113 -0.00892973 0.0127168 0.028707 -0.0012522 0.0231942 0.0287846 -0.0041256 0.00744281 0.0273274 -0.00852976 -0.00378161 0.027107 -0.0040696 0.00977328 0.0286927 0.0049629 0.00607209 0.0283101 0.0103656 -0.0147401 0.0274543 -0.0003819 -0.0331111 0.0259593 -0.00914317 -0.0293903 0.0269222 -0.003401 -0.00208765 0.0280825 0.0019664 -0.0051787 0.0282637 0.0076806 -0.0318295 0.0273952 0.0027653 -0.043006 0.0267456 0.011923 0.00693437 0.00897099 0.0257706 -0.0116756 0.0042551 0.0260235 0.0125144 0.0193669 0.0281941 -0.0104255 0.00935739 0.0269988 0.00111269 0.0128611 0.0264147 -0.0121122 0.0143406 0.0275706 -0.00615862 0.0221477 0.0256452 -0.00450126 0.020298 0.0265377 -0.00654455 0.0279854 0.0136751 0.0159864 0.0286653 0.0131725 0.0232155 0.0286003 0.0248936 0.0144833 0.0282632 0.0189555 0.000557722 0.0276338 0.0188715 0.00521484 0.0265356 0.0248719 0.00941454 0.0238857 0.0281579 -0.0213814 0.0277563 0.0093043 -0.0116477 0.0260957 0.0231625 -0.012137 0.0274944 0.0188402 -0.0269558 0.027019 0.0159634 -0.0301055 0.0259572 0.0221124 -0.0223045 0.0198701 0.0273533 -0.014295 0.0243203 0.0267766 -0.0279701 0.0209694 0.0280275 -0.0354534 0.0246369 0.0264876 -0.0424588 0.0266157 0.0160625 0.036284 -0.0263552 -0.00766279 0.0359167 -0.026098 -0.00937703 0.0366962 -0.0266439 -0.0048846 0.0369874 -0.0268478 -0.0021064 0.0373057 -0.0270707 0.0006718 0.0375783 -0.0272615 0.00345 0.0375126 -0.0272155 0.0062281 0.0372064 -0.0270011 0.0090063 0.0353139 -0.026959 0.0117845 0.036888 -0.0267781 0.0117845 0.0265507 -0.0195399 -0.0215537 0.0177107 -0.01335 -0.0260703 0.0327557 -0.0238847 -0.0159973 0.0313652 -0.0229111 -0.0176152 0.0268137 -0.0197241 -0.021371 0.0345066 -0.0251107 -0.0132192 0.0336409 -0.0245045 -0.014749 0.0356206 -0.0258907 -0.010441 -0.0196807 -0.0280015 -0.010441 -0.0132434 -0.0188081 -0.0236613 -0.0151081 -0.0214711 -0.0215537 -0.0196174 -0.0279111 -0.0108484 -0.0182861 -0.0260099 -0.0159973 -0.0164304 -0.0233596 -0.019677 -0.0191232 -0.0272054 -0.0132192 -0.000495358 -0.000602055 -0.0293643 0.00860763 -0.00697604 -0.0284934 -0.00686934 -0.00970505 -0.0278564 0.0218062 -0.0268755 0.0117845 0.0284487 -0.0270764 0.0117845 0.0317832 -0.0271576 0.0117845 0.0325798 -0.027153 0.0117845 0.0251688 -0.0269169 0.0117845 0.0275541 -0.0270255 0.0117845 0.0224847 -0.0268674 0.0117845 0.0147919 -0.0272057 0.0117845 0.0179357 -0.0270737 0.0117845 0.00758976 -0.0278042 0.0117845 0.00903728 -0.0276261 0.0117845 0.0112695 -0.0273926 0.0117845 0.0133512 -0.0272551 0.0117845 0.0182877 -0.0270567 0.0117845 -0.0203499 -0.0289572 0.0006718 -0.0200428 -0.0285187 -0.00766279 -0.0202922 -0.0288748 -0.0048846 -0.0204027 -0.0290327 -0.0021064 -0.00611897 -0.0280078 0.0117845 -0.000163215 -0.0279669 0.0117845 -0.00270786 -0.0279799 0.0117845 -0.00496687 -0.0279949 0.0117845 -0.0201932 -0.0287335 0.00345 -0.0200632 -0.0285478 0.0062281 -0.020024 -0.0284919 0.0090063 -0.0199863 -0.0284381 0.0117845 -0.0188857 -0.0284234 0.0117845 -0.0130855 -0.0282697 0.0117845 -0.00960723 -0.0281372 0.0117845 -0.00960107 -0.0281371 0.0117845 -0.0165638 -0.0283936 0.0117845 -0.0141976 -0.0283145 0.0117845 0.000674411 -0.0279931 0.0117845 0.00403696 -0.0280345 0.0117845 0.00476927 -0.0280291 0.0117845 0.0661861 -0.0201606 0.0117845 0.0555459 -0.0271265 0.0117845 0.0564585 -0.0269153 0.0117845 0.0520541 -0.0272696 0.0117845 0.0521326 -0.0272779 0.0117845 0.0489442 -0.0268674 0.0117845 0.0625339 -0.0243863 0.0117845 0.0598045 -0.0258881 0.0117845 0.0598237 -0.0258801 0.0117845 0.0646457 -0.0224735 0.0117845 0.0456921 -0.0266682 0.0117845 0.0464343 -0.0266794 0.0117845 0.0422982 -0.0266716 0.0117845 0.0389342 -0.0266322 0.0117845 0.0415477 -0.0266494 0.0117845 0.0672267 -0.00732298 0.0117845 0.0673855 -0.0142173 0.0117845 0.0670639 -0.0173837 0.0117845 0.067349 -0.0151134 0.0117845 0.0673293 -0.0107864 0.0117845 0.0673201 -0.0103112 0.0117845 0.067014 -0.00106104 0.0117845 0.0671566 -0.00570107 0.0117845 0.0670677 -0.0038201 0.0117845 0.0670277 -0.000400651 0.0117845 0.0671305 0.00291891 0.0117845 0.0672106 0.00406334 0.0117845 0.0673689 0.00614355 0.0117845 0.0666672 0.0178182 0.0117845 0.0674632 0.00926767 0.0117845 0.0674618 0.00947006 0.0117845 0.0672552 0.0130063 0.0117845 0.0671905 0.013722 0.0117845 0.066854 0.0166787 0.0117845 0.0122527 0.017604 -0.0249685 0.00587868 0.00850102 -0.0284528 0.0152904 0.0219423 -0.0215537 0.0186267 0.0267071 -0.0139562 0.0154397 0.0221555 -0.0213327 0.0180606 0.0258986 -0.0159973 0.0192576 0.0276082 -0.010441 0.0187863 0.026935 -0.0132192 0.0202039 0.0289596 0.0006718 0.0198927 0.0285151 -0.0048846 0.0195926 0.0280865 -0.00766279 0.0201548 0.0288894 -0.0021064 0.0202256 0.0289906 0.0117845 0.0340716 0.0294586 0.0117845 0.0200641 0.02876 0.0062281 0.0200769 0.0287781 0.00345 0.0272942 0.0293984 0.0117845 0.0307241 0.0294531 0.0117845 0.0292425 0.0294484 0.0117845 0.0201898 0.0289394 0.0090063 0.0237732 0.0292136 0.0117845 0.0246621 0.029264 0.0117845 0.0202202 0.0289828 0.0099752 0.0485331 0.0306689 0.0117845 0.0660122 0.0206597 0.0117845 0.0645814 0.0245265 0.0117845 0.0657988 0.0214216 0.0117845 0.0639874 0.0254689 0.0117845 0.0628525 0.026901 0.0117845 0.060782 0.0287878 0.0117845 0.0514026 0.0308895 0.0117845 0.0553597 0.0307311 0.0117845 0.0582897 0.030072 0.0117845 0.0568419 0.0304722 0.0117845 0.0520894 0.0309042 0.0117845 0.034119 0.029458 0.0117845 0.0411431 0.0298022 0.0117845 0.0429965 0.0299924 0.0117845 0.0448197 0.0302093 0.0117845 0.0471009 0.03051 0.0117845 0.0375719 0.0295456 0.0117845 0.0387071 0.0296043 0.0117845 -0.0485359 -0.0304621 0.0117845 -0.0370027 -0.0293039 0.0117845 -0.0412177 -0.0296977 0.0117845 -0.0375786 -0.0293442 0.0117845 -0.0455123 -0.0301285 0.0117845 -0.0448631 -0.0300604 0.0117845 -0.041277 -0.0297025 0.0117845 -0.0605059 -0.0281824 0.0117845 -0.0544887 -0.0306263 0.0117845 -0.0553427 -0.0304959 0.0117845 -0.0581286 -0.029631 0.0117845 -0.0520814 -0.0306819 0.0117845 -0.0497334 -0.0305644 0.0117845 -0.0642809 -0.0238864 0.0117845 -0.062527 -0.0262252 0.0117845 -0.0644139 -0.0236766 0.0117845 -0.0662953 -0.0170762 0.0117845 -0.0656176 -0.020952 0.0117845 -0.0660288 -0.0191542 0.0117845 -0.0187014 0.012146 -0.02641 -0.00959843 0.00577198 -0.0286493 -0.0369075 0.024894 -0.0129028 -0.0278045 0.01852 -0.0222968 -0.0289321 0.0193096 -0.0215537 -0.032356 0.021707 -0.0190516 -0.0352451 0.02373 -0.0159973 -0.0367863 0.0248092 -0.0132192 -0.0340823 -0.0291947 0.0117845 -0.0270831 -0.028886 0.0117845 -0.0234889 -0.0285966 0.0117845 -0.0234825 -0.0285963 0.0117845 -0.0306746 -0.0291715 0.0117845 -0.0278185 -0.0289517 0.0117845 -0.0323083 -0.0291994 0.0117845 -0.0664997 -0.00864983 0.0117845 -0.0664247 -0.0154855 0.0117845 -0.0665096 -0.0125386 0.0117845 -0.0664997 -0.0120414 0.0117845 -0.0375453 0.0253406 -0.010441 -0.0672623 0.0190164 0.0117845 -0.0670561 0.00121187 0.0117845 -0.0665212 -0.00771143 0.0117845 -0.0666956 -0.00512114 0.0117845 -0.0668384 -0.00332084 0.0117845 -0.0669443 -0.00155554 0.0117845 -0.0674266 0.00556528 0.0117845 -0.0670785 0.00192996 0.0117845 -0.0674225 0.00553204 0.0117845 -0.0679473 0.00962625 0.0117845 -0.0679096 0.00929506 0.0117845 -0.0681782 0.0128746 0.0117845 -0.0681705 0.014151 0.0117845 -0.0680015 0.0161424 0.0117845 -0.0378973 0.025587 -0.00766279 -0.0382044 0.0258021 -0.0048846 -0.039346 0.0266015 0.0006718 -0.0387031 0.0261513 -0.0021064 -0.0391833 0.0264875 -2.45003e-05 -0.0493252 0.0265342 0.0117845 -0.0394817 0.0266965 0.0117845 -0.039805 0.0269228 0.00345 -0.0398233 0.0269356 0.0062281 -0.0425091 0.0265814 0.0117845 -0.0395858 0.0267694 0.0090063 -0.0489449 0.0265397 0.0117845 -0.0458929 0.0265925 0.0117845 -0.0441769 0.0265927 0.0117845 -0.0638224 0.0233908 0.0117845 -0.0658357 0.021409 0.0117845 -0.0604062 0.0252397 0.0117845 -0.0578147 0.0259673 0.0117845 -0.0611737 0.0249277 0.0117845 -0.0563561 0.0261802 0.0117845 -0.0528059 0.0264068 0.0117845 -0.0535482 0.0263714 0.0117845 -0.00748078 0.0281707 0.0117845 -0.00254073 0.0279625 0.0117845 -0.00418043 0.0280405 0.0117845 0.00619098 0.0283216 0.0117845 0.0158155 0.0286755 0.0117845 0.0130925 0.0284907 0.0117845 0.00662479 0.0283278 0.0117845 0.00962784 0.0283863 0.0117845 0.0113344 0.0284216 0.0117845 0.0166556 0.0287356 0.0117845 0.0202103 0.0289898 0.0117845 -0.000839036 0.027969 0.0117845 0.00268615 0.0281598 0.0117845 0.002068 0.0281269 0.0117845 -0.0214011 0.027665 0.0117845 -0.014548 0.0277649 0.0117845 -0.0122215 0.027958 0.0117845 -0.0109685 0.0280334 0.0117845 -0.00768289 0.0281715 0.0117845 -0.0181033 0.0275312 0.0117845 -0.016544 0.0275931 0.0117845 -0.0283783 0.0273878 0.0117845 -0.0215019 0.0276731 0.0117845 -0.0247728 0.0276934 0.0117845 -0.0262227 0.0275871 0.0117845 -0.0319771 0.0270917 0.0117845 -0.0305168 0.0272023 0.0117845 -0.0354838 0.0269272 0.0117845 -0.0349899 0.0269429 0.0117845 -0.0390173 0.0267245 0.0117845 0.0365691 -0.0265548 0.0145627 0.0360672 -0.0262034 0.0173409 0.0359167 -0.026098 0.0179391 0.0329311 -0.0240075 0.0228973 0.0351382 -0.025553 0.0201191 0.0336409 -0.0245045 0.0223047 0.0268137 -0.0197241 0.0245716 0.0313652 -0.0229111 0.0236935 0.0290895 -0.0213176 0.0243004 0.0177107 -0.01335 0.0245786 0.0222622 -0.0165371 0.0245643 0.0245379 -0.0181306 0.0246133 0.0199864 -0.0149436 0.0245486 -0.0196174 -0.0279111 0.015829 -0.0197828 -0.0281474 0.0145627 -0.0193605 -0.0275442 0.0173409 -0.0175825 -0.025005 0.0228973 -0.0186687 -0.0265563 0.0201191 -0.0180239 -0.0256353 0.0219615 -0.0132434 -0.0188081 0.025342 -0.0164304 -0.0233596 0.0242774 -0.0148368 -0.0210838 0.0250496 0.00860763 -0.00697604 0.0249829 0.0131591 -0.010163 0.0246303 0.0154349 -0.0117565 0.0246087 0.0108834 -0.00856954 0.0247495 -0.0100563 -0.0142566 0.0256129 -0.0116499 -0.0165323 0.0255236 -0.00846285 -0.0119808 0.0255508 -0.00686934 -0.00970505 0.025375 0.0040561 -0.00378902 0.0253965 0.00633186 -0.00538253 0.0252184 -0.00527583 -0.00742928 0.0252631 -0.00368232 -0.00515351 0.0253 0.00178033 -0.00219551 0.0254574 -0.00208881 -0.00287774 0.0253486 -0.000495358 -0.000602055 0.0254034 0.0122527 0.017604 0.0275587 0.00587868 0.00850102 0.025849 0.00269166 0.00394948 0.025788 0.00109815 0.00167371 0.0255889 0.00166725 0.00248648 0.0256754 0.00428517 0.00622525 0.0258589 0.0090657 0.0130526 0.0261577 0.00747219 0.0107768 0.0258739 0.0106592 0.0153282 0.0267642 0.019804 0.0283884 0.0228973 0.0199635 0.0286162 0.0173409 0.0201362 0.0288629 0.0145627 0.0202202 0.0289828 0.0120722 0.0197673 0.028336 0.0201191 0.0186267 0.0267071 0.02856 0.0138309 0.019858 0.0284536 0.0154397 0.0221555 0.0292238 0.0138462 0.0198798 0.0284624 0.0170332 0.0244313 0.0293588 0.0187394 0.026868 0.0284536 0.0198598 0.0284681 0.0256754 -0.0369075 0.024894 0.0250513 -0.0187014 0.012146 0.0276274 -0.00959843 0.00577198 0.026308 -0.0050469 0.00258496 0.0257253 -0.00277113 0.000991455 0.0254528 -0.0047153 0.00235278 0.0256754 -0.00732266 0.00417847 0.0260426 -0.01415 0.00895901 0.0270622 -0.0118742 0.00736549 0.0266481 -0.0164257 0.0105525 0.0273749 -0.0278045 0.01852 0.028378 -0.023253 0.015333 0.0279936 -0.0209772 0.0137395 0.0278689 -0.0255287 0.0169265 0.0281158 -0.032356 0.021707 0.0283417 -0.0283929 0.018932 0.0284536 -0.0318246 0.0213349 0.0284536 -0.036481 0.0245954 0.0256754 -0.0346317 0.0233005 0.0273701 -0.0300803 0.0201135 0.0285751 -0.0396604 0.0268216 0.0145627 -0.0395714 0.0267593 0.0173409 -0.0379449 0.0256204 0.0228973 -0.0389056 0.0262931 0.0201191 -0.0391833 0.0264875 0.019194 0.0357253 -0.0263714 -0.00766279 0.0355206 -0.0266638 -0.0048846 0.0354012 -0.0268342 -0.0021064 0.0352784 -0.0270096 0.0006718 0.0351143 -0.027244 0.00345 0.0350678 -0.0273104 0.0062281 0.0351571 -0.0271828 0.0090063 0.0123525 -0.0210022 -0.0215537 0.0305629 -0.024057 -0.0159973 0.0233989 -0.024601 -0.0159973 0.0240315 -0.0245589 -0.0159973 0.0236267 -0.0242755 -0.0165594 0.0331589 -0.0251929 -0.0132192 0.0296296 -0.0253898 -0.0132192 0.0300326 -0.0253694 -0.0132192 0.0297718 -0.0251868 -0.0137583 0.0325707 -0.026033 -0.010441 0.0290841 -0.0261688 -0.010441 0.0310597 -0.0260886 -0.010441 0.0225098 -0.0258707 -0.0132192 0.025606 -0.0256614 -0.0132192 0.0255527 -0.0263686 -0.010441 0.0265327 -0.0263103 -0.010441 0.0259025 -0.025869 -0.0124862 0.0220029 -0.0265945 -0.010441 0.022087 -0.0265889 -0.010441 0.0220332 -0.0265513 -0.0106762 0.0269678 -0.0243476 -0.0159973 0.0260711 -0.0256282 -0.0132192 0.0284126 -0.0242351 -0.0159973 0.00894358 -0.0258707 -0.0159973 0.0154464 -0.0253307 -0.0159973 0.0113367 -0.022453 -0.020247 0.0152777 -0.0265119 -0.0132192 0.0169116 -0.0263567 -0.0132192 0.0158882 -0.02564 -0.0152854 0.0147769 -0.0272272 -0.010441 0.0177596 -0.0269504 -0.010441 0.00807961 -0.0271046 -0.0132192 0.00827493 -0.0270923 -0.0132192 0.00814967 -0.0270046 -0.0135074 0.00759596 -0.0277953 -0.010441 0.00911794 -0.0276825 -0.010441 0.0116617 -0.0268325 -0.0132192 0.0126346 -0.0267534 -0.0132192 0.0120189 -0.0263223 -0.0145562 0.0125204 -0.0256062 -0.0159973 0.0111545 -0.025717 -0.0159973 0.0111845 -0.027514 -0.010441 0.0134633 -0.0273337 -0.010441 0.0161531 -0.0252618 -0.0159973 0.0190752 -0.0210885 -0.0209423 0.0195806 -0.0203668 -0.0215537 0.0182464 -0.0205082 -0.0215537 -0.00935099 -0.0215335 -0.0215537 -0.00476468 -0.0260737 -0.0159973 -0.00284405 -0.0260897 -0.0159973 -0.00414036 -0.0251821 -0.01751 -0.00221447 -0.0272752 -0.0132192 -0.0011317 -0.0272888 -0.0132192 -0.0018646 -0.0267756 -0.0145716 -0.00556466 -0.0272162 -0.0132192 -0.00269608 -0.027963 -0.010441 -9.78136e-05 -0.0280127 -0.010441 -0.00599978 -0.0278376 -0.010441 -0.00514058 -0.0278732 -0.010441 -0.00573386 -0.0274578 -0.0123498 -0.0195007 -0.0279928 -0.010441 -0.0115069 -0.0260153 -0.0159973 -0.0086919 -0.021995 -0.0211379 -0.0126561 -0.0260023 -0.0159973 -0.0122935 -0.0271387 -0.0132192 -0.0110275 -0.0271427 -0.0132192 -0.0118789 -0.0265466 -0.0148493 -0.0127571 -0.0278007 -0.010441 -0.0101044 -0.0277891 -0.010441 -0.00814004 -0.0260505 -0.0159973 -0.00891378 -0.0271556 -0.0132192 -0.00773701 -0.0260552 -0.0159973 -0.0061003 -0.0272012 -0.0132192 -0.00936107 -0.0277944 -0.010441 -0.0148813 -0.0259908 -0.0159973 -0.015694 -0.0271514 -0.0132192 -0.017502 -0.0260008 -0.0159973 -0.0158573 -0.0271524 -0.0132192 -0.0161804 -0.0278461 -0.010441 -0.0149043 -0.0278197 -0.010441 -0.0157482 -0.0272288 -0.0129713 -0.00161721 -0.0215786 -0.0215537 0.00954573 -0.021199 -0.0215537 0.00223365 -0.016079 -0.0252743 0.00200622 -0.0260911 -0.0159973 0.00668798 -0.0259811 -0.0159973 0.00359815 -0.0238176 -0.0191881 0.00527048 -0.0214292 -0.0215537 0.000371015 -0.0215579 -0.0215537 0.00544664 -0.0260213 -0.0159973 0.00453165 -0.027328 -0.0132192 0.00115954 -0.0273003 -0.0132192 0.00376161 -0.0273235 -0.0132192 0.00200465 -0.0260933 -0.0159932 0.00408839 -0.0279611 -0.010441 0.00465003 -0.0279456 -0.010441 0.00428041 -0.0276868 -0.0119202 0.000656085 -0.0280193 -0.010441 -0.00139381 -0.0261032 -0.0159973 0.00200153 -0.0260911 -0.0159973 -0.00837703 -0.0215454 -0.0215537 0.0322425 -0.0265016 -0.00766279 0.0287724 -0.026614 -0.00766279 0.0316663 -0.0265133 -0.00766279 0.0320671 -0.0267522 -0.0048846 0.0285996 -0.0268609 -0.0048846 0.0320081 -0.0267527 -0.0048846 0.0252429 -0.026811 -0.00766279 0.027089 -0.0266998 -0.00766279 0.0217129 -0.0270087 -0.00766279 0.0226229 -0.0269641 -0.00766279 0.0250556 -0.0270785 -0.0048846 0.0274065 -0.0269222 -0.0048846 0.0215201 -0.0272842 -0.0048846 0.0229725 -0.0272089 -0.0048846 0.0319723 -0.0268875 -0.0021064 0.0321975 -0.0268853 -0.0021064 0.0320475 -0.0267802 -0.0044296 0.0284819 -0.027029 -0.0021064 0.0318654 -0.0270402 0.0006718 0.0324116 -0.0270352 0.0006718 0.02833 -0.0272459 0.0006718 0.0249332 -0.0272533 -0.0021064 0.0276369 -0.0270835 -0.0021064 0.0214131 -0.0274369 -0.0021064 0.0231682 -0.027346 -0.0021064 0.0248016 -0.0274412 0.0006718 0.0279218 -0.027283 0.0006718 0.021364 -0.0275071 0.0006718 0.0233231 -0.0274545 0.0006718 0.0181173 -0.0273002 -0.00766279 0.018243 -0.0272889 -0.00766279 0.0181639 -0.0272335 -0.00819534 0.0145072 -0.0276123 -0.00766279 0.0179306 -0.0275668 -0.0048846 0.0185668 -0.0275156 -0.0048846 0.0143434 -0.0278463 -0.0048846 0.00735329 -0.0281419 -0.00766279 0.00952137 -0.027965 -0.00766279 0.00722346 -0.0283273 -0.0048846 0.00975478 -0.0281285 -0.0048846 0.0109497 -0.0278493 -0.00766279 0.0139117 -0.0276476 -0.00766279 0.0108088 -0.0280505 -0.0048846 0.0142052 -0.0278531 -0.0048846 0.0178423 -0.0276929 -0.0021064 0.0187321 -0.0276314 -0.0021064 0.0142751 -0.0279437 -0.0021064 0.0143301 -0.0279406 -0.0021064 0.0142947 -0.0279158 -0.0036187 0.017864 -0.0276619 0.0006718 0.0187273 -0.027628 0.0006718 0.0142947 -0.0279158 -0.0007688 0.0143566 -0.0278274 0.0006718 0.00725988 -0.0282753 -0.0021064 0.00979903 -0.0281595 -0.0021064 0.00742899 -0.0280338 0.0006718 0.00957308 -0.0280012 0.0006718 0.0107619 -0.0281175 -0.0021064 0.0108616 -0.0279751 0.0006718 0.0141798 -0.0278354 0.0006718 0.0184004 -0.0268958 -0.010441 0.0317256 -0.0272399 0.00345 0.0327079 -0.0272427 0.00345 0.0282026 -0.0274277 0.00345 0.0316892 -0.0272919 0.0062281 0.0328088 -0.0273133 0.0062281 0.0282395 -0.0273751 0.0062281 0.0247368 -0.0275338 0.00345 0.0281362 -0.0274331 0.00345 0.0213725 -0.0274949 0.00345 0.0233865 -0.0274989 0.00345 0.0248441 -0.0273806 0.0062281 0.0280628 -0.0273817 0.0062281 0.021512 -0.0272957 0.0062281 0.0231224 -0.0273139 0.0062281 0.0317177 -0.0272512 0.0090063 0.0327469 -0.0272699 0.0090063 0.0283522 -0.0272141 0.0090063 0.025031 -0.0271137 0.0090063 0.0278106 -0.0272051 0.0090063 0.0217125 -0.0270094 0.0090063 0.0226963 -0.0270156 0.0090063 0.0179499 -0.0275392 0.00345 0.0185949 -0.0275353 0.00345 0.0145166 -0.0275989 0.00345 0.0180737 -0.0273624 0.0062281 0.0183435 -0.0273593 0.0062281 0.0146456 -0.0274147 0.0062281 0.00754318 -0.0278707 0.00345 0.00928314 -0.0277982 0.00345 0.0075789 -0.0278197 0.0062281 0.00912392 -0.0276867 0.0062281 0.0110381 -0.0277231 0.00345 0.0138596 -0.0276112 0.00345 0.0111684 -0.027537 0.0062281 0.0135982 -0.0274281 0.0062281 0.0181639 -0.0272335 0.008123 0.014723 -0.0273042 0.0090063 0.0180985 -0.0271877 0.0090063 0.00758051 -0.0278174 0.0090063 0.00908151 -0.027657 0.0090063 0.0112211 -0.0274618 0.0090063 0.0134615 -0.0273324 0.0090063 0.0181994 -0.0271829 0.0090063 0.000372744 -0.0284239 -0.00766279 0.000490067 -0.0284243 -0.00766279 0.00041115 -0.0283691 -0.00813188 0.000244413 -0.0286072 -0.0048846 0.000746256 -0.0286037 -0.0048846 -0.00297274 -0.0283582 -0.00766279 -0.00624448 -0.0281871 -0.00766279 -0.00457826 -0.028267 -0.00766279 -0.00312257 -0.0285721 -0.0048846 -0.00638319 -0.0283851 -0.0048846 -0.00423721 -0.0285058 -0.0048846 0.000319706 -0.0284997 -0.0021064 0.000594606 -0.0284975 -0.0021064 0.00041115 -0.0283691 -0.000698199 -0.00308231 -0.0285146 -0.0021064 -0.0063475 -0.0283342 -0.0021064 -0.00429531 -0.0284651 -0.0021064 -0.00289495 -0.0282471 0.0006718 0.000227751 -0.0282406 0.0006718 -0.00621092 -0.0281391 0.0006718 -0.0046571 -0.0282118 0.0006718 -0.0188528 -0.0284464 -0.00766279 -0.0184244 -0.0287464 -0.0048846 -0.0182462 -0.0288712 -0.0021064 -0.0183375 -0.0288073 0.0006718 -0.00962364 -0.0281693 -0.00766279 -0.00956111 -0.0281695 -0.00766279 -0.00960313 -0.0281401 -0.00792302 -0.0130494 -0.0282183 -0.00766279 -0.00975895 -0.0283626 -0.0048846 -0.00929063 -0.0283589 -0.0048846 -0.0132317 -0.0284786 -0.0048846 -0.0165064 -0.0283117 -0.00766279 -0.0143106 -0.0282354 -0.00766279 -0.0167369 -0.0286409 -0.0048846 -0.0139316 -0.0285008 -0.0048846 -0.00969867 -0.0282765 -0.0021064 -0.0094144 -0.0282722 -0.0021064 -0.0132508 -0.0285059 -0.0021064 -0.00960313 -0.0281401 -0.0002791 -0.0131494 -0.028361 0.0006718 -0.00968013 -0.0280861 0.0006718 -0.00956466 -0.0280851 0.0006718 -0.016837 -0.0287838 -0.0021064 -0.0138528 -0.0285559 -0.0021064 -0.0167957 -0.0287248 0.0006718 -0.0139832 -0.0284646 0.0006718 -0.00274719 -0.028036 0.00345 -2.45578e-05 -0.028064 0.00345 -0.00612875 -0.0280218 0.00345 -0.00491326 -0.0280324 0.00345 -0.00270616 -0.0279774 0.0062281 -8.46095e-05 -0.0280219 0.0062281 -0.00610133 -0.0279826 0.0062281 -0.00499593 -0.0279745 0.0062281 -0.00271108 -0.0279845 0.0090063 -0.000101607 -0.02801 0.0090063 -0.00609847 -0.0279785 0.0090063 -0.00499955 -0.027972 0.0090063 -0.0185733 -0.0286422 0.00345 -0.0187707 -0.028504 0.0062281 -0.0188218 -0.0284682 0.0090063 -0.0130884 -0.0282739 0.00345 -0.00974509 -0.0280407 0.00345 -0.0130958 -0.0282845 0.0062281 -0.00968669 -0.0280816 0.0062281 -0.00953271 -0.0280395 0.00345 -0.00956034 -0.0280789 0.0062281 -0.0166909 -0.0285752 0.00345 -0.0141038 -0.0283802 0.00345 -0.0166173 -0.0284701 0.0062281 -0.0141413 -0.0283539 0.0062281 -0.0131136 -0.0283098 0.0090063 -0.0096427 -0.0281124 0.0090063 -0.00958257 -0.0281107 0.0090063 -0.0166092 -0.0284585 0.0090063 -0.0141212 -0.028368 0.0090063 0.00382567 -0.0283363 -0.00766279 0.00513172 -0.0282829 -0.00766279 0.00369908 -0.028517 -0.0048846 0.00536401 -0.0284456 -0.0048846 0.00376662 -0.0284206 -0.0021064 0.00524623 -0.0283631 -0.0021064 0.00394642 -0.0281638 0.0006718 0.00489987 -0.0281206 0.0006718 0.00049998 -0.0282422 0.0006718 0.00402771 -0.0280477 0.00345 0.00474957 -0.0280153 0.00345 0.000610027 -0.028085 0.00345 0.00402728 -0.0280483 0.0062281 0.00476033 -0.0280229 0.0062281 0.000632707 -0.0280526 0.0062281 0.00402921 -0.0280456 0.0090063 0.00477324 -0.0280319 0.0090063 0.000645427 -0.0280345 0.0090063 0.0355443 -0.0266299 0.0145627 0.0358403 -0.0262071 0.0173409 0.0320171 -0.0268236 0.0145627 0.0321066 -0.0268216 0.0145627 0.0286118 -0.0268434 0.0145627 0.0320475 -0.0267802 0.0148226 0.0323776 -0.0263088 0.0173409 0.0289186 -0.0264052 0.0173409 0.0314091 -0.0263332 0.0173409 0.0252836 -0.026753 0.0145627 0.0272343 -0.0268015 0.0145627 0.0218773 -0.026774 0.0145627 0.0223375 -0.0267644 0.0145627 0.0255414 -0.0263848 0.0173409 0.0266746 -0.0264097 0.0173409 0.0220332 -0.0265513 0.0165362 0.0221373 -0.0264026 0.0173409 0.0329226 -0.0255304 0.0201191 0.0294978 -0.0255781 0.0201191 0.0303125 -0.0255654 0.0201191 0.0297718 -0.0251868 0.0209441 0.0307638 -0.02377 0.0228973 0.0259025 -0.025869 0.0193978 0.0227563 -0.0255187 0.0201191 0.0254924 -0.0255819 0.0201191 0.0236267 -0.0242755 0.0221263 0.0260901 -0.0256011 0.0201191 0.027496 -0.0235933 0.0228732 0.0275159 -0.0235649 0.0228973 0.0241843 -0.0234792 0.0228973 0.0274519 -0.0235624 0.0228973 0.0148606 -0.0271077 0.0145627 0.0177762 -0.0269621 0.0145627 0.0150494 -0.026838 0.0173409 0.0173963 -0.0266961 0.0173409 0.0076986 -0.0276487 0.0145627 0.00885094 -0.0274956 0.0145627 0.00801625 -0.0271951 0.0173409 0.0083547 -0.0271481 0.0173409 0.0113585 -0.0272655 0.0145627 0.013241 -0.027178 0.0145627 0.0116151 -0.026899 0.0173409 0.0128353 -0.0268939 0.0173409 0.0157134 -0.0258896 0.0201191 0.0161997 -0.0258582 0.0201191 0.0158882 -0.02564 0.0205402 0.00814967 -0.0270046 0.0180627 0.0120189 -0.0263223 0.0193949 0.012239 -0.026008 0.0201191 0.00875176 -0.0261447 0.0201191 0.0115671 -0.0260059 0.0201191 0.0136124 -0.0240465 0.0226639 0.00974317 -0.0247288 0.022065 0.0104073 -0.0237803 0.0228973 0.0132354 -0.0237825 0.0228973 0.0183693 -0.0269403 0.0145627 0.018601 -0.0266093 0.0173409 0.0218305 -0.0264093 0.0173409 0.0193122 -0.0255937 0.0201191 0.0205779 -0.0255323 0.0201191 0.0197575 -0.0249578 0.0211706 0.0208773 -0.0233585 0.0228973 0.0223972 -0.0234146 0.0228973 0.0174132 -0.0234621 0.0228973 0.0176066 -0.0234517 0.0228973 0.0138277 -0.0237391 0.0228973 0.0252202 -0.0219997 0.0238181 0.0113367 -0.022453 0.0236801 0.021351 -0.022682 0.0233474 0.0174817 -0.0233643 0.0229651 0.0190752 -0.0210885 0.0240061 0.0229445 -0.0204062 0.0242797 0.0206687 -0.0188127 0.0244444 0.0152059 -0.0217708 0.0239061 0.0167995 -0.019495 0.0244222 0.0129302 -0.0201773 0.024389 0.0145237 -0.0179015 0.024598 0.018393 -0.0172192 0.0245564 0.0161172 -0.0156257 0.0246173 -0.0026242 -0.0278604 0.0145627 -0.000341134 -0.0278423 0.0145627 -0.00607659 -0.0279473 0.0145627 -0.00507279 -0.0279207 0.0145627 -0.00221407 -0.0272747 0.0173409 -0.00113887 -0.0272837 0.0173409 -0.00573386 -0.0274578 0.0172168 -0.00570653 -0.0274188 0.0173409 -0.0018646 -0.0267756 0.0186581 -0.00485486 -0.0262025 0.0201191 -0.00289374 -0.026055 0.0201191 -0.00414036 -0.0251821 0.0218288 -0.0192891 -0.0281409 0.0145627 -0.0129781 -0.0281164 0.0145627 -0.00967866 -0.0280872 0.0145627 -0.0127626 -0.0278086 0.0173409 -0.0101582 -0.0277514 0.0173409 -0.00956602 -0.0280871 0.0145627 -0.00929751 -0.0277036 0.0173409 -0.00578388 -0.0274228 0.0173409 -0.016357 -0.0280983 0.0145627 -0.0145011 -0.028102 0.0145627 -0.0160367 -0.0276409 0.0173409 -0.0150652 -0.027707 0.0173409 -0.0123248 -0.0271834 0.0201191 -0.0110711 -0.0271122 0.0201191 -0.0118789 -0.0265466 0.0217372 -0.00862996 -0.0267502 0.0201191 -0.00711585 -0.0264901 0.0201191 -0.00800963 -0.0258643 0.0217902 -0.00748053 -0.0251087 0.0228973 -0.00492061 -0.0246357 0.0228973 -0.0113854 -0.0258418 0.0228973 -0.00870599 -0.0253767 0.0228973 -0.0157482 -0.0272288 0.0192324 -0.0155646 -0.0269667 0.0201191 -0.0162812 -0.0268556 0.0201191 -0.0147291 -0.0257734 0.0228973 -0.0127338 -0.025948 0.0228973 -0.00641613 -0.0235886 0.024272 -0.0102854 -0.0242708 0.0242771 -0.0086919 -0.021995 0.0251646 -0.0141547 -0.024953 0.0238517 -0.0125612 -0.0226773 0.0249671 -0.0109677 -0.0204015 0.0253701 0.00411159 -0.0279279 0.0145627 0.00462065 -0.0279251 0.0145627 0.000756135 -0.0278764 0.0145627 0.00428041 -0.0276868 0.0165309 0.00439188 -0.0275276 0.0173409 0.00110184 -0.0273827 0.0173409 0.00404456 -0.0275217 0.0173409 0.00509026 -0.0265302 0.0201191 0.00718049 -0.0263259 0.0201191 0.00182288 -0.0263529 0.0201191 0.00250399 -0.026443 0.0201191 0.00587392 -0.0254111 0.0217224 0.00200465 -0.0260933 0.0206701 0.0030695 -0.0245725 0.0228973 0.00444032 -0.0244072 0.0228973 0.0069759 -0.0238373 0.0228973 0.00828987 -0.0237112 0.0228973 -0.00136432 -0.0260611 0.0201191 -0.0002711 -0.0244998 0.0226923 -0.000153296 -0.0243316 0.0228973 -0.00362989 -0.024453 0.0228973 -0.000557722 -0.0242991 0.0228973 0.00359815 -0.0238176 0.0233861 0.00746742 -0.0231353 0.023246 0.00906092 -0.0208595 0.0240999 0.00519166 -0.0215418 0.0240447 0.00678516 -0.019266 0.0243408 0.0013224 -0.0222241 0.0241908 -0.00254686 -0.0229063 0.0240906 -0.000953359 -0.0206305 0.0245972 0.00291591 -0.0199483 0.0245116 0.00450941 -0.0176725 0.0245392 0.000640145 -0.0183548 0.0247263 0.00223365 -0.016079 0.0247506 0.0106544 -0.0185838 0.0245213 0.0122479 -0.016308 0.0245998 0.00837867 -0.0169903 0.0245466 0.00997218 -0.0147145 0.0246396 0.0138415 -0.0140322 0.0246073 0.0115657 -0.0124387 0.0246393 0.00610292 -0.0153968 0.0246244 0.00769643 -0.013121 0.0247294 0.00382716 -0.0138033 0.0247729 0.00542067 -0.0115275 0.0248266 0.00928994 -0.0108452 0.0247469 0.00701418 -0.00925172 0.0249081 -0.00482263 -0.0213128 0.0249894 -0.00322913 -0.019037 0.0249858 -0.0070984 -0.0197193 0.0253941 -0.00550489 -0.0174435 0.0252927 -0.00163562 -0.0167613 0.0249536 -4.21179e-05 -0.0144855 0.0249709 -0.00391139 -0.0151678 0.0251957 -0.00231789 -0.012892 0.0251226 -0.00937416 -0.0181258 0.0255013 -0.00778066 -0.01585 0.0254825 -0.00618716 -0.0135743 0.0253924 -0.00459365 -0.0112985 0.0252234 0.00155139 -0.0122098 0.0249342 0.0031449 -0.00993398 0.0249588 -0.000724376 -0.0106162 0.0250318 0.000869134 -0.00834047 0.0250688 0.00473841 -0.00765821 0.025093 0.00246264 -0.0060647 0.0252275 -0.00300014 -0.00902273 0.0251016 -0.00140663 -0.00674696 0.0251592 0.000186876 -0.00447119 0.0253034 -0.0455413 -0.0261854 -0.0159973 -0.0411781 -0.0263802 -0.0159973 -0.0441974 -0.0242661 -0.0179932 -0.0400315 -0.0280037 -0.0132192 -0.0389169 -0.0279635 -0.0132192 -0.039646 -0.027453 -0.0143123 -0.0407659 -0.0290524 -0.010441 -0.0376228 -0.0288697 -0.010441 -0.0477849 -0.0293895 -0.010441 -0.0466179 -0.0293544 -0.010441 -0.0473844 -0.0288176 -0.0118285 -0.0422689 -0.0263555 -0.0159973 -0.043488 -0.0280965 -0.0132192 -0.0468839 -0.0281027 -0.0132192 -0.0435689 -0.0280977 -0.0132192 -0.0457909 -0.0265418 -0.0155514 -0.0442886 -0.02924 -0.010441 -0.0421106 -0.0291188 -0.010441 -0.0435152 -0.0281354 -0.0131414 -0.0515603 -0.025094 -0.0159973 -0.048749 -0.0210791 -0.0193287 -0.0564496 -0.0223895 -0.0159973 -0.0533005 -0.017892 -0.0193473 -0.0501271 -0.0278909 -0.0132192 -0.0485042 -0.0280335 -0.0132192 -0.0496602 -0.0272241 -0.0142192 -0.0531447 -0.0273568 -0.0132192 -0.051936 -0.0256306 -0.0154239 -0.0511308 -0.0293243 -0.010441 -0.0541938 -0.0288551 -0.010441 -0.0515634 -0.029283 -0.010441 -0.0535295 -0.0279064 -0.0123212 -0.0486572 -0.0257917 -0.0159973 -0.0464153 -0.0261047 -0.0159973 -0.0558517 -0.0263792 -0.0132192 -0.0554397 -0.0265688 -0.0132192 -0.0558052 -0.0263129 -0.0133169 -0.0542117 -0.0240371 -0.0159636 -0.0581883 -0.0248726 -0.0132192 -0.058081 -0.0247193 -0.0134313 -0.0564875 -0.0224436 -0.0159468 -0.056956 -0.0279563 -0.010441 -0.0593557 -0.0265397 -0.010441 -0.0541874 -0.0240023 -0.0159973 -0.0596271 -0.01724 -0.0159973 -0.057852 -0.014705 -0.0180373 -0.0608857 -0.0125808 -0.0159973 -0.0590639 -0.0240311 -0.0132192 -0.0600722 -0.0227195 -0.0132192 -0.0587633 -0.0208501 -0.0153321 -0.0614245 -0.0198071 -0.0132192 -0.061039 -0.0192566 -0.0139085 -0.0613011 -0.0244744 -0.010441 -0.0603568 -0.0231258 -0.0126597 -0.0626811 -0.0216016 -0.010441 -0.0626326 -0.0215323 -0.0105745 -0.0582736 -0.0201508 -0.0159973 -0.0617407 -0.0187653 -0.0132192 -0.0627252 -0.0214675 -0.010441 -0.0635288 -0.0179689 -0.010441 -0.0633147 -0.0176631 -0.0110187 -0.0636097 -0.0174566 -0.010441 -0.062316 -0.0162368 -0.0132192 -0.0598008 -0.016732 -0.0159973 -0.0617212 -0.0153873 -0.0143013 -0.0606163 -0.0138093 -0.0159973 -0.0625744 -0.01479 -0.0132192 -0.0629452 -0.0122917 -0.0132192 -0.0624035 -0.0115181 -0.0142859 -0.0640573 -0.0138799 -0.010441 -0.063997 -0.0137938 -0.0106241 -0.0376764 -0.0294839 -0.00766279 -0.0368155 -0.029435 -0.00766279 -0.0373702 -0.0290466 -0.00968275 -0.0412356 -0.0297233 -0.00766279 -0.037984 -0.0299232 -0.0048846 -0.0362526 -0.0298291 -0.0048846 -0.041566 -0.0301952 -0.0048846 -0.0406801 -0.0301204 -0.0048846 -0.0412395 -0.0297288 -0.00763456 -0.0483732 -0.0302297 -0.00766279 -0.0455885 -0.0300751 -0.00766279 -0.0452739 -0.030647 -0.0048846 -0.0448379 -0.0306007 -0.0048846 -0.0451087 -0.0304111 -0.0059281 -0.0487787 -0.0308089 -0.0048846 -0.0448337 -0.0300185 -0.00766279 -0.0412464 -0.0297239 -0.00766279 -0.038132 -0.0301345 -0.0021064 -0.0359947 -0.0300096 -0.0021064 -0.0417628 -0.0304762 -0.0021064 -0.0403916 -0.0303225 -0.0021064 -0.0380876 -0.0300711 0.0006718 -0.0360759 -0.0299528 0.0006718 -0.0417127 -0.0304047 0.0006718 -0.0404591 -0.0302752 0.0006718 -0.0455651 -0.0310629 -0.0021064 -0.0443951 -0.0309108 -0.0021064 -0.0489846 -0.0311029 -0.0021064 -0.0489622 -0.0311044 -0.0021064 -0.0489779 -0.0310934 -0.0023308 -0.0454885 -0.0309536 0.0006718 -0.0445129 -0.0308283 0.0006718 -0.0489779 -0.0310934 0.000591 -0.0489732 -0.0310866 0.0006718 -0.0379874 -0.029928 0.00345 -0.0362668 -0.0298192 0.00345 -0.0415942 -0.0302354 0.00345 -0.0406367 -0.0301509 0.00345 -0.0379043 -0.0298093 0.0062281 -0.0364686 -0.0296778 0.0062281 -0.0415512 -0.030174 0.0062281 -0.0407163 -0.0300952 0.0062281 -0.0453342 -0.0307332 0.00345 -0.0447616 -0.0306542 0.00345 -0.0489635 -0.0310727 0.00345 -0.045278 -0.0306529 0.0062281 -0.044847 -0.0305943 0.0062281 -0.0489485 -0.0310513 0.0062281 -0.0377536 -0.0295941 0.0090063 -0.0367371 -0.0294898 0.0090063 -0.0414248 -0.0299936 0.0090063 -0.0409255 -0.0299487 0.0090063 -0.0412395 -0.0297288 0.0114818 -0.0451087 -0.0304111 0.0089536 -0.0487731 -0.0308008 0.0090063 -0.045117 -0.0304053 0.0090063 -0.0451036 -0.0304038 0.0090063 -0.0552732 -0.0303966 -0.0048846 -0.0546599 -0.0305064 -0.0048846 -0.055123 -0.0301821 -0.00601547 -0.0576324 -0.0289223 -0.00766279 -0.0561454 -0.0294663 -0.00766279 -0.0573988 -0.0285886 -0.00878689 -0.0600822 -0.0275774 -0.00766279 -0.0596745 -0.0269951 -0.00937707 -0.0580926 -0.0295795 -0.0048846 -0.0605692 -0.0282729 -0.0048846 -0.0555299 -0.0307632 -0.0021064 -0.0540719 -0.0309181 -0.0021064 -0.0556577 -0.0309457 0.0006718 -0.0538849 -0.031049 0.0006718 -0.058449 -0.0300886 -0.0021064 -0.060946 -0.028811 -0.0021064 -0.0586679 -0.0304011 0.0006718 -0.0611833 -0.0291499 0.0006718 -0.0517293 -0.030179 -0.00766279 -0.0501967 -0.03024 -0.00766279 -0.0512537 -0.0294999 -0.00998324 -0.0548626 -0.0298102 -0.00766279 -0.0520998 -0.0307082 -0.0048846 -0.0494076 -0.0307925 -0.0048846 -0.0522906 -0.0309807 -0.0021064 -0.0523483 -0.0310631 0.0006718 -0.0489883 -0.0310862 0.0006718 -0.0620909 -0.0256025 -0.00766279 -0.0619503 -0.0254016 -0.00826534 -0.0624882 -0.0250249 -0.00766279 -0.0625799 -0.0263007 -0.0048846 -0.0638557 -0.0240674 -0.0048846 -0.0628898 -0.0267433 -0.0021064 -0.0643652 -0.0240067 -0.0021064 -0.0642261 -0.0238081 -0.0036109 -0.06308 -0.0270149 0.0006718 -0.0644913 -0.0241869 0.0006718 -0.0645527 -0.0235793 -0.0021064 -0.0648657 -0.0233602 0.0006718 -0.0635186 -0.0227977 -0.00766279 -0.0640572 -0.0235669 -0.0048846 -0.0641671 -0.0204578 -0.00766279 -0.0644031 -0.0192175 -0.00766279 -0.0647572 -0.0166531 -0.00766279 -0.0650281 -0.02011 -0.0048846 -0.0649082 -0.0199389 -0.0054705 -0.0650898 -0.0198118 -0.0048846 -0.0656266 -0.0161212 -0.0048846 -0.0655905 -0.0160696 -0.00502461 -0.064895 -0.0150763 -0.00766279 -0.0654995 -0.0207833 -0.0021064 -0.0658391 -0.0192871 -0.0021064 -0.0662046 -0.0169466 -0.0021064 -0.0657097 -0.0210835 0.0006718 -0.0661863 -0.019044 0.0006718 -0.0664666 -0.0173208 0.0006718 -0.0557391 -0.0310621 0.00345 -0.0537314 -0.0311565 0.00345 -0.0557767 -0.0311158 0.0062281 -0.0536248 -0.0312312 0.0062281 -0.0587235 -0.0304805 0.00345 -0.0612101 -0.0291881 0.00345 -0.0586419 -0.030364 0.0062281 -0.0610342 -0.028937 0.0062281 -0.0556531 -0.0309392 0.0090063 -0.0538154 -0.0310977 0.0090063 -0.0584229 -0.0300513 0.0090063 -0.0607631 -0.0285497 0.0090063 -0.0524135 -0.0311562 0.00345 -0.0490055 -0.0310741 0.00345 -0.0524481 -0.0312057 0.0062281 -0.0490319 -0.0310556 0.0062281 -0.0523363 -0.031046 0.0090063 -0.0493355 -0.030843 0.0090063 -0.0631346 -0.0270929 0.00345 -0.0645453 -0.0242639 0.00345 -0.0629987 -0.0268989 0.0062281 -0.0645727 -0.0243032 0.0062281 -0.0649744 -0.0232841 0.00345 -0.0651313 -0.0231742 0.0062281 -0.0627664 -0.0265672 0.0090063 -0.0644861 -0.0241794 0.0090063 -0.0650475 -0.0232329 0.0090063 -0.0657602 -0.0211556 0.00345 -0.0663028 -0.0189624 0.00345 -0.0665758 -0.0174767 0.00345 -0.0658662 -0.021307 0.0062281 -0.066493 -0.0188292 0.0062281 -0.0666908 -0.017641 0.0062281 -0.0658897 -0.0213406 0.0090063 -0.0664973 -0.0188262 0.0090063 -0.0666425 -0.017572 0.0090063 -0.0284141 -0.0210996 -0.0215537 -0.0223464 -0.012434 -0.0266015 -0.0409411 -0.0196156 -0.0215537 -0.0294129 -0.0210522 -0.0215537 -0.0378234 -0.0151631 -0.0240989 -0.0314494 -0.00606006 -0.0275133 -0.025178 -0.0261652 -0.0159973 -0.0222292 -0.0260823 -0.0159973 -0.0241689 -0.0247241 -0.0180854 -0.0320682 -0.0263181 -0.0159973 -0.0315873 -0.0263128 -0.0159973 -0.0319075 -0.0260886 -0.016359 -0.0287204 -0.0215371 -0.0211951 -0.0226228 -0.0273597 -0.0132192 -0.0205291 -0.0272727 -0.0132192 -0.0218931 -0.0263176 -0.0155448 -0.0261122 -0.0274995 -0.0132192 -0.0251051 -0.0274601 -0.0132192 -0.0257624 -0.0269999 -0.0144058 -0.0232118 -0.0282009 -0.010441 -0.0267368 -0.0283914 -0.010441 -0.0239921 -0.0282395 -0.010441 -0.0330837 -0.0277684 -0.0132192 -0.0296691 -0.0276559 -0.0132192 -0.0302508 -0.0285662 -0.010441 -0.0284848 -0.0284852 -0.010441 -0.0296317 -0.0276821 -0.0131482 -0.0337209 -0.0286785 -0.010441 -0.0330767 -0.0286613 -0.010441 -0.0335009 -0.0283643 -0.0115544 -0.0286408 -0.026267 -0.0159973 -0.0296118 -0.0276537 -0.0132192 -0.0268737 -0.0262217 -0.0159973 -0.0218138 -0.0213606 -0.0215537 -0.0191974 -0.0214221 -0.0215537 -0.0217216 -0.0260726 -0.0159973 -0.0389044 -0.026394 -0.0159973 -0.036459 -0.0229016 -0.0197394 -0.0348834 -0.0206515 -0.0215537 -0.0410104 -0.0197146 -0.0214876 -0.0365444 -0.0278671 -0.0132192 -0.0343143 -0.0277947 -0.0132192 -0.0357767 -0.0267708 -0.015349 -0.0354924 -0.0263648 -0.0159973 -0.0363444 -0.0263732 -0.0159973 -0.0372317 -0.0288488 -0.010441 -0.0159724 -0.00333101 -0.0290224 -0.0250754 0.00304298 -0.0283843 -0.0506686 -0.0141334 -0.0215537 -0.0469265 -0.00878905 -0.02391 -0.0405525 0.000313983 -0.0262656 -0.0548116 -0.00326786 -0.0215537 -0.055016 -0.000967705 -0.0215537 -0.0496555 0.00668797 -0.0233217 -0.0463211 -0.0176117 -0.0215537 -0.0412773 -0.0195278 -0.0215537 -0.0522327 -0.0118567 -0.0215537 -0.0546651 -0.0101536 -0.0208129 -0.0536433 -0.00869433 -0.0215537 -0.0613417 -0.0100016 -0.0159973 -0.0592165 -0.0069666 -0.0185049 -0.0560295 -0.00241507 -0.020967 -0.0341785 0.00941702 -0.0260002 -0.0432815 0.015791 -0.0220932 -0.04239 0.0170641 -0.0215537 -0.0344683 0.0186903 -0.0215537 -0.0371494 0.0182804 -0.0215537 -0.0400945 0.0203425 -0.0195962 -0.0378277 0.0235797 -0.0159973 -0.036974 0.024799 -0.0132192 -0.0274607 -0.0294253 -0.0048846 -0.0271673 -0.0294077 -0.0048846 -0.0273559 -0.0292756 -0.00598693 -0.0235976 -0.0287519 -0.00766279 -0.0232858 -0.028734 -0.00766279 -0.0234866 -0.0285934 -0.008565 -0.0271651 -0.0290031 -0.00766279 -0.0238672 -0.0291368 -0.0048846 -0.0228153 -0.0290635 -0.0048846 -0.0306847 -0.0291859 -0.00766279 -0.0277012 -0.0290339 -0.00766279 -0.0341529 -0.0292954 -0.00766279 -0.0322596 -0.0292335 -0.00766279 -0.0309848 -0.0296145 -0.0048846 -0.0344684 -0.029746 -0.0048846 -0.0316843 -0.0296363 -0.0048846 -0.0276152 -0.029646 -0.0021064 -0.0268915 -0.0296008 -0.0021064 -0.0275663 -0.029576 0.0006718 -0.0269783 -0.02954 0.0006718 -0.0240192 -0.0293539 -0.0021064 -0.0225798 -0.0292284 -0.0021064 -0.023997 -0.0293222 0.0006718 -0.0226275 -0.0291949 0.0006718 -0.0311439 -0.0298417 -0.0021064 -0.0346194 -0.0299617 -0.0021064 -0.0313798 -0.0298495 -0.0021064 -0.0311273 -0.0298181 0.0006718 -0.0345881 -0.0299169 0.0006718 -0.0314088 -0.0298292 0.0006718 -0.0274048 -0.0293455 0.00345 -0.0272659 -0.0293387 0.00345 -0.0273559 -0.0292756 0.0043688 -0.0238404 -0.0290985 0.00345 -0.0228963 -0.0290067 0.00345 -0.0236856 -0.0288775 0.0062281 -0.0231568 -0.0288244 0.0062281 -0.0272768 -0.0291626 0.0062281 -0.0309723 -0.0295967 0.00345 -0.0344693 -0.0297474 0.00345 -0.0316886 -0.0296333 0.00345 -0.0308082 -0.0293624 0.0062281 -0.0275035 -0.0291723 0.0062281 -0.034314 -0.0295254 0.0062281 -0.0320011 -0.0294145 0.0062281 -0.0235808 -0.0287279 0.0090063 -0.0233207 -0.0287096 0.0090063 -0.027178 -0.0290215 0.0090063 -0.0307284 -0.0292483 0.0090063 -0.0276715 -0.0290546 0.0090063 -0.034169 -0.0293184 0.0090063 -0.0321917 -0.029281 0.0090063 -0.0630945 -0.0110342 -0.0132192 -0.0640695 -0.0137431 -0.010441 -0.0643554 -0.0101513 -0.010441 -0.0656331 -0.0160398 -0.0048846 -0.0650094 -0.0130849 -0.00766279 -0.0651357 -0.0105764 -0.00766279 -0.0646792 -0.00992455 -0.00942604 -0.0651827 -0.00957203 -0.00766279 -0.0657954 -0.0125345 -0.0048846 -0.0658149 -0.0115465 -0.0048846 -0.0659157 -0.00905879 -0.0048846 -0.0663363 -0.0155474 -0.0021064 -0.0667109 -0.0152851 0.0006718 -0.0663991 -0.0123807 -0.0021064 -0.0662728 -0.0122003 -0.0027873 -0.0663933 -0.0121159 -0.0021064 -0.066462 -0.00867627 -0.0021064 -0.0667912 -0.0129407 0.0006718 -0.0667627 -0.0118573 0.0006718 -0.0667122 -0.00850104 0.0006718 -0.0669224 -0.015137 0.00345 -0.067012 -0.0150742 0.0062281 -0.0670411 -0.0132976 0.00345 -0.0670076 -0.0116858 0.00345 -0.0667739 -0.00845785 0.00345 -0.0670951 -0.0133748 0.0062281 -0.0670329 -0.011668 0.0062281 -0.0667339 -0.00848584 0.0062281 -0.0668269 -0.0152038 0.0090063 -0.0668765 -0.0130626 0.0090063 -0.0668285 -0.0118111 0.0090063 -0.0666564 -0.00854016 0.0090063 -0.0533395 0.00926751 -0.0215537 -0.0619538 -0.00504994 -0.0159973 -0.0622555 -0.00161948 -0.0159973 -0.060581 0.000771956 -0.017967 -0.0624874 0.00210684 -0.0159973 -0.0633721 -0.00805778 -0.0132192 -0.061523 -0.00874304 -0.0159973 -0.0630857 -0.00764878 -0.013848 -0.061864 -0.0059039 -0.0159973 -0.0634254 -0.00741097 -0.0132192 -0.063753 -0.00379013 -0.0132192 -0.0643922 -0.00951456 -0.010441 -0.0646029 -0.00658645 -0.010441 -0.0647204 -0.0051397 -0.010441 -0.063768 -0.00377958 -0.0131892 -0.0637555 -0.00376172 -0.0132192 -0.0649098 -0.00298012 -0.010441 -0.0622684 -0.00143808 -0.0159973 -0.0640732 -0.000174322 -0.0132192 -0.0641308 0.000546052 -0.0132192 -0.0628568 0.00236547 -0.0155286 -0.0643386 0.00340306 -0.0132192 -0.0650962 -0.000832664 -0.010441 -0.0644503 8.96989e-05 -0.0124316 -0.065231 0.000636369 -0.010441 -0.0654836 0.00345757 -0.010441 -0.0651326 0.00395898 -0.0115353 -0.0549611 0.0036199 -0.0215537 -0.057394 0.00532348 -0.0201373 -0.054207 0.00987499 -0.0210581 -0.0624802 0.00774689 -0.0159973 -0.0619456 0.00851049 -0.0164981 -0.0587586 0.013062 -0.0180351 -0.0625204 0.0028459 -0.0159973 -0.0644196 0.00497726 -0.0132192 -0.062562 0.00555058 -0.0159973 -0.0635391 0.00623475 -0.014724 -0.0655374 0.00424244 -0.010441 -0.0623933 0.00882401 -0.0159973 -0.0609953 0.0146282 -0.0159973 -0.0644719 0.00688793 -0.0132192 -0.0643934 0.00985803 -0.0132192 -0.0642212 0.010104 -0.0134804 -0.0643672 0.0102062 -0.0132192 -0.0656844 0.00773694 -0.010441 -0.065686 0.00801202 -0.010441 -0.0656385 0.0110963 -0.010441 -0.0619125 0.0118789 -0.0159973 -0.0626277 0.0123797 -0.015147 -0.0610342 0.0146555 -0.0159546 -0.0639624 0.0133142 -0.0132192 -0.0631409 0.0161305 -0.0132192 -0.0654818 0.0131474 -0.010441 -0.0649035 0.0139732 -0.0114411 -0.06331 0.016249 -0.0129441 -0.065324 0.0142676 -0.010441 -0.0645849 0.0171416 -0.010441 -0.0442481 0.0164678 -0.0215537 -0.0497806 0.0135587 -0.0215537 -0.05102 0.0144265 -0.0208411 -0.047833 0.018978 -0.0193304 -0.0555715 0.0176135 -0.0178016 -0.0528969 0.0214333 -0.0159973 -0.0518042 0.0217587 -0.0159973 -0.0523845 0.022165 -0.0153489 -0.0450582 0.0229408 -0.0159973 -0.0439726 0.0230581 -0.0159973 -0.044646 0.0235296 -0.015088 -0.0414111 0.0233058 -0.0159973 -0.0396855 0.0234478 -0.0159973 -0.0407767 0.0242118 -0.0142571 -0.0405149 0.0245858 -0.0132192 -0.0440535 0.0243757 -0.0132192 -0.0412541 0.0245461 -0.0132192 -0.0400979 0.0251812 -0.010441 -0.0436064 0.0250143 -0.010441 -0.0420248 0.0250857 -0.010441 -0.0488169 0.0224165 -0.0159973 -0.0480741 0.0225384 -0.0159973 -0.0485153 0.0228473 -0.015461 -0.0476361 0.0241029 -0.0132192 -0.0456866 0.0242582 -0.0132192 -0.0512909 0.023727 -0.0132192 -0.04999 0.0238799 -0.0132192 -0.0471119 0.0248515 -0.010441 -0.0465612 0.0248706 -0.010441 -0.050791 0.0244408 -0.011431 -0.0506145 0.0246929 -0.010441 -0.057594 0.0190297 -0.0159973 -0.0608833 0.014871 -0.0159973 -0.0585853 0.018153 -0.0159973 -0.0578472 0.019207 -0.0157297 -0.0626525 0.0171879 -0.0132192 -0.0595758 0.0170258 -0.0159973 -0.0617165 0.0185247 -0.0133294 -0.0610792 0.0194349 -0.0132192 -0.0598266 0.0205929 -0.0132192 -0.060123 0.0208005 -0.0127381 -0.0550066 0.0206095 -0.0159973 -0.0562537 0.0214827 -0.0145644 -0.0552834 0.0228685 -0.0132192 -0.0539241 0.0232431 -0.0132192 -0.0572013 0.0221462 -0.0132192 -0.0546602 0.0237585 -0.011807 -0.0585295 0.0230762 -0.0105405 -0.0584892 0.0231338 -0.010441 -0.0551878 0.0241279 -0.010441 -0.0617867 0.0185739 -0.0132192 -0.0632374 0.0195897 -0.010441 -0.0612408 0.0215832 -0.010441 -0.0585656 0.0231015 -0.010441 -0.0542787 0.0243034 -0.010441 -0.0511113 0.0246651 -0.010441 -0.0654364 -0.00616217 -0.00766279 -0.0653615 -0.00605526 -0.00797778 -0.0660634 -0.00705774 -0.0048846 -0.0654482 -0.00599458 -0.00766279 -0.0657393 -0.00239933 -0.00766279 -0.0661713 -0.00548823 -0.0048846 -0.066352 -0.0026262 -0.0048846 -0.0660438 -0.00218606 -0.00641326 -0.0663826 -0.00194884 -0.0048846 -0.0657807 -0.00181032 -0.00766279 -0.0660491 0.00120914 -0.00766279 -0.066168 0.00248024 -0.00766279 -0.066664 0.00163973 -0.0048846 -0.066675 0.00175619 -0.0048846 -0.0665212 -0.00771143 -0.0021064 -0.0667134 -0.00798593 0.0006718 -0.0666607 -0.00514557 -0.0021064 -0.0667258 -0.00316004 -0.0021064 -0.0667635 -0.00168212 -0.0021064 -0.0667472 -0.005085 0.0006718 -0.0667586 -0.0032069 0.0006718 -0.0667797 -0.00167083 0.0006718 -0.0669588 0.00135088 -0.0021064 -0.0667261 0.0016832 -0.004556 -0.0669473 0.00136726 0.0006718 -0.066333 0.0047995 -0.00766279 -0.0669581 0.00523725 -0.0048846 -0.0670101 0.00188207 -0.0021064 -0.0674096 0.00555055 -0.0021064 -0.0674083 0.00555243 -0.0021205 -0.0674099 0.00555358 -0.0021064 -0.0669935 0.00187048 0.0006718 -0.0674587 0.00548035 0.0006718 -0.0674745 0.00559883 0.0006718 -0.0664141 0.00697218 -0.00766279 -0.0658147 0.0078282 -0.0100265 -0.0664406 0.00826647 -0.00766279 -0.0664838 0.0116882 -0.00766279 -0.0669983 0.00613788 -0.0048846 -0.0670936 0.00872366 -0.0048846 -0.0671612 0.0107489 -0.0048846 -0.066497 0.0116975 -0.00761108 -0.0664833 0.011717 -0.00766279 -0.0671862 0.01218 -0.0048846 -0.066308 0.0149567 -0.00766279 -0.0656099 0.017808 -0.00766279 -0.0655858 0.0178425 -0.0076887 -0.0655938 0.0178481 -0.00766279 -0.06711 0.0155182 -0.0048846 -0.0670916 0.0156919 -0.0048846 -0.0664167 0.0184243 -0.0048846 -0.0676827 0.00913612 -0.0021064 -0.0677219 0.00994818 -0.0021064 -0.0679327 0.00931124 0.0006718 -0.0679635 0.00960315 0.0006718 -0.0677914 0.0126038 -0.0021064 -0.0681163 0.0128313 0.0006718 -0.0677439 0.0147604 -0.0021064 -0.0671793 0.0155667 -0.0046189 -0.0676632 0.0159055 -0.0021064 -0.0670423 0.0188624 -0.0021064 -0.0680308 0.0143506 0.0006718 -0.0678615 0.0160444 0.0006718 -0.0672451 0.0190043 0.0006718 -0.0667368 -0.00801943 0.00345 -0.0666787 -0.00793645 0.0062281 -0.0666375 -0.0051618 0.00345 -0.0666386 -0.00303545 0.00345 -0.0666598 -0.00175474 0.00345 -0.0665825 -0.00520029 0.0062281 -0.0666082 -0.00299211 0.0062281 -0.0666495 -0.00176197 0.0062281 -0.0668471 0.00151037 0.00345 -0.0668732 0.0014731 0.0062281 -0.0666293 -0.00786592 0.0090063 -0.0666753 -0.0051353 0.0090063 -0.0667493 -0.00319354 0.0090063 -0.0668135 -0.00164713 0.0090063 -0.0669804 0.00132 0.0090063 -0.0668693 0.00178347 0.00345 -0.0672905 0.00547 0.00345 -0.0674083 0.00555243 0.0016891 -0.0668988 0.00180417 0.0062281 -0.0672878 0.00546805 0.0062281 -0.0670146 0.00188522 0.0090063 -0.06743 0.00552131 0.0090063 -0.0674083 0.00555243 0.008381 -0.0674375 0.00557291 0.0090063 -0.0673167 0.00568317 0.00345 -0.0678688 0.0092665 0.00345 -0.0679357 0.00964279 0.00345 -0.0673145 0.00568628 0.0062281 -0.0679187 0.00930143 0.0062281 -0.0679729 0.00958963 0.0062281 -0.0682203 0.0129042 0.00345 -0.0683218 0.0129752 0.0062281 -0.0681466 0.0141852 0.00345 -0.0679195 0.016085 0.00345 -0.0672543 0.0190108 0.00345 -0.0682981 0.0139689 0.0062281 -0.0680903 0.0162047 0.0062281 -0.0673699 0.0190917 0.0062281 -0.0680637 0.00940295 0.0090063 -0.0680708 0.0094498 0.0090063 -0.0684017 0.0130311 0.0090063 -0.0683975 0.0138269 0.0090063 -0.0682103 0.0162886 0.0090063 -0.0674498 0.0191477 0.0090063 -0.0399209 0.025434 -0.00766279 -0.0434549 0.0252306 -0.00766279 -0.0423135 0.0252879 -0.00766279 -0.0397689 0.0256511 -0.0048846 -0.0433454 0.025387 -0.0048846 -0.0425262 0.0254369 -0.0048846 -0.0469329 0.0251071 -0.00766279 -0.0468987 0.0251069 -0.00766279 -0.0503209 0.0251122 -0.00766279 -0.0469218 0.0251231 -0.00731335 -0.0501176 0.0254026 -0.0048846 -0.047124 0.0252647 -0.0048846 -0.046829 0.0252555 -0.0048846 -0.0394812 0.026062 -0.0021064 -0.0430943 0.0257455 -0.0021064 -0.0429769 0.0257524 -0.0021064 -0.0430525 0.0258053 -0.0017859 -0.0426889 0.0263245 0.0006718 -0.0498353 0.0258058 -0.0021064 -0.0476461 0.0256303 -0.0021064 -0.0494489 0.0263575 0.0006718 -0.0485809 0.0262848 0.0006718 -0.0465912 0.0255951 -0.0021064 -0.0461638 0.0262055 0.0006718 -0.0437198 0.0262726 0.0006718 -0.0577046 0.0242544 -0.00766279 -0.0559548 0.024665 -0.00766279 -0.0571783 0.0250059 -0.0048846 -0.0566214 0.0251318 -0.0048846 -0.0639923 0.0201182 -0.00830199 -0.0630841 0.0214152 -0.00766279 -0.0621223 0.0222004 -0.00766279 -0.0641772 0.0202477 -0.00766279 -0.0623988 0.022394 -0.0064402 -0.0649205 0.0207682 -0.0048846 -0.0627137 0.0226145 -0.0048846 -0.0593796 0.0236715 -0.00766279 -0.0618731 0.0231447 -0.0048846 -0.059972 0.0240863 -0.0048846 -0.056936 0.025352 -0.0035834 -0.0655362 0.0211993 -0.0021064 -0.0632363 0.0229804 -0.0021064 -0.0658309 0.0214056 0.0006718 -0.0636628 0.0232791 0.0006718 -0.0611756 0.0241409 -0.0021064 -0.0605068 0.0244607 -0.0021064 -0.0572882 0.0255986 -0.0021064 -0.0608053 0.0246698 -0.0004473 -0.0605766 0.0249963 0.0006718 -0.0578323 0.0259796 0.0006718 -0.0609935 0.0248016 0.0006718 -0.0538083 0.0249751 -0.00766279 -0.0517303 0.0250985 -0.00766279 -0.0534414 0.0254992 -0.0048846 -0.0523017 0.0254986 -0.0048846 -0.0530667 0.0260343 -0.0022276 -0.0530484 0.0260604 -0.0021064 -0.0566578 0.0257494 -0.0021064 -0.0531074 0.0260628 -0.0021064 -0.0526783 0.026589 0.0006718 -0.0562458 0.0263376 0.0006718 -0.0538675 0.026595 0.0006718 -0.0423768 0.0267703 0.00345 -0.0423703 0.0267796 0.0062281 -0.0491975 0.0267166 0.002914 -0.0458352 0.0266748 0.00345 -0.0443177 0.0266912 0.00345 -0.0491651 0.0267629 0.00345 -0.0458133 0.0267062 0.0062281 -0.0443534 0.0267163 0.0062281 -0.04919 0.0267274 0.0062281 -0.0424821 0.0266199 0.0090063 -0.0492932 0.0265799 0.0090063 -0.0490082 0.026584 0.0090063 -0.0491975 0.0267166 0.006349 -0.0458735 0.0266201 0.0090063 -0.0442066 0.0266134 0.0090063 -0.0659228 0.02147 0.00345 -0.0639391 0.0234725 0.00345 -0.0660058 0.0215281 0.0062281 -0.0640796 0.0235709 0.0062281 -0.0601735 0.0255719 0.00345 -0.058146 0.0261992 0.00345 -0.0613582 0.0250569 0.00345 -0.0600437 0.0257574 0.0062281 -0.0582172 0.0262491 0.0062281 -0.0615161 0.0251674 0.0062281 -0.0660272 0.0215431 0.0090063 -0.0640581 0.0235559 0.0090063 -0.0601395 0.0256206 0.0090063 -0.0580775 0.0261513 0.0090063 -0.0614436 0.0251167 0.0090063 -0.0524912 0.0268562 0.00345 -0.0492719 0.0267687 0.00345 -0.0560748 0.0265819 0.00345 -0.0541493 0.0267923 0.00345 -0.0525761 0.026735 0.0062281 -0.0492136 0.0267278 0.0062281 -0.0560955 0.0265524 0.0062281 -0.0540148 0.0266981 0.0062281 -0.0527235 0.0265244 0.0090063 -0.0562081 0.0263915 0.0090063 -0.0537442 0.0265086 0.0090063 -0.0374465 -0.0291555 0.0145627 -0.0372268 -0.029147 0.0145627 -0.0410256 -0.0294233 0.0145627 -0.0373702 -0.0290466 0.0156553 -0.0406637 -0.0289065 0.0173409 -0.0378015 -0.0287446 0.0173409 -0.0482642 -0.0300741 0.0145627 -0.0459114 -0.0298491 0.0145627 -0.0477555 -0.0293476 0.0173409 -0.0467235 -0.0292804 0.0173409 -0.0446279 -0.0297245 0.0145627 -0.0416177 -0.029464 0.0145627 -0.0441956 -0.0291072 0.0173409 -0.042289 -0.0289939 0.0173409 -0.0399539 -0.0278928 0.0201191 -0.0391119 -0.027827 0.0201191 -0.039646 -0.027453 0.0210368 -0.0473844 -0.0288176 0.0188892 -0.0436214 -0.0282871 0.0201191 -0.0433353 -0.0282613 0.0201191 -0.0470944 -0.0284035 0.0201191 -0.0435152 -0.0281354 0.0206443 -0.043066 -0.027494 0.0228973 -0.0406252 -0.0267674 0.0228973 -0.0465722 -0.0276576 0.0228973 -0.0441433 -0.0276955 0.0228973 -0.0419216 -0.0258596 0.025185 -0.0458836 -0.0266742 0.0256754 -0.0455906 -0.0266821 0.0256754 -0.0422745 -0.0256125 0.0256754 -0.0457909 -0.0265418 0.025852 -0.0441974 -0.0242661 0.0268975 -0.055123 -0.0301821 0.0135744 -0.0578526 -0.0292367 0.0145627 -0.0554875 -0.0299269 0.0145627 -0.0602279 -0.0277853 0.0145627 -0.0573988 -0.0285886 0.0171157 -0.059758 -0.0271143 0.0173409 -0.0578173 -0.0282955 0.0173409 -0.0596745 -0.0269951 0.0176899 -0.0517458 -0.0302027 0.0145627 -0.0502631 -0.0301935 0.0145627 -0.0550011 -0.0300081 0.0145627 -0.0512537 -0.0294999 0.017133 -0.0512004 -0.0294237 0.0173409 -0.054403 -0.0291539 0.0173409 -0.051376 -0.0294142 0.0173409 -0.0573365 -0.0284997 0.0173409 -0.0503448 -0.0282018 0.0201191 -0.0479971 -0.0283886 0.0201191 -0.0535295 -0.0279064 0.0196134 -0.0532906 -0.0275652 0.0201191 -0.0496602 -0.0272241 0.0223067 -0.0521274 -0.025904 0.0228973 -0.0504317 -0.0266839 0.0228973 -0.0495151 -0.0270169 0.0228973 -0.0561899 -0.0268623 0.0201191 -0.0544492 -0.0272623 0.0201191 -0.0588209 -0.025776 0.0201191 -0.0558052 -0.0263129 0.0207426 -0.0545519 -0.0245228 0.0228973 -0.058081 -0.0247193 0.0212864 -0.0568396 -0.0229464 0.0228973 -0.0622827 -0.0258763 0.0145627 -0.0637024 -0.0241748 0.0145627 -0.0642261 -0.0238081 0.0124878 -0.0613914 -0.025793 0.0173409 -0.0619503 -0.0254016 0.0171142 -0.0640729 -0.0235893 0.0145627 -0.061908 -0.0253411 0.0173409 -0.0636651 -0.0230069 0.0173409 -0.0651322 -0.0202587 0.0145627 -0.0652211 -0.0197198 0.0145627 -0.0657401 -0.0162833 0.0145627 -0.0643116 -0.0203567 0.0173409 -0.0649082 -0.0199389 0.0156121 -0.064431 -0.0192573 0.0173409 -0.0647967 -0.0166254 0.0173409 -0.0655905 -0.0160696 0.0152044 -0.0649854 -0.0152055 0.0173409 -0.0609593 -0.0239863 0.0201191 -0.0623516 -0.0217291 0.0201191 -0.0626326 -0.0215323 0.0198908 -0.0624958 -0.021337 0.0201191 -0.0603568 -0.0231258 0.0210667 -0.0589239 -0.0210794 0.0228973 -0.0596123 -0.0202556 0.0228973 -0.061039 -0.0192566 0.0222593 -0.0605088 -0.0184993 0.0228973 -0.063219 -0.0177302 0.0201191 -0.0633147 -0.0176631 0.019986 -0.0632431 -0.0175608 0.0201191 -0.0638294 -0.0139112 0.0201191 -0.063997 -0.0137938 0.0198737 -0.0638814 -0.0136288 0.0201191 -0.0611602 -0.0157802 0.0228973 -0.0617212 -0.0153873 0.0224329 -0.0613209 -0.0148156 0.0228973 -0.0620136 -0.0117911 0.0228973 -0.0624035 -0.0115181 0.0226308 -0.051936 -0.0256306 0.0235912 -0.0488547 -0.0260737 0.0256754 -0.0513439 -0.0247851 0.0256754 -0.0480667 -0.0249483 0.0267121 -0.0464732 -0.0226726 0.0268858 -0.0503425 -0.0233548 0.0265939 -0.048749 -0.0210791 0.0265577 -0.0542117 -0.0240371 0.0236171 -0.0564875 -0.0224436 0.0233565 -0.0529862 -0.0222869 0.0256754 -0.0533167 -0.0212722 0.0256754 -0.054894 -0.0201678 0.0252297 -0.0543262 -0.0193569 0.0256754 -0.0526182 -0.0217613 0.0259351 -0.0510247 -0.0194855 0.026363 -0.0533005 -0.017892 0.0261592 -0.0587633 -0.0208501 0.0230829 -0.0571698 -0.0185743 0.0247922 -0.0561097 -0.0170603 0.0256754 -0.0594455 -0.0169808 0.0240124 -0.0569407 -0.0153431 0.0256754 -0.057852 -0.014705 0.0253069 -0.0555763 -0.0162985 0.0259649 -0.0601277 -0.0131116 0.0240497 -0.0234866 -0.0285934 0.011847 -0.023297 -0.0283225 0.0145627 -0.0268954 -0.0286179 0.0145627 -0.0238298 -0.0283531 0.0145627 -0.0228451 -0.0276771 0.0173409 -0.020149 -0.0275389 0.0173409 -0.02648 -0.0280246 0.0173409 -0.0245782 -0.027829 0.0173409 -0.0305 -0.0289221 0.0145627 -0.0281379 -0.0287281 0.0145627 -0.0339693 -0.0290332 0.0145627 -0.0325758 -0.029012 0.0145627 -0.0300935 -0.0283416 0.0173409 -0.0288309 -0.0282428 0.0173409 -0.0336472 -0.0285733 0.0173409 -0.0332256 -0.0285571 0.0173409 -0.0220684 -0.0265679 0.0201191 -0.0215944 -0.0265268 0.0201191 -0.0258224 -0.0270855 0.0201191 -0.0256707 -0.0270641 0.0201191 -0.0218931 -0.0263176 0.0206119 -0.0257624 -0.0269999 0.0203264 -0.0248411 -0.0256841 0.0228973 -0.0233688 -0.0252844 0.0228973 -0.0296317 -0.0276821 0.0196274 -0.0335009 -0.0283643 0.018153 -0.0330716 -0.0277512 0.0201191 -0.0298344 -0.0275402 0.0201191 -0.0323005 -0.02665 0.0228973 -0.0311198 -0.0266401 0.0228973 -0.0295155 -0.0275162 0.0201191 -0.0287825 -0.0264694 0.0228973 -0.0269405 -0.0261749 0.0228973 -0.0207893 -0.0247412 0.0228973 -0.0193809 -0.0246851 0.0228973 -0.0371441 -0.0287237 0.0173409 -0.0364707 -0.027762 0.0201191 -0.034344 -0.027774 0.0201191 -0.0357767 -0.0267708 0.0223012 -0.035564 -0.026467 0.0228973 -0.0389052 -0.0263952 0.0228973 -0.0363287 -0.0263842 0.0228973 -0.0241689 -0.0247241 0.0238061 -0.0319075 -0.0260886 0.0238933 -0.0280382 -0.0254063 0.0243686 -0.0264447 -0.0231306 0.025293 -0.0304925 -0.0240678 0.0256754 -0.030046 -0.0240005 0.0256754 -0.0274544 -0.0224236 0.0256754 -0.030314 -0.0238128 0.025797 -0.0287204 -0.0215371 0.0261018 -0.0202996 -0.0240418 0.0234627 -0.0187061 -0.0217661 0.0245257 -0.0225754 -0.0224483 0.0245975 -0.0209819 -0.0201726 0.0247915 -0.0171126 -0.0194903 0.0250036 -0.0155191 -0.0172146 0.0252278 -0.0193884 -0.0178968 0.0249017 -0.0177949 -0.0156211 0.0250666 -0.0248512 -0.0208548 0.0252585 -0.0232577 -0.0185791 0.0250149 -0.0268492 -0.0194558 0.0256754 -0.0269164 -0.0189607 0.0256754 -0.0255334 -0.0169856 0.0253516 -0.0271269 -0.0192613 0.0257348 -0.0216642 -0.0163033 0.0248469 -0.0200707 -0.0140275 0.0249238 -0.0239399 -0.0147098 0.0250521 -0.0223464 -0.012434 0.0249326 -0.0341832 -0.0244951 0.0254519 -0.0380524 -0.0251773 0.0245154 -0.0372412 -0.0240187 0.0256754 -0.0346212 -0.0241884 0.0256754 -0.036459 -0.0229016 0.0263245 -0.0339836 -0.02421 0.0256754 -0.0325897 -0.0222193 0.0265468 -0.0309962 -0.0199436 0.0265921 -0.0348655 -0.0206258 0.026811 -0.033272 -0.01835 0.0267015 -0.0413325 -0.0250182 0.0256754 -0.0394181 -0.0242211 0.0256754 -0.0403281 -0.0235838 0.0262987 -0.0387347 -0.0213081 0.026732 -0.0426039 -0.0219903 0.0269 -0.0410104 -0.0197146 0.0266914 -0.0371412 -0.0190324 0.0267581 -0.0355477 -0.0167566 0.0266341 -0.0394169 -0.0174389 0.0265036 -0.0378234 -0.0151631 0.0264427 -0.027283 -0.0157605 0.0256754 -0.0294027 -0.0176678 0.0261354 -0.0278092 -0.015392 0.0257742 -0.0316785 -0.0160743 0.0263814 -0.030085 -0.0137985 0.0261979 -0.0271463 -0.0144453 0.0256754 -0.0262157 -0.0131163 0.025531 -0.0246222 -0.0108405 0.0252991 -0.0267884 -0.0127153 0.0256754 -0.0260411 -0.00984698 0.0256754 -0.0284915 -0.0115228 0.0261082 -0.026898 -0.00924702 0.0259147 -0.0339542 -0.0144808 0.0264916 -0.0323607 -0.0122051 0.026488 -0.0362299 -0.0128873 0.0263762 -0.0346364 -0.0106116 0.0263756 -0.0307671 -0.00992932 0.026547 -0.0291736 -0.00765357 0.0264662 -0.0330429 -0.00833581 0.0265479 -0.0314494 -0.00606006 0.0267095 -0.0139256 -0.0149388 0.0254095 -0.0123321 -0.0126631 0.0255306 -0.0162014 -0.0133453 0.0252267 -0.0146079 -0.0110695 0.0253075 -0.0107386 -0.0103873 0.025551 -0.00914511 -0.00811154 0.0255113 -0.0130144 -0.00879379 0.0253988 -0.0114209 -0.00651803 0.0255275 -0.0184772 -0.0117518 0.025126 -0.0168837 -0.00947604 0.0252452 -0.0207529 -0.0101583 0.0250431 -0.0191594 -0.00788253 0.025227 -0.0152902 -0.00720028 0.0253403 -0.0136966 -0.00492452 0.0254886 -0.0175659 -0.00560677 0.0253619 -0.0159724 -0.00333101 0.0254699 -0.0075516 -0.00583577 0.0254807 -0.00595809 -0.00356 0.0254709 -0.00982737 -0.00424226 0.0256028 -0.00823386 -0.00196649 0.025606 -0.00436458 -0.00128423 0.0254277 -0.00664035 0.000309279 0.0256106 -0.00549755 0.00194136 0.0256754 -0.0121031 -0.00264875 0.025619 -0.0111137 -0.00123563 0.0256754 -0.00973168 -0.000917706 0.0256754 -0.0143789 -0.00105524 0.0256226 -0.0139048 -0.000378209 0.0256754 -0.0105096 -0.00037298 0.0257112 -0.0127854 0.00122053 0.0258086 -0.00727617 0.000754489 0.0256754 -0.00891611 0.00190279 0.025841 -0.0111919 0.0034963 0.0260392 -0.0230287 -0.00856477 0.0252273 -0.0214352 -0.00628902 0.025376 -0.0249613 -0.00721153 0.0256754 -0.0229991 -0.00519395 0.0256754 -0.0253045 -0.00697126 0.0257703 -0.023711 -0.00469551 0.0258501 -0.0198417 -0.00401326 0.0255517 -0.0182482 -0.0017375 0.0256385 -0.0205593 -0.00351075 0.0256754 -0.0184929 -0.00156611 0.0256754 -0.0221175 -0.00241975 0.0260126 -0.020524 -0.000143985 0.0260733 -0.0275801 -0.00537781 0.0263964 -0.0259866 -0.00310205 0.0265177 -0.0298559 -0.0037843 0.026879 -0.0282624 -0.00150854 0.0271541 -0.0243931 -0.000826295 0.0266577 -0.0227996 0.00144947 0.0266495 -0.0266689 0.000767217 0.0272955 -0.0250754 0.00304298 0.0271983 -0.0175495 -0.00073968 0.0256754 -0.0157635 -8.57208e-05 0.0256754 -0.0166547 0.000538272 0.0257509 -0.0150612 0.00281404 0.0259609 -0.0189304 0.00213178 0.0261036 -0.0173369 0.00440755 0.0262764 -0.0134677 0.00508981 0.026265 -0.0157434 0.00668332 0.0266152 -0.0212061 0.00372523 0.0266087 -0.0196126 0.006001 0.0267383 -0.0234819 0.00531875 0.0271101 -0.0218884 0.00759451 0.0272435 -0.0180191 0.00827677 0.0270412 -0.0202949 0.00987028 0.0274778 -0.0621853 -0.0112065 0.0228973 -0.0448797 -0.0203968 0.0265811 -0.0432862 -0.0181211 0.0263453 -0.0471554 -0.0188033 0.0263585 -0.045562 -0.0165276 0.0262175 -0.0416927 -0.0158453 0.0262048 -0.0400992 -0.0135696 0.0261187 -0.0439685 -0.0142518 0.0260592 -0.042375 -0.0119761 0.0258804 -0.0494312 -0.0172098 0.026453 -0.0478377 -0.0149341 0.0263669 -0.051707 -0.0156163 0.0264359 -0.0501135 -0.0133406 0.0264233 -0.0462442 -0.0126583 0.0261867 -0.0446507 -0.0103826 0.0260481 -0.04852 -0.0110648 0.026317 -0.0469265 -0.00878905 0.0262391 -0.0385057 -0.0112938 0.0260022 -0.0369122 -0.00901806 0.0259789 -0.0407815 -0.0097003 0.0258001 -0.039188 -0.00742455 0.0258879 -0.0353187 -0.0067423 0.0262613 -0.0337252 -0.00446655 0.0266995 -0.0375945 -0.00514879 0.0261858 -0.036001 -0.00287304 0.0266441 -0.0430572 -0.00810679 0.0260611 -0.0414637 -0.00583104 0.0261732 -0.045333 -0.00651328 0.0262418 -0.0437395 -0.00423753 0.0262731 -0.0398702 -0.00355528 0.026319 -0.0382767 -0.00127952 0.0265537 -0.042146 -0.00196177 0.0263124 -0.0405525 0.000313983 0.0264295 -0.0568616 -0.0132905 0.0256754 -0.05511 -0.0107891 0.0256754 -0.0543795 -0.0103535 0.0256754 -0.0546651 -0.0101536 0.0256059 -0.0539827 -0.0140228 0.0262685 -0.0523893 -0.0117471 0.0261385 -0.0562585 -0.0124292 0.025741 -0.0517424 -0.00880848 0.0256754 -0.0530715 -0.0078778 0.0254279 -0.0499045 -0.00670381 0.0256754 -0.051478 -0.00560203 0.0254281 -0.0507958 -0.00947131 0.0259333 -0.0492023 -0.00719554 0.0258599 -0.0564355 -0.0123053 0.0256754 -0.0585342 -0.0108358 0.0248916 -0.0569407 -0.00856011 0.0251161 -0.06081 -0.00924229 0.0240535 -0.0592165 -0.0069666 0.0247984 -0.0553472 -0.00628434 0.0252711 -0.0537537 -0.00400857 0.0254682 -0.057623 -0.00469084 0.0254314 -0.0568607 -0.0036021 0.0256754 -0.0551962 -0.00299856 0.0256754 -0.0560295 -0.00241507 0.0258358 -0.0486355 -0.00420085 0.0256754 -0.0498845 -0.00332626 0.0255054 -0.0478387 -0.00136724 0.0256754 -0.048291 -0.00105051 0.0256284 -0.0476088 -0.00491977 0.025897 -0.0460153 -0.00264402 0.0259667 -0.047908 -0.000503486 0.0256754 -0.0444218 -0.000368255 0.0260986 -0.0428283 0.0019075 0.0262814 -0.0466975 0.00122525 0.0258651 -0.045104 0.003501 0.0260783 -0.0521602 -0.0017328 0.0255492 -0.0505667 0.000542946 0.0256064 -0.0530528 -0.00110778 0.0256754 -0.0513263 0.00107482 0.0256754 -0.054436 -0.000139296 0.0259159 -0.0528425 0.00213645 0.0258801 -0.0498099 0.00162383 0.0256754 -0.0489732 0.00281871 0.0257826 -0.0473797 0.00509446 0.0259486 -0.051249 0.00441222 0.0259309 -0.0496555 0.00668797 0.0260758 -0.0321317 -0.00219079 0.027132 -0.0305382 8.49676e-05 0.0274854 -0.0344075 -0.000597278 0.0270972 -0.0328139 0.00167848 0.0273871 -0.0289447 0.00236073 0.0276185 -0.0273512 0.00463649 0.0275787 -0.0312204 0.00395424 0.0275658 -0.0296269 0.00623 0.0277611 -0.0366832 0.000996232 0.0268445 -0.0350897 0.00327199 0.0270829 -0.038959 0.00258974 0.0266381 -0.0373655 0.0048655 0.0268679 -0.0334962 0.00554775 0.0273414 -0.0319027 0.00782351 0.027671 -0.035772 0.00714125 0.027105 -0.0341785 0.00941702 0.0274004 -0.0257577 0.00691226 0.0275945 -0.0241642 0.00918802 0.0277807 -0.0280334 0.00850577 0.0279899 -0.0264399 0.0107815 0.0282253 -0.0225706 0.0114638 0.0279241 -0.0248464 0.0130573 0.028264 -0.0303092 0.0100993 0.0280375 -0.0287157 0.012375 0.0283923 -0.032585 0.0116928 0.0278495 -0.0309915 0.0139686 0.0283765 -0.0283376 0.012915 0.0284536 -0.0269332 0.0145185 0.0284536 -0.0270022 0.0148221 0.0284536 -0.0307194 0.0143572 0.0284536 -0.0280381 0.0181864 0.0284536 -0.0271222 0.0146508 0.0284676 -0.0293979 0.0162443 0.0286287 -0.0412348 0.00418325 0.0264711 -0.0396413 0.00645901 0.026685 -0.0435105 0.00577676 0.0262452 -0.041917 0.00805252 0.0264778 -0.0380478 0.00873477 0.0268999 -0.0364542 0.0110105 0.0272177 -0.0403235 0.0103283 0.0267025 -0.03873 0.012604 0.0270303 -0.0457862 0.00737021 0.0260739 -0.0441927 0.00964597 0.0262523 -0.048062 0.00896372 0.026113 -0.0464685 0.0112395 0.0260859 -0.0425992 0.0119217 0.0264188 -0.0410057 0.0141975 0.02667 -0.044875 0.0135152 0.0261168 -0.0432815 0.015791 0.0262346 -0.0348607 0.0132863 0.0277623 -0.0332672 0.0155621 0.0283642 -0.0371365 0.0148798 0.0276505 -0.035543 0.0171556 0.0282781 -0.0329939 0.0159525 0.0284536 -0.0348672 0.0181207 0.0284536 -0.0327653 0.0211225 0.0284536 -0.0394122 0.0164733 0.0272659 -0.0378187 0.018749 0.0278715 -0.041688 0.0180668 0.026632 -0.0400945 0.0203425 0.0270769 -0.0372385 0.0244213 0.0256754 -0.0345155 0.0198277 0.0284536 -0.0362252 0.0210248 0.0279467 -0.0385009 0.0226183 0.0268398 -0.0316737 0.0178378 0.0287201 -0.0339495 0.0194313 0.0285564 -0.065781 -0.0159362 0.0145627 -0.065997 -0.0123934 0.0145627 -0.0662728 -0.0122003 0.0132046 -0.0659997 -0.0118104 0.0145627 -0.0660937 -0.00893415 0.0145627 -0.0652112 -0.0129436 0.0173409 -0.0653382 -0.0108656 0.0173409 -0.0654284 -0.00939995 0.0173409 -0.0644731 -0.0100689 0.0201191 -0.0646792 -0.00992455 0.0196466 -0.0661974 -0.0072491 0.0145627 -0.0656726 -0.00649949 0.0173409 -0.0663679 -0.00535057 0.0145627 -0.0666129 -0.00299875 0.0145627 -0.0667196 -0.00171287 0.0145627 -0.0657326 -0.00579543 0.0173409 -0.0660742 -0.0022294 0.0173409 -0.0660791 -0.00216135 0.0173409 -0.0668944 0.00144287 0.0145627 -0.0663263 0.0014033 0.0173409 -0.0667261 0.0016832 0.015683 -0.0663727 0.00218789 0.0173409 -0.0645185 -0.00969494 0.0201191 -0.0648309 -0.00642677 0.0201191 -0.0653615 -0.00605526 0.0186254 -0.0648931 -0.00538627 0.0201191 -0.0629153 -0.00776814 0.0228973 -0.0630857 -0.00764878 0.0227536 -0.0629562 -0.00746381 0.0228973 -0.0634856 -0.00397734 0.0228973 -0.063768 -0.00377958 0.0225198 -0.0635519 -0.00347084 0.0228973 -0.0650715 -0.0028669 0.0201191 -0.0660438 -0.00218606 0.0174569 -0.065204 -0.000986666 0.0201191 -0.0653206 0.000699062 0.0201191 -0.0655986 0.00329333 0.0201191 -0.0638366 -0.000340026 0.0228973 -0.0644503 8.96989e-05 0.0218943 -0.0638906 0.000889031 0.0228973 -0.0640095 0.00317261 0.0228973 -0.0651326 0.00395898 0.0214053 -0.0643447 0.00508416 0.0228973 -0.0669038 0.00180767 0.0145627 -0.067168 0.0053842 0.0145627 -0.0674083 0.00555243 0.012106 -0.0666508 0.00502204 0.0173409 -0.0657782 0.00441107 0.0201191 -0.0672061 0.00584118 0.0145627 -0.0675061 0.00901252 0.0145627 -0.067589 0.0101379 0.0145627 -0.0667975 0.00642475 0.0173409 -0.0670047 0.00866144 0.0173409 -0.0670772 0.0108689 0.0173409 -0.0676574 0.01251 0.0145627 -0.0670292 0.0120701 0.0173409 -0.0675309 0.0150646 0.0145627 -0.0674412 0.0157501 0.0145627 -0.0667298 0.0186435 0.0145627 -0.066721 0.0152459 0.0173409 -0.0671793 0.0155667 0.0156123 -0.0664704 0.0165792 0.0173409 -0.0660519 0.0181688 0.0173409 -0.0662432 0.00721629 0.0201191 -0.0663682 0.0082157 0.0201191 -0.0663427 0.0115894 0.0201191 -0.066497 0.0116975 0.0195381 -0.0649267 0.00720639 0.0228973 -0.0658147 0.0078282 0.0216273 -0.0652015 0.00870395 0.0228973 -0.0651561 0.0107585 0.0228973 -0.0662932 0.0119886 0.0201191 -0.064973 0.0138739 0.0228973 -0.0659745 0.0147232 0.0201191 -0.0655042 0.0177854 0.0201191 -0.0655858 0.0178425 0.0196294 -0.0649862 0.0140311 0.0228973 -0.0649646 0.0174075 0.0228973 -0.0614923 -0.00537309 0.0243312 -0.0598988 -0.00309733 0.0256295 -0.0598211 -0.00298641 0.0256754 -0.0621745 -0.00150381 0.0247477 -0.0607732 0.000497541 0.0256754 -0.0583053 -0.000821556 0.0261608 -0.060581 0.000771956 0.0257414 -0.0607055 0.000859138 0.0256754 -0.0628568 0.00236547 0.0240764 -0.0567117 0.00145421 0.0262393 -0.0551183 0.00372996 0.0262312 -0.0589875 0.00304773 0.0260358 -0.057394 0.00532348 0.0262107 -0.0535247 0.00600572 0.0262228 -0.0519313 0.00828147 0.0262413 -0.0558005 0.00759924 0.0262951 -0.054207 0.00987499 0.0262457 -0.0599359 0.00371176 0.0256754 -0.0612633 0.00464124 0.0249809 -0.05938 0.00671405 0.0256754 -0.0596698 0.00691699 0.0255667 -0.0635391 0.00623475 0.0238248 -0.0619456 0.00851049 0.0247843 -0.0593895 0.00731731 0.0256754 -0.0599364 0.0104952 0.0256754 -0.0603521 0.0107863 0.0255319 -0.0600719 0.0111864 0.0256754 -0.0580763 0.00919275 0.0260707 -0.0564828 0.0114685 0.0263068 -0.0587586 0.013062 0.0261239 -0.0642212 0.010104 0.0237956 -0.0626277 0.0123797 0.0245881 -0.060128 0.0140209 0.0256754 -0.0610342 0.0146555 0.0253493 -0.0649035 0.0139732 0.0230257 -0.06331 0.016249 0.0247397 -0.0424931 0.0266042 0.0145627 -0.0425959 0.0264574 0.0173409 -0.0494707 0.0263264 0.0145627 -0.0486529 0.0263352 0.0145627 -0.0497724 0.0258955 0.0173409 -0.0481374 0.0259743 0.0173409 -0.0460094 0.0264261 0.0145627 -0.0440738 0.0265205 0.0145627 -0.0462324 0.0261076 0.0173409 -0.0438082 0.0263345 0.0173409 -0.0393346 0.0262713 0.0201191 -0.0428711 0.0260644 0.0201191 -0.0398787 0.0254944 0.0228973 -0.043325 0.0254162 0.0228973 -0.0425038 0.0254211 0.0228973 -0.0430525 0.0258053 0.0214367 -0.0501604 0.0253415 0.0201191 -0.0476258 0.0256161 0.0201191 -0.0507215 0.0245401 0.0228973 -0.0469456 0.0251398 0.0228973 -0.0464895 0.0257405 0.0201191 -0.0433809 0.0260353 0.0201191 -0.0469069 0.0251443 0.0228973 -0.0654087 0.02111 0.0145627 -0.0634908 0.0231586 0.0145627 -0.064916 0.0207651 0.0173409 -0.0631432 0.0229153 0.0173409 -0.0607306 0.0247764 0.0145627 -0.0574743 0.0257289 0.0145627 -0.0608728 0.024717 0.0145627 -0.0611342 0.0242 0.0173409 -0.0605094 0.0244626 0.0173409 -0.0608053 0.0246698 0.0152005 -0.0569923 0.0253914 0.0173409 -0.057532 0.0245009 0.0201191 -0.0560837 0.0247553 0.0201191 -0.056936 0.025352 0.0175821 -0.0547631 0.0236115 0.0228973 -0.0545295 0.0236669 0.0228973 -0.0546602 0.0237585 0.0226976 -0.0586592 0.022891 0.0228973 -0.0583269 0.0229344 0.0228973 -0.0585295 0.0230762 0.0226163 -0.0654374 0.0180544 0.0201191 -0.0644666 0.0204503 0.0201191 -0.0626109 0.0225425 0.0201191 -0.0639214 0.0200686 0.0228973 -0.0639923 0.0201182 0.0226217 -0.0617629 0.0219487 0.0228973 -0.0623988 0.022394 0.0209416 -0.0620132 0.0229446 0.0201191 -0.0597633 0.0239402 0.0201191 -0.05295 0.026201 0.0145627 -0.0565686 0.0258767 0.0145627 -0.0532792 0.026183 0.0145627 -0.0532494 0.0257734 0.0173409 -0.0527195 0.0257911 0.0173409 -0.0530667 0.0260343 0.0158479 -0.0568979 0.0254064 0.0173409 -0.0537644 0.0250378 0.0201191 -0.0518554 0.0251861 0.0201191 -0.0508833 0.0245054 0.0228973 -0.0503377 0.0105572 0.0261843 -0.0487442 0.012833 0.0260892 -0.0526135 0.0121507 0.026248 -0.05102 0.0144265 0.0263269 -0.0471507 0.0151087 0.026048 -0.0455572 0.0173845 0.0260155 -0.0494265 0.0167023 0.0263539 -0.047833 0.018978 0.026281 -0.0548893 0.0137443 0.0264204 -0.0532958 0.01602 0.0265463 -0.0571651 0.0153378 0.0262967 -0.0555715 0.0176135 0.0264179 -0.0517023 0.0182958 0.0266022 -0.0501088 0.0205715 0.0264874 -0.053978 0.0198893 0.0263796 -0.0523845 0.022165 0.0256962 -0.0447411 0.0233937 0.0256754 -0.0444618 0.0234006 0.0256754 -0.044646 0.0235296 0.0255921 -0.0439637 0.0196603 0.026209 -0.0423702 0.021936 0.0263428 -0.0462395 0.0212538 0.0262334 -0.0410927 0.0237605 0.0256754 -0.0402774 0.0238622 0.0256754 -0.0407767 0.0242118 0.0252553 -0.0482895 0.0231698 0.0256754 -0.0469218 0.0251231 0.0229672 -0.0523583 0.0222025 0.0256754 -0.0488484 0.0230806 0.0256754 -0.050791 0.0244408 0.0231408 -0.0485153 0.0228473 0.0258553 -0.0600746 0.0160259 0.0256754 -0.0607903 0.0178762 0.0256754 -0.0617165 0.0185247 0.0255012 -0.0597309 0.0205259 0.0256754 -0.060123 0.0208005 0.0253879 -0.0594407 0.0169312 0.0258479 -0.0578472 0.019207 0.0261677 -0.0566373 0.0209349 0.0256754 -0.0556254 0.0210427 0.0256754 -0.0562537 0.0214827 0.0252058 -0.0524085 0.0221818 0.0256754 0.0425073 -0.0166857 -0.0215537 0.0526628 -0.0106915 -0.0215537 0.0486647 -0.00789198 -0.0235977 0.051128 -0.0237486 -0.0132192 0.0517564 -0.0236229 -0.0132192 0.0513938 -0.023369 -0.0137615 0.0502056 -0.0250659 -0.010441 0.0532438 -0.0246644 -0.010441 0.0530317 -0.0210298 -0.0159973 0.0559088 -0.0197474 -0.0159973 0.0545808 -0.0188175 -0.0172125 0.0601568 -0.0159389 -0.0159973 0.0577678 -0.014266 -0.0181309 0.058143 -0.0234175 -0.010441 0.0599197 -0.0225558 -0.010441 0.0591324 -0.0220045 -0.0119641 0.0608923 -0.019491 -0.0132192 0.0623715 -0.0174896 -0.0132192 0.0623193 -0.017453 -0.0133014 0.0622158 -0.0207721 -0.010441 0.0607258 -0.0197288 -0.0131621 0.0638372 -0.0185159 -0.010441 0.0552485 -0.0227076 -0.0132192 0.0552786 -0.0226977 -0.0132192 0.0552631 -0.0226868 -0.0132417 0.0583146 -0.0214319 -0.0132192 0.0568566 -0.020411 -0.0150083 0.0529873 -0.0210932 -0.0159521 0.0539661 -0.0245391 -0.010441 0.0569157 -0.0238439 -0.010441 0.0606871 -0.0197017 -0.0132192 0.05845 -0.0181353 -0.0158918 0.058812 -0.0176183 -0.0159973 0.0583458 -0.0180623 -0.0159973 0.0449574 -0.0228738 -0.0159973 0.0495423 -0.0220726 -0.0159973 0.0468423 -0.020182 -0.0183873 0.0377307 -0.0235073 -0.0159973 0.0414857 -0.0232144 -0.0159973 0.0391037 -0.0215465 -0.0183079 0.0422907 -0.016995 -0.0214059 0.0431134 -0.0255073 -0.010441 0.0446492 -0.0254295 -0.010441 0.0436552 -0.0247335 -0.0128962 0.0473589 -0.0242878 -0.0132192 0.0477962 -0.0242415 -0.0132192 0.0475245 -0.0240513 -0.0136601 0.048791 -0.0222426 -0.0159973 0.0437524 -0.0245948 -0.0132192 0.0457056 -0.0227776 -0.0159973 0.0466318 -0.0253262 -0.010441 0.049108 -0.0251601 -0.010441 0.0413183 -0.0232273 -0.0159973 0.0402175 -0.0247995 -0.0132192 0.0434812 -0.0246116 -0.0132192 0.0366983 -0.0249818 -0.0132192 0.0389892 -0.0248579 -0.0132192 0.0375102 -0.0238223 -0.0155067 0.0395954 -0.025688 -0.010441 0.0401395 -0.0256633 -0.010441 0.039786 -0.0254158 -0.0114743 0.0360756 -0.0258711 -0.010441 0.0500293 -0.0156305 -0.0204591 0.0532162 -0.011079 -0.0212218 0.0482335 -0.014373 -0.0215537 0.0529432 -0.0210624 -0.0159973 0.0564447 0.000226602 -0.0215537 0.0550388 0.00121109 -0.0223197 0.0565569 0.00337922 -0.0215537 0.0621257 -0.0105344 -0.0159973 0.0609548 -0.00971449 -0.0172911 0.0625438 -0.00744519 -0.0159973 0.0626124 -0.0170345 -0.0132192 0.0648028 -0.0158004 -0.010441 0.0639128 -0.0151773 -0.0123623 0.0651518 -0.0134079 -0.010441 0.0608368 -0.0147267 -0.0159973 0.0634282 -0.0148379 -0.0132192 0.0616371 -0.0135838 -0.0157035 0.0639656 -0.0118227 -0.0132192 0.0632306 -0.011308 -0.0144805 0.0613853 -0.0134075 -0.0159973 0.0651973 -0.0126851 -0.010441 0.0641201 -0.0100377 -0.0132192 0.0641931 -0.0085904 -0.0132192 0.0625483 -0.00743872 -0.0159924 0.0642489 -0.00523792 -0.0132192 0.0641418 -0.00516295 -0.0134823 0.0652039 -0.0092982 -0.010441 0.0648241 -0.00903223 -0.0116498 0.0651935 -0.00850461 -0.010441 0.0651326 -0.00585669 -0.010441 0.0642508 -0.00500739 -0.0132192 0.0650774 -0.00382675 -0.010441 0.0564033 -0.00652746 -0.020865 0.0627758 -0.00420645 -0.0159973 0.0595903 -0.00197593 -0.0193986 0.0553035 -0.00575738 -0.0215537 0.0625447 -0.00743619 -0.0159973 0.0629952 0.00242295 -0.0159973 0.0627773 0.00257552 -0.0163336 0.0630042 0.00289958 -0.0159973 0.0582257 0.00576254 -0.0204876 0.0628011 0.00934193 -0.0159973 0.0614127 0.0103141 -0.0175167 0.0628681 -0.00213838 -0.0159973 0.0642614 -0.00185514 -0.0132192 0.0634596 -0.00129367 -0.0150518 0.0642895 -0.000108357 -0.0132192 0.0629129 -0.000910865 -0.0159973 0.0643329 0.00148625 -0.0132192 0.0650469 -0.00240515 -0.010441 0.0650425 0.000966947 -0.010441 0.065043 0.000989014 -0.010441 0.064386 0.00484063 -0.0132192 0.0643708 0.00485129 -0.0132626 0.0643864 0.00487358 -0.0132192 0.0651087 0.00433456 -0.010441 0.0651497 0.00596379 -0.010441 0.0630013 0.0058102 -0.0159973 0.062928 0.00763446 -0.0159973 0.0643645 0.00824726 -0.0132192 0.0636885 0.00872057 -0.0146471 0.0651952 0.0076656 -0.010441 0.0533313 -0.0254456 -0.00766279 0.0542209 -0.0253486 -0.00766279 0.0536696 -0.0249625 -0.00934846 0.049761 -0.0257009 -0.00766279 0.0498747 -0.0256969 -0.00766279 0.0498003 -0.0256448 -0.00800163 0.052945 -0.0259973 -0.0048846 0.054937 -0.02585 -0.0048846 0.0494657 -0.0261226 -0.0048846 0.0504628 -0.0261087 -0.0048846 0.0556326 -0.0270026 0.0006718 0.0564446 -0.0269056 0.0006718 0.0559453 -0.026556 -0.0012573 0.0525479 -0.0265645 -0.0021064 0.0556882 -0.026376 -0.0021064 0.0491249 -0.0266093 -0.0021064 0.0511612 -0.0265977 -0.0021064 0.0521787 -0.0270917 0.0006718 0.0488443 -0.0270101 0.0006718 0.0518479 -0.0270786 0.0006718 0.0571589 -0.0248229 -0.00766279 0.0579771 -0.0245871 -0.00766279 0.0575388 -0.0242803 -0.00896329 0.0609505 -0.0232775 -0.00766279 0.0610317 -0.0241354 -0.0048846 0.0616245 -0.0237495 -0.0048846 0.061408 -0.0235979 -0.00586338 0.05659 -0.0256354 -0.0048846 0.0587428 -0.0251233 -0.0048846 0.0624164 -0.0221579 -0.00766279 0.063151 -0.0214269 -0.00766279 0.0630015 -0.0213223 -0.00820621 0.064759 -0.0191613 -0.00766279 0.064595 -0.0190465 -0.00825586 0.0637884 -0.0218732 -0.0048846 0.0654088 -0.0196163 -0.0048846 0.060186 -0.0253431 -0.0021064 0.0622135 -0.0241619 -0.0021064 0.0561015 -0.0263331 -0.0021064 0.0594554 -0.0256223 -0.0021064 0.0595928 -0.0261904 0.0006718 0.0600387 -0.0260307 0.0006718 0.0598145 -0.0258737 -0.0005297 0.0627325 -0.0245253 0.0006718 0.064346 -0.0222637 -0.0021064 0.0660141 -0.0200402 -0.0021064 0.0648253 -0.0225993 0.0006718 0.0665242 -0.0203973 0.0006718 0.0427831 -0.0259791 -0.00766279 0.045251 -0.0258509 -0.00766279 0.0425681 -0.0262861 -0.0048846 0.0456788 -0.0261504 -0.0048846 0.0462817 -0.0258262 -0.00766279 0.0460516 -0.0261548 -0.0048846 0.0392346 -0.0262032 -0.00766279 0.0407793 -0.0261113 -0.00766279 0.0389988 -0.0265399 -0.0048846 0.0411807 -0.0263924 -0.0048846 0.0457577 -0.0265746 -0.0021064 0.0463019 -0.0265868 -0.0021064 0.045931 -0.026327 -0.0035917 0.0422479 -0.0267434 -0.0021064 0.045408 -0.0270739 0.0006718 0.0469339 -0.0270293 0.0006718 0.0418663 -0.0272885 0.0006718 0.0424284 -0.027266 0.0006718 0.0420617 -0.0270093 -0.0008581 0.0387713 -0.026865 -0.0021064 0.0417333 -0.0267793 -0.0021064 0.0385621 -0.0271636 0.0006718 0.0553491 -0.0274075 0.00345 0.0569153 -0.0272352 0.00345 0.0552327 -0.0275738 0.0062281 0.0571923 -0.0274291 0.0062281 0.0520078 -0.0273358 0.00345 0.0522436 -0.0273556 0.00345 0.0520761 -0.0272383 0.0019978 0.048738 -0.0271619 0.00345 0.0519386 -0.0274346 0.0062281 0.0524075 -0.0274704 0.0062281 0.0487055 -0.0272084 0.0062281 0.055258 -0.0275376 0.0090063 0.0570968 -0.0273623 0.0090063 0.0519414 -0.0274306 0.0090063 0.0524029 -0.0274671 0.0090063 0.0487674 -0.0271199 0.0090063 0.0592207 -0.0267219 0.00345 0.0604139 -0.0262934 0.00345 0.0630164 -0.0247241 0.00345 0.0589892 -0.0270524 0.0062281 0.0606049 -0.0264271 0.0062281 0.0630684 -0.0247605 0.0062281 0.0650583 -0.0227625 0.00345 0.0667291 -0.0205408 0.00345 0.0650684 -0.0227695 0.0062281 0.0666742 -0.0205023 0.0062281 0.0591054 -0.0268865 0.0090063 0.0604332 -0.0263069 0.0090063 0.0628724 -0.0246233 0.0090063 0.0649057 -0.0226556 0.0090063 0.0664601 -0.0203525 0.0090063 0.0452759 -0.0272627 0.00345 0.0471427 -0.0271755 0.00345 0.0417784 -0.027414 0.00345 0.0426256 -0.0274041 0.00345 0.045371 -0.0271269 0.0062281 0.0470909 -0.0271392 0.0062281 0.041945 -0.027176 0.0062281 0.0422987 -0.0271752 0.0062281 0.0384669 -0.0272997 0.00345 0.0385428 -0.0271912 0.0062281 0.0455203 -0.0269136 0.0090063 0.046839 -0.0269628 0.0090063 0.0420617 -0.0270093 0.0078215 0.042141 -0.0268961 0.0090063 0.0387398 -0.0269099 0.0090063 0.0418941 -0.0268919 0.0090063 0.0652559 -0.0181026 -0.00766279 0.065743 -0.0164588 -0.00766279 0.0660236 -0.0132637 -0.00766279 0.0655063 -0.0129015 -0.00950489 0.0663954 -0.0169156 -0.0048846 0.0661885 -0.0167707 -0.00583265 0.0665128 -0.0163076 -0.0048846 0.0666763 -0.0137207 -0.0048846 0.0660158 -0.0121739 -0.00766279 0.0665568 -0.0114012 -0.0048846 0.0658867 -0.00977627 -0.00766279 0.0657614 -0.00769357 -0.00766279 0.0656847 -0.00624328 -0.00766279 0.066436 -0.0101609 -0.0048846 0.0661435 -0.00714785 -0.0048846 0.0660987 -0.00653317 -0.0048846 0.0670422 -0.0173685 -0.0021064 0.0673092 -0.0151702 -0.0021064 0.0673018 -0.0141587 -0.0021064 0.0675887 -0.0177511 0.0006718 0.0677628 -0.0145225 0.0006718 0.0677602 -0.0144797 0.0006718 0.0670036 -0.0107632 -0.0021064 0.067424 -0.0108527 0.0006718 0.0670999 -0.0106257 -0.0014496 0.0673572 -0.0102582 0.0006718 0.0669762 -0.0105391 -0.0021064 0.0665384 -0.00684107 -0.0021064 0.0664176 -0.00675646 -0.0028072 0.0669841 -0.00715315 0.0006718 0.0655412 -0.00316447 -0.00766279 0.065913 -0.00301159 -0.0048846 0.0657353 -0.00288718 -0.00618832 0.0659129 -0.00263357 -0.0048846 0.0665184 -0.00661245 -0.0021064 0.066373 -0.00333365 -0.0021064 0.0664227 -0.00190559 -0.0021064 0.0668829 -0.00609196 0.0006718 0.0668418 -0.00366197 0.0006718 0.067022 -0.00104958 0.0006718 0.0655319 -0.0027447 -0.00766279 0.0654988 0.000669875 -0.00766279 0.065053 0.000982016 -0.0103853 0.0659552 0.000350277 -0.0048846 0.065525 0.0016561 -0.00766279 0.0655643 0.00401559 -0.00766279 0.0656252 0.00664278 -0.00766279 0.0660434 0.00239645 -0.0048846 0.0660762 0.00365717 -0.0048846 0.066118 0.0070194 -0.0048846 0.0659643 0.00712706 -0.00570298 0.0656575 0.00734187 -0.00766279 0.0665236 -4.76707e-05 -0.0021064 0.0670655 -0.000427146 0.0006718 0.0666805 0.00323398 -0.0021064 0.0666465 0.00325778 -0.002257 0.0666826 0.00330923 -0.0021064 0.0666936 0.00661641 -0.0021064 0.0671813 0.00288335 0.0006718 0.0671825 0.0040232 0.0006718 0.0671647 0.00628649 0.0006718 0.0677472 -0.0178621 0.00345 0.0678683 -0.0145554 0.00345 0.067782 -0.014495 0.000893599 0.0675896 -0.0177518 0.0062281 0.067727 -0.0145736 0.0062281 0.067782 -0.014495 0.0053782 0.0677223 -0.0144531 0.0062281 0.0678577 -0.0143868 0.00345 0.0676116 -0.0109841 0.00345 0.0675303 -0.010011 0.00345 0.0675394 -0.0109335 0.0062281 0.067495 -0.0100613 0.0062281 0.0672702 -0.00735344 0.00345 0.0673393 -0.00740185 0.0062281 0.067317 -0.0175609 0.0090063 0.0675217 -0.0148668 0.0090063 0.0675157 -0.0143085 0.0090063 0.0673766 -0.0108195 0.0090063 0.0673616 -0.010252 0.0090063 0.0672785 -0.00735929 0.0090063 0.0671345 -0.00573268 0.00345 0.0671014 -0.00384374 0.00345 0.0672828 -0.000677191 0.00345 0.0672419 -0.00557925 0.0062281 0.0671879 -0.0039043 0.0062281 0.0672756 -0.000687432 0.0062281 0.0672313 -0.00559433 0.0090063 0.0671939 -0.00390849 0.0090063 0.067241 -0.000736826 0.0090063 0.0672895 -0.000583966 0.00345 0.0672841 -0.00058018 0.0062281 0.0674833 0.00267188 0.00345 0.0675536 0.0045532 0.00345 0.067578 0.00599712 0.00345 0.0675995 0.00259049 0.0062281 0.0678237 0.00493902 0.0062281 0.0678727 0.00579074 0.0062281 0.0672512 -0.000557177 0.0090063 0.0674783 0.00267537 0.0090063 0.0676685 0.00471727 0.0090063 0.0677581 0.00587105 0.0090063 0.0625161 0.0118898 -0.0159973 0.0643357 0.00964482 -0.0132192 0.0642341 0.0117301 -0.0132192 0.0630062 0.0125899 -0.0152059 0.0640222 0.0140408 -0.0132192 0.0652543 0.0109568 -0.010441 0.0652551 0.0110152 -0.010441 0.0651619 0.014472 -0.010441 0.0645997 0.0148656 -0.0118258 0.065088 0.0155629 -0.010441 0.0661326 0.00736749 -0.0048846 0.0657945 0.0106375 -0.00766279 0.065282 0.0109963 -0.0103326 0.0658562 0.0118164 -0.00766279 0.0659059 0.013951 -0.00766279 0.0662523 0.0103169 -0.0048846 0.0663543 0.0125277 -0.0048846 0.0663856 0.0136152 -0.0048846 0.0658531 0.0166556 -0.00766279 0.0663986 0.0169976 -0.0048846 0.0661933 0.0171414 -0.00600716 0.0663921 0.0174253 -0.0048846 0.0667419 0.00823759 -0.0021064 0.0672587 0.00897573 0.0006718 0.0668083 0.0099276 -0.0021064 0.0668638 0.0132553 -0.0021064 0.0668637 0.0132804 -0.0021064 0.0672939 0.00958758 0.0006718 0.0673415 0.0129458 0.0006718 0.0668755 0.0132721 -0.0020441 0.0668678 0.0166691 -0.0021064 0.0668565 0.0180886 -0.0021064 0.0673077 0.0138893 0.0006718 0.0672198 0.0164226 0.0006718 0.0671038 0.0184418 0.0006718 0.0676747 0.00932098 0.00345 0.0675578 0.00940283 0.0025702 0.0676874 0.00958796 0.00345 0.0679226 0.00914736 0.0062281 0.0679212 0.00992185 0.0062281 0.0676728 0.0127138 0.00345 0.0677672 0.0126478 0.0062281 0.0675305 0.0142075 0.00345 0.0672357 0.0164115 0.00345 0.0669345 0.0182 0.00345 0.0675341 0.0142127 0.0062281 0.0670432 0.0165462 0.0062281 0.0666912 0.0178525 0.0062281 0.0678062 0.00922887 0.0090063 0.0677977 0.00974548 0.0090063 0.0675578 0.00940283 0.0110404 0.0676095 0.0127582 0.0090063 0.0674441 0.0140841 0.0090063 0.0670203 0.0165623 0.0090063 0.0667013 0.0178669 0.0090063 0.0269825 -0.019483 -0.0215537 0.0420408 -0.01682 -0.0215537 0.0331877 -0.010621 -0.0257991 0.0395617 -0.001518 -0.0269272 0.0240847 -0.00424697 -0.0285592 0.0304587 0.00485602 -0.0285203 0.0344951 -0.0184411 -0.0215537 0.0346363 -0.0184184 -0.0215537 0.0341464 -0.0237827 -0.0159973 0.0371283 -0.0235549 -0.0159973 0.0459358 0.00758507 -0.0253379 0.052244 0.0165941 -0.0215537 0.0368327 0.0139591 -0.0257562 0.0419821 0.0213131 -0.0215537 0.0562817 0.00712376 -0.0215537 0.0553058 0.0112796 -0.0215537 0.0568613 0.013501 -0.0203045 0.0523097 0.0166881 -0.0214979 0.0476622 0.019738 -0.0215537 0.0477582 0.0198751 -0.0214624 0.0432067 0.0230621 -0.0201236 0.0149817 0.00212703 -0.0295352 0.0213557 0.01123 -0.0278041 0.0277297 0.0203331 -0.02317 0.0290352 0.0221976 -0.0215537 0.0250989 0.0221752 -0.0215537 0.0357077 0.0220396 -0.0215537 0.0386552 0.0262491 -0.0168674 0.0349176 0.022083 -0.0215537 0.0309167 0.0248846 -0.0186192 0.0320643 0.0265235 -0.0159973 0.037953 0.0267408 -0.0159973 0.0355592 0.0266711 -0.0159973 0.0363794 0.0278426 -0.0133358 0.0333384 0.0265804 -0.0159973 0.0325102 0.0271603 -0.014586 0.0328508 0.0276467 -0.0132192 0.0363286 0.0278782 -0.0132192 0.033365 0.0283812 -0.010441 0.0353673 0.0285513 -0.010441 0.0222175 0.0221481 -0.0215537 0.0231782 0.0235201 -0.0200703 0.0157137 0.0219637 -0.0215537 0.0196621 0.0259821 -0.0159973 0.0250655 0.0262155 -0.0159973 0.0287797 0.0263808 -0.0159973 0.0285673 0.026373 -0.0159973 0.0286409 0.0264781 -0.0157703 0.0257961 0.027259 -0.0132192 0.0274054 0.0273431 -0.0132192 0.0262746 0.0279423 -0.010441 0.0265321 0.0279547 -0.010441 0.0293231 0.0274524 -0.0132192 0.0318897 0.0275948 -0.0132192 0.0298093 0.0281467 -0.010441 0.0310034 0.0282154 -0.010441 0.021566 0.0260613 -0.0159973 0.0222974 0.0271059 -0.0132192 0.0242279 0.0261766 -0.0159973 0.0228699 0.0271275 -0.0132192 0.0224959 0.0273894 -0.0121703 0.0227612 0.0277683 -0.010441 0.021996 0.0277394 -0.010441 0.0337273 0.0288986 -0.00766279 0.0347279 0.028999 -0.00766279 0.0340613 0.0293756 -0.0048846 0.0341722 0.0293881 -0.0048846 0.0341037 0.0294361 -0.0045378 0.0263651 0.0280716 -0.00973836 0.0301268 0.0286002 -0.00766279 0.0304291 0.0286175 -0.00766279 0.0265946 0.0283993 -0.00766279 0.0302344 0.0287538 -0.00653768 0.0304011 0.028992 -0.0048846 0.0268819 0.0288096 -0.0048846 0.0299343 0.028964 -0.0048846 0.0230948 0.0282447 -0.00766279 0.0259329 0.0283742 -0.00766279 0.0213764 0.0281733 -0.00766279 0.0233911 0.0286678 -0.0048846 0.0253871 0.0287564 -0.0048846 0.0208255 0.028559 -0.0048846 0.030663 0.0293659 -0.0021064 0.0337625 0.029675 -0.0021064 0.0271393 0.0291773 -0.0021064 0.029461 0.0292954 -0.0021064 0.0307642 0.0295104 0.0006718 0.0336526 0.0297519 0.0006718 0.0271818 0.029238 0.0006718 0.0293088 0.0294019 0.0006718 0.0236256 0.0290027 -0.0021064 0.0249455 0.0290656 -0.0021064 0.0203464 0.0288945 -0.0021064 0.023639 0.0290219 0.0006718 0.0249156 0.0290865 0.0006718 0.0202545 0.0289588 0.0006718 0.0307001 0.0294189 0.00345 0.0337102 0.0297116 0.00345 0.0270884 0.0291045 0.00345 0.0294492 0.0293036 0.00345 0.0306898 0.0294042 0.0062281 0.0337849 0.0296593 0.0062281 0.0271557 0.0292006 0.0062281 0.0294114 0.0293301 0.0062281 0.0235301 0.0288663 0.00345 0.0250859 0.0289673 0.00345 0.020526 0.0287687 0.00345 0.0235753 0.028931 0.0062281 0.024975 0.0290449 0.0062281 0.0205324 0.0287643 0.0062281 0.0307763 0.0295277 0.0090063 0.0338478 0.0296153 0.0090063 0.0273075 0.0294174 0.0090063 0.0291763 0.0294947 0.0090063 0.0237326 0.0291556 0.0090063 0.0247108 0.02923 0.0090063 0.0202776 0.0289426 0.0090063 0.0613998 0.0171062 -0.0159973 0.0600483 0.0180526 -0.0169542 0.0607139 0.0190031 -0.0159973 0.0554968 0.0212396 -0.0183718 0.0572348 0.0237218 -0.0159973 0.0623445 0.0130532 -0.0159973 0.0617966 0.015706 -0.0159973 0.0638438 0.0153949 -0.0132192 0.062324 0.0164591 -0.0151539 0.0633541 0.0179303 -0.0132192 0.0629489 0.0194132 -0.0132192 0.0616418 0.0203284 -0.0144785 0.0622756 0.0212335 -0.0132192 0.0647478 0.0181535 -0.010441 0.0639175 0.0187349 -0.0119181 0.0644595 0.0195089 -0.010441 0.0635082 0.0224131 -0.010441 0.0632353 0.0226041 -0.0108019 0.0592159 0.0217075 -0.0159973 0.059366 0.0219219 -0.0157571 0.0607167 0.0238508 -0.0132192 0.0586051 0.0224547 -0.0159973 0.0586539 0.0257485 -0.0132192 0.0609596 0.0241976 -0.0126456 0.0586838 0.0257911 -0.0131461 0.0633459 0.0227621 -0.010441 0.0617041 0.025261 -0.010441 0.0595853 0.0270787 -0.010441 0.0509452 0.0244266 -0.0178031 0.0520568 0.0260141 -0.0159973 0.0457997 0.0267653 -0.0159973 0.0477792 0.0266435 -0.0159973 0.0548275 0.0251275 -0.0159973 0.0561693 0.0270438 -0.0132192 0.054725 0.0251716 -0.0159973 0.0525388 0.0267024 -0.0150582 0.0533209 0.0278194 -0.0132192 0.056408 0.0273847 -0.0125839 0.0541323 0.0289782 -0.0106782 0.0463937 0.0276136 -0.0145901 0.0490179 0.0265177 -0.0159973 0.0501984 0.0282036 -0.0132192 0.0504195 0.0281863 -0.0132192 0.0468754 0.0283015 -0.0132192 0.050263 0.0282959 -0.0130267 0.0510151 0.02937 -0.010441 0.0539542 0.0291029 -0.010441 0.0476185 0.0293628 -0.010441 0.0486999 0.0293904 -0.010441 0.0570562 0.0283104 -0.010441 0.0541907 0.0290616 -0.010441 0.039017 0.0267658 -0.0159973 0.0424461 0.0268195 -0.0159973 0.0426837 0.0268199 -0.0159973 0.0425245 0.0269314 -0.0158062 0.0434153 0.0282037 -0.0132192 0.0454453 0.0282777 -0.0132192 0.0399332 0.0280743 -0.0132192 0.0408477 0.0281055 -0.0132192 0.0440658 0.0291327 -0.010441 0.0442097 0.0291429 -0.010441 0.0402487 0.0285249 -0.0118763 0.0405133 0.0289027 -0.010441 0.036408 0.0278834 -0.0132192 0.0369696 0.0286854 -0.010441 0.0397581 0.0288684 -0.010441 0.065803 0.0174146 -0.00766279 0.0652543 0.020644 -0.00766279 0.0650578 0.021328 -0.00766279 0.0659965 0.0206707 -0.0048846 0.065511 0.0210107 -0.00647427 0.0666018 0.0202469 -0.0021064 0.0668417 0.0200789 0.0006718 0.0640396 0.0237527 -0.00766279 0.0657975 0.0214198 -0.0048846 0.0645173 0.0244349 -0.0048846 0.0623304 0.0261553 -0.00766279 0.0601656 0.0279073 -0.00766279 0.0636521 0.0257037 -0.0048846 0.062553 0.0264733 -0.00626922 0.062734 0.0267318 -0.0048846 0.0602772 0.0280668 -0.00695539 0.0605598 0.0284704 -0.0048846 0.066138 0.0219061 -0.0021064 0.0647612 0.0247833 -0.0021064 0.066243 0.0220561 0.0006718 0.0648145 0.0248594 0.0006718 0.0645852 0.0250503 -0.0021064 0.0629452 0.0270334 -0.0021064 0.0608044 0.0288196 -0.0021064 0.0647768 0.0249162 0.0006718 0.0630074 0.0271222 0.0006718 0.0609241 0.0289906 0.0006718 0.051619 0.0302324 -0.00766279 0.0523827 0.0302032 -0.00766279 0.0479872 0.0298894 -0.008583 0.048151 0.0301233 -0.00766279 0.0518565 0.0305717 -0.00636274 0.0486123 0.030782 -0.0048846 0.0513282 0.0309416 -0.0048846 0.0488939 0.0311842 -0.0021064 0.0507279 0.0313619 -0.0021064 0.0488236 0.0310838 0.0006718 0.0508258 0.0312934 0.0006718 0.0576317 0.0291322 -0.00766279 0.0547764 0.0298981 -0.00766279 0.0580015 0.0296603 -0.00534947 0.0580702 0.0297586 -0.0048846 0.0552911 0.0306331 -0.0048846 0.0575894 0.0299489 -0.0048846 0.0521213 0.0309499 -0.0048846 0.0583723 0.0301899 -0.0021064 0.0556338 0.0311226 -0.0021064 0.0560605 0.0310194 -0.0021064 0.0585432 0.030434 0.0006718 0.0557257 0.0312538 0.0001334 0.0557299 0.0312598 0.0006718 0.0524552 0.0314267 -0.0021064 0.0524201 0.0313766 0.0006718 0.0557143 0.0312618 0.0006718 0.0664711 0.0203384 0.00345 0.0658999 0.0207383 0.0062281 0.0658506 0.0207729 0.0090063 0.0660673 0.0218052 0.00345 0.0647715 0.0247981 0.00345 0.0657448 0.0213446 0.0062281 0.0646273 0.0245921 0.0062281 0.0646448 0.0250086 0.00345 0.0630314 0.0271565 0.00345 0.0609899 0.0290846 0.00345 0.0642603 0.0252779 0.0062281 0.062984 0.0270888 0.0062281 0.0609771 0.0290663 0.0062281 0.0657001 0.0212807 0.0090063 0.0645357 0.0244612 0.0090063 0.0639393 0.0255027 0.0090063 0.0628848 0.0269471 0.0090063 0.0608872 0.028938 0.0090063 0.0486311 0.030809 0.00345 0.0511882 0.0310396 0.00345 0.0485977 0.0307613 0.0062281 0.0512097 0.0310246 0.0062281 0.0486493 0.0308349 0.0090063 0.0510995 0.0311017 0.0090063 0.0586092 0.0305283 0.00345 0.0556938 0.0312082 0.00345 0.0557994 0.0312022 0.00345 0.0557257 0.0312538 0.0017486 0.0585601 0.0304581 0.0062281 0.0556392 0.0311302 0.0062281 0.055947 0.0310989 0.0062281 0.05224 0.0311193 0.00345 0.0522362 0.0311139 0.0062281 0.0584544 0.0303071 0.0090063 0.0555682 0.0310288 0.0090063 0.0561991 0.0309224 0.0090063 0.05228 0.0311765 0.0090063 0.044118 0.0292071 -0.0101483 0.0409182 0.029481 -0.00766279 0.0434367 0.0296841 -0.00766279 0.0412703 0.0299838 -0.0048846 0.0428144 0.0301199 -0.0048846 0.0445257 0.0297894 -0.00766279 0.0476931 0.0300953 -0.00766279 0.0449288 0.0303651 -0.0048846 0.0469383 0.0306239 -0.0048846 0.0373664 0.0292522 -0.00766279 0.0390392 0.0293718 -0.00766279 0.0377101 0.0297429 -0.0048846 0.0384374 0.0297932 -0.0048846 0.0415286 0.0303527 -0.0021064 0.0424023 0.0304085 -0.0021064 0.0416398 0.0305115 0.0006718 0.0422179 0.0305376 0.0006718 0.0451455 0.0306745 -0.0021064 0.046581 0.0308741 -0.0021064 0.0451482 0.0306785 0.0006718 0.0466685 0.0308128 0.0006718 0.0379578 0.0300966 -0.0021064 0.0379991 0.0301001 -0.0021064 0.0343124 0.0297342 -0.0021064 0.037973 0.0301184 -0.001823 0.0380248 0.0301924 0.0006718 0.034368 0.0298136 0.0006718 0.0378882 0.0301777 0.0006718 0.0416772 0.030565 0.00345 0.0421411 0.0305913 0.00345 0.0415974 0.030451 0.0062281 0.0422824 0.0304924 0.0062281 0.0451268 0.0306479 0.00345 0.0468495 0.0306861 0.00345 0.0450766 0.0305762 0.0062281 0.0469102 0.0306435 0.0062281 0.0380079 0.0301683 0.00345 0.0343375 0.02977 0.00345 0.0379166 0.0301578 0.00345 0.0379363 0.030066 0.0062281 0.0380332 0.0300762 0.0062281 0.037973 0.0301184 0.0052831 0.0342904 0.0297028 0.0062281 0.0413742 0.0301322 0.0090063 0.0426516 0.0302339 0.0090063 0.0449716 0.0304262 0.0090063 0.0469196 0.030637 0.0090063 0.0377657 0.0298223 0.0090063 0.0383389 0.0298621 0.0090063 0.034236 0.029625 0.0090063 0.0559453 -0.026556 0.0139503 0.0520761 -0.0272383 0.0121336 0.0522901 -0.0269327 0.0145627 0.0558107 -0.0264617 0.0145627 0.0491248 -0.0266095 0.0145627 0.0515708 -0.0268845 0.0145627 0.0527451 -0.0262828 0.0173409 0.0551137 -0.0259737 0.0173409 0.0493887 -0.0262326 0.0173409 0.0507444 -0.0263058 0.0173409 0.0534979 -0.0252077 0.0201191 0.0539624 -0.0251676 0.0201191 0.0498003 -0.0256448 0.0195548 0.0499534 -0.0254261 0.0201191 0.0536696 -0.0249625 0.0206165 0.0513033 -0.0234983 0.0228973 0.0515534 -0.0234807 0.0228973 0.0598145 -0.0258737 0.0118219 0.0603473 -0.0251129 0.0145627 0.062246 -0.0241847 0.0145627 0.0560644 -0.0263861 0.0145627 0.0592364 -0.0254689 0.0145627 0.0609764 -0.0242144 0.0173409 0.0617198 -0.0238162 0.0173409 0.0565703 -0.0256636 0.0173409 0.0586733 -0.0250746 0.0173409 0.064368 -0.0222791 0.0145627 0.0658743 -0.0199423 0.0145627 0.0639085 -0.0219573 0.0173409 0.0654147 -0.0196204 0.0173409 0.061408 -0.0235979 0.0184514 0.0572601 -0.0246783 0.0201191 0.0578541 -0.024501 0.0201191 0.0608713 -0.0232221 0.0201191 0.0575388 -0.0242803 0.0208608 0.0586571 -0.0226832 0.0228973 0.0595763 -0.0223154 0.0228973 0.0623415 -0.0222649 0.0201191 0.0632331 -0.0214844 0.0201191 0.0648473 -0.0192232 0.0201191 0.0630015 -0.0213223 0.0209333 0.064595 -0.0190465 0.0212506 0.0623191 -0.0208444 0.0228973 0.06417 -0.0187489 0.0228973 0.0548143 -0.0233277 0.0228973 0.0560705 -0.0232521 0.0228973 0.0458552 -0.0264352 0.0145627 0.046086 -0.0264356 0.0145627 0.0424291 -0.0264847 0.0145627 0.045931 -0.026327 0.0158375 0.0426203 -0.0262115 0.0173409 0.0456875 -0.0261565 0.0173409 0.0460526 -0.0261534 0.0173409 0.0390716 -0.026436 0.0145627 0.0412766 -0.0264595 0.0145627 0.0392762 -0.0261439 0.0173409 0.0408695 -0.0261745 0.0173409 0.0430615 -0.0255814 0.0201191 0.0448282 -0.0255548 0.0201191 0.0436552 -0.0247335 0.0220091 0.0465071 -0.0255043 0.0201191 0.0494979 -0.0254331 0.0201191 0.0475245 -0.0240513 0.022608 0.0477376 -0.023747 0.0228973 0.0441413 -0.0240394 0.0228973 0.0471453 -0.0237857 0.0228973 0.0396836 -0.025562 0.0201191 0.0400001 -0.0255657 0.0201191 0.0362832 -0.0255747 0.0201191 0.039786 -0.0254158 0.0205905 0.0406155 -0.024231 0.0228973 0.0427833 -0.024123 0.0228973 0.0371799 -0.024294 0.0228973 0.0381953 -0.024302 0.0228973 0.0513938 -0.023369 0.0230032 0.0591324 -0.0220045 0.0234715 0.0607258 -0.0197288 0.0247641 0.0623193 -0.017453 0.0252697 0.0552631 -0.0226868 0.0234267 0.0568566 -0.020411 0.0246172 0.0529873 -0.0210932 0.0241681 0.0545808 -0.0188175 0.0247485 0.05845 -0.0181353 0.0252754 0.0597986 -0.0162094 0.0256754 0.0608416 -0.0164183 0.0256754 0.0561743 -0.0165418 0.0252104 0.0575254 -0.0146122 0.0256754 0.0600436 -0.0158595 0.0257374 0.0577678 -0.014266 0.0257716 0.049118 -0.0217755 0.0240288 0.0452488 -0.0224578 0.0239016 0.0468423 -0.020182 0.0245047 0.0413795 -0.02314 0.0238646 0.0375102 -0.0238223 0.0234806 0.0391037 -0.0215465 0.0248161 0.042973 -0.0208643 0.0245906 0.0445665 -0.0185885 0.0247718 0.0406972 -0.0192707 0.0249837 0.0422907 -0.016995 0.0250268 0.0507115 -0.0194997 0.0245946 0.0523051 -0.017224 0.0249062 0.0484358 -0.0179062 0.0249077 0.0500293 -0.0156305 0.025333 0.0538985 -0.0149483 0.0252899 0.0550927 -0.0132428 0.0256754 0.0514765 -0.0135637 0.0256754 0.0517501 -0.013444 0.0256754 0.055492 -0.0126725 0.0258254 0.0516227 -0.0133548 0.0257054 0.0532162 -0.011079 0.0260538 0.04616 -0.0163127 0.0251833 0.0474631 -0.0144517 0.0256754 0.0483312 -0.0144414 0.0256754 0.0438842 -0.0147192 0.0254629 0.0444396 -0.0139261 0.0256754 0.0477535 -0.0140369 0.0257843 0.0454778 -0.0124434 0.0260622 0.049347 -0.0117613 0.0262368 0.0509405 -0.00948549 0.0264934 0.0470712 -0.0101678 0.0265305 0.0486647 -0.00789198 0.0268565 0.0668003 -0.0171991 0.0145627 0.0671376 -0.0154154 0.0145627 0.0672839 -0.0141462 0.0145627 0.0663848 -0.0169082 0.0173409 0.066548 -0.0162573 0.0173409 0.0669449 -0.0139088 0.0173409 0.067341 -0.0107946 0.0145627 0.0673287 -0.010299 0.0145627 0.0670604 -0.0106821 0.0173409 0.0670999 -0.0106257 0.0171161 0.0671398 -0.00726213 0.0145627 0.0670586 -0.0105968 0.0173409 0.0668177 -0.00703659 0.0173409 0.0654458 -0.0178314 0.0201191 0.0661885 -0.0167707 0.018395 0.0658564 -0.0165382 0.0201191 0.0664173 -0.0135394 0.0201191 0.0651547 -0.0160468 0.0228973 0.0657237 -0.0130537 0.0228973 0.0665547 -0.0114043 0.0201191 0.0657946 -0.0124899 0.0228973 0.0665335 -0.0102292 0.0201191 0.0663005 -0.00692373 0.0201191 0.0664176 -0.00675646 0.0194931 0.0662821 -0.00666159 0.0201191 0.0658035 -0.00971799 0.0228973 0.0656101 -0.00790974 0.0228973 0.0654052 -0.00604758 0.0228973 0.0670125 -0.00590691 0.0145627 0.0667773 -0.00361677 0.0145627 0.0666448 -0.00158833 0.0145627 0.0667425 -0.00629241 0.0173409 0.0664258 -0.00337065 0.0173409 0.0663118 -0.00206385 0.0173409 0.0659611 -0.00304526 0.0201191 0.0659182 -0.00262603 0.0201191 0.0651685 -0.00369667 0.0228973 0.0657353 -0.00288718 0.0210325 0.066624 -0.000117992 0.0145627 0.0661925 0.000184169 0.0173409 0.0667158 0.00320932 0.0145627 0.0667271 0.00337279 0.0145627 0.0669606 0.00642942 0.0145627 0.0661997 0.00261966 0.0173409 0.0666465 0.00325778 0.0150182 0.0662437 0.00353987 0.0173409 0.0664545 0.00678384 0.0173409 0.0656442 0.000568064 0.0201191 0.065078 -0.00242689 0.0228973 0.0649649 0.000856192 0.0228973 0.065053 0.000982016 0.0225471 0.0649583 0.00104832 0.0228973 0.0656048 0.00177004 0.0201191 0.0656169 0.00397871 0.0201191 0.0657137 0.00676926 0.0201191 0.0659643 0.00712706 0.0193202 0.0649198 0.00446683 0.0228973 0.0649998 0.00574958 0.0228973 0.0657473 0.007279 0.0201191 0.0652248 0.00764483 0.0228973 0.0639128 -0.0151773 0.0248338 0.0655063 -0.0129015 0.0234255 0.0624983 -0.0141868 0.0256754 0.0633184 -0.0113695 0.0256754 0.0616371 -0.0135838 0.0259652 0.0632306 -0.011308 0.025727 0.0593613 -0.0119903 0.0263797 0.0609548 -0.00971449 0.0266332 0.0633733 -0.0111041 0.0256754 0.0648241 -0.00903223 0.0245566 0.0635307 -0.0081266 0.0256754 0.0632959 -0.00637111 0.0256754 0.0641418 -0.00516295 0.0247287 0.0625483 -0.00743872 0.0262104 0.0570855 -0.0103967 0.0264869 0.058679 -0.00812098 0.0269007 0.0548098 -0.00880323 0.0265523 0.0564033 -0.00652746 0.0269649 0.0630044 -0.00436654 0.0256754 0.0602725 -0.0058452 0.0268341 0.0618661 -0.00356944 0.0263498 0.0579968 -0.0042517 0.0271045 0.0595903 -0.00197593 0.0271714 0.052534 -0.00720972 0.0268452 0.0541275 -0.00493396 0.0272182 0.0502582 -0.00561621 0.0272292 0.0518517 -0.00334045 0.0275572 0.055721 -0.00265819 0.0273943 0.0573145 -0.000382421 0.0275176 0.0534452 -0.00106468 0.0276553 0.0550388 0.00121109 0.0276656 0.0631361 -0.00175567 0.0256754 0.0634596 -0.00129367 0.0254455 0.0632493 -0.00114644 0.0256754 0.0635495 0.00203475 0.0256754 0.0611838 0.00029984 0.0270505 0.0627773 0.00257552 0.0263847 0.0636132 0.00376944 0.0256754 0.0643708 0.00485129 0.0246629 0.058908 0.00189335 0.027481 0.0605015 0.00416904 0.0272674 0.0566323 0.00348686 0.0276437 0.0582257 0.00576254 0.0276087 0.0638864 0.00519045 0.0256754 0.0646532 0.00804507 0.0256754 0.062095 0.0064448 0.0272401 0.0636885 0.00872057 0.0269027 0.0598192 0.00803831 0.0277735 0.0614127 0.0103141 0.027715 0.0670849 0.00872744 0.0145627 0.0665282 0.00793246 0.0173409 0.0670658 0.00974732 0.0145627 0.0667193 0.0130491 0.0145627 0.0668755 0.0132721 0.0137426 0.0666724 0.0134144 0.0145627 0.0664719 0.0101632 0.0173409 0.066225 0.012343 0.0173409 0.0660425 0.0138554 0.0173409 0.0662487 0.0171026 0.0145627 0.0662378 0.017205 0.0145627 0.065772 0.0165398 0.0173409 0.0661933 0.0171414 0.0147657 0.0657786 0.0106486 0.0201191 0.0657236 0.011627 0.0201191 0.0655707 0.0141858 0.0201191 0.0652624 0.0109683 0.0228973 0.065282 0.0109963 0.0227277 0.0652569 0.0110139 0.0228973 0.064712 0.014787 0.0228973 0.0654395 0.0160649 0.0201191 0.0646841 0.014986 0.0228973 0.0646674 0.0101186 0.0256754 0.0642084 0.0117481 0.0256754 0.0635178 0.0133205 0.0256754 0.0645997 0.0148656 0.0231165 0.0630062 0.0125899 0.0265572 0.0339156 -0.0241123 0.0228973 0.0352344 -0.0222288 0.0246102 0.0368279 -0.019953 0.0252979 0.0329587 -0.0206353 0.0250069 0.0345523 -0.0183595 0.0254214 0.0384215 -0.0176772 0.0252641 0.040015 -0.0154015 0.0253033 0.0361458 -0.0160838 0.0254739 0.0377393 -0.013808 0.0255588 0.030683 -0.0190418 0.0249891 0.0322765 -0.016766 0.0252358 0.0284072 -0.0174483 0.0248108 0.0300007 -0.0151725 0.0248985 0.03387 -0.0144903 0.0253818 0.0354635 -0.0122145 0.025496 0.0315942 -0.0128968 0.0250041 0.0331877 -0.010621 0.0251304 0.0416085 -0.0131257 0.0256334 0.0417752 -0.0128876 0.0256754 0.039088 -0.0118819 0.0256754 0.0404828 -0.0123375 0.0256754 0.043202 -0.0108499 0.0260291 0.0393328 -0.0115322 0.0256964 0.0409263 -0.00925647 0.0258777 0.0447954 -0.00857424 0.0264418 0.0463889 -0.00629847 0.0268933 0.0425197 -0.00698079 0.026224 0.0441133 -0.00470502 0.0266865 0.0382446 -0.0107703 0.0256754 0.037057 -0.00993873 0.025581 0.0381453 -0.00838447 0.0256754 0.0347812 -0.00834522 0.0253144 0.0377196 -0.00701115 0.0256754 0.0363748 -0.00606945 0.0255761 0.0386505 -0.00766296 0.025741 0.0368722 -0.00535908 0.0256754 0.040244 -0.00538728 0.0260642 0.0418375 -0.00311151 0.0264636 0.0379682 -0.00379377 0.0259322 0.0395617 -0.001518 0.0262884 0.0261314 -0.0158548 0.0246775 0.0277249 -0.013579 0.0247532 0.0238557 -0.0142613 0.0246113 0.0254492 -0.0119855 0.024757 0.0293185 -0.0113032 0.0248548 0.030912 -0.00902748 0.0249902 0.0270427 -0.00970975 0.0249241 0.0286362 -0.00743398 0.0250485 0.0215799 -0.0126678 0.0245508 0.0231734 -0.010392 0.0246521 0.0193042 -0.0110743 0.0245281 0.0208977 -0.00879851 0.0245063 0.0247669 -0.00811624 0.0247922 0.0263605 -0.00584048 0.0248732 0.0224912 -0.00652274 0.0244997 0.0240847 -0.00424697 0.0244778 0.0325055 -0.00675171 0.0251875 0.034099 -0.00447594 0.0254489 0.0302297 -0.00515821 0.0251659 0.0318232 -0.00288244 0.0253439 0.0352455 -0.00283854 0.0256754 0.0346487 -0.00146939 0.0256754 0.0334167 -0.000606758 0.0255474 0.0345919 0.0010716 0.0256754 0.0356924 -0.00220026 0.0257701 0.037286 7.55137e-05 0.0260328 0.0350102 0.00166901 0.0257164 0.027954 -0.00356471 0.0249251 0.0295475 -0.00128894 0.025049 0.0256782 -0.0019712 0.0244664 0.0272717 0.000304566 0.0245444 0.0311409 0.000986747 0.0251765 0.0347151 0.00187567 0.0256754 0.0327344 0.00326252 0.0253439 0.0288652 0.00258025 0.0246499 0.0304587 0.00485602 0.0248607 0.0479825 -0.0040227 0.0273215 0.049576 -0.00174694 0.0275984 0.0457068 -0.00242925 0.0270761 0.0473003 -0.000153483 0.0273027 0.0511695 0.000528833 0.0276813 0.052763 0.0028046 0.0277532 0.0488938 0.00212229 0.0274387 0.0504873 0.00439805 0.0276958 0.043431 -0.00083574 0.0267766 0.0450245 0.00144003 0.0269445 0.0411552 0.00075777 0.0265136 0.0427487 0.00303354 0.0266353 0.046618 0.0037158 0.0270925 0.0482115 0.00599156 0.0274347 0.0443422 0.00530931 0.0267592 0.0459358 0.00758507 0.0270091 0.0543565 0.00508037 0.027904 0.0559499 0.00735605 0.0279963 0.0520808 0.00667382 0.0280414 0.0536743 0.00894951 0.0282553 0.0575435 0.00963182 0.0280932 0.059137 0.0119076 0.0280953 0.0552678 0.0112253 0.0284332 0.0554049 0.0114211 0.0284536 0.0574761 0.0130706 0.0284536 0.049805 0.00826733 0.0278537 0.0513985 0.010543 0.0281938 0.0475293 0.00986084 0.0273472 0.0491227 0.0121365 0.0277746 0.0525041 0.012122 0.0284536 0.0551254 0.011325 0.0284536 0.0512391 0.0140462 0.0284536 0.0507162 0.0144123 0.0283621 0.0509568 0.0147559 0.0284536 0.0568613 0.013501 0.0285937 0.052992 0.0128188 0.0285903 0.0545855 0.0150946 0.0289124 0.0523097 0.0166881 0.0287685 0.0388795 0.00235128 0.0262129 0.040473 0.00462705 0.0264236 0.0366037 0.00394478 0.0259506 0.0381972 0.00622055 0.0263229 0.0420665 0.00690282 0.0265958 0.04366 0.00917858 0.0266471 0.0397907 0.00849632 0.0265579 0.0413842 0.0107721 0.0264184 0.0341702 0.00531294 0.0256754 0.0339043 0.00583493 0.0256754 0.0320522 0.00713179 0.0253831 0.032816 0.00822266 0.0256754 0.0343279 0.00553828 0.0257239 0.0359215 0.00781405 0.0262065 0.0336457 0.00940755 0.0259239 0.037515 0.0100898 0.0263859 0.0391085 0.0123656 0.0261439 0.0352392 0.0116833 0.0260787 0.0368327 0.0139591 0.0259128 0.0452535 0.0114544 0.0266943 0.046847 0.01373 0.0269567 0.0429778 0.0130479 0.0261577 0.0445712 0.0153235 0.0260963 0.0484405 0.0160058 0.0274914 0.0511337 0.0175116 0.0284536 0.050034 0.0182816 0.0279162 0.0461647 0.0175993 0.026238 0.0477582 0.0198751 0.0263055 0.040702 0.0146414 0.0258481 0.0422954 0.016917 0.0257346 0.0384262 0.0162349 0.0257229 0.0400197 0.0185105 0.0256843 0.0438456 0.019131 0.0256754 0.0439961 0.0191178 0.0256754 0.043889 0.0191928 0.0256723 0.0467387 0.020589 0.0256754 0.0454825 0.0214686 0.0252658 0.0426314 0.0200733 0.0256754 0.0421787 0.0215939 0.0256754 0.0432067 0.0230621 0.0251942 0.0416132 0.0207863 0.0257394 0.0170284 -0.00948078 0.0245699 0.0186219 -0.00720501 0.0244806 0.0147527 -0.00788727 0.0246374 0.0163462 -0.00561151 0.0245962 0.0202154 -0.00492924 0.0243406 0.0218089 -0.00265347 0.024252 0.0179397 -0.00333574 0.0244733 0.0195332 -0.00105997 0.0244231 0.0124769 -0.00629378 0.0247712 0.0140704 -0.00401801 0.0247684 0.0102011 -0.00470027 0.0250082 0.0117947 -0.0024245 0.02498 0.0156639 -0.00174224 0.0247399 0.0172574 0.000533529 0.0247591 0.0133882 -0.000148734 0.024944 0.0149817 0.00212703 0.0249654 0.0234025 -0.000377707 0.0242581 0.024996 0.00189806 0.0243231 0.0211267 0.0012158 0.0245159 0.0227202 0.00349157 0.0246785 0.0265894 0.00417375 0.0244418 0.0281829 0.00644952 0.0246594 0.0243137 0.00576725 0.0248778 0.0259072 0.00804302 0.0250397 0.0188509 0.0028093 0.0248995 0.0204445 0.00508507 0.0252141 0.0165752 0.0044028 0.025118 0.0181687 0.00667857 0.0255095 0.0220379 0.00736075 0.0255147 0.0236314 0.00963652 0.0255838 0.0187193 0.00746488 0.0256754 0.0212621 0.00790397 0.0256754 0.0231572 0.00996859 0.0256754 0.0197621 0.00895426 0.0259116 0.0213557 0.01123 0.0260408 0.00792538 -0.00310676 0.0252695 0.00951889 -0.000830991 0.0252063 0.00564961 -0.00151325 0.0254879 0.00724312 0.000762519 0.0254137 0.0111124 0.00144478 0.0250869 0.0127059 0.00372054 0.0250498 0.00883663 0.00303829 0.0252724 0.0104301 0.00531405 0.0252111 0.00337384 8.02604e-05 0.0255918 0.00496735 0.00235603 0.0256067 0.00411142 0.00295536 0.0256754 0.00656086 0.0046318 0.0255421 0.00815437 0.00690756 0.0255135 0.00556739 0.00532743 0.0256754 0.00705384 0.00767816 0.0256754 0.0142994 0.00599631 0.0251731 0.0158929 0.00827208 0.0255573 0.0120236 0.00758982 0.0252706 0.0136172 0.00986559 0.0255784 0.0162444 0.00877397 0.0256754 0.0139268 0.0103078 0.0256754 0.0174864 0.0105478 0.0260789 0.0190799 0.0128235 0.0264491 0.0152106 0.0121413 0.0261392 0.0168041 0.014417 0.0267224 0.00974788 0.00918333 0.0255552 0.0107333 0.0105907 0.0256754 0.0123755 0.010735 0.0256754 0.00893864 0.00974997 0.0256754 0.0113414 0.0114591 0.0258152 0.0129348 0.0137348 0.0263697 0.0145284 0.0160106 0.0270723 0.0338615 0.0290902 0.0145627 0.0346018 0.0290873 0.0145627 0.0341037 0.0294361 0.011998 0.0334598 0.0285166 0.0173409 0.0354058 0.0285244 0.0173409 0.0363232 0.0277622 0.0201191 0.0364924 0.0277635 0.0201191 0.0363794 0.0278426 0.0198696 0.0329552 0.0277959 0.0201191 0.0356597 0.0268146 0.0228973 0.0379061 0.0267736 0.0228973 0.0324879 0.0271285 0.0228973 0.0325782 0.0271127 0.0228973 0.0325102 0.0271603 0.0227522 0.030472 0.0290931 0.0145627 0.0270991 0.0291198 0.0145627 0.0297239 0.0291113 0.0145627 0.0301184 0.0285882 0.0173409 0.0304965 0.0285703 0.0173409 0.0302344 0.0287538 0.0165336 0.0268014 0.0286946 0.0173409 0.0236541 0.0290435 0.0145627 0.0249153 0.0290867 0.0145627 0.0203762 0.0288736 0.0145627 0.0234305 0.0287241 0.0173409 0.0254247 0.02873 0.0173409 0.0207034 0.0286446 0.0173409 0.0297432 0.0280524 0.0201191 0.031465 0.0278922 0.0201191 0.0265105 0.0282792 0.0201191 0.0295095 0.0277185 0.0228973 0.0263928 0.0281111 0.0228973 0.0231767 0.0283616 0.0201191 0.02604 0.0282992 0.0201191 0.021097 0.0283689 0.0201191 0.0231116 0.0282688 0.0228973 0.0263022 0.0281156 0.0228973 0.0210818 0.0283796 0.0228973 0.0297764 0.00872529 0.0251096 0.0318695 0.0106513 0.0256754 0.03137 0.0110011 0.025632 0.0275007 0.0103188 0.0252655 0.0289347 0.0123668 0.0256754 0.0294947 0.0123141 0.0256754 0.0290942 0.0125946 0.0257362 0.0315293 0.0112286 0.0256754 0.0329635 0.0132768 0.0259315 0.034557 0.0155526 0.0259761 0.0306877 0.0148703 0.0262693 0.0322812 0.0171461 0.0264286 0.0252249 0.0119123 0.0256707 0.0252547 0.0119548 0.0256754 0.0251971 0.0119318 0.0256754 0.0268184 0.0141881 0.0261846 0.0229492 0.0135058 0.0261247 0.0245427 0.0157816 0.0266176 0.0284119 0.0164638 0.0268898 0.0300055 0.0187396 0.0270381 0.0261362 0.0180573 0.0273411 0.0277297 0.0203331 0.0275548 0.0361505 0.0178284 0.0259057 0.0377439 0.020104 0.0259415 0.0338747 0.0194219 0.0263059 0.0354682 0.0216975 0.0262874 0.040493 0.0240301 0.0256754 0.040931 0.0246556 0.0252661 0.0376458 0.0248075 0.0256754 0.0386552 0.0262491 0.0240226 0.0393374 0.0223798 0.0260482 0.0370617 0.0239733 0.0260614 0.031599 0.0210154 0.0266978 0.0331924 0.023291 0.026369 0.0293232 0.0226089 0.0273154 0.0309167 0.0248846 0.0267543 0.03441 0.0250299 0.0256754 0.0357976 0.0248584 0.0256754 0.0347859 0.0255668 0.0251686 0.0317647 0.0260958 0.0256754 0.0206734 0.0150993 0.0266829 0.0222669 0.0173751 0.0271842 0.0183976 0.0166928 0.027305 0.0199911 0.0189686 0.0280956 0.0238604 0.0196508 0.0279517 0.0254539 0.0219266 0.0283897 0.0206493 0.0199085 0.0284536 0.0226292 0.0205129 0.0284536 0.0253228 0.0220184 0.0284536 0.0161219 0.0182863 0.027967 0.0168895 0.0193826 0.0284536 0.019145 0.0195611 0.0284536 0.0139051 0.0198385 0.0284536 0.0215847 0.0212444 0.0289027 0.0231782 0.0235201 0.0292818 0.0177154 0.0205621 0.028935 0.0193089 0.0228379 0.0295352 0.0209024 0.0251136 0.0294269 0.026302 0.0279814 0.0256754 0.0265465 0.0279446 0.0256754 0.0263651 0.0280716 0.0245386 0.0270474 0.0242024 0.0283533 0.0286409 0.0264781 0.0271802 0.026816 0.0243644 0.0284536 0.0251598 0.0263501 0.0284536 0.0291957 0.0272704 0.0256754 0.0231645 0.0283443 0.0256754 0.0209253 0.0284891 0.0256754 0.022258 0.0270497 0.0284536 0.0232005 0.026896 0.0284536 0.0224959 0.0273894 0.02812 0.0247717 0.0257959 0.0287721 0.0657067 0.0208736 0.0145627 0.0656878 0.0174953 0.0173409 0.0653042 0.0207153 0.0173409 0.065511 0.0210107 0.0156184 0.0652182 0.0212157 0.0173409 0.0652834 0.0177785 0.0201191 0.0649892 0.0202654 0.0201191 0.0647602 0.0215364 0.0201191 0.0643204 0.0184528 0.0228973 0.0642826 0.0192564 0.0228973 0.0639022 0.0221372 0.0228973 0.065642 0.0211977 0.0145627 0.0645379 0.0244644 0.0145627 0.0643019 0.0241273 0.0173409 0.0638814 0.0255431 0.0145627 0.0628037 0.0268313 0.0145627 0.0606175 0.0285528 0.0145627 0.0627033 0.0263681 0.0173409 0.0625687 0.0264957 0.0173409 0.0602712 0.0280582 0.0173409 0.0603175 0.0280386 0.0173409 0.0602772 0.0280668 0.0173046 0.0639965 0.0236911 0.0201191 0.0635671 0.0230779 0.0228973 0.062175 0.0259335 0.0201191 0.062553 0.0264733 0.0174582 0.0597898 0.0273707 0.0201191 0.0618005 0.0253986 0.0228973 0.0593758 0.0267794 0.0228973 0.0516888 0.0303321 0.0145627 0.0521858 0.0303411 0.0145627 0.0518565 0.0305717 0.013507 0.0481385 0.0301055 0.0145627 0.0511815 0.0296076 0.0173409 0.0530772 0.0297169 0.0173409 0.0475498 0.0292646 0.0173409 0.0487265 0.0293717 0.0173409 0.0479872 0.0298894 0.0153607 0.0536253 0.0282542 0.0228973 0.0553964 0.028093 0.0228973 0.0541323 0.0289782 0.020482 0.0450974 0.0257623 0.0228973 0.0481793 0.0263634 0.0228973 0.0463937 0.0276136 0.0205118 0.0505106 0.0286494 0.0201191 0.054002 0.0290693 0.0201191 0.0465769 0.0278753 0.0201191 0.0499432 0.0285198 0.0201191 0.0492896 0.0269058 0.0228973 0.0510853 0.0277201 0.0228973 0.050263 0.0282959 0.0208661 0.0580277 0.0296979 0.0145627 0.0550156 0.0302397 0.0145627 0.0578904 0.0297381 0.0145627 0.0576326 0.0291335 0.0173409 0.0580015 0.0296603 0.0147834 0.0546216 0.0296771 0.0173409 0.0571595 0.0284578 0.0201191 0.0541915 0.0290627 0.0201191 0.0566594 0.0277437 0.0228973 0.0625325 0.0163131 0.0256754 0.0607305 0.0141834 0.0274458 0.062324 0.0164591 0.0258571 0.0580751 0.0152346 0.0284536 0.0584548 0.0157768 0.028319 0.0600483 0.0180526 0.0275432 0.062472 0.0166705 0.0256754 0.0639175 0.0187349 0.0236259 0.0624928 0.0197325 0.0256754 0.0625521 0.0216283 0.0256754 0.0632353 0.0226041 0.024144 0.0616418 0.0203284 0.026627 0.0580695 0.0160466 0.0284536 0.0576329 0.0194466 0.0284536 0.0577725 0.0196461 0.0284108 0.0549273 0.0204263 0.0284536 0.0554968 0.0212396 0.0282843 0.0620448 0.0234378 0.0256754 0.059366 0.0219219 0.0278673 0.0609596 0.0241976 0.0263396 0.0570903 0.0235154 0.0276374 0.0586838 0.0257911 0.0259102 0.056179 0.0173703 0.0288227 0.0539033 0.0189638 0.028694 0.0612329 0.024588 0.0256754 0.0587799 0.0259283 0.0256754 0.0529712 0.0196165 0.0284536 0.0516275 0.0205573 0.0278531 0.053221 0.0228331 0.0274401 0.0493517 0.0221508 0.026125 0.0509452 0.0244266 0.0259191 0.0557002 0.0263737 0.0256754 0.0583793 0.0260043 0.0256754 0.056408 0.0273847 0.0239868 0.0517527 0.0255797 0.0256754 0.0532051 0.0262358 0.0256754 0.0525388 0.0267024 0.0250815 0.0548145 0.0251089 0.0266645 0.0488294 0.0225166 0.0256754 0.047076 0.0237444 0.0245003 0.0506721 0.0246179 0.0256754 0.0486695 0.0260201 0.023569 0.0448002 0.0253379 0.0233658 0.0408607 0.0293989 0.0145627 0.0434918 0.0296456 0.0145627 0.0439371 0.0289488 0.0173409 0.0444311 0.0289879 0.0173409 0.044118 0.0292071 0.016583 0.0403754 0.0287058 0.0173409 0.0444963 0.0297474 0.0145627 0.0477233 0.0300742 0.0145627 0.037311 0.0291731 0.0145627 0.0391659 0.0292831 0.0145627 0.0368834 0.0285623 0.0173409 0.0400077 0.0286936 0.0173409 0.0430772 0.0277207 0.0201191 0.0460861 0.027829 0.0201191 0.0397338 0.0277895 0.0201191 0.0413498 0.0277538 0.0201191 0.0402487 0.0285249 0.0179253 0.0421288 0.0263662 0.0228973 0.0439337 0.0259446 0.0228973 0.0425245 0.0269314 0.02172 0.0390094 0.0267549 0.0228973 -0.00322439 0.0148751 -0.025823 0.0011766 0.0211603 -0.0215537 0.0066966 0.0214944 -0.0215537 -0.0130407 0.0202303 -0.0215537 -0.0110091 0.020326 -0.0215537 0.00314959 0.0239781 -0.0181911 -0.0123274 0.021249 -0.0204996 -0.00597547 0.0206334 -0.0215537 -0.00216258 0.0209147 -0.0215537 -0.00458891 0.0226136 -0.0193608 -0.00313661 0.0246877 -0.0159973 0.00165759 0.0250228 -0.0159973 -0.0101951 0.0242942 -0.0159973 -0.00716678 0.0244187 -0.0159973 -0.00201579 0.0262884 -0.010441 -0.000316319 0.0264049 -0.010441 -0.00914036 0.0258006 -0.0106326 -0.00912017 0.0258294 -0.010441 0.00825595 0.0215834 -0.0215537 0.0108881 0.0253426 -0.0164261 0.0110212 0.0255325 -0.0159973 0.00397663 0.0251592 -0.0159973 0.0106438 0.0255137 -0.0159973 0.0145569 0.0257384 -0.0159973 0.0151277 0.0257656 -0.0159973 0.0147574 0.0260248 -0.0153152 0.0152522 0.0267314 -0.0132192 0.0183354 0.026911 -0.0132192 0.0117222 0.0265338 -0.0132192 0.0138421 0.0266657 -0.0132192 0.0157169 0.0273951 -0.010441 0.0174879 0.0275045 -0.010441 0.0121992 0.0272149 -0.010441 0.0130034 0.027253 -0.010441 0.00511398 0.0267835 -0.010441 0.00851695 0.0270029 -0.010441 -0.027134 0.0194775 -0.0215537 -0.0200153 0.0199569 -0.0215537 -0.0171012 0.0241186 -0.0159973 -0.0164252 0.0241184 -0.0159973 -0.0201587 0.0199495 -0.0215537 -0.0246175 0.0230715 -0.0177388 -0.0239194 0.0240685 -0.0159973 -0.0168789 0.0244361 -0.0152273 -0.0205061 0.0240995 -0.0159973 -0.0198053 0.0251004 -0.0132192 -0.0178158 0.0250921 -0.0132192 -0.0231693 0.0251398 -0.0132192 -0.0212377 0.0240966 -0.0159973 -0.0227147 0.0251308 -0.0132192 -0.0193917 0.0256911 -0.010441 -0.0186488 0.0256753 -0.010441 -0.023024 0.0253473 -0.0124315 -0.0227377 0.0257562 -0.010441 -0.0160308 0.0256473 -0.010441 -0.00917788 0.0258268 -0.010441 -0.0164307 0.0250762 -0.0132192 -0.0308004 0.0239287 -0.0159973 -0.0260033 0.0240419 -0.0159973 -0.0273411 0.0240254 -0.0159973 -0.0268932 0.0246651 -0.0145842 -0.030691 0.0239327 -0.0159973 -0.0307625 0.0239828 -0.0158933 -0.0299922 0.025083 -0.0132192 -0.0275615 0.025133 -0.0132192 -0.0295052 0.0257784 -0.010441 -0.0285146 0.0258003 -0.010441 -0.026558 0.0251439 -0.0132192 -0.0260796 0.0258271 -0.010441 -0.0236526 0.0257875 -0.010441 -0.034299 0.0237756 -0.0159973 -0.0334553 0.0249806 -0.0132192 -0.0322458 0.0250214 -0.0132192 -0.0330382 0.0255763 -0.0107629 -0.0330003 0.0256304 -0.010441 -0.0365491 0.0254058 -0.010441 -0.0331091 0.0256259 -0.010441 -0.00175137 0.026666 -0.00766279 -0.000796754 0.0267413 -0.00766279 -0.0014998 0.0270253 -0.0048846 -0.00123516 0.0270483 -0.0048846 -0.00558213 0.0260386 -0.010441 -0.00530355 0.0264365 -0.00766279 -0.00471412 0.0260927 -0.010441 -0.00521061 0.0264404 -0.00766279 -0.00883763 0.0262329 -0.00766279 -0.00527114 0.0264828 -0.00727817 -0.00504561 0.0268048 -0.0048846 -0.00850995 0.0267009 -0.0048846 -0.00571848 0.026796 -0.0048846 -0.00140194 0.0271651 -0.0039094 -0.00468443 0.0273207 -0.0021064 -0.00176245 0.0274175 -0.0021064 -0.00797778 0.0274609 -0.0021064 -0.00659702 0.0274111 -0.0021064 -0.00430948 0.0278561 0.0006718 -0.00232464 0.0278111 0.0006718 -0.00754691 0.0280763 0.0001061 -0.00746506 0.0281932 0.0006718 -0.00414991 0.028084 0.00345 -0.00258553 0.0279938 0.00345 -0.00728685 0.0284477 0.00345 -0.00410265 0.0281515 0.0062281 -0.00265623 0.0280433 0.0062281 -0.00730033 0.0284284 0.0062281 -0.00407867 0.0281858 0.0090063 -0.00269768 0.0280724 0.0090063 -0.0073449 0.0283648 0.0090063 0.0160578 0.0278819 -0.00766279 0.0168843 0.0279271 -0.00766279 0.0124817 0.0276183 -0.00814957 0.0125341 0.0276933 -0.00766279 0.0163509 0.0283006 -0.00493808 0.012827 0.0281115 -0.0048846 0.0163403 0.028308 -0.0048846 0.00541275 0.0272102 -0.00766279 0.0079433 0.0274046 -0.00766279 0.00572702 0.027659 -0.0048846 0.00740773 0.0277796 -0.0048846 0.00866366 0.0270093 -0.010441 0.00899381 0.0274808 -0.00766279 0.0123821 0.027688 -0.00766279 0.00929109 0.0279054 -0.0048846 0.011839 0.0280683 -0.0048846 0.0131381 0.0285558 -0.0021064 0.0157839 0.0286976 -0.0021064 0.013383 0.0289056 0.0006718 0.0154003 0.0289662 0.0006718 0.00604724 0.0281163 -0.0021064 0.00686005 0.0281631 -0.0021064 0.00622195 0.0283658 0.0006718 0.00654705 0.0283822 0.0006718 0.00959962 0.028346 -0.0021064 0.0112764 0.0284623 -0.0021064 0.00981592 0.0286549 0.0006718 0.0108577 0.0287555 0.0006718 0.0163567 0.0283088 -0.0048846 0.0166571 0.0287379 -0.0021064 0.0168263 0.0289795 0.0006718 0.00154244 0.0265264 -0.010441 0.00185217 0.0269688 -0.00766279 0.00409278 0.0267092 -0.010441 0.00354968 0.0270895 -0.00766279 0.00214258 0.0273835 -0.0048846 0.00302681 0.0274556 -0.0048846 0.00246733 0.0278473 -0.0021073 0.00246745 0.0278475 -0.0021064 -0.00119115 0.0274661 -0.0021064 0.00246717 0.0278474 -0.0021064 0.00269103 0.0281668 0.0006718 -0.000901041 0.0278804 0.0006718 0.00207144 0.0281245 0.0006718 0.0134269 0.0289683 0.00345 0.0154156 0.0289555 0.00345 0.013325 0.0288227 0.0062281 0.0156192 0.028813 0.0062281 0.00620727 0.0283449 0.00345 0.0065695 0.0283665 0.00345 0.00618003 0.028306 0.0062281 0.00662512 0.0283276 0.0062281 0.00985142 0.0287056 0.00345 0.0107792 0.0288104 0.00345 0.00977577 0.0285976 0.0062281 0.0109346 0.0287016 0.0062281 0.0131885 0.0286278 0.0090063 0.015739 0.0287291 0.0090063 0.00618135 0.0283078 0.0090063 0.00664117 0.0283163 0.0090063 0.00967298 0.0284508 0.0090063 0.0111754 0.028533 0.0090063 0.0167698 0.0288988 0.00345 0.0166864 0.0287796 0.0062281 0.0166752 0.0287637 0.0090063 0.00271088 0.0281951 0.00345 -0.000799918 0.0280249 0.00345 0.00200681 0.0281698 0.00345 0.00267692 0.0281466 0.0062281 -0.00080399 0.028019 0.0062281 0.00207439 0.0281225 0.0062281 0.00267732 0.0281472 0.0090063 -0.000806687 0.0280152 0.0090063 0.00208397 0.0281158 0.0090063 -0.0191547 0.0260296 -0.00767337 -0.0224561 0.0261584 -0.00766279 -0.0191562 0.0260307 -0.00766279 -0.022218 0.0264983 -0.0048846 -0.0196413 0.0263703 -0.0048846 -0.0219137 0.0269329 -0.0021064 -0.020371 0.0268813 -0.0021064 -0.0215644 0.0274318 0.0006718 -0.021175 0.0274442 0.0006718 -0.0126124 0.0256857 -0.010441 -0.0123712 0.0260301 -0.00766279 -0.00968772 0.0261838 -0.00766279 -0.0157967 0.0259816 -0.00766279 -0.0137829 0.0256598 -0.010441 -0.0142468 0.0259846 -0.00766279 -0.0120741 0.0264544 -0.0048846 -0.0102756 0.0265955 -0.0048846 -0.0155663 0.0263107 -0.0048846 -0.0147262 0.0263203 -0.0048846 -0.019154 0.0260306 -0.00766279 -0.0189421 0.0263331 -0.0048846 -0.011544 0.0272115 -0.0021064 -0.0112131 0.0272519 -0.0021064 -0.0152854 0.0267118 -0.0027051 -0.0151797 0.0268628 -0.0021064 -0.0114161 0.0273941 -0.0016093 -0.0146224 0.0276587 0.0006718 -0.0122266 0.0279616 0.0006718 -0.0108996 0.0281317 0.0006718 -0.00775456 0.0282217 0.0006718 -0.0186011 0.0268202 -0.0021064 -0.0154857 0.0268521 -0.0021064 -0.0181291 0.0274942 0.0006718 -0.0164575 0.0275325 0.0006718 -0.02917 0.0262572 -0.00766279 -0.0291671 0.0262572 -0.00766279 -0.029169 0.0262586 -0.007654 -0.0257474 0.0263015 -0.00766279 -0.0243159 0.026252 -0.00766279 -0.0254804 0.0266828 -0.0048846 -0.0248849 0.0266504 -0.0048846 -0.0288634 0.026695 -0.0048846 -0.0327163 0.026036 -0.00766279 -0.0363239 0.0257274 -0.00766279 -0.0336083 0.0259754 -0.00766279 -0.0324269 0.0264492 -0.0048846 -0.0297518 0.0266667 -0.0048846 -0.0360991 0.0260484 -0.0048846 -0.0340605 0.0262921 -0.0048846 -0.0252997 0.0269408 -0.002873 -0.0252293 0.0270414 -0.0021064 -0.0286031 0.0270667 -0.0021064 -0.0254588 0.0270522 -0.0021064 -0.0250152 0.0273472 0.0006718 -0.0284359 0.0273056 0.0006718 -0.0258908 0.0273547 0.0006718 -0.0321334 0.0268684 -0.0021064 -0.030227 0.0269994 -0.0021064 -0.035756 0.0265384 -0.0021064 -0.0346021 0.0266713 -0.0021064 -0.0319306 0.027158 0.0006718 -0.0305282 0.0272103 0.0006718 -0.0354399 0.02699 0.0006718 -0.0350967 0.0270176 0.0006718 -0.0214305 0.0276231 0.001922 -0.0143007 0.0281181 0.00345 -0.0126809 0.0282797 0.00345 -0.0143741 0.0280133 0.0062281 -0.0125193 0.0281665 0.0062281 -0.0106665 0.0284647 0.00345 -0.00818536 0.0285233 0.00345 -0.0107686 0.0283189 0.0062281 -0.00808853 0.0284555 0.0062281 -0.0178359 0.027913 0.00345 -0.0170274 0.0279316 0.00345 -0.0213128 0.0277911 0.00345 -0.0178707 0.0278632 0.0062281 -0.0169324 0.0278651 0.0062281 -0.0212271 0.0279135 0.0062281 -0.0145244 0.0277986 0.0090063 -0.0122667 0.0279896 0.0090063 -0.0109098 0.0281172 0.0090063 -0.00794633 0.0283559 0.0090063 -0.0180013 0.0276768 0.0090063 -0.0166589 0.0276735 0.0090063 -0.021265 0.0278594 0.0090063 -0.0248389 0.027599 0.00345 -0.0216384 0.0277687 0.00345 -0.0282679 0.0275455 0.00345 -0.0262266 0.0275898 0.00345 -0.0246874 0.0278153 0.0062281 -0.0218413 0.0279107 0.0062281 -0.0281431 0.0277237 0.0062281 -0.0264829 0.0277693 0.0062281 -0.0317913 0.027357 0.00345 -0.0308119 0.0274089 0.00345 -0.035314 0.0271698 0.0033516 -0.0353123 0.0271721 0.00345 -0.0317371 0.0274344 0.0062281 -0.0309632 0.0275149 0.0062281 -0.0353201 0.027161 0.0062281 -0.0353022 0.0271615 0.0062281 -0.035314 0.0271698 0.005957 -0.0246472 0.0278727 0.0090063 -0.021819 0.0278951 0.0090063 -0.0281925 0.0276532 0.0090063 -0.0264696 0.02776 0.0090063 -0.0318327 0.0272979 0.0090063 -0.0308277 0.02742 0.0090063 -0.0354261 0.0270096 0.0090063 -0.0350989 0.0270192 0.0090063 -0.0390863 0.0266259 0.0006718 -0.0388417 0.0269753 0.00345 -0.035317 0.0271719 0.00345 -0.0388219 0.0270036 0.0062281 -0.0389519 0.0268179 0.0090063 -0.0043346 0.0278203 0.0145627 -0.0023515 0.02783 0.0145627 -0.00765738 0.0279185 0.0145627 -0.00729871 0.0279025 0.0145627 -0.00754691 0.0280763 0.0127571 -0.00454706 0.0275169 0.0173409 -0.00207398 0.0276356 0.0173409 -0.0079132 0.0275532 0.0173409 -0.00673382 0.0275069 0.0173409 -0.00151121 0.027009 0.0201191 -0.00121763 0.027036 0.0201191 -0.00140194 0.0271651 0.0197074 -0.00251824 0.0255708 0.0228973 0.000202857 0.0260414 0.0228973 -0.00512109 0.026697 0.0201191 -0.00844656 0.0267914 0.0201191 -0.00555301 0.0266801 0.0201191 -0.00613018 0.0252559 0.0228973 -0.00369689 0.0253805 0.0228973 -0.00527114 0.0264828 0.0205865 -0.00913119 0.0258137 0.0228973 -0.00124587 0.00316974 0.0256754 -0.00101936 0.00315641 0.0256754 -0.00117762 0.00326722 0.02569 0.000415894 0.00554299 0.0260147 -0.00345338 0.00486073 0.0259988 -0.00185987 0.0071365 0.0263249 0.0020094 0.00781876 0.0262057 0.00360291 0.0100945 0.0261607 -0.000266365 0.00941227 0.0264942 0.00132715 0.011688 0.0263646 -0.00572915 0.00645424 0.0263499 -0.00413564 0.00873001 0.0266774 -0.00800492 0.00804775 0.0266583 -0.00641141 0.0103235 0.0270198 -0.00254213 0.0110058 0.02678 -0.000948622 0.0132815 0.0266228 -0.0048179 0.0125993 0.0271381 -0.00322439 0.0148751 0.0270129 0.00519642 0.0123703 0.0260742 0.00678993 0.0146461 0.0263723 0.00292066 0.0139638 0.0262082 0.00451417 0.0162396 0.0265779 0.00838339 0.0169217 0.0271114 0.0099769 0.0191975 0.027959 0.00610762 0.0185153 0.0273634 0.00770113 0.020791 0.0279683 0.000644888 0.0155573 0.0265352 0.0022384 0.0178331 0.0269207 -0.00163088 0.0171508 0.0268873 -3.73697e-05 0.0194266 0.0269566 0.00383185 0.0201088 0.0274102 0.00542536 0.0223845 0.027454 0.00155608 0.0217023 0.0269352 0.00314959 0.0239781 0.0264017 -0.0102807 0.00964126 0.0270632 -0.00868718 0.011917 0.027323 -0.0125565 0.0112348 0.0274699 -0.0109629 0.0135105 0.027561 -0.00709367 0.0141928 0.0273201 -0.00550016 0.0164686 0.0271283 -0.00936944 0.0157863 0.027326 -0.00777593 0.0180621 0.0269513 -0.0148321 0.0128282 0.0276416 -0.0132386 0.015104 0.0276765 -0.0171079 0.0144217 0.0277161 -0.0155144 0.0166975 0.0277005 -0.0116451 0.0173798 0.0273753 -0.0100516 0.0196555 0.0268447 -0.0139209 0.0189733 0.0274523 -0.0123274 0.021249 0.0269735 -0.00485849 0.0222286 0.0256754 -0.00413411 0.0222952 0.0256754 -0.00458891 0.0226136 0.0254744 -0.00390665 0.0187443 0.0267959 -0.00231314 0.0210201 0.0263924 -0.00618242 0.0203378 0.0264041 -0.000587532 0.0234845 0.0256754 0.00222756 0.0246237 0.0256754 0.000873826 0.0255716 0.0240183 -0.000835514 0.0233769 0.0256754 -0.00299546 0.0248893 0.0237314 -0.000719686 0.0232958 0.0257586 -0.00795032 0.0226565 0.0256754 -0.00686459 0.0242071 0.02435 -0.0103547 0.0240663 0.0256754 -0.00914036 0.0258006 0.0229343 -0.0084581 0.0219313 0.0260664 -0.0107339 0.0235248 0.0260772 0.0130746 0.0284651 0.0145627 0.0158805 0.02863 0.0145627 0.0129819 0.0283328 0.0173409 0.0161507 0.0284408 0.0173409 0.00622264 0.0283668 0.0145627 0.00655565 0.0283762 0.0145627 0.00617578 0.0282999 0.0173409 0.006632 0.0283228 0.0173409 0.00965514 0.0284253 0.0145627 0.0113317 0.0284235 0.0145627 0.00962394 0.0283807 0.0173409 0.0114383 0.0283489 0.0173409 0.0162081 0.0280966 0.0201191 0.0165986 0.0281271 0.0201191 0.0163509 0.0283006 0.0185113 0.0126814 0.0279036 0.0201191 0.0161322 0.0279882 0.0228973 0.01667 0.0280772 0.0228973 0.0123435 0.0274211 0.0228973 0.0127191 0.0274521 0.0228973 0.0124817 0.0276183 0.0215589 0.00586777 0.02786 0.0201191 0.00715552 0.0279562 0.0201191 0.00528737 0.0270311 0.0228973 0.00806552 0.027319 0.0228973 0.00934404 0.027981 0.0201191 0.0120564 0.0279161 0.0201191 0.00888758 0.0273291 0.0228973 0.0166066 0.0286658 0.0145627 0.0164561 0.0284507 0.0173409 0.00269413 0.0281712 0.0145627 -0.000881308 0.0279086 0.0145627 0.00205514 0.0281359 0.0145627 0.00258756 0.028019 0.0173409 -0.00101696 0.0277149 0.0173409 0.00225493 0.0279961 0.0173409 0.00216225 0.0274116 0.0201191 0.00295563 0.0275054 0.0201191 0.00246733 0.0278473 0.0184613 0.00135965 0.0262654 0.0228973 0.00397711 0.0267902 0.0228973 0.0111153 0.0208234 0.0284536 0.0102215 0.0224178 0.0284536 0.00929464 0.0230668 0.0281907 0.0120592 0.0245226 0.0284536 0.0108881 0.0253426 0.027771 0.0160441 0.0278624 0.0256754 0.0167536 0.0280186 0.0256754 0.0120572 0.0270121 0.0256754 0.0130876 0.0271941 0.0256754 0.014464 0.0256058 0.0284536 0.0150541 0.0258171 0.0284536 0.0147574 0.0260248 0.0282394 0.0184775 0.0268115 0.0284536 0.00826336 0.0264376 0.0256754 0.00913361 0.0265711 0.0256754 0.00861238 0.0269361 0.0244195 0.00405091 0.0252653 0.0256754 0.00548583 0.0257338 0.0256754 0.0047431 0.0262538 0.0245521 0.00701887 0.0246603 0.0270598 0.0115704 0.0214733 0.0286082 0.0131639 0.0237491 0.0288545 -0.0216082 0.0273692 0.0145627 -0.021042 0.0273511 0.0145627 -0.0214305 0.0276231 0.0122155 -0.0219004 0.026952 0.0173409 -0.020585 0.0270311 0.0173409 -0.0224416 0.0261791 0.0201191 -0.0199435 0.0265819 0.0201191 -0.0192313 0.0259201 0.0228973 -0.0190843 0.0259803 0.0228973 -0.0191547 0.0260296 0.0226925 -0.0232189 0.0250689 0.0228973 -0.0226227 0.0250663 0.0228973 -0.023024 0.0253473 0.022205 -0.0145686 0.0277355 0.0145627 -0.0121991 0.0279423 0.0145627 -0.014709 0.0275351 0.0173409 -0.0118454 0.0276946 0.0173409 -0.0110131 0.0279696 0.0145627 -0.0112092 0.0276896 0.0173409 -0.0182116 0.0273764 0.0145627 -0.0164435 0.0275228 0.0145627 -0.0183318 0.0272048 0.0173409 -0.0162679 0.0273998 0.0173409 -0.0115969 0.027136 0.0201191 -0.0109692 0.0270811 0.0201191 -0.0114161 0.0273941 0.0189473 -0.0149561 0.0271821 0.0201191 -0.0119823 0.0265856 0.0228973 -0.00918296 0.0258304 0.0228973 -0.015209 0.0268209 0.0228973 -0.0185858 0.026842 0.0201191 -0.0159128 0.0271511 0.0201191 -0.0154274 0.0268112 0.0228973 -0.0250394 0.0273126 0.0145627 -0.028583 0.0270955 0.0145627 -0.0257788 0.0272762 0.0145627 -0.0253947 0.0268052 0.0173409 -0.0251103 0.0268082 0.0173409 -0.0252997 0.0269408 0.0166557 -0.0287792 0.0268153 0.0173409 -0.0320464 0.0269926 0.0145627 -0.0302478 0.027014 0.0145627 -0.0354148 0.0270258 0.0145627 -0.0351059 0.0270241 0.0145627 -0.032114 0.0268961 0.0173409 -0.0300033 0.0268428 0.0173409 -0.0354641 0.0269553 0.0173409 -0.0350027 0.0269518 0.0173409 -0.029272 0.0261115 0.0228973 -0.0288262 0.0260185 0.0228973 -0.029169 0.0262586 0.0213708 -0.0258732 0.0261218 0.0201191 -0.0240627 0.0260747 0.0201191 -0.0290466 0.0264335 0.0201191 -0.0263167 0.0254885 0.0228973 -0.0322881 0.0266475 0.0201191 -0.0294942 0.0264863 0.0201191 -0.035779 0.0265057 0.0201191 -0.0344825 0.0265876 0.0201191 -0.0325127 0.0263268 0.0228973 -0.0362643 0.0258125 0.0228973 -0.0338968 0.0261775 0.0228973 -0.0193837 0.0160152 0.0277501 -0.0177902 0.018291 0.0275976 -0.0216595 0.0176088 0.0276161 -0.0200659 0.0198845 0.027132 -0.0161967 0.0205668 0.0273619 -0.0146032 0.0228426 0.0270918 -0.0184724 0.0221603 0.0266124 -0.0168789 0.0244361 0.0262867 -0.0239352 0.0192023 0.0274923 -0.0223417 0.021478 0.026484 -0.026211 0.0207958 0.0275934 -0.0246175 0.0230715 0.0261248 -0.02147 0.022723 0.0256754 -0.0198972 0.0231579 0.0256754 -0.0207482 0.0237538 0.0249968 -0.0175271 0.0248899 0.0256754 -0.0243244 0.0234901 0.0256754 -0.0126643 0.0256115 0.0256754 -0.015959 0.0257499 0.0256754 -0.0142483 0.0259856 0.0256754 -0.0152854 0.0267118 0.0236331 -0.0130096 0.0251183 0.0262111 -0.029682 0.0255259 0.0256754 -0.026943 0.0246999 0.0256754 -0.0297331 0.0206094 0.0284536 -0.0284868 0.0223893 0.0277791 -0.0268932 0.0246651 0.0256943 -0.0307625 0.0239828 0.0274371 -0.0268863 0.024675 0.0256754 -0.0331397 0.0254313 0.0256754 -0.0329021 0.025481 0.0256754 -0.0330382 0.0255763 0.0254323 -0.0389119 0.026875 0.0145627 -0.0389608 0.0268052 0.0173409</float_array>
                    <technique_common>
                        <accessor count="4419" source="#shape0-lib-positions-array" stride="3">
                            <param name="X" type="float"/>
                            <param name="Y" type="float"/>
                            <param name="Z" type="float"/>
                        </accessor>
                    </technique_common>
                </source>
                <source id="shape0-lib-normals" name="normal">
                    <float_array id="shape0-lib-normals-array" count="1500">0.0159883 -0.997969 -0.0616629 0.0445243 -0.655978 -0.753465 0.0765434 -0.914895 -0.396369 0.0620815 -0.672456 -0.737529 0.0588248 -0.930381 -0.361844 -0.0201385 -0.962085 -0.272004 -0.0275817 -0.731546 -0.681234 0.0222746 -0.978657 -0.20429 -0.0602112 -0.0771054 -0.995203 0.0470393 -0.705985 -0.706663 0.0608087 -0.931554 -0.358481 0.0484164 -0.995771 -0.0780783 0.0578454 -0.985738 -0.158032 0.0531632 -0.996623 -0.0625851 0.0627979 -0.995455 -0.0715891 0.0809766 -0.996661 -0.010474 0.0905933 -0.99246 -0.0825646 -0.00621456 -0.995799 -0.0913526 0.0148615 -0.996479 0.0825184 0.0515828 -0.998541 -0.0159726 0.0151872 -0.996619 0.0807421 0.0129 -0.997957 0.0625667 0.0515271 -0.998666 -0.00338953 0.00969663 -0.998975 0.0442183 0.00977824 -0.997016 0.0765789 0.00338646 -0.99845 -0.0555466 -0.00888934 -0.999952 -0.004097 -0.00210856 -0.998261 0.0589132 0.0151447 -0.99985 0.00836065 0.0346054 -0.999294 0.0146238 0.0356319 -0.999321 0.00942038 0.0363189 -0.999257 0.0128711 0.0504517 -0.995905 0.0750186 0.0406709 -0.995283 0.0880748 0.0249299 -0.999341 -0.0263752 0.016149 -0.998739 0.0475298 0.0282651 -0.984514 0.173011 -0.0586587 -0.839904 0.539555 0.0530557 -0.998058 0.0326476 0.0391383 -0.996215 0.0776089 0.0432634 -0.816867 0.575201 0.0485503 -0.990037 0.132171 0.000291148 -0.772319 0.635235 -0.0119338 -0.25104 0.967903 0.0188042 -0.994108 0.106748 0.034883 -0.983938 0.175069 0.0847254 -0.87622 0.474405 0.0197695 -0.969115 0.245814 0.0398377 -0.576185 0.816348 0.0302049 -0.996219 0.0814577 -0.00314953 -0.981489 0.191495 0.0228759 -0.831604 0.554898 0.071492 -0.369322 0.926547 0.042824 -0.213208 0.976068 0.055081 0.0426184 0.997572 0.0681596 -0.0359712 0.997026 0.0357319 0.0398974 0.998565 0.0397387 -0.0507963 0.997918 -0.00163623 -0.689227 -0.724544 -0.578648 -0.240904 -0.779186 -0.489213 -0.193226 -0.85049 -0.0222275 -0.965018 -0.261238 -0.0551073 -0.979217 -0.195186 0.118023 -0.992708 -0.0245244 -0.0225539 -0.966561 -0.255443 0.107643 -0.993946 0.0219841 0.12439 -0.989864 0.0685268 0.122981 -0.984546 0.124676 -0.12368 -0.990707 -0.0566045 -0.80053 -0.525574 -0.287964 -0.612424 -0.596196 -0.519122 -0.882714 -0.453146 0.124395 -0.83791 -0.31653 -0.444652 -0.120848 -0.987849 -0.0977221 -0.533037 -0.719808 0.444689 -0.157575 -0.791714 -0.59022 -0.210387 -0.971586 0.108438 -0.0580648 -0.93678 0.345069 -0.79169 -0.557753 0.249275 -0.874096 -0.293336 0.387182 -0.924995 -0.284304 -0.252102 -0.070209 -0.68329 -0.726763 -0.0337867 -0.676275 -0.735874 0.109596 -0.169808 -0.979364 -0.134548 0.185881 -0.973316 -0.357866 -0.216539 -0.908319 -0.161339 0.181245 -0.970113 0.0558181 -0.970655 -0.23391 0.0541703 -0.972576 -0.226189 0.0708886 -0.996685 -0.0399156 0.0653486 -0.997814 -0.00986587 0.0728856 -0.996041 0.0508827 0.0711193 -0.995409 0.0640561 0.0628668 -0.997868 0.0175456 0.0580772 -0.997306 0.0448083 0.055947 -0.997305 0.0474718 -0.941014 -0.13338 -0.310971 -0.994404 -0.0954309 0.0453224 -0.991067 -0.0916658 -0.0968714 -0.992035 -0.0314185 0.121981 -0.898757 -0.00316049 -0.438436 -0.889697 0.0885194 -0.447888 -0.326326 0.432212 -0.840657 -0.19713 0.354794 -0.913926 0.0209506 0.940984 -0.337803 -0.958016 -0.073006 -0.277265 -0.98631 -0.0516339 -0.156609 -0.997871 -0.0652035 0.00134111 -0.997802 -0.0452604 0.0484044 -0.809942 0.0235911 -0.586035 -0.992547 0.0342008 -0.116966 -0.999738 0.0137079 0.018347 -0.844284 0.242264 0.478009 -0.862143 0.107942 -0.495034 -0.998375 -0.0277089 -0.0497919 -0.998075 -0.00476775 0.0618307 -0.986839 -0.0299982 -0.158901 -0.996338 -0.0850571 -0.00872226 -0.0486682 0.98924 -0.137968 0.00526432 0.992829 -0.119431 -0.800008 0.550645 -0.238282 -0.24779 0.91449 -0.319855 -0.278774 0.928022 -0.247104 -0.239131 0.945641 -0.220407 -0.0699947 0.995607 -0.0621892 -0.0422136 0.998921 0.0193388 -0.729958 0.674988 0.107483 -0.226595 0.938427 -0.260785 -0.667226 0.740818 -0.0774491 -0.68444 0.709427 -0.168094 -0.729864 0.67503 0.107857 -0.0362688 0.999195 -0.0171415 -0.0441677 0.997799 -0.0494658 -0.0606319 0.997626 0.0326551 -0.0591102 0.99744 0.0402314 0.0501349 -0.98158 0.184355 -0.0537814 -0.984268 0.168297 -0.0761719 -0.971646 0.223834 -0.065545 -0.98272 0.173104 -0.494564 -0.617415 0.611723 -0.411323 -0.571793 0.709835 -0.377182 -0.324696 0.867356 -0.792611 -0.557913 0.245968 -0.790312 -0.609975 -0.0577638 -0.500066 -0.752171 0.429154 -0.613016 -0.168982 0.771788 -0.805134 -0.1123 0.582364 -0.8193 -0.118613 0.560962 -0.272203 -0.549222 0.790102 -0.28005 -0.500982 0.818895 -0.51308 -0.369272 0.774847 0.345106 0.176339 -0.921849 -0.33222 -0.138077 0.93304 -0.29699 -0.161326 0.941154 0.068825 -0.994402 0.0801764 0.0469379 -0.983886 0.172529 0.0600885 -0.971285 0.230205 -0.0212752 -0.843578 0.536586 0.0552194 -0.983396 0.172866 0.04318 -0.871695 0.488144 0.046588 -0.876998 0.478231 0.0412813 -0.577014 0.81569 0.0728325 -0.229339 0.970618 -0.0201151 0.133233 0.990881 0.0435358 -0.585997 0.809143 0.119639 0.0458457 0.991758 0.0514235 -0.898322 0.436317 0.121855 -0.540865 0.832236 0.0427431 -0.0689273 0.996706 0.121461 0.038491 0.99185 -0.0545547 0.00867639 0.998473 -0.042751 -0.0291074 0.998662 -0.00304413 0.0477467 0.998855 0.005827 -0.0710936 0.997453 0.0515539 -0.146813 0.98782 0.0934432 -0.123313 0.987959 0.0855128 -0.092112 0.99207 0.0242478 -0.0331257 0.999157 0.0685989 -0.203497 0.976669 0.108276 -0.16589 0.980182 0.0926264 -0.0846597 0.992095 0.0537008 -0.095874 0.993944 -0.0221283 -0.0230754 0.999489 -0.0278639 -0.000157109 0.999612 -0.0133957 0.0506396 0.998627 -0.0179886 0.0689693 0.997457 -0.017166 0.0722665 0.997238 -0.0112065 0.0321047 0.999422 -0.283601 0.306229 0.908732 -0.114485 0.0427405 0.992505 -0.105602 0.116126 0.987605 -0.112979 -0.0545289 0.9921 0.00747482 -0.00361536 0.999966 -0.0532788 -0.200571 0.978229 0.0013734 -0.428775 0.90341 0.0639989 -0.116126 0.991171 -0.100602 -0.111802 0.988625 -0.0794867 0.0471409 0.995721 -0.0882637 0.0367299 0.99542 -0.088003 -0.147481 0.985142 -0.0827408 0.0565908 0.994963 0.139479 0.115708 0.983442 -0.910572 -0.108094 0.398967 -0.976769 -0.02292 0.213067 -0.987065 -0.105275 0.120916 -0.812141 -0.146287 0.564825 -0.945888 -0.0639713 0.318124 -0.996013 -0.0708202 0.0542525 -0.986219 0.0125695 0.164969 -0.837424 0.521965 0.162092 -0.933743 -0.00618095 0.35789 -0.927152 0.000418457 0.374685 -0.904315 0.102597 0.414352 -0.615198 0.778574 -0.123913 -0.537151 0.028968 0.842989 -0.026664 0.0847664 0.996044 -0.0605633 -0.171445 0.98333 -0.0102722 -0.0707308 0.997443 -0.55938 -0.107989 0.821847 -0.547715 -0.124388 0.827367 -0.315722 -0.00290853 0.948847 -0.184095 0.189775 0.964414 -0.74172 0.575837 0.343894 -0.740315 0.574213 0.34959 -0.08758 0.78828 0.609052 -0.0933823 0.994677 0.043558 -0.188065 0.947867 -0.257253 -0.0877571 0.991059 0.100504 -0.134005 0.935031 0.328267 -0.00893671 -0.0324932 0.999432 -0.0207959 0.0562156 0.998202 -0.0953839 0.11211 0.989107 -0.0813466 0.240171 0.967316 -0.178359 0.84047 0.511663 -0.135112 -0.151269 0.979215 -0.159623 0.732489 0.661801 -0.534898 0.178478 0.825851 -0.336245 0.693516 0.637162 -0.112577 0.836841 0.535745 0.241551 -0.653245 -0.717582 0.183626 -0.680199 -0.709656 0.0613944 -0.907946 -0.414566 0.510775 -0.230184 -0.828326 0.987742 -0.11998 -0.0998503 0.486568 -0.0811286 -0.869868 0.639881 0.024307 -0.76809 0.971916 0.0497625 -0.230006 0.289606 -0.946913 -0.139588 0.130845 -0.989862 -0.0552485 0.91115 -0.361446 -0.197896 0.216687 -0.935898 -0.277745 0.184478 -0.895285 -0.405502 0.0485673 -0.973341 -0.224163 0.0703472 -0.983592 -0.166128 0.004084 -0.992465 -0.12246 0.0969591 -0.967118 -0.23512 0.0410816 -0.994329 0.0980903 0.0130882 -0.976879 -0.213392 0.885213 -0.464035 0.0327005 0.43633 -0.854009 0.283347 0.883253 -0.392691 -0.256239 -0.0525799 -0.996339 0.067406 0.802714 -0.0530209 -0.594003 0.925577 -0.362642 -0.108618 0.920931 -0.383413 -0.0698653 0.905148 -0.374258 -0.201586 0.982972 0.0416148 -0.178981 0.979938 0.0386415 -0.19552 0.973649 0.0484142 -0.222853 0.879404 -0.472825 -0.0555421 0.998824 0.0467049 0.0130397 0.998294 0.0199078 -0.054887 0.99473 0.0153843 -0.101365 0.986942 -0.0143123 0.160438 0.967899 0.0385995 -0.248358 0.978441 0.0307411 -0.204224 0.959605 0.082099 0.269105 0.974935 0.121654 -0.186283 0.983587 0.13487 -0.11986 0.98368 0.134833 -0.119135 0.986818 -0.0136213 0.161257 0.9824 0.132787 -0.131368 0.119128 0.098304 -0.988 0.0765205 0.692371 -0.717472 0.0565585 0.647284 -0.760148 -0.0630867 0.902445 -0.426162 -0.0471211 0.987022 -0.153518 -0.0575125 0.990129 -0.127813 -0.0527362 0.993782 -0.0980634 -0.0866214 0.996184 -0.0106846 -0.0149901 0.999505 -0.0276662 -0.086725 0.996221 -0.00473003 -0.0412232 0.998928 0.021046 0.695751 0.149997 -0.702447 0.116314 0.692827 -0.711661 -0.0766348 0.691508 -0.718293 0.171498 0.836066 -0.521136 0.853351 0.212418 -0.4761 0.697717 0.59397 -0.400488 0.696804 0.597748 -0.396435 0.373212 0.896863 0.237381 0.24142 0.966092 -0.0915545 0.311829 0.889667 -0.333549 0.391958 0.873591 -0.288456 0.858893 0.413119 0.302713 0.933507 0.32115 -0.15946 0.354274 0.931637 0.0808847 0.440446 0.862971 0.247565 -0.0972278 0.994118 0.0477155 0.447577 0.89424 -0.00305016 0.346237 0.937469 0.0356554 -0.115671 0.97627 -0.183074 -0.12075 0.990393 -0.0673867 -0.109577 0.989028 -0.0990784 -0.0855639 0.99633 -0.00211527 -0.0849767 0.996372 0.00477053 -0.087963 0.995225 0.0423081 0.0236739 -0.918706 0.394233 0.0693979 -0.977667 0.198373 0.745471 -0.588936 0.312133 0.453075 -0.887423 0.0848694 0.36657 -0.653275 0.662463 0.427857 -0.88235 -0.195951 0.763079 -0.633057 0.130192 0.0554369 -0.975104 0.214706 0.00107632 -0.872921 0.487861 0.0591988 -0.458835 0.886547 0.0292228 -0.242723 0.969655 0.000645978 -0.17322 0.984883 0.013867 -0.395468 0.918375 -0.0232738 -0.0583493 0.998025 -0.0259898 -0.211223 0.977092 0.91958 -0.392893 0.00292814 0.988812 0.050083 0.14051 0.962556 0.0176303 0.27051 0.987511 0.0463202 0.150587 0.98247 0.0513813 0.179202 0.990324 -0.0112113 0.13832 0.98703 0.00333244 0.160502 0.538021 -0.297363 0.788739 0.438155 -0.266548 0.858471 0.574566 0.0344814 0.817732 0.116344 -0.0418723 0.992326 0.901599 0.0209121 0.432067 0.0943045 0.0770968 0.992554 0.0325938 -0.124246 0.991716 -0.0703374 -0.146112 0.986764 0.84036 0.109131 0.530929 0.81193 -0.0884858 0.57701 0.0415127 -0.207084 0.977442 0.21209 -0.0490242 0.97602 0.362242 -0.14963 0.919995 0.989691 -0.0131602 0.142617 0.981301 -0.0119813 0.192107 0.903729 -0.00164606 0.428102 -0.0567103 -0.235063 0.970324 -0.0371834 -0.296489 0.954312 -0.0352067 -0.0573371 0.997734 -0.0571056 -0.0865286 0.994611 -0.0501802 0.0281024 0.998345 -0.0112891 -0.0274281 0.99956 -0.0152968 0.0719304 0.997292 -0.0916497 -0.0710441 0.993254 -0.0831632 -0.139528 0.98672 -0.111211 -0.0662349 0.991587 -0.11469 0.112841 0.986972 -0.0980722 0.13544 0.98592 -0.104326 -0.130779 0.985907 -0.168266 -0.0997248 0.980684 0.308776 -0.00101972 0.951134 -0.109127 -0.108429 0.988096 -0.103785 0.0635778 0.992566 -0.230362 0.139136 0.963107 -0.168804 0.101436 0.980416 -0.0150355 -0.0151809 0.999772 -0.0207038 -0.118173 0.992777 -0.0218599 -0.11025 0.993663 0.0510513 -0.0165178 0.998559 0.0579319 -0.0777496 0.995288 0.0455765 -0.044774 0.997957 0.0447932 -0.128553 0.990691 0.0280964 -0.0447703 0.998602 -0.00468164 -0.165822 0.986145 0.105283 -0.215241 0.970869 -0.0035291 -0.168487 0.985698 0.00258677 0.984182 0.177142 0.125144 0.991592 0.0329417 0.0378639 0.881124 0.471367 -0.0423411 0.997398 0.0583454 -0.00232639 0.98443 0.175761 0.0197591 0.996133 -0.085606 -0.092631 -0.118183 0.988662 -0.0115249 -0.0160194 0.999805 -0.0220162 -0.334529 0.942128 -0.0744725 0.0138543 0.997127 0.0158317 0.238461 0.971023 -0.0548084 -0.249456 0.966834 0.126625 -0.228499 0.965274 0.146371 0.0778637 0.986161 0.163248 0.658765 0.734424 0.0680048 -0.147047 0.986789 0.0736332 -0.23613 0.968928 0.24551 -0.0510106 0.968051 0.286123 0.874395 0.391876 0.782812 0.254474 0.567846 0.868709 0.419329 0.263644 0.556593 0.246995 -0.79322 0.960625 0.213298 0.178054 0.408448 0.746981 -0.524585 0.566412 0.820314 -0.0791383 0.782886 0.256933 0.566635 -0.0301546 0.915146 0.401994 -0.0631988 0.966132 0.25019 0.48459 0.861605 0.15103 0.861216 0.160737 0.482151 0.430079 0.126505 0.893884 0.753518 0.0447926 0.6559 0.0452714 0.350866 0.935331 0.561233 0.732732 0.384864 0.00383102 0.711796 0.702376 -0.0838081 0.756076 0.649095 -0.0746625 0.990725 0.113532 -0.0710096 0.944315 0.321289 -0.106569 0.834722 0.540262 0.0304083 0.866675 0.497946 -0.0630087 0.953312 -0.295339 0.0142426 0.797194 -0.603556 -0.196845 0.815542 -0.54419 -0.0993167 0.960819 -0.258771 0.0252369 0.874059 -0.485164 -0.18985 0.55084 -0.812732 0.04694 0.979594 -0.19543 -0.0665197 0.94235 -0.32795 -0.0691306 0.989737 -0.125066 -0.0204835 0.987873 -0.153905 -0.0556352 0.990131 -0.128626 -0.0489144 0.987216 -0.151698 -0.0728632 0.988227 -0.134534 -0.0719705 0.987615 -0.139414 -0.0464086 0.998729 -0.0196816 -0.0383978 0.998276 0.0443895 -0.041553 0.998929 0.0203602 -0.0204521 0.999764 -0.00738604 -0.0265481 0.998943 -0.0375339 -0.0381328 0.997905 -0.0522716 -0.0180365 0.998135 0.0583282 -0.0144047 0.998967 0.0430958 0.000814154 0.984139 -0.1774 -0.0318235 0.981838 -0.187035 0.00327376 0.995146 -0.0983525 0.00395888 0.985801 -0.167873 -0.0188962 0.996295 -0.0838978 -0.0388177 0.997578 -0.057718 -0.0363982 0.998018 -0.0513369 -0.0272542 0.998821 0.0401612 -0.0105214 0.999208 -0.0383676 -0.0447135 0.998867 0.0162839 -0.0482188 0.98971 -0.134719 -0.0580081 0.995204 -0.0787665 -0.0654572 0.992625 -0.102034 -0.0111464 0.996515 0.082661 -0.0472623 0.975425 0.215205 0.0228716 -0.0366799 0.999065 0.0690775 -0.0614871 0.995715 0.0646212 -0.20261 0.977125 0.0108318 -0.281422 0.959523 0.0446876 -0.335668 0.94092 -0.240502 0.582063 0.776764 -0.0999959 -0.0606403 0.993138 0.0769703 -0.0879068 0.993151 0.0691187 0.0840481 0.994062 -0.0788648 0.267268 0.96039 -0.102289 0.423742 0.899989 -0.081151 0.373218 0.924188 0.284338 0.761562 0.582387 0.265377 0.601397 0.75359 -0.0305695 0.999362 -0.0184897 -0.0287251 0.997669 0.0619032 -0.113386 0.987366 0.110686 -0.0453943 0.975816 0.213827 -0.0455507 0.990561 0.129281 -0.211475 0.893436 0.396297 -0.0835119 0.72085 0.688042 -0.0657063 -0.0370858 0.99715 -0.0589733 0.988329 0.140455 -0.0247857 0.950307 0.310326 -0.0384051 0.996202 0.0781508 -0.04167 0.997892 0.0497428 -0.0112046 0.950993 0.309011 -0.0257678 0.999064 0.0347577 -0.0369479 0.996161 0.0793662 -0.0108933 0.986279 0.164729 0.0403383 0.191046 0.980752 0.0445295 0.0491597 0.997798 -0.199334 0.929419 0.310559 -0.0428261 0.756113 0.653039 0.106024 -0.0622166 0.992415 0.267445 0.782056 0.562904 -0.0250447 0.992377 0.120668 -0.016713 0.962692 0.270082</float_array>
                    <technique_common>
                        <accessor count="500" source="#shape0-lib-normals-array" stride="3">
                            <param name="X" type="float"/>
                            <param name="Y" type="float"/>
                            <param name="Z" type="float"/>
                        </accessor>
                    </technique_common>
                </source>
                <source id="shape0-lib-map" name="map">
                    <float_array id="shape0-lib-map-array" count="3000">0.412883 0.466907 0.439239 0.478245 0.413262 0.502756 0.418205 0.412073 0.387565 0.415391 0.405117 0.404876 0.405824 0.434519 0.387565 0.415391 0.418205 0.412073 0.386135 0.404795 0.405117 0.404876 0.387565 0.415391 0.361936 0.450713 0.387565 0.415391 0.405824 0.434519 0.347419 0.421752 0.361936 0.450713 0.31823 0.479668 0.327149 0.418086 0.347419 0.421752 0.306659 0.441186 0.31823 0.479668 0.306659 0.441186 0.347419 0.421752 0.000105027 0.999911 0.00023348 0.999268 0.000283269 1.00006 0.360141 0.407025 0.387565 0.415391 0.347419 0.421752 0.347419 0.421752 0.387565 0.415391 0.361936 0.450713 0.412883 0.466907 0.382706 0.503737 0.387614 0.461333 0.412883 0.466907 0.387614 0.461333 0.405824 0.434519 0.413262 0.502756 0.382706 0.503737 0.412883 0.466907 0.382706 0.503737 0.3542 0.49969 0.387614 0.461333 0.361936 0.450713 0.387614 0.461333 0.3542 0.49969 0.361936 0.450713 0.405824 0.434519 0.387614 0.461333 0.433292 0.51863 0.399535 0.544122 0.413262 0.502756 0.427909 0.556057 0.399535 0.544122 0.433292 0.51863 0.382706 0.503737 0.413262 0.502756 0.399535 0.544122 0.399535 0.544122 0.427909 0.556057 0.392367 0.583343 0.392367 0.583343 0.427909 0.556057 0.429582 0.604801 0.37372 0.550667 0.392367 0.583343 0.364425 0.592455 0.382706 0.503737 0.399535 0.544122 0.37372 0.550667 0.37372 0.550667 0.399535 0.544122 0.392367 0.583343 0.361936 0.450713 0.3542 0.49969 0.31823 0.479668 0.3542 0.49969 0.323693 0.521652 0.31823 0.479668 0.3542 0.49969 0.341914 0.574815 0.323693 0.521652 0.364425 0.592455 0.339569 0.618094 0.341914 0.574815 0.341914 0.574815 0.314057 0.560559 0.323693 0.521652 0.341914 0.574815 0.310831 0.604707 0.314057 0.560559 0.339569 0.618094 0.310831 0.604707 0.341914 0.574815 0.382706 0.503737 0.37372 0.550667 0.3542 0.49969 0.3542 0.49969 0.37372 0.550667 0.341914 0.574815 0.341914 0.574815 0.37372 0.550667 0.364425 0.592455 0.392367 0.583343 0.429582 0.604801 0.397256 0.626097 0.413249 0.654382 0.397256 0.626097 0.429582 0.604801 0.422311 0.697782 0.393038 0.696739 0.413249 0.654382 0.392367 0.583343 0.397256 0.626097 0.364425 0.592455 0.364425 0.592455 0.397256 0.626097 0.37123 0.648982 0.393038 0.696739 0.358658 0.702237 0.37123 0.648982 0.397256 0.626097 0.413249 0.654382 0.37123 0.648982 0.393038 0.696739 0.37123 0.648982 0.413249 0.654382 0.121149 0.590565 0.152291 0.584115 0.133891 0.632642 0.310831 0.604707 0.339569 0.618094 0.316543 0.64695 0.339569 0.618094 0.344385 0.664387 0.316543 0.64695 0.358658 0.702237 0.321446 0.696723 0.344385 0.664387 0.316543 0.64695 0.344385 0.664387 0.321446 0.696723 0.342488 0.722829 0.321446 0.696723 0.358658 0.702237 0.37123 0.648982 0.339569 0.618094 0.364425 0.592455 0.339569 0.618094 0.37123 0.648982 0.344385 0.664387 0.37123 0.648982 0.358658 0.702237 0.344385 0.664387 0.121149 0.590565 0.133891 0.632642 0.0889191 0.61285 0.0958132 0.657532 0.0889191 0.61285 0.133891 0.632642 0.127037 0.666063 0.0958132 0.657532 0.133891 0.632642 0.127037 0.666063 0.130396 0.706351 0.0958132 0.657532 0.130396 0.706351 0.0928686 0.714878 0.0958132 0.657532 0.130396 0.706351 0.111485 0.743514 0.0928686 0.714878 0.264344 0.447797 0.280582 0.44012 0.27306 0.459542 0.956695 0.00826448 0.963561 0.0167064 0.939284 0.0128859 0.965261 0.0302875 0.939284 0.0128859 0.963561 0.0167064 0.25004 0.468083 0.277108 0.495377 0.240888 0.502717 0.277108 0.495377 0.25004 0.468083 0.27306 0.459542 0.277108 0.495377 0.280843 0.5473 0.260922 0.529514 0.277108 0.495377 0.260922 0.529514 0.240888 0.502717 0.280843 0.5473 0.252529 0.586158 0.260922 0.529514 0.279647 0.588205 0.252529 0.586158 0.280843 0.5473 0.252529 0.586158 0.279647 0.588205 0.26702 0.631202 0.240888 0.502717 0.260922 0.529514 0.23508 0.544545 0.240888 0.502717 0.23508 0.544545 0.23597 0.522727 0.242435 0.481749 0.25004 0.468083 0.240888 0.502717 0.974331 0.0474416 0.949991 0.0614269 0.965261 0.0302875 0.969222 0.101168 0.949991 0.0614269 0.974331 0.0474416 0.260922 0.529514 0.252529 0.586158 0.23508 0.544545 0.23508 0.544545 0.252529 0.586158 0.23526 0.574375 0.23526 0.574375 0.252529 0.586158 0.23473 0.604304 0.23473 0.604304 0.252529 0.586158 0.237728 0.637778 0.252529 0.586158 0.26702 0.631202 0.237728 0.637778 0.976623 0.151713 0.978258 0.193704 0.959633 0.184758 0.969222 0.101168 0.976623 0.151713 0.942014 0.138666 0.942014 0.138666 0.976623 0.151713 0.959633 0.184758 0.327149 0.418086 0.306659 0.441186 0.313648 0.422147 0.280582 0.44012 0.306659 0.441186 0.27306 0.459542 0.000130359 0.999175 -9.36571e-06 0.99815 0.000283269 1.00006 0.000158298 0.999563 -9.36571e-06 0.99815 0.000139012 0.998557 5.9945e-06 0.999205 0.000100006 0.999122 0.000441891 1 0.000351967 1.00021 3.42694e-05 0.998883 0.000259197 0.999251 0.306659 0.441186 0.31823 0.479668 0.27306 0.459542 0.31823 0.479668 0.277108 0.495377 0.27306 0.459542 0.31823 0.479668 0.323693 0.521652 0.277108 0.495377 0.277108 0.495377 0.323693 0.521652 0.280843 0.5473 0.323693 0.521652 0.314057 0.560559 0.280843 0.5473 0.314057 0.560559 0.279647 0.588205 0.280843 0.5473 0.279647 0.588205 0.314057 0.560559 0.310831 0.604707 0.310831 0.604707 0.292972 0.627666 0.279647 0.588205 0.279647 0.588205 0.292972 0.627666 0.26702 0.631202 0.939284 0.0128859 0.965261 0.0302875 0.949991 0.0614269 0.969222 0.101168 0.933341 0.101217 0.949991 0.0614269 0.933341 0.101217 0.969222 0.101168 0.942014 0.138666 0.959633 0.184758 0.921373 0.180188 0.942014 0.138666 0.91222 0.00685551 0.939284 0.0128859 0.909681 0.0422009 0.909681 0.0422009 0.886639 0.0370052 0.91222 0.00685551 0.000166811 1.00006 3.42694e-05 0.998883 0.000441891 1 0.000117498 0.999554 8.14804e-05 0.999213 0.000441891 1 0.783582 0.397317 0.822519 0.407762 0.797204 0.434434 0.949991 0.0614269 0.909681 0.0422009 0.939284 0.0128859 0.909681 0.0422009 0.949991 0.0614269 0.913775 0.0737295 0.913775 0.0737295 0.949991 0.0614269 0.933341 0.101217 0.933341 0.101217 0.907433 0.123822 0.913775 0.0737295 0.909681 0.0422009 0.887105 0.0530448 0.886639 0.0370052 0.887105 0.0530448 0.909681 0.0422009 0.913775 0.0737295 0.907433 0.123822 0.881496 0.10849 0.913775 0.0737295 0.913775 0.0737295 0.881958 0.0734321 0.887105 0.0530448 0.881958 0.0734321 0.913775 0.0737295 0.881496 0.10849 0.942014 0.138666 0.907433 0.123822 0.933341 0.101217 0.907433 0.123822 0.942014 0.138666 0.921373 0.180188 0.881496 0.10849 0.907433 0.123822 0.884926 0.154253 0.884926 0.154253 0.907433 0.123822 0.921373 0.180188 0.797204 0.434434 0.822519 0.407762 0.831341 0.44544 0.831341 0.44544 0.835222 0.474801 0.820228 0.498858 0.857711 0.444215 0.857261 0.464662 0.849262 0.422235 0.857261 0.464662 0.831341 0.44544 0.849262 0.422235 0.822519 0.407762 0.839394 0.405919 0.831341 0.44544 0.857261 0.464662 0.835222 0.474801 0.831341 0.44544 0.827789 0.544521 0.795436 0.511529 0.820228 0.498858 0.795436 0.511529 0.827789 0.544521 0.818646 0.575124 0.881496 0.10849 0.884926 0.154253 0.878038 0.132231 0.857261 0.464662 0.854249 0.52352 0.835222 0.474801 0.857261 0.464662 0.862911 0.503427 0.854249 0.52352 0.877154 0.173554 0.884926 0.154253 0.877874 0.194559 0.86419 0.547003 0.853268 0.564087 0.854249 0.52352 0.854249 0.52352 0.820228 0.498858 0.835222 0.474801 0.854249 0.52352 0.827789 0.544521 0.820228 0.498858 0.854249 0.52352 0.853268 0.564087 0.827789 0.544521 0.853268 0.564087 0.818646 0.575124 0.827789 0.544521 0.292535 0.673759 0.265481 0.677437 0.26702 0.631202 0.26702 0.631202 0.265481 0.677437 0.237728 0.637778 0.237728 0.637778 0.265481 0.677437 0.237185 0.664531 0.24904 0.709001 0.237185 0.664531 0.265481 0.677437 0.234641 0.690083 0.237185 0.664531 0.24904 0.709001 0.24904 0.709001 0.247777 0.737417 0.239947 0.725207 0.966411 0.259156 0.972779 0.320249 0.950884 0.310401 0.978258 0.193704 0.978789 0.219008 0.959633 0.184758 0.978789 0.219008 0.966058 0.224579 0.959633 0.184758 0.974812 0.268595 0.966411 0.259156 0.966058 0.224579 0.934478 0.295102 0.966411 0.259156 0.950884 0.310401 0.966411 0.259156 0.936499 0.232756 0.966058 0.224579 0.934478 0.295102 0.936499 0.232756 0.966411 0.259156 0.247777 0.737417 0.24904 0.709001 0.265065 0.746657 0.972779 0.320249 0.97437 0.357438 0.966733 0.344158 0.950884 0.310401 0.972779 0.320249 0.966733 0.344158 0.966733 0.344158 0.960672 0.318182 0.950884 0.310401 0.0136986 0.67562 0.0215227 0.660909 0.018489 0.70847 0.950884 0.310401 0.960672 0.318182 0.952381 0.327839 0.316543 0.64695 0.292972 0.627666 0.310831 0.604707 0.292972 0.627666 0.316543 0.64695 0.292535 0.673759 0.316543 0.64695 0.321446 0.696723 0.292535 0.673759 0.292535 0.673759 0.321446 0.696723 0.301479 0.718692 0.292535 0.673759 0.26702 0.631202 0.292972 0.627666 0.301479 0.718692 0.265481 0.677437 0.292535 0.673759 0.301479 0.718692 0.24904 0.709001 0.265481 0.677437 0.319046 0.729339 0.301479 0.718692 0.321446 0.696723 0.0889191 0.61285 0.0958132 0.657532 0.062345 0.633432 0.0958132 0.657532 0.0731456 0.694554 0.062345 0.633432 0.0685108 0.602078 0.0889191 0.61285 0.062345 0.633432 0.062345 0.633432 0.0731456 0.694554 0.0496981 0.68012 0.265065 0.746657 0.24904 0.709001 0.301479 0.718692 0.289175 0.74452 0.265065 0.746657 0.301479 0.718692 0.062345 0.633432 0.0496981 0.68012 0.0353166 0.626115 0.0731456 0.694554 0.0513211 0.722449 0.0496981 0.68012 0.0958132 0.657532 0.0928686 0.714878 0.0731456 0.694554 0.0928686 0.714878 0.0822873 0.745256 0.0731456 0.694554 0.111485 0.743514 0.0822873 0.745256 0.0928686 0.714878 0.111485 0.743514 0.105433 0.796876 0.0822873 0.745256 0.0734977 0.775475 0.0822873 0.745256 0.105433 0.796876 0.0731456 0.694554 0.0822873 0.745256 0.0513211 0.722449 0.0822873 0.745256 0.0734977 0.775475 0.0513211 0.722449 0.105433 0.796876 0.0938957 0.823079 0.0734977 0.775475 0.0938957 0.823079 0.0964774 0.862735 0.0692611 0.856844 0.0734977 0.775475 0.0938957 0.823079 0.0594229 0.807399 0.0938957 0.823079 0.0692611 0.856844 0.0594229 0.807399 0.0946254 0.90243 0.0692611 0.856844 0.0964774 0.862735 0.018489 0.70847 0.0215227 0.660909 0.0496981 0.68012 0.0353166 0.626115 0.0496981 0.68012 0.0215227 0.660909 0.0496981 0.68012 0.0513211 0.722449 0.018489 0.70847 0.0513211 0.722449 0.0734977 0.775475 0.029599 0.756989 0.0513211 0.722449 0.029599 0.756989 0.018489 0.70847 0.0363715 0.785818 0.029599 0.756989 0.0734977 0.775475 0.018489 0.70847 0.029599 0.756989 0.0166923 0.736767 0.0166923 0.736767 0.029599 0.756989 0.00927972 0.747934 0.0363715 0.785818 0.0110197 0.804812 0.029599 0.756989 0.0594229 0.807399 0.0321007 0.850723 0.0363715 0.785818 0.0363715 0.785818 0.0321007 0.850723 0.0150342 0.822977 0.0363715 0.785818 0.0150342 0.822977 0.0110197 0.804812 0.0734977 0.775475 0.0594229 0.807399 0.0363715 0.785818 0.0692611 0.856844 0.0946254 0.90243 0.070741 0.916555 0.0692611 0.856844 0.070741 0.916555 0.0431382 0.881663 0.0692611 0.856844 0.0431382 0.881663 0.0594229 0.807399 0.0594229 0.807399 0.0431382 0.881663 0.0321007 0.850723 0.070741 0.916555 0.0288892 0.933519 0.0431382 0.881663 0.070741 0.916555 0.05944 0.95994 0.0288892 0.933519 0.05944 0.95994 0.070741 0.916555 0.0783374 0.951883 0.966058 0.224579 0.936499 0.232756 0.959633 0.184758 0.959633 0.184758 0.936499 0.232756 0.921373 0.180188 0.906549 0.210433 0.921373 0.180188 0.936499 0.232756 0.934478 0.295102 0.915922 0.266098 0.936499 0.232756 0.936499 0.232756 0.915922 0.266098 0.906549 0.210433 0.921373 0.180188 0.906549 0.210433 0.884926 0.154253 0.884926 0.154253 0.906549 0.210433 0.885108 0.226856 0.877874 0.194559 0.884926 0.154253 0.885108 0.226856 0.915922 0.266098 0.885108 0.226856 0.906549 0.210433 0.915922 0.266098 0.89291 0.295195 0.885108 0.226856 0.89291 0.295195 0.880554 0.287191 0.885108 0.226856 0.881273 0.260628 0.885108 0.226856 0.880554 0.287191 0.920164 0.316117 0.915922 0.266098 0.934478 0.295102 0.0150342 0.822977 0.0321007 0.850723 0.0143979 0.842994 0.0321007 0.850723 0.015838 0.89773 0.0143979 0.842994 0.0321007 0.850723 0.0431382 0.881663 0.015838 0.89773 0.920164 0.316117 0.907607 0.312012 0.915922 0.266098 0.915922 0.266098 0.907607 0.312012 0.89291 0.295195 0.89927 0.325414 0.89291 0.295195 0.907607 0.312012 0.89927 0.325414 0.891222 0.328243 0.89291 0.295195 0.859033 0.592089 0.864339 0.636364 0.85473 0.618507 0.885108 0.226856 0.881273 0.260628 0.874945 0.254132 0.853268 0.564087 0.859033 0.592089 0.818646 0.575124 0.85473 0.618507 0.817763 0.605791 0.818646 0.575124 0.85473 0.618507 0.818646 0.575124 0.859033 0.592089 0.85473 0.618507 0.82193 0.647534 0.817763 0.605791 0.85473 0.618507 0.852883 0.657656 0.82193 0.647534 0.0431382 0.881663 0.0288892 0.933519 0.015838 0.89773 0.0288892 0.933519 0.0398818 0.98369 0.0256297 0.969008 0.05944 0.95994 0.0398818 0.98369 0.0288892 0.933519 0.05944 0.95994 0.0479619 0.986133 0.0398818 0.98369 0.83098 0.708542 0.804828 0.699634 0.82193 0.647534 0.0288892 0.933519 0.0158336 0.96859 0.00927972 0.944215 0.852883 0.657656 0.851325 0.706794 0.83098 0.708542 0.884283 0.323628 0.880554 0.287191 0.89291 0.295195 0.851325 0.706794 0.852883 0.657656 0.862333 0.679641 0.82193 0.647534 0.852883 0.657656 0.83098 0.708542 0.457628 0.42844 0.461276 0.442527 0.443585 0.428726 0.443585 0.428726 0.418205 0.412073 0.438356 0.411157 0.443585 0.428726 0.405824 0.434519 0.418205 0.412073 0.527435 0.0409525 0.498619 0.0777849 0.506407 0.0578513 0.527435 0.0409525 0.53486 0.0660612 0.498619 0.0777849 0.527435 0.0409525 0.532037 0.0330579 0.547503 0.0289256 0.527435 0.0409525 0.547503 0.0289256 0.554448 0.0358236 0.554448 0.0358236 0.53486 0.0660612 0.527435 0.0409525 0.443585 0.428726 0.461276 0.442527 0.439239 0.478245 0.439239 0.478245 0.467886 0.499693 0.433292 0.51863 0.467521 0.452479 0.469719 0.476615 0.461276 0.442527 0.461276 0.442527 0.469719 0.476615 0.439239 0.478245 0.439239 0.478245 0.469719 0.476615 0.467886 0.499693 0.412883 0.466907 0.443585 0.428726 0.439239 0.478245 0.405824 0.434519 0.443585 0.428726 0.412883 0.466907 0.433292 0.51863 0.413262 0.502756 0.439239 0.478245 0.466627 0.534398 0.433292 0.51863 0.467886 0.499693 0.433292 0.51863 0.466627 0.534398 0.427909 0.556057 0.456418 0.568657 0.427909 0.556057 0.466627 0.534398 0.47248 0.520253 0.466627 0.534398 0.467886 0.499693 0.466627 0.534398 0.473526 0.588635 0.456418 0.568657 0.474149 0.555785 0.473526 0.588635 0.466627 0.534398 0.427909 0.556057 0.456418 0.568657 0.429582 0.604801 0.509633 0.0923922 0.498619 0.0777849 0.53486 0.0660612 0.509633 0.0923922 0.510826 0.124701 0.492844 0.111111 0.492844 0.111111 0.510826 0.124701 0.491717 0.136367 0.491717 0.136367 0.510826 0.124701 0.508376 0.158813 0.509633 0.0923922 0.548436 0.0993091 0.510826 0.124701 0.547449 0.13225 0.510826 0.124701 0.548436 0.0993091 0.548436 0.0993091 0.509633 0.0923922 0.53486 0.0660612 0.491141 0.172522 0.508376 0.158813 0.505704 0.204535 0.508376 0.158813 0.5392 0.195964 0.505704 0.204535 0.510826 0.124701 0.547449 0.13225 0.508376 0.158813 0.547449 0.13225 0.548909 0.159848 0.508376 0.158813 0.548909 0.159848 0.5392 0.195964 0.508376 0.158813 0.554448 0.0358236 0.582444 0.0822277 0.53486 0.0660612 0.53486 0.0660612 0.582444 0.0822277 0.548436 0.0993091 0.589185 0.109706 0.548436 0.0993091 0.582444 0.0822277 0.589185 0.109706 0.547449 0.13225 0.548436 0.0993091 0.587372 0.147166 0.547449 0.13225 0.589185 0.109706 0.547449 0.13225 0.587372 0.147166 0.548909 0.159848 0.567245 0.189044 0.5392 0.195964 0.548909 0.159848 0.587372 0.147166 0.567245 0.189044 0.548909 0.159848 0.000208468 0.999715 0.000143179 0.998639 9.34974e-05 0.998958 0.68255 0.418309 0.663607 0.415908 0.677682 0.410868 0.663607 0.415908 0.68255 0.418309 0.652152 0.436759 0.68255 0.418309 0.692196 0.435752 0.652152 0.436759 0.652152 0.436759 0.692196 0.435752 0.659735 0.480192 0.692196 0.435752 0.684681 0.489844 0.659735 0.480192 0.659735 0.480192 0.684681 0.489844 0.651423 0.537102 0.684681 0.489844 0.681596 0.533414 0.651423 0.537102 0.705769 0.504127 0.681596 0.533414 0.684681 0.489844 0.651423 0.537102 0.681596 0.533414 0.675326 0.573795 0.698833 0.610675 0.669649 0.620164 0.675326 0.573795 0.565363 0.0323402 0.574344 0.0383098 0.554448 0.0358236 0.652152 0.436759 0.626346 0.443789 0.647371 0.423554 0.626346 0.443789 0.633968 0.474426 0.618658 0.466456 0.626346 0.443789 0.652152 0.436759 0.633968 0.474426 0.554448 0.0358236 0.574344 0.0383098 0.582444 0.0822277 0.588973 0.0711049 0.582444 0.0822277 0.574344 0.0383098 0.618658 0.466456 0.61533 0.508493 0.607601 0.514463 0.589185 0.109706 0.594344 0.128099 0.587372 0.147166 0.633968 0.474426 0.61533 0.508493 0.618658 0.466456 0.633968 0.474426 0.626047 0.518587 0.61533 0.508493 0.595228 0.167355 0.592339 0.183974 0.587372 0.147166 0.587372 0.147166 0.592339 0.183974 0.567245 0.189044 0.58834 0.225645 0.567245 0.189044 0.592339 0.183974 0.595669 0.206612 0.595669 0.229339 0.592339 0.183974 0.592339 0.183974 0.595669 0.229339 0.58834 0.225645 0.626047 0.518587 0.651423 0.537102 0.625055 0.560886 0.626047 0.518587 0.625055 0.560886 0.60981 0.547521 0.625055 0.560886 0.62489 0.596165 0.611471 0.58161 0.659735 0.480192 0.633968 0.474426 0.652152 0.436759 0.651423 0.537102 0.626047 0.518587 0.659735 0.480192 0.633968 0.474426 0.659735 0.480192 0.626047 0.518587 0.651423 0.537102 0.675326 0.573795 0.625055 0.560886 0.675326 0.573795 0.62489 0.596165 0.625055 0.560886 0.675326 0.573795 0.669649 0.620164 0.62489 0.596165 0.456418 0.568657 0.465945 0.629247 0.429582 0.604801 0.429582 0.604801 0.465945 0.629247 0.450604 0.672923 0.473083 0.616393 0.465945 0.629247 0.473526 0.588635 0.456418 0.568657 0.473526 0.588635 0.465945 0.629247 0.465945 0.629247 0.471507 0.664456 0.450604 0.672923 0.450604 0.672923 0.471507 0.664456 0.466486 0.683056 0.491825 0.283058 0.503447 0.254472 0.502289 0.301146 0.429582 0.604801 0.450604 0.672923 0.413249 0.654382 0.422311 0.697782 0.413249 0.654382 0.450604 0.672923 0.19825 0.562476 0.212251 0.586199 0.175924 0.576157 0.175787 0.614895 0.175924 0.576157 0.212251 0.586199 0.211375 0.636126 0.175787 0.614895 0.212879 0.610037 0.212251 0.586199 0.212879 0.610037 0.175787 0.614895 0.211375 0.636126 0.177072 0.652015 0.175787 0.614895 0.177072 0.652015 0.211375 0.636126 0.203991 0.67314 0.491505 0.229814 0.505704 0.204535 0.503447 0.254472 0.537227 0.242475 0.503447 0.254472 0.505704 0.204535 0.532906 0.290628 0.502289 0.301146 0.503447 0.254472 0.5392 0.195964 0.537227 0.242475 0.505704 0.204535 0.503447 0.254472 0.537227 0.242475 0.532906 0.290628 0.5392 0.195964 0.566063 0.234407 0.537227 0.242475 0.563758 0.282484 0.532906 0.290628 0.537227 0.242475 0.4966 0.32639 0.502289 0.301146 0.503044 0.344363 0.521062 0.339837 0.508175 0.347107 0.502289 0.301146 0.503044 0.344363 0.502289 0.301146 0.508175 0.347107 0.203991 0.67314 0.211375 0.636126 0.218749 0.652914 0.532906 0.290628 0.521062 0.339837 0.502289 0.301146 0.187713 0.738436 0.203991 0.67314 0.218473 0.702799 0.218473 0.702799 0.218007 0.732699 0.187713 0.738436 0.203991 0.67314 0.187713 0.738436 0.182837 0.702194 0.537707 0.34875 0.521062 0.339837 0.532906 0.290628 0.559253 0.338766 0.537707 0.34875 0.532906 0.290628 0.218007 0.732699 0.212191 0.774543 0.187713 0.738436 0.537707 0.34875 0.559253 0.338766 0.54662 0.359504 0.54662 0.359504 0.559253 0.338766 0.553274 0.350243 0.567245 0.189044 0.566063 0.234407 0.5392 0.195964 0.537227 0.242475 0.566063 0.234407 0.563758 0.282484 0.563758 0.282484 0.559253 0.338766 0.532906 0.290628 0.175787 0.614895 0.152291 0.584115 0.175924 0.576157 0.133891 0.632642 0.152291 0.584115 0.175787 0.614895 0.175787 0.614895 0.177072 0.652015 0.133891 0.632642 0.203991 0.67314 0.182837 0.702194 0.177072 0.652015 0.177072 0.652015 0.157618 0.69663 0.133891 0.632642 0.133891 0.632642 0.157618 0.69663 0.127037 0.666063 0.157618 0.69663 0.144387 0.745806 0.130396 0.706351 0.182837 0.702194 0.157618 0.69663 0.177072 0.652015 0.182837 0.702194 0.187713 0.738436 0.157618 0.69663 0.187713 0.738436 0.144387 0.745806 0.157618 0.69663 0.187713 0.738436 0.173743 0.789312 0.144387 0.745806 0.212191 0.774543 0.173743 0.789312 0.187713 0.738436 0.212191 0.774543 0.213381 0.815663 0.173743 0.789312 0.212092 0.881119 0.19288 0.860239 0.213381 0.815663 0.215699 0.850987 0.212092 0.881119 0.213381 0.815663 0.213381 0.815663 0.179704 0.831167 0.173743 0.789312 0.213381 0.815663 0.19288 0.860239 0.179704 0.831167 0.212092 0.881119 0.199303 0.906709 0.19288 0.860239 0.19288 0.860239 0.199303 0.906709 0.185671 0.906644 0.157618 0.69663 0.130396 0.706351 0.127037 0.666063 0.144387 0.745806 0.173743 0.789312 0.141397 0.780213 0.14403 0.815475 0.141397 0.780213 0.173743 0.789312 0.130396 0.706351 0.144387 0.745806 0.111485 0.743514 0.144387 0.745806 0.141397 0.780213 0.111485 0.743514 0.141397 0.780213 0.105433 0.796876 0.111485 0.743514 0.141397 0.780213 0.14403 0.815475 0.105433 0.796876 0.125891 0.845674 0.105433 0.796876 0.14403 0.815475 0.125891 0.845674 0.14403 0.815475 0.152715 0.887483 0.159135 0.85024 0.152715 0.887483 0.14403 0.815475 0.125891 0.845674 0.152715 0.887483 0.116671 0.880962 0.669649 0.620164 0.673675 0.672517 0.648556 0.669121 0.683973 0.701284 0.643912 0.713397 0.673675 0.672517 0.648556 0.669121 0.673675 0.672517 0.643912 0.713397 0.698833 0.610675 0.701846 0.654259 0.669649 0.620164 0.669649 0.620164 0.701846 0.654259 0.673675 0.672517 0.673675 0.672517 0.701846 0.654259 0.683973 0.701284 0.173743 0.789312 0.179704 0.831167 0.159135 0.85024 0.173743 0.789312 0.159135 0.85024 0.14403 0.815475 0.152715 0.887483 0.159135 0.85024 0.19288 0.860239 0.179704 0.831167 0.19288 0.860239 0.159135 0.85024 0.19288 0.860239 0.185671 0.906644 0.152715 0.887483 0.189129 0.929752 0.172691 0.947693 0.185671 0.906644 0.185671 0.906644 0.165469 0.923549 0.152715 0.887483 0.185671 0.906644 0.172691 0.947693 0.165469 0.923549 0.661122 0.739615 0.643912 0.713397 0.683973 0.701284 0.152715 0.887483 0.165469 0.923549 0.136471 0.926475 0.165469 0.923549 0.160001 0.965943 0.136471 0.926475 0.172691 0.947693 0.160001 0.965943 0.165469 0.923549 0.684351 0.74293 0.661122 0.739615 0.683973 0.701284 0.58834 0.225645 0.585939 0.276858 0.566063 0.234407 0.566063 0.234407 0.585939 0.276858 0.563758 0.282484 0.585939 0.276858 0.585601 0.303466 0.563758 0.282484 0.567245 0.189044 0.58834 0.225645 0.566063 0.234407 0.624768 0.625801 0.615751 0.649367 0.605833 0.640496 0.615751 0.649367 0.608547 0.677505 0.605391 0.661157 0.591186 0.260072 0.585939 0.276858 0.58834 0.225645 0.648556 0.669121 0.615751 0.649367 0.624768 0.625801 0.648556 0.669121 0.617076 0.698164 0.615751 0.649367 0.608547 0.677505 0.615751 0.649367 0.617076 0.698164 0.563758 0.282484 0.585559 0.331608 0.559253 0.338766 0.585559 0.331608 0.574901 0.355372 0.559253 0.338766 0.563758 0.282484 0.585601 0.303466 0.585559 0.331608 0.585559 0.331608 0.583297 0.359504 0.574901 0.355372 0.607601 0.731405 0.617076 0.698164 0.610303 0.755063 0.617076 0.698164 0.629806 0.764383 0.610303 0.755063 0.629806 0.764383 0.617076 0.698164 0.643912 0.713397 0.669649 0.620164 0.624768 0.625801 0.62489 0.596165 0.669649 0.620164 0.648556 0.669121 0.624768 0.625801 0.643912 0.713397 0.617076 0.698164 0.648556 0.669121 0.661122 0.739615 0.629806 0.764383 0.643912 0.713397 0.716282 0.457494 0.737363 0.405559 0.755714 0.450715 0.692196 0.435752 0.706901 0.404707 0.737363 0.405559 0.68255 0.418309 0.706901 0.404707 0.692196 0.435752 0.692196 0.435752 0.737363 0.405559 0.716282 0.457494 0.75673 0.397211 0.783582 0.397317 0.773044 0.420349 0.75673 0.397211 0.773044 0.420349 0.737363 0.405559 0.737363 0.405559 0.773044 0.420349 0.755714 0.450715 0.783582 0.397317 0.797204 0.434434 0.773044 0.420349 0.738638 0.481935 0.716282 0.457494 0.755714 0.450715 0.738638 0.481935 0.760852 0.500382 0.734929 0.522077 0.692196 0.435752 0.716282 0.457494 0.684681 0.489844 0.716282 0.457494 0.705769 0.504127 0.684681 0.489844 0.738638 0.481935 0.705769 0.504127 0.716282 0.457494 0.738638 0.481935 0.734929 0.522077 0.705769 0.504127 0.734929 0.522077 0.711254 0.546042 0.705769 0.504127 0.718618 0.586519 0.675326 0.573795 0.711254 0.546042 0.675326 0.573795 0.718618 0.586519 0.698833 0.610675 0.711254 0.546042 0.681596 0.533414 0.705769 0.504127 0.681596 0.533414 0.711254 0.546042 0.675326 0.573795 0.734929 0.522077 0.741332 0.559368 0.711254 0.546042 0.711254 0.546042 0.741332 0.559368 0.718618 0.586519 0.744413 0.604016 0.718618 0.586519 0.741332 0.559368 0.790303 0.472727 0.760852 0.500382 0.755714 0.450715 0.760852 0.500382 0.738638 0.481935 0.755714 0.450715 0.797204 0.434434 0.755714 0.450715 0.773044 0.420349 0.755714 0.450715 0.797204 0.434434 0.790303 0.472727 0.790303 0.472727 0.795436 0.511529 0.760852 0.500382 0.760852 0.500382 0.774591 0.563101 0.734929 0.522077 0.734929 0.522077 0.774591 0.563101 0.741332 0.559368 0.774591 0.563101 0.744413 0.604016 0.741332 0.559368 0.760852 0.500382 0.795436 0.511529 0.774591 0.563101 0.795436 0.511529 0.818646 0.575124 0.774591 0.563101 0.831341 0.44544 0.790303 0.472727 0.797204 0.434434 0.820228 0.498858 0.790303 0.472727 0.831341 0.44544 0.790303 0.472727 0.820228 0.498858 0.795436 0.511529 0.744413 0.604016 0.75632 0.640642 0.730012 0.648969 0.730012 0.648969 0.755247 0.681853 0.721123 0.702965 0.105433 0.796876 0.125891 0.845674 0.0938957 0.823079 0.125891 0.845674 0.116671 0.880962 0.0964774 0.862735 0.125891 0.845674 0.0964774 0.862735 0.0938957 0.823079 0.136471 0.926475 0.116671 0.880962 0.152715 0.887483 0.116671 0.880962 0.136471 0.926475 0.0946254 0.90243 0.721123 0.702965 0.735891 0.747943 0.712254 0.744221 0.136471 0.926475 0.132628 0.959623 0.10835 0.942213 0.0946254 0.90243 0.0964774 0.862735 0.116671 0.880962 0.0946254 0.90243 0.10835 0.942213 0.070741 0.916555 0.136471 0.926475 0.10835 0.942213 0.0946254 0.90243 0.755247 0.681853 0.744865 0.726684 0.721123 0.702965 0.735891 0.747943 0.721123 0.702965 0.744865 0.726684 0.755247 0.681853 0.760956 0.717749 0.744865 0.726684 0.102077 0.954545 0.0930233 0.973124 0.10835 0.942213 0.744413 0.604016 0.698833 0.610675 0.718618 0.586519 0.744413 0.604016 0.701846 0.654259 0.698833 0.610675 0.721123 0.702965 0.683973 0.701284 0.701846 0.654259 0.721123 0.702965 0.701846 0.654259 0.730012 0.648969 0.730012 0.648969 0.701846 0.654259 0.744413 0.604016 0.712254 0.744221 0.684351 0.74293 0.683973 0.701284 0.712254 0.744221 0.683973 0.701284 0.721123 0.702965 0.136471 0.926475 0.160001 0.965943 0.132628 0.959623 0.793408 0.663487 0.75632 0.640642 0.786287 0.612558 0.75632 0.640642 0.793408 0.663487 0.755247 0.681853 0.786287 0.612558 0.744413 0.604016 0.774591 0.563101 0.744413 0.604016 0.786287 0.612558 0.75632 0.640642 0.75632 0.640642 0.755247 0.681853 0.730012 0.648969 0.817763 0.605791 0.786287 0.612558 0.818646 0.575124 0.774591 0.563101 0.818646 0.575124 0.786287 0.612558 0.786287 0.612558 0.82193 0.647534 0.793408 0.663487 0.0783374 0.951883 0.070741 0.916555 0.10835 0.942213 0.10835 0.942213 0.0930233 0.973124 0.0783374 0.951883 0.755247 0.681853 0.789986 0.731039 0.760956 0.717749 0.789986 0.731039 0.755247 0.681853 0.793408 0.663487 0.760956 0.717749 0.789986 0.731039 0.778809 0.745409 0.804828 0.699634 0.789986 0.731039 0.793408 0.663487 0.817763 0.605791 0.82193 0.647534 0.786287 0.612558 0.804828 0.699634 0.793408 0.663487 0.82193 0.647534</float_array>
                    <technique_common>
                        <accessor count="1500" source="#shape0-lib-map-array" stride="2">
                            <param name="U" type="float"/>
                            <param name="V" type="float"/>
                        </accessor>
                    </technique_common>
                </source>
                <vertices id="shape0-lib-vertices">
                    <input semantic="POSITION" source="#shape0-lib-positions"/>
                </vertices>
                <triangles count="500" material="material0">
                    <input offset="0" semantic="VERTEX" source="#shape0-lib-vertices"/>
                    <input offset="1" semantic="NORMAL" source="#shape0-lib-normals"/>
                    <input offset="2" semantic="TEXCOORD" source="#shape0-lib-map"/>
                    <p>6 0 0 120 0 1 121 0 2 138 1 3 3 1 4 137 1 5 2 2 6 3 2 7 138 2 8 5 3 9 137 3 10 3 3 11 9 4 12 3 4 13 2 4 14 4 5 15 9 5 16 12 5 17 5 6 18 4 6 19 33 6 20 12 7 21 33 7 22 4 7 23 137 8 24 5 8 25 209 8 26 5 9 27 3 9 28 4 9 29 4 10 30 3 10 31 9 10 32 6 11 33 8 11 34 7 11 35 6 12 36 7 12 37 2 12 38 121 13 39 8 13 40 6 13 41 8 14 42 14 14 43 7 14 44 9 15 45 7 15 46 14 15 47 9 16 48 2 16 49 7 16 50 125 17 51 10 17 52 121 17 53 126 18 54 10 18 55 125 18 56 8 19 57 121 19 58 10 19 59 10 20 60 126 20 61 0 20 62 0 21 63 126 21 64 1 21 65 11 22 66 0 22 67 15 22 68 8 23 69 10 23 70 11 23 71 11 24 72 10 24 73 0 24 74 9 25 75 14 25 76 12 25 77 14 26 78 37 26 79 12 26 80 14 27 81 13 27 82 37 27 83 15 28 84 18 28 85 13 28 86 13 29 87 38 29 88 37 29 89 13 30 90 72 30 91 38 30 92 18 31 93 72 31 94 13 31 95 8 32 96 11 32 97 14 32 98 14 33 99 11 33 100 13 33 101 13 34 102 11 34 103 15 34 104 0 35 105 1 35 106 16 35 107 158 36 108 16 36 109 1 36 110 170 37 111 17 37 112 158 37 113 0 38 114 16 38 115 15 38 116 15 39 117 16 39 118 20 39 119 17 40 120 22 40 121 20 40 122 16 41 123 158 41 124 20 41 125 17 42 126 20 42 127 158 42 128 22 43 129 17 43 130 174 43 131 72 44 132 18 44 133 73 44 134 18 45 135 21 45 136 73 45 137 22 46 138 19 46 139 21 46 140 73 47 141 21 47 142 19 47 143 23 48 144 19 48 145 22 48 146 20 49 147 18 49 148 15 49 149 18 50 150 20 50 151 21 50 152 20 51 153 22 51 154 21 51 155 22 52 156 174 52 157 23 52 158 24 53 159 23 53 160 174 53 161 175 54 162 24 54 163 174 54 164 175 55 165 182 55 166 24 55 167 182 56 168 79 56 169 24 56 170 182 57 171 80 57 172 79 57 173 27 58 174 34 58 175 32 58 176 43 59 177 27 59 178 45 59 179 41 60 180 45 60 181 27 60 182 27 61 183 36 61 184 28 61 185 36 62 186 27 62 187 32 62 188 36 63 189 39 63 190 25 63 191 36 64 192 25 64 193 28 64 194 39 65 195 30 65 196 25 65 197 40 66 198 30 66 199 39 66 200 30 67 201 40 67 202 62 67 203 28 68 204 25 68 205 26 68 206 28 69 207 26 69 208 31 69 209 41 70 210 27 70 211 28 70 212 28 71 213 46 71 214 41 71 215 31 72 216 46 72 217 28 72 218 25 73 219 30 73 220 26 73 221 26 74 222 30 74 223 31 74 224 31 75 225 30 75 226 29 75 227 29 76 228 30 76 229 63 76 230 30 77 231 62 77 232 63 77 233 29 78 234 63 78 235 96 78 236 31 79 237 29 79 238 50 79 239 50 80 240 29 80 241 96 80 242 5 81 243 33 81 244 34 81 245 34 82 246 33 82 247 32 82 248 5 83 249 34 83 250 209 83 251 209 84 252 34 84 253 35 84 254 34 85 255 27 85 256 43 85 257 34 86 258 43 86 259 35 86 260 33 87 261 12 87 262 32 87 263 12 88 264 36 88 265 32 88 266 12 89 267 37 89 268 36 89 269 36 90 270 37 90 271 39 90 272 37 91 273 38 91 274 39 91 275 38 92 276 40 92 277 39 92 278 40 93 279 38 93 280 72 93 281 72 94 282 74 94 283 40 94 284 40 95 285 74 95 286 62 95 287 45 96 288 41 96 289 46 96 290 31 97 291 51 97 292 46 97 293 51 98 294 31 98 295 50 98 296 96 99 297 97 99 298 50 99 299 43 100 300 45 100 301 47 100 302 47 101 303 42 101 304 43 101 305 35 102 306 43 102 307 44 102 308 43 103 309 42 103 310 44 103 311 35 104 312 44 104 313 221 104 314 46 105 315 47 105 316 45 105 317 47 106 318 46 106 319 49 106 320 49 107 321 46 107 322 51 107 323 51 108 324 52 108 325 49 108 326 47 109 327 48 109 328 42 109 329 48 110 330 47 110 331 49 110 332 52 111 333 55 111 334 49 111 335 49 112 336 56 112 337 48 112 338 56 113 339 49 113 340 55 113 341 50 114 342 52 114 343 51 114 344 52 115 345 50 115 346 97 115 347 55 116 348 52 116 349 53 116 350 53 117 351 52 117 352 97 117 353 221 118 354 44 118 355 54 118 356 54 119 357 57 119 358 60 119 359 48 120 360 56 120 361 42 120 362 56 121 363 54 121 364 42 121 365 44 122 366 42 122 367 54 122 368 56 123 369 57 123 370 54 123 371 58 124 372 225 124 373 60 124 374 225 125 375 58 125 376 226 125 377 55 126 378 53 126 379 61 126 380 56 127 381 61 127 382 57 127 383 56 128 384 55 128 385 61 128 386 59 129 387 53 129 388 108 129 389 53 130 390 59 130 391 61 130 392 61 131 393 60 131 394 57 131 395 61 132 396 58 132 397 60 132 398 61 133 399 59 133 400 58 133 401 59 134 402 226 134 403 58 134 404 75 135 405 64 135 406 62 135 407 62 136 408 64 136 409 63 136 410 63 137 411 64 137 412 65 137 413 66 138 414 65 138 415 64 138 416 67 139 417 65 139 418 66 139 419 66 140 420 69 140 421 68 140 422 68 141 423 69 141 424 88 141 425 63 142 426 65 142 427 96 142 428 65 143 429 67 143 430 96 143 431 66 144 432 68 144 433 67 144 434 98 145 435 68 145 436 88 145 437 68 146 438 99 146 439 67 146 440 98 147 441 99 147 442 68 147 443 69 148 444 66 148 445 70 148 446 69 149 447 70 149 448 84 149 449 88 150 450 69 150 451 84 150 452 84 151 453 71 151 454 88 151 455 71 152 456 84 152 457 87 152 458 88 153 459 71 153 460 87 153 461 73 154 462 74 154 463 72 154 464 74 155 465 73 155 466 75 155 467 73 156 468 19 156 469 75 156 470 75 157 471 19 157 472 76 157 473 75 158 474 62 158 475 74 158 476 76 159 477 64 159 478 75 159 479 76 160 480 66 160 481 64 160 482 23 161 483 76 161 484 19 161 485 23 162 486 24 162 487 77 162 488 24 163 489 78 163 490 77 163 491 76 164 492 23 164 493 77 164 494 77 165 495 78 165 496 83 165 497 70 166 498 66 166 499 76 166 500 77 167 501 70 167 502 76 167 503 77 168 504 83 168 505 70 168 506 78 169 507 85 169 508 83 169 509 24 170 510 79 170 511 78 170 512 79 171 513 82 171 514 78 171 515 80 172 516 82 172 517 79 172 518 80 173 519 81 173 520 82 173 521 86 174 522 82 174 523 81 174 524 78 175 525 82 175 526 85 175 527 82 176 528 86 176 529 85 176 530 81 177 531 228 177 532 86 177 533 228 178 534 230 178 535 92 178 536 86 179 537 228 179 538 91 179 539 228 180 540 92 180 541 91 180 542 232 181 543 92 181 544 230 181 545 87 182 546 84 182 547 83 182 548 70 183 549 83 183 550 84 183 551 83 184 552 85 184 553 87 184 554 85 185 555 86 185 556 89 185 557 85 186 558 89 186 559 87 186 560 90 187 561 89 187 562 86 187 563 87 188 564 89 188 565 88 188 566 88 189 567 89 189 568 98 189 569 90 190 570 98 190 571 89 190 572 91 191 573 94 191 574 90 191 575 90 192 576 94 192 577 101 192 578 90 193 579 101 193 580 98 193 581 86 194 582 91 194 583 90 194 584 92 195 585 232 195 586 93 195 587 92 196 588 93 196 589 95 196 590 92 197 591 95 197 592 91 197 593 91 198 594 95 198 595 94 198 596 93 199 597 111 199 598 95 199 599 93 200 600 249 200 601 111 200 602 249 201 603 93 201 604 247 201 605 67 202 606 99 202 607 96 202 608 96 203 609 99 203 610 97 203 611 100 204 612 97 204 613 99 204 614 98 205 615 102 205 616 99 205 617 99 206 618 102 206 619 100 206 620 97 207 621 100 207 622 53 207 623 53 208 624 100 208 625 105 208 626 108 209 627 53 209 628 105 209 629 102 210 630 105 210 631 100 210 632 102 211 633 104 211 634 105 211 635 104 212 636 107 212 637 105 212 638 106 213 639 105 213 640 107 213 641 101 214 642 102 214 643 98 214 644 101 215 645 94 215 646 103 215 647 94 216 648 110 216 649 103 216 650 94 217 651 95 217 652 110 217 653 101 218 654 103 218 655 102 218 656 102 219 657 103 219 658 104 219 659 110 220 660 104 220 661 103 220 662 110 221 663 111 221 664 104 221 665 108 222 666 105 222 667 109 222 668 105 223 669 106 223 670 109 223 671 59 224 672 108 224 673 226 224 674 109 225 675 251 225 676 226 225 677 109 226 678 226 226 679 108 226 680 109 227 681 112 227 682 251 227 683 109 228 684 106 228 685 112 228 686 95 229 687 111 229 688 110 229 689 111 230 690 113 230 691 114 230 692 249 231 693 113 231 694 111 231 695 249 232 696 250 232 697 113 232 698 113 233 699 250 233 700 112 233 701 111 234 702 114 234 703 104 234 704 106 235 705 114 235 706 113 235 707 114 236 708 107 236 709 104 236 710 114 237 711 106 237 712 107 237 713 112 238 714 106 238 715 113 238 716 137 239 717 127 239 718 117 239 719 117 240 720 138 240 721 137 240 722 117 241 723 2 241 724 138 241 725 116 242 726 127 242 727 137 242 728 116 243 729 115 243 730 127 243 731 116 244 732 137 244 733 139 244 734 116 245 735 139 245 736 134 245 737 134 246 738 115 246 739 116 246 740 117 247 741 127 247 742 120 247 743 120 248 744 119 248 745 125 248 746 129 249 747 118 249 748 127 249 749 127 250 750 118 250 751 120 250 752 120 251 753 118 251 754 119 251 755 6 252 756 117 252 757 120 252 758 2 253 759 117 253 760 6 253 761 125 254 762 121 254 763 120 254 764 122 255 765 125 255 766 119 255 767 125 256 768 122 256 769 126 256 770 123 257 771 126 257 772 122 257 773 131 258 774 122 258 775 119 258 776 122 259 777 124 259 778 123 259 779 132 260 780 124 260 781 122 260 782 126 261 783 123 261 784 1 261 785 129 262 786 127 262 787 115 262 788 129 263 789 128 263 790 118 263 791 118 264 792 128 264 793 119 264 794 119 265 795 128 265 796 131 265 797 129 266 798 130 266 799 128 266 800 136 267 801 128 267 802 130 267 803 130 268 804 129 268 805 115 268 806 122 269 807 131 269 808 132 269 809 131 270 810 133 270 811 132 270 812 128 271 813 136 271 814 131 271 815 136 272 816 135 272 817 131 272 818 135 273 819 133 273 820 131 273 821 134 274 822 144 274 823 115 274 824 115 275 825 144 275 826 130 275 827 146 276 828 130 276 829 144 276 830 146 277 831 136 277 832 130 277 833 147 278 834 136 278 835 146 278 836 136 279 837 147 279 838 135 279 839 148 280 840 133 280 841 135 280 842 147 281 843 148 281 844 135 281 845 137 282 846 209 282 847 139 282 848 140 283 849 139 283 850 209 283 851 139 284 852 140 284 853 143 284 854 140 285 855 211 285 856 143 285 857 143 286 858 211 286 859 151 286 860 211 287 861 215 287 862 151 287 863 151 288 864 215 288 865 153 288 866 215 289 867 141 289 868 153 289 869 214 290 870 141 290 871 215 290 872 153 291 873 141 291 874 156 291 875 236 292 876 187 292 877 156 292 878 139 293 879 142 293 880 134 293 881 143 294 882 142 294 883 139 294 884 142 295 885 152 295 886 145 295 887 142 296 888 143 296 889 152 296 890 134 297 891 142 297 892 144 297 893 145 298 894 144 298 895 142 298 896 145 299 897 146 299 898 144 299 899 146 300 900 154 300 901 147 300 902 152 301 903 146 301 904 145 301 905 152 302 906 154 302 907 146 302 908 155 303 909 149 303 910 147 303 911 147 304 912 149 304 913 148 304 914 197 305 915 148 305 916 149 305 917 150 306 918 206 306 919 149 306 920 149 307 921 206 307 922 197 307 923 154 308 924 153 308 925 155 308 926 154 309 927 155 309 928 147 309 929 155 310 930 150 310 931 149 310 932 151 311 933 152 311 934 143 311 935 153 312 936 154 312 937 151 312 938 152 313 939 151 313 940 154 313 941 153 314 942 156 314 943 155 314 944 156 315 945 150 315 946 155 315 947 156 316 948 187 316 949 150 316 950 123 317 951 157 317 952 1 317 953 1 318 954 157 318 955 159 318 956 162 319 957 157 319 958 124 319 959 123 320 960 124 320 961 157 320 962 157 321 963 161 321 964 159 321 965 159 322 966 161 322 967 160 322 968 157 323 969 162 323 970 161 323 971 1 324 972 159 324 973 158 324 974 170 325 975 158 325 976 159 325 977 159 326 978 160 326 979 170 326 980 171 327 981 170 327 982 160 327 983 166 328 984 171 328 985 165 328 986 160 329 987 165 329 988 171 329 989 166 330 990 172 330 991 171 330 992 172 331 993 166 331 994 168 331 995 124 332 996 132 332 997 162 332 998 163 333 999 162 333 1000 132 333 1001 164 334 1002 161 334 1003 162 334 1004 133 335 1005 163 335 1006 132 335 1007 162 336 1008 163 336 1009 164 336 1010 133 337 1011 196 337 1012 163 337 1013 195 338 1014 164 338 1015 163 338 1016 160 339 1017 161 339 1018 165 339 1019 167 340 1020 166 340 1021 161 340 1022 165 341 1023 161 341 1024 166 341 1025 168 342 1026 166 342 1027 167 342 1028 164 343 1029 167 343 1030 161 343 1031 177 344 1032 168 344 1033 167 344 1034 167 345 1035 169 345 1036 177 345 1037 168 346 1038 177 346 1039 173 346 1040 169 347 1041 167 347 1042 164 347 1043 201 348 1044 169 348 1045 164 348 1046 169 349 1047 178 349 1048 177 349 1049 169 350 1050 201 350 1051 178 350 1052 178 351 1053 201 351 1054 179 351 1055 148 352 1056 196 352 1057 133 352 1058 163 353 1059 196 353 1060 195 353 1061 195 354 1062 201 354 1063 164 354 1064 171 355 1065 17 355 1066 170 355 1067 174 356 1068 17 356 1069 171 356 1070 171 357 1071 172 357 1072 174 357 1073 168 358 1074 173 358 1075 172 358 1076 172 359 1077 176 359 1078 174 359 1079 174 360 1080 176 360 1081 175 360 1082 176 361 1083 183 361 1084 182 361 1085 173 362 1086 176 362 1087 172 362 1088 173 363 1089 177 363 1090 176 363 1091 177 364 1092 183 364 1093 176 364 1094 177 365 1095 184 365 1096 183 365 1097 178 366 1098 184 366 1099 177 366 1100 178 367 1101 179 367 1102 184 367 1103 202 368 1104 181 368 1105 179 368 1106 201 369 1107 202 369 1108 179 369 1109 179 370 1110 180 370 1111 184 370 1112 179 371 1113 181 371 1114 180 371 1115 202 372 1116 205 372 1117 181 372 1118 181 373 1119 205 373 1120 191 373 1121 176 374 1122 182 374 1123 175 374 1124 183 375 1125 184 375 1126 185 375 1127 186 376 1128 185 376 1129 184 376 1130 182 377 1131 183 377 1132 80 377 1133 183 378 1134 185 378 1135 80 378 1136 185 379 1137 81 379 1138 80 379 1139 185 380 1140 186 380 1141 81 380 1142 227 381 1143 81 381 1144 186 381 1145 227 382 1146 186 382 1147 190 382 1148 189 383 1149 190 383 1150 186 383 1151 227 384 1152 190 384 1153 231 384 1154 187 385 1155 188 385 1156 207 385 1157 237 386 1158 208 386 1159 188 386 1160 207 387 1161 188 387 1162 208 387 1163 236 388 1164 238 388 1165 187 388 1166 187 389 1167 238 389 1168 188 389 1169 188 390 1170 238 390 1171 237 390 1172 184 391 1173 180 391 1174 189 391 1175 184 392 1176 189 392 1177 186 392 1178 190 393 1179 189 393 1180 181 393 1181 180 394 1182 181 394 1183 189 394 1184 181 395 1185 191 395 1186 190 395 1187 205 396 1188 193 396 1189 191 396 1190 191 397 1191 192 397 1192 190 397 1193 191 398 1194 193 398 1195 192 398 1196 193 399 1197 208 399 1198 237 399 1199 190 400 1200 192 400 1201 229 400 1202 192 401 1203 194 401 1204 229 401 1205 193 402 1206 194 402 1207 192 402 1208 194 403 1209 193 403 1210 237 403 1211 197 404 1212 200 404 1213 196 404 1214 196 405 1215 200 405 1216 195 405 1217 200 406 1218 203 406 1219 195 406 1220 148 407 1221 197 407 1222 196 407 1223 206 408 1224 199 408 1225 197 408 1226 199 409 1227 198 409 1228 197 409 1229 198 410 1230 200 410 1231 197 410 1232 207 411 1233 199 411 1234 206 411 1235 207 412 1236 200 412 1237 199 412 1238 198 413 1239 199 413 1240 200 413 1241 195 414 1242 204 414 1243 201 414 1244 204 415 1245 202 415 1246 201 415 1247 195 416 1248 203 416 1249 204 416 1250 204 417 1251 205 417 1252 202 417 1253 203 418 1254 200 418 1255 204 418 1256 200 419 1257 205 419 1258 204 419 1259 205 420 1260 200 420 1261 208 420 1262 187 421 1263 206 421 1264 150 421 1265 187 422 1266 207 422 1267 206 422 1268 208 423 1269 200 423 1270 207 423 1271 193 424 1272 205 424 1273 208 424 1274 216 425 1275 210 425 1276 213 425 1277 211 426 1278 209 426 1279 210 426 1280 140 427 1281 209 427 1282 211 427 1283 211 428 1284 210 428 1285 216 428 1286 209 429 1287 35 429 1288 212 429 1289 209 430 1290 212 430 1291 210 430 1292 210 431 1293 212 431 1294 213 431 1295 35 432 1296 221 432 1297 212 432 1298 217 433 1299 216 433 1300 213 433 1301 217 434 1302 220 434 1303 223 434 1304 211 435 1305 216 435 1306 215 435 1307 216 436 1308 214 436 1309 215 436 1310 217 437 1311 214 437 1312 216 437 1313 217 438 1314 223 438 1315 214 438 1316 223 439 1317 218 439 1318 214 439 1319 219 440 1320 156 440 1321 218 440 1322 156 441 1323 219 441 1324 236 441 1325 218 442 1326 141 442 1327 214 442 1328 141 443 1329 218 443 1330 156 443 1331 223 444 1332 224 444 1333 218 444 1334 218 445 1335 224 445 1336 219 445 1337 235 446 1338 219 446 1339 224 446 1340 222 447 1341 220 447 1342 213 447 1343 220 448 1344 217 448 1345 213 448 1346 221 449 1347 213 449 1348 212 449 1349 213 450 1350 221 450 1351 222 450 1352 222 451 1353 225 451 1354 220 451 1355 220 452 1356 242 452 1357 223 452 1358 223 453 1359 242 453 1360 224 453 1361 242 454 1362 235 454 1363 224 454 1364 220 455 1365 225 455 1366 242 455 1367 225 456 1368 226 456 1369 242 456 1370 54 457 1371 222 457 1372 221 457 1373 60 458 1374 222 458 1375 54 458 1376 222 459 1377 60 459 1378 225 459 1379 235 460 1380 244 460 1381 239 460 1382 239 461 1383 243 461 1384 240 461 1385 81 462 1386 227 462 1387 228 462 1388 227 463 1389 231 463 1390 230 463 1391 227 464 1392 230 464 1393 228 464 1394 229 465 1395 231 465 1396 190 465 1397 231 466 1398 229 466 1399 232 466 1400 240 467 1401 234 467 1402 241 467 1403 229 468 1404 241 468 1405 234 468 1406 232 469 1407 230 469 1408 231 469 1409 232 470 1410 234 470 1411 93 470 1412 229 471 1413 234 471 1414 232 471 1415 243 472 1416 233 472 1417 240 472 1418 234 473 1419 240 473 1420 233 473 1421 243 474 1422 248 474 1423 233 474 1424 233 475 1425 248 475 1426 234 475 1427 235 476 1428 236 476 1429 219 476 1430 235 477 1431 238 477 1432 236 477 1433 240 478 1434 237 478 1435 238 478 1436 240 479 1437 238 479 1438 239 479 1439 239 480 1440 238 480 1441 235 480 1442 241 481 1443 194 481 1444 237 481 1445 241 482 1446 237 482 1447 240 482 1448 229 483 1449 194 483 1450 241 483 1451 246 484 1452 244 484 1453 245 484 1454 244 485 1455 246 485 1456 243 485 1457 245 486 1458 235 486 1459 242 486 1460 235 487 1461 245 487 1462 244 487 1463 244 488 1464 243 488 1465 239 488 1466 251 489 1467 245 489 1468 226 489 1469 242 490 1470 226 490 1471 245 490 1472 245 491 1473 112 491 1474 246 491 1475 247 492 1476 93 492 1477 234 492 1478 234 493 1479 248 493 1480 247 493 1481 243 494 1482 249 494 1483 248 494 1484 249 495 1485 243 495 1486 246 495 1487 248 496 1488 249 496 1489 247 496 1490 250 497 1491 249 497 1492 246 497 1493 251 498 1494 112 498 1495 245 498 1496 250 499 1497 246 499 1498 112 499 1499</p>
                </triangles>
            </mesh>
        </geometry>
    </library_geometries>
    <library_visual_scenes>
        <visual_scene id="VisualSceneNode" name="VisualScene">
            <node id="node" name="node">
                <instance_geometry url="#shape0-lib">
                    <bind_material>
                        <technique_common>
                            <instance_material symbol="material0" target="#material0">
                                <bind_vertex_input semantic="UVSET0" input_semantic="TEXCOORD"/>
                            </instance_material>
                        </technique_common>
                    </bind_material>
                </instance_geometry>
            </node>
        </visual_scene>
    </library_visual_scenes>
    <scene>
        <instance_visual_scene url="#VisualSceneNode"/>
    </scene>
</COLLADA>
