<?xml version="1.0" encoding="UTF-8"?>
<COLLADA xmlns="http://www.collada.org/2005/11/COLLADASchema" version="1.4.1">
    <asset>
        <contributor>
            <author>VCGLab</author>
            <authoring_tool>VCGLib | MeshLab</authoring_tool>
        </contributor>
        <created>일 3월 15 07:07:31 2026 GMT</created>
        <modified>일 3월 15 07:07:31 2026 GMT</modified>
        <up_axis>Y_UP</up_axis>
    </asset>
    <library_images>
        <image id="texture0" name="texture0">
            <init_from>../materials/textures/coke_can.png</init_from>
        </image>
    </library_images>
    <library_materials>
        <material id="material0" name="material0">
            <instance_effect url="#material0-fx"/>
        </material>
    </library_materials>
    <library_effects>
        <effect id="material0-fx">
            <profile_COMMON>
                <newparam sid="texture0-surface">
                    <surface type="2D">
                        <init_from>texture0</init_from>
                        <format>R8G8B8</format>
                    </surface>
                </newparam>
                <newparam sid="texture0-sampler">
                    <sampler2D>
                        <source>texture0-surface</source>
                        <minfilter>LINEAR</minfilter>
                        <magfilter>LINEAR</magfilter>
                    </sampler2D>
                </newparam>
                <technique sid="common">
                    <blinn>
                        <diffuse>
                            <texture texture="texture0-sampler" texcoord="UVSET0"/>
                        </diffuse>
                    </blinn>
                </technique>
            </profile_COMMON>
        </effect>
    </library_effects>
    <library_geometries>
        <geometry id="shape0-lib" name="shape0">
            <mesh>
                <source id="shape0-lib-positions" name="position">
                    <float_array id="shape0-lib-positions-array" count="7686">-0.027015 -0.003937 0.06135 0.003139 -0.02645 0.06125 0.003082 0.03347 0.00265001 0.020125 -0.02643 -0.00555 0.00179 -0.03223 0.04705 0.015335 -0.02684 -0.05545 0.017955 -0.02715 -0.05385 0.020645 -0.02638 0.03735 0.017015 -0.01978 0.06145 0.016715 -0.02099 0.06125 0.029525 -0.01594 0.00925 0.030745 -0.01259 0.04485 0.028115 -0.01778 0.04415 -0.008685 -0.0204 -0.06105 0.029175 -0.00728 -0.05585 0.032605 -0.00508 -0.04985 0.032975 -0.004105 -0.01765 0.026975 -0.004278 0.05905 0.026645 -0.00608 0.06035 -0.029945 -0.01519 0.02815 -0.031725 -0.01014 0.04015 -0.028845 -0.0148 -0.05435 0.026495 0.0048029 0.06075 -0.023905 -0.01284 0.06045 -0.022895 -0.02319 0.04545 -0.025425 -0.02151 -0.00734999 0.015125 -0.001535 -0.06185 0.016285 -0.01441 -0.06115 0.013797 0.02124 -0.06015 0.011157 0.02476 -0.05795 0.008637 0.03251 0.00335001 0.013043 0.03096 -0.04765 0.01197 0.03119 0.02545 -0.007715 -0.02594 0.06045 -0.001859 0.0333 0.02505 -0.001476 0.03171 0.04755 -0.00535 0.03278 0.03685 0.0039844 0.03321 0.03515 -0.004771 0.02547 0.06165 -0.016385 0.02902 0.00465001 -0.014615 0.0299 -0.05245 -0.012215 0.03078 0.03695 -0.011245 0.03044 -0.05415 -0.011735 0.03109 -0.04445 -0.015245 0.02834 0.04645 0.028255 -0.01707 -0.05305 0.022785 -0.0112 -0.05995 -0.015125 0.02335 -0.05715 -0.028985 0.01677 -0.04515 -0.028625 0.01699 -0.05135 -0.024125 0.02281 -0.05105 -0.023565 0.02294 0.04085 -0.019445 0.01903 0.05955 -0.019425 0.01833 0.06145 0.024315 -0.00639 -0.05995 0.014177 0.01669 -0.06095 0.018715 0.015088 -0.06065 -0.023605 0.0062532 -0.05995 -0.022465 0.005894 -0.06055 -0.021065 0.008719 -0.06025 -0.018685 0.01594 -0.06005 -0.029325 0.012631 -0.05445 -0.030315 0.01351 -0.03905 -0.028135 0.01539 0.04625 0.033505 -0.000579 0.03985 0.033065 0.003177 0.04385 0.033465 -4.60005e-05 0.02685 0.033075 0.004185 0.01395 -0.031605 -0.001365 -0.05465 -0.033185 -0.00604 -0.01495 -0.033055 -0.00643 -0.00664999 -0.032705 -0.00732 0.02125 0.025865 0.007882 0.05875 0.026775 0.003887 0.06045 0.026905 0.001785 0.06025 0.031015 0.001639 0.04955 0.026365 0.01985 0.04195 0.023965 0.012729 0.05875 0.015465 0.0268 0.04975 0.018405 0.02781 0.03245 -0.019965 -0.02625 -0.04875 0.016735 0.02013 0.06135 0.017245 0.02012 0.06115 0.014525 0.02209 0.06125 0.013077 0.02333 0.06095 0.009325 0.03164 0.04305 0.007711 0.03255 0.00545 -0.003098 -0.0331 -0.04735 -0.009465 -0.03196 -0.00214999 -0.005307 -0.03186 0.04635 -0.009295 -0.03209 0.03455 -0.009295 -0.02856 0.05105 0.01354 -0.03027 -0.04155 0.012579 -0.03005 0.04645 0.022855 -0.02142 -0.05525 0.024725 -0.02171 -0.05315 0.026845 -0.01964 -0.00534999 0.025965 -0.02083 -0.04535 0.017825 -0.02066 0.05625 0.020555 -0.02358 0.04925 0.022545 -0.01504 0.06085 0.019925 -0.01424 -0.06075 0.031815 -0.00948 -0.04615 0.033025 -0.00496 0.01785 0.031665 -0.00925 0.04545 0.031815 -0.01049 0.00975 0.026055 -0.00882 0.05935 0.032655 0.0032 -0.05285 -0.026135 -0.02045 -0.04655 -0.015975 -0.02933 0.03045 -0.019535 -0.02685 0.04235 -0.021125 -0.02582 0.03295 0.022325 0.011944 0.06155 -0.011565 -0.02477 0.05905 -0.018865 -0.0198 0.05945 -0.003703 -0.02455 -0.06065 0.00889 0.02979 -0.05555 0.000704999 0.03347 -0.05035 0.0037008 0.02706 0.05895 -0.005845 0.03275 -0.05205 -0.00315 0.03141 -0.05495 -0.008315 0.03232 -0.04915 -0.008405 0.03089 0.04665 -0.009675 0.02553 0.06005 -0.00228 0.02722 0.05875 -0.008245 0.02538 0.06135 0.022155 -0.02487 -0.04255 -0.017535 0.02736 -0.05375 -0.029145 0.01568 0.03145 0.031915 -0.002968 0.04775 -0.030405 0.00702 -0.05495 -0.032635 0.006602 -0.04805 -0.032285 0.0058095 -0.05275 -0.033325 -0.001985 0.02605 -0.032405 0.007266 -0.02095 -0.030795 0.007774 0.04715 -0.029935 0.00358 0.05105 -0.032075 0.007733 0.03625 -0.027335 -0.000530001 0.05985 0.029525 0.014584 -0.05225 0.028025 0.01791 -0.04485 0.031355 0.010822 0.01965 0.031785 0.009128 -0.04015 0.022055 0.012046 -0.06025 -0.024645 -0.003347 -0.06055 -0.023255 -0.0095 -0.06035 -0.022525 -0.00802 -0.06065 -0.023295 -0.01181 -0.05875 -0.030885 -0.00607 0.04855 0.025985 0.00541866 0.06125 0.020245 0.02317 0.04955 0.023865 0.02262 -0.05275 0.024405 0.02264 0.03365 -0.025905 -0.02116 0.03445 0.021335 0.01655 0.05825 -0.014375 -0.03003 -0.00855 -0.017475 -0.02852 0.00025 -0.010855 -0.03147 -0.04795 -0.014835 -0.02933 -0.05265 -0.015935 -0.02722 0.04785 -0.009765 -0.02482 0.06105 0.007361 0.02577 0.06065 0.002759 0.03216 -0.05425 -0.000640001 -0.03335 0.04325 -0.000118001 -0.02736 0.05945 0.0041778 -0.02662 0.06095 -0.003627 -0.0267 0.06085 0.026805 -0.003362 0.06065 0.025735 -0.00698 0.06175 0.020475 -0.00925 0.06185 0.026255 -0.00528 0.06165 -0.017035 0.01404 0.06185 -0.014535 0.014821 0.06185 -0.026775 0.001131 0.06165 -0.026995 -0.001711 0.06135 -0.004967 0.02665 0.06005 0.022575 -0.02463 0.02755 0.018185 -0.01983 0.06125 -0.010135 -0.01959 -0.06105 0.033285 -0.000312001 -0.00645 0.033185 -0.001643 0.00665001 -0.029885 -0.00918 -0.05515 0.025045 0.010155 0.05885 -0.019665 -0.02692 -0.01125 0.028195 0.01782 0.02545 -0.020405 -0.01811 0.05915 0.010319 0.0318 0.00285001 -0.004874 0.02627 0.06135 -0.020215 0.0265 -0.03055 -0.015375 0.02203 0.06135 0.024455 -0.01162 0.06135 -0.011085 0.02321 -0.05965 -0.022535 0.008697 -0.05985 -0.024815 0.009943 -0.05755 0.033235 0.001866 -0.00155 0.025985 0.006089 -0.05745 0.024925 0.002641 -0.06015 -0.033435 -0.001662 -0.01315 0.016735 0.02645 -0.05525 -0.017405 -0.004465 -0.06145 -0.020225 -0.02456 -0.05435 0.014261 0.02306 0.05735 0.0037689 0.03341 0.00315001 0.007562 0.03255 -0.04545 0.011982 0.03127 -0.03955 0.007333 -0.02354 -0.06065 0.013881 -0.03002 -0.05265 0.015405 -0.02248 0.06075 0.027455 -0.01945 0.01875 0.031805 -0.01004 -0.02505 0.032115 -0.00971 0.03975 0.028365 -0.01103 0.05095 -0.033085 -0.00617 -0.01075 0.033165 -0.002371 -0.02815 -0.026945 -0.00497 0.05895 -0.029175 -0.01635 -0.01675 -0.025615 -0.02017 -0.05355 0.013409 0.03046 -0.05185 0.021415 0.016 0.06125 -0.008275 -0.02346 -0.06065 0.002859 0.02775 -0.05745 -0.027785 0.01756 -0.05325 0.026265 0.02036 -0.02805 0.022195 0.01005 -0.06045 0.024375 0.007771 0.06165 0.022215 0.02461 -0.03965 0.009523 0.02909 0.05025 0.006607 0.03061 0.04835 0.001967 -0.03324 -0.01145 0.0041688 -0.03298 -0.03345 -0.005154 -0.02886 0.05225 0.026635 0.000745999 0.06085 0.024755 -0.01001 0.06175 9.98974e-07 0.02655 0.06135 -0.006165 0.02235 0.06175 -0.017795 -0.02027 0.06085 -0.018385 -0.01871 0.06145 -0.027015 -0.0047 0.06145 -0.026735 -0.004111 0.06105 -0.026735 -0.00597 0.06145 -0.026955 -0.004069 0.06145 -0.003777 0.0266 0.06105 0.008156 -0.03252 0.03515 0.011118 -0.02499 0.06015 0.030525 0.00264 -0.05555 -0.025125 -0.00906 0.06155 0.006875 0.02448 -0.06005 -0.002272 0.02604 0.06155 -0.017695 0.02843 -0.05095 -0.012415 0.03065 0.01905 -0.009585 0.02533 0.05725 -0.016885 0.02113 0.06115 0.022705 -0.0137 0.06165 0.023985 -0.01222 0.06165 -0.027315 0.01912 -0.04405 -0.012125 0.01998 -0.06055 -0.025615 0.008547 0.06035 0.027245 0.01584 0.04805 0.014685 0.0235 0.05475 0.000430999 0.02685 0.06065 0.008833 -0.02375 -0.05985 0.0112 -0.03161 0.03625 0.012089 -0.02433 0.05685 0.022125 -0.0152 0.06105 0.026485 -0.00715 0.05975 0.026335 -0.008 0.06025 0.026725 -0.0049 0.05735 -0.032945 -0.00632 -0.02545 -0.029735 -0.01533 -0.05075 -0.027065 -0.01895 -0.05235 -0.014215 -0.01783 -0.06095 0.017605 0.02825 -0.05135 0.019715 0.01728 0.06135 0.022415 0.014413 0.06135 -0.020125 -0.0181 0.06055 -0.016015 -0.02176 0.05665 -0.004315 -0.03318 -0.01145 -0.005009 0.02682 0.05585 -0.016885 0.02138 0.06005 -0.023955 0.012122 0.06165 -0.032625 0.000599999 0.04445 -0.026915 0.003592 0.06005 0.032195 0.008169 0.00275 -0.023995 -0.00551 -0.06055 -0.031485 -0.01112 -0.00145 -0.014675 -0.02047 -0.06035 0.020595 0.01691 0.06095 0.018765 0.01874 0.06115 -0.012585 -0.02397 0.06065 0.010357 0.02604 0.05445 -0.003668 0.03327 -0.04635 0.002722 -0.03304 -0.05075 0.026085 -0.00725 0.06145 0.026165 -0.001201 0.06175 0.014477 0.007172 0.06185 -0.012315 -0.02136 0.06155 -0.026355 0.003737 0.06165 -0.026355 -0.00592 0.06165 -0.000705001 0.02701 0.05995 0.027015 -0.002139 0.05985 0.001429 -0.02485 -0.06025 -0.026455 0.0058119 0.06095 0.025605 -0.00838 0.06085 0.020875 -0.01782 0.05935 0.029705 0.014859 0.00685001 0.027365 -0.000277 0.05635 -0.029385 -0.01591 -0.00255 0.028885 0.0165 -0.01005 -0.022805 -0.01498 0.05935 0.024415 -0.01269 -0.05715 -0.031105 -0.01239 -0.01655 -0.002013 0.02778 0.05445 -0.000305001 0.03345 -0.03055 0.008039 -0.02644 0.05565 -0.021585 0.01616 0.05605 -0.021085 0.01646 0.06125 -0.00167 0.03326 0.01725 -0.025875 -0.01044 -0.05675 0.025755 0.007404 0.06085 -0.024175 -0.02229 -0.05225 -0.004936 0.02442 -0.06015 0.024505 0.005693 -0.06005 0.024355 0.013665 0.05445 -0.020235 0.00814 -0.06045 0.013885 -0.02369 0.05915 -0.033305 -0.001312 0.00405 0.025445 -0.00996 0.05705 0.013623 -0.02452 0.05435 0.026515 0.001525 0.06155 -0.027105 0.001375 0.06085 -0.020325 -0.0178 0.05745 -0.028165 -0.003214 0.05435 -0.021755 -0.02507 -0.02745 0.025475 -0.00749 -0.05745 -0.029055 0.0164 0.00375 -0.023445 0.012856 0.06135 0.031055 0.011543 0.02645 0.010036 0.0252 0.05705 -0.021515 -0.01545 0.06145 -0.024635 -0.01095 0.06095 -0.001889 0.03336 0.00315001 0.008041 0.02608 0.05825 -0.020405 0.02636 0.00895 0.023235 -0.01543 0.05525 -0.027085 0.002599 -0.05725 0.022005 -0.02517 0.01035 -0.029695 -0.01542 -0.02555 -0.000827001 -0.02704 0.06065 -0.003078 -0.02704 0.05685 -0.002052 -0.03347 -0.00255 0.026505 -0.00494 0.06155 -0.024645 0.02203 0.01545 -0.033405 -0.003609 -0.00305 0.025975 0.0045024 0.06155 0.005911 -0.02618 0.06105 0.014467 0.03015 -0.01735 0.0041305 0.03293 -0.05225 0.018795 -0.02757 0.01205 -0.026195 0.0061134 0.05685 -0.022715 0.014465 0.05975 -0.026515 -0.000845001 0.06165 -0.019185 0.01889 0.06055 -0.016785 -0.02882 0.00665001 0.006323 -0.02595 -0.05835 -0.002005 0.02703 0.05715 -0.019145 0.0274 -0.00025 -0.00495 -0.03313 0.00275 0.018585 0.01918 -0.05805 -0.019075 -0.02738 0.00805 -0.026955 0.000307999 0.06135 -0.026295 -0.00692 0.06145 -0.014475 0.01932 0.06175 0.026505 -0.004465 0.06125 0.001648 -0.03346 0.03515 0.011009 0.02405 0.06115 -0.015525 -0.02941 -0.03925 0.014228 0.02943 -0.05385 0.01242 0.0296 0.04675 0.018015 0.01953 0.06085 -0.026785 -0.01961 -0.02835 -0.024495 -0.01433 -0.05685 0.024255 0.02269 0.00595 0.027645 0.0060292 0.05395 0.025225 0.007782 0.06155 -0.024785 -0.00551 -0.05975 0.023835 0.013401 -0.05685 0.032395 0.007746 0.02525 0.032755 0.0063813 0.03865 -0.027095 -9.00078e-06 0.05695 -0.033025 0.000664 -0.05245 -0.025015 0.011282 0.05545 -0.028705 0.01713 -0.04765 -0.016475 0.02176 0.05865 -0.009545 0.02681 0.05335 -0.005645 0.03273 -0.00914999 -0.006195 0.03265 0.01935 -0.005615 -0.02641 -0.05795 -0.005785 -0.02473 -0.06015 -0.016875 -0.02135 0.05965 -0.013595 -0.02364 0.05935 0.019155 0.02653 -0.05365 -0.025265 -0.0106 0.05635 0.027575 -0.00624 0.05445 0.030655 -0.01212 -0.05255 0.027285 -0.01472 -0.05515 0.020575 -0.0168 0.06145 0.019325 -0.01849 0.06125 0.025765 -0.0215 0.03155 0.020485 -0.01832 -0.05745 0.010801 -0.02452 0.06125 0.011439 -0.03151 0.04275 0.017205 -0.02838 -0.04915 0.005703 -0.02441 -0.06025 0.002308 0.02631 0.06115 -0.025495 0.009146 0.06115 -0.007065 -0.02615 0.05605 -0.006755 -0.03269 -0.02335 0.003951 0.03314 0.00935001 0.011485 0.02486 0.05865 0.026545 0.0051385 0.05975 0.023595 0.009592 -0.05975 -0.021835 0.01704 -0.05705 -0.014285 0.02079 -0.05985 -0.019145 0.01948 0.05525 -0.026915 0.01929 0.02335 -0.027365 0.01888 0.01015 0.025315 -0.0096 0.06155 -0.012045 0.03088 -0.01085 0.00948 0.02215 -0.06065 0.002976 0.0273 0.05555 -0.010905 -0.0247 0.05715 -0.019955 -0.02 0.05395 0.025685 0.009754 0.05545 0.033045 -0.003771 0.000150009 -0.006875 -0.02182 -0.06105 0.017755 -0.02002 0.06135 -0.026865 -0.00499 0.06135 0.026815 -0.000901 0.06135 0.000779999 -0.02722 0.05705 0.000421999 -0.02782 0.05475 -0.002858 -0.02818 0.05385 0.013144 0.02343 0.06035 0.017365 0.02068 0.05675 0.017525 0.02013 0.06015 0.022755 0.014228 0.06105 0.026385 0.00664 0.06045 -0.027235 -0.00781 0.05445 -0.031945 -0.01011 -0.03185 -0.027045 -0.00511 -0.05675 -0.025345 -0.002088 -0.05945 -0.025065 0.000797999 -0.05995 -0.020135 0.01097 0.06175 -0.029335 0.01591 -0.02405 -0.015435 0.02228 0.06065 -0.014455 0.02308 0.05625 -0.007285 0.02675 -0.05765 -0.014405 -0.02298 0.06045 -0.010625 -0.02499 0.06025 0.013247 0.02129 0.06145 0.024205 0.008912 0.06165 -0.011795 -0.0244 -0.05785 -0.022375 -0.01561 0.05585 -0.020215 -0.01764 0.06115 -0.024585 -0.0186 -0.05555 -0.025955 -0.00767 0.06125 0.025635 -0.00947 0.06125 0.025745 -0.00965 0.06015 0.025695 -0.01154 0.05485 0.030955 -0.01269 0.00665001 0.032155 -0.0086 0.00205 0.020925 -0.01101 -0.06105 0.023185 -0.01393 0.06145 0.01441 -0.02306 0.05735 0.024185 -0.01312 0.05955 0.025705 -0.02107 0.00955 0.013239 -0.03084 0.03775 0.009986 -0.03161 -0.05075 0.003345 0.02686 0.05995 -0.001184 0.02641 0.06135 -0.025465 0.008906 0.06155 -0.021945 0.014884 0.06165 -0.002121 -0.03344 0.03185 0.015045 0.02204 0.06095 0.019655 0.01947 0.05475 0.024375 0.011806 0.05745 0.025275 0.009849 0.05995 0.022325 0.01471 0.06005 -0.024115 -0.01204 0.06135 0.026535 0.0050938 0.05735 -0.033365 -0.003555 -0.03265 0.023145 0.0049761 -0.06065 -0.018775 0.013088 -0.06065 -0.021375 0.010644 -0.06005 0.024545 -0.003828 -0.06025 -0.017455 0.02049 0.05765 -0.022975 0.01947 0.05085 -0.026725 0.01971 -0.01825 -0.013885 0.02369 0.05955 0.010257 0.02326 -0.06005 0.020575 0.014451 -0.06025 -0.018155 -0.02016 -0.05765 -0.025365 -0.00975 0.05975 -0.031635 -0.01078 -0.05225 0.033145 -0.002195 0.00405 0.000780999 -0.02061 -0.06125 0.026145 -0.02096 0.03585 -0.020615 0.01636 0.06165 -0.006535 0.02604 0.06115 -0.026885 -0.0051 0.06145 -0.023005 -0.01321 0.06155 -0.022495 -0.01487 0.06115 -0.018835 -0.00912 0.06175 0.001191 0.02633 0.06135 0.025605 0.002032 0.06175 0.026655 -0.002881 0.06155 -0.020025 -0.01394 -0.06055 -0.024855 -0.001927 -0.06045 -0.026575 0.0049143 0.06135 0.023915 -0.000368001 -0.06075 -0.024745 0.010742 0.05925 -0.026995 0.01691 -0.05455 -0.017675 0.0203 0.06135 -0.011125 0.02404 0.06145 0.008234 -0.03224 -0.02635 -0.015435 -0.02173 0.06125 0.024375 0.010534 0.06135 0.023635 -0.01326 0.06075 0.024085 -0.02344 0.03535 0.011877 -0.02094 -0.06065 0.0035774 0.02658 0.06065 -0.024795 0.008239 0.06175 -0.006115 -0.02659 0.05935 0.013086 0.02292 0.06125 0.016175 0.02115 0.06115 -0.033045 -0.002323 0.04145 0.031685 -0.003744 -0.05425 -0.028265 0.01765 -0.03225 -0.014115 0.02299 0.06115 -0.011675 0.02428 0.06105 -0.006275 0.03266 -0.03525 0.032785 -0.00519 -0.03155 0.026805 -0.001265 -0.05735 0.017955 -0.02007 0.06095 0.017455 -0.02127 0.05975 0.0036876 -0.027 0.05975 -0.027195 -0.002189 0.06145 -0.027135 -0.001268 0.06155 -0.026965 -0.00268 0.06155 0.006372 -0.02379 0.06165 0.025715 -0.00797 0.06175 -0.001064 -0.02592 0.06135 0.000991999 -0.02682 0.06105 -0.006535 -0.02942 -0.05605 -0.00217 -0.03193 -0.05445 -0.000641001 0.03304 -0.05275 0.011253 0.02493 0.05985 -0.013755 -0.02781 -0.05535 -0.009355 -0.03147 -0.05325 0.016845 0.02884 -0.03525 0.027135 0.01936 0.00745 0.026175 0.007829 0.06015 0.025845 0.00878 0.06045 -0.027545 -0.01363 0.05015 -0.031445 -0.01163 -0.04245 -0.032655 -0.00572 -0.05325 -0.025005 -0.003292 -0.06035 0.027805 0.013748 -0.05515 0.030705 0.009874 -0.05375 0.030865 0.009045 0.04705 -0.030575 -0.001658 0.05015 -0.033135 0.001797 0.03305 0.033115 -0.003699 0.04395 -0.018865 0.01941 0.06105 0.020905 -0.0255 -0.05305 -0.000138001 0.02575 -0.05975 0.007593 0.02618 0.05955 0.008823 0.03189 -0.05305 -0.006635 -0.02074 -0.06115 0.000204999 -0.02715 -0.05805 -0.011395 -0.0253 0.05455 0.025075 0.0055098 0.06175 0.026095 0.003287 0.06165 0.022385 0.01277 -0.05915 -0.029465 -0.01583 -0.03375 -0.028085 -0.01752 0.04295 0.033135 0.001987 -0.03975 -0.033505 -0.003223 -0.04765 0.030255 -0.01459 0.02865 0.029565 -0.01564 -0.04185 0.030855 -0.00974 -0.05375 0.012875 -0.02389 0.06105 0.012181 -0.03106 0.00235001 0.013225 -0.02985 -0.05365 0.00659 -0.03102 -0.05495 0.00449765 -0.02355 -0.06075 0.0054776 0.02428 0.06155 0.000620999 0.02732 0.05915 -0.024865 0.010893 0.06145 -0.00239 -0.02732 0.05955 0.002401 0.03345 0.00325 0.015615 0.02222 0.05895 -0.023195 -0.001345 -0.06085 0.024655 0.011017 0.06055 0.030775 0.012267 0.03895 -0.033015 -0.00511 0.01305 -0.032945 -0.00586 -0.000449997 -0.020805 0.005922 -0.06045 -0.021645 0.0058652 -0.06035 0.000953999 0.02123 -0.06075 0.023725 0.002479 -0.06065 0.024145 0.004114 -0.06065 0.029425 0.00828 -0.05545 -0.025975 0.008369 0.06085 -0.030905 0.012375 -0.05015 -0.022125 0.008554 -0.06025 -0.022355 0.00773 -0.06045 -0.023905 0.001713 -0.06065 -0.010935 0.02194 -0.06045 -0.014455 0.009203 -0.06145 0.024915 -0.00557 -0.05945 -0.018985 0.02752 0.01235 -0.024265 0.01999 -0.05455 0.022765 -0.00812 -0.06075 0.024755 -0.01109 0.06155 -0.008735 0.03209 0.00855 -0.018105 0.02782 0.03375 0.013233 -0.02338 -0.05795 0.003489 0.03327 -0.00295 0.00876 0.03227 -0.00675 0.022805 0.02124 -0.05525 -0.026725 -0.00557 0.05705 -0.029765 -0.01567 -0.01305 0.033305 -0.000745001 0.00315001 0.033245 -0.001609 -0.00134999 0.025385 -0.001686 -0.05935 0.030145 -0.01443 -0.00145 0.014755 -0.02249 0.06115 0.019865 -0.02451 -0.05505 0.008569 -0.02568 0.06115 0.008578 -0.02583 0.06065 0.002909 -0.02687 0.06075 0.00815 -0.02864 -0.05615 0.023575 0.02207 -0.05415 0.021055 0.02458 -0.05425 0.021095 0.0252 -0.05335 0.018475 0.02735 -0.05305 0.020585 0.02599 -0.05245 0.016865 0.02805 -0.05375 0.016095 0.02885 -0.05295 0.013971 0.02997 -0.05285 0.015225 0.02964 -0.05165 0.011544 0.03072 -0.05355 0.011537 0.03112 -0.05255 0.00868 0.03217 -0.05195 0.011068 0.03147 -0.05115 0.010968 0.03171 -0.04845 0.013237 0.03074 -0.05015 0.015205 0.02983 -0.04875 0.014775 0.03005 -0.04455 0.017375 0.02848 -0.04565 0.012244 0.03126 -0.04535 0.014308 0.03022 -0.04025 0.009992 0.03202 -0.04075 0.007962 0.03249 -0.02445 0.010505 0.03174 -0.02705 0.011628 0.03125 -0.01655 0.013362 0.03061 -0.03215 0.015965 0.02943 -0.02575 0.016425 0.02933 0.00265001 0.018065 0.02825 -0.01005 0.014198 0.03034 0.00675 0.014865 0.03007 0.02835 0.011374 0.03138 0.03825 0.013606 0.03028 0.04145 0.011384 0.0305 0.04515 0.014775 0.02914 0.04495 0.007487 0.03135 0.04595 0.009637 0.03036 0.04725 0.00794 0.02985 0.04955 0.011168 0.0295 0.04835 0.012484 0.02817 0.04985 0.014288 0.02846 0.04775 0.017055 0.02738 0.04655 0.017685 0.02543 0.04965 0.019925 0.02532 0.04615 0.015245 0.02504 0.05235 0.017235 0.02355 0.05245 0.012921 0.02635 0.05235 0.012479 0.02497 0.05465 0.009651 0.02545 0.05595 0.012117 0.02438 0.05615 0.007286 0.02666 0.05495 0.007098 0.02604 0.05665 0.005913 0.0264 0.05755 0.008806 0.02574 0.05765 0.003255 0.02699 0.05795 0.005738 0.02662 0.05855 0.0054985 0.02671 0.05925 0.007973 0.02615 0.05895 0.003446 0.02706 0.05955 0.0054524 0.02659 0.05975 0.009537 0.02538 0.06025 0.009545 0.02563 0.05965 0.007613 0.02603 0.06005 0.011497 0.02491 0.05925 0.009717 0.02562 0.05905 0.009828 0.02559 0.05845 0.010985 0.02499 0.05785 0.013023 0.02391 0.05805 0.012413 0.02414 0.05715 0.014242 0.02309 0.05635 0.015855 0.02194 0.05695 0.016125 0.02181 0.05595 0.015065 0.02262 0.05805 0.017115 0.02095 0.05775 0.013453 0.02379 0.05875 0.013152 0.02396 0.05945 0.012336 0.02415 0.06005 0.014236 0.02299 0.05975 0.01097 0.02461 0.06055 0.011954 0.02397 0.06075 0.012342 0.02358 0.06105 0.012935 0.02346 0.06075 0.013791 0.02292 0.06095 0.014194 0.02268 0.06065 0.016005 0.02134 0.06065 0.015125 0.02209 0.06025 0.016775 0.02102 0.05965 0.019485 0.01842 0.05945 0.018475 0.01964 0.05865 0.019025 0.01914 0.05745 0.020355 0.01784 0.05665 0.018105 0.02013 0.05615 0.017125 0.02179 0.05465 0.019875 0.02123 0.05225 0.023145 0.01795 0.05175 0.023855 0.01967 0.04885 0.022315 0.01649 0.05475 0.025915 0.014542 0.05125 0.022495 0.015157 0.05675 0.023355 0.013762 0.05775 0.023935 0.012871 0.05645 0.023215 0.013987 0.05875 0.024185 0.012356 0.05825 0.021795 0.01573 0.05935 0.023435 0.013407 0.05925 0.019875 0.01772 0.06005 0.017945 0.01963 0.06055 0.019825 0.01765 0.06055 0.016555 0.02089 0.06085 0.015755 0.02153 0.06105 0.016715 0.02074 0.06105 0.016765 0.02058 0.06115 0.017445 0.02004 0.06105 0.017875 0.01955 0.06115 0.018535 0.01904 0.06105 0.019575 0.018 0.06105 0.019605 0.01794 0.06085 0.021155 0.01622 0.06065 0.021735 0.01562 0.06095 0.022605 0.014425 0.06065 0.021125 0.01631 0.06115 0.021925 0.015409 0.06115 0.023615 0.012518 0.06115 0.024535 0.010795 0.06095 0.023705 0.012645 0.06085 0.023725 0.012686 0.06035 0.024845 0.010823 0.06025 0.024175 0.011847 0.05985 0.025405 0.009672 0.06045 0.025615 0.0094 0.06025 0.026045 0.008342 0.06025 0.025915 0.008472 0.06005 0.026125 0.007826 0.06045 0.026305 0.007312 0.06025 0.026665 0.00550303 0.05605 0.026815 0.008084 0.05445 0.026045 0.007319 0.05675 0.025545 0.008718 0.05755 0.026245 0.006431 0.05825 0.026245 0.006602 0.05925 0.026675 0.0044946 0.05845 0.025605 0.008736 0.05895 0.025815 0.008019 0.05945 0.025065 0.01003 0.05945 0.025885 0.008063 0.05985 0.024085 0.012038 0.05935 0.024405 0.011749 0.05875 0.024885 0.010709 0.05825 0.025195 0.009805 0.05805 0.024785 0.010951 0.05665 0.025395 0.011603 0.05445 0.027625 0.009869 0.05205 0.027535 0.011776 0.05095 0.029445 0.012454 0.04735 0.031275 0.010778 0.04375 0.029725 0.01393 0.04435 0.032305 0.008062 0.04295 0.031975 0.009251 0.03905 0.032525 0.0059455 0.04465 0.032975 0.0051866 0.04215 0.032565 0.00703 0.03215 0.031795 0.009708 0.03225 0.031685 0.009968 0.02605 0.030925 0.011895 0.03085 0.032045 0.008931 0.02165 0.031125 0.011377 0.02355 0.032795 0.006009 0.01975 0.032355 0.007795 0.01685 0.032665 0.0064117 0.01005 0.031765 0.009654 0.01265 0.033165 0.003333 0.00735001 0.032805 0.0052729 -0.00175 0.032775 0.0050588 -0.02225 0.032055 0.008361 -0.01405 0.033145 0.002587 -0.02275 0.032845 0.0047756 -0.04185 0.033015 0.00274 -0.05025 0.032465 0.0062092 -0.05095 0.031825 0.006833 -0.05335 0.031445 0.009488 -0.05195 0.030335 0.012221 -0.05295 0.030715 0.012235 -0.05055 0.029625 0.011963 -0.05435 0.028765 0.014877 -0.05355 0.026285 0.01849 -0.05395 0.027355 0.01808 -0.05235 0.026135 0.02034 -0.05075 0.028975 0.01607 -0.05015 0.030125 0.013864 -0.04195 0.028885 0.01652 -0.02885 0.030165 0.013709 -0.02245 0.026985 0.01947 -0.03795 0.027675 0.01852 -0.01855 0.025265 0.02148 -0.04755 0.024805 0.02198 -0.03695 0.022945 0.02393 -0.05085 0.020015 0.02653 -0.04875 0.019265 0.02719 -0.03365 0.020415 0.0264 -0.00755 0.021885 0.02509 0.01565 0.023015 0.02391 -0.01535 0.025105 0.02171 -0.01615 0.025985 0.02079 0.00495 0.026625 0.01994 -0.00875 0.027945 0.01811 0.00075 0.028275 0.01767 0.01125 0.029295 0.01565 -0.00105 0.030775 0.012178 -0.01295 0.031165 0.011276 0.00215001 0.030445 0.013175 0.01505 0.028905 0.01659 0.01755 0.029995 0.014158 0.02195 0.027335 0.01917 0.01615 0.025975 0.02088 0.01875 0.024045 0.02297 0.02495 0.026015 0.02088 0.03015 0.022575 0.02442 0.03495 0.022725 0.0238 0.04245 0.025135 0.02179 0.03815 0.023615 0.02173 0.04615 0.027255 0.01766 0.04515 0.028955 0.0161 0.04055 0.029535 0.015159 0.03355 0.027655 0.01865 0.03555 0.030145 0.013734 0.02685 0.012207 0.03105 -0.00514999 0.011615 0.03132 0.00975 0.009907 0.03193 -0.00225 0.008609 0.03247 0.00235001 0.009034 0.03234 0.00335001 0.007617 0.03262 0.00195 0.008503 0.0325 0.00385001 0.009489 0.03211 0.00715001 0.00964 0.03193 0.01425 0.019755 -0.02684 -0.04405 0.021335 -0.02551 -0.02435 0.018485 -0.0277 -0.03185 0.024135 -0.0228 -0.02355 0.023875 -0.02295 -0.00405 0.024335 -0.02269 -0.04275 0.026255 -0.02045 -0.02985 0.023305 -0.02374 -0.05115 0.025195 -0.02168 -0.05115 0.021265 -0.02559 -0.05125 0.022725 -0.02388 -0.05305 0.022005 -0.02368 -0.05415 0.023985 -0.02144 -0.05425 0.026615 -0.0194 -0.05315 0.026975 -0.01948 -0.05115 0.028675 -0.01694 -0.05095 0.027645 -0.01869 -0.04255 0.028305 -0.01776 -0.02285 0.029825 -0.01521 -0.01945 0.028935 -0.01675 -0.00295 0.030865 -0.01284 -0.03325 0.030955 -0.01262 -0.01405 0.030955 -0.01228 -0.04645 0.031795 -0.00984 -0.03795 0.030105 -0.01402 -0.05115 0.031265 -0.01087 -0.05105 0.029635 -0.0145 -0.05275 0.029655 -0.01348 -0.05345 0.030785 -0.01114 -0.05305 0.031765 -0.0077 -0.05315 0.031635 -0.00914 -0.05225 0.032205 -0.00771 -0.04785 0.032785 -0.00518 -0.03945 0.032415 -0.00712 -0.03895 0.032435 -0.00712 -0.02975 0.032875 -0.0047 -0.02565 0.032485 -0.00703 -0.02105 0.032565 -0.00676 -0.00975 0.031885 -0.00976 -0.01055 0.032975 -0.004286 -0.00684999 0.032755 -0.00566 -0.00025 0.033045 -0.003422 0.00305 0.032825 -0.00467 0.00405 0.033165 -0.001863 0.00485001 0.032715 -0.00526 0.00545 0.032655 -0.00609 0.00785001 0.032035 -0.0093 0.00645 0.033165 -0.002727 0.01065 0.032485 -0.00771 0.01355 0.032045 -0.00977 0.02365 0.031375 -0.01198 0.01745 0.032615 -0.00759 0.02855 0.031375 -0.01213 0.03465 0.033335 -0.00271 0.02235 0.033125 -0.00477 0.03215 0.031165 -0.01195 0.00025 0.031385 -0.01148 0.00585001 0.030605 -0.01337 0.00545 0.031275 -0.01208 0.00735001 0.030795 -0.01347 0.01085 0.030475 -0.01389 0.00725 0.030125 -0.01506 0.01725 0.028825 -0.01739 0.02245 0.028725 -0.01756 0.01375 0.027745 -0.01876 0.03015 0.026575 -0.02053 0.02615 0.028035 -0.01835 0.03445 0.026185 -0.0209 0.03375 0.029625 -0.01614 0.03785 0.027125 -0.01987 0.03885 0.030665 -0.01411 0.04155 0.031275 -0.01229 0.04345 0.030095 -0.01416 0.04485 0.031975 -0.00987 0.04375 0.031115 -0.01128 0.04515 0.032765 -0.0066 0.04295 0.032515 -0.00675 0.04465 0.033135 -0.00458 0.03945 0.033365 -0.002309 0.04235 0.029675 -0.01544 0.00565001 0.028365 -0.01764 0.00565001 0.027845 -0.0185 0.00875 0.026325 -0.02024 0.00545 0.026775 -0.02007 0.01395 0.025205 -0.02201 0.02285 0.024305 -0.02274 0.01745 0.024355 -0.02306 0.03065 0.024695 -0.02278 0.03395 0.023245 -0.02421 0.03425 0.024845 -0.02259 0.03555 0.024525 -0.02294 0.03825 0.023205 -0.02432 0.03665 0.024725 -0.02251 0.04235 0.024275 -0.02123 0.04715 0.021155 -0.02523 0.04505 0.025525 -0.01701 0.05025 0.022365 -0.01959 0.05175 0.028165 -0.01441 0.04855 0.025935 -0.01365 0.05275 0.029915 -0.01232 0.04705 0.030525 -0.00975 0.04765 0.023705 -0.02318 0.00515001 0.023445 -0.02365 0.01045 0.021555 -0.02546 0.00605 0.022115 -0.025 0.01675 0.020465 -0.02645 0.02095 0.020515 -0.02639 0.01075 0.021435 -0.02583 0.03205 0.018925 -0.02758 0.02205 0.026405 -0.01146 0.05385 0.024895 -0.01278 0.05505 0.025395 -0.01101 0.05575 0.024325 -0.01253 0.05665 0.026445 -0.0098 0.05485 0.026235 -0.00829 0.05605 0.026815 -0.00533 0.05625 0.026255 -0.00719 0.05725 0.026435 -0.00667 0.05835 0.025745 -0.00933 0.05835 0.026905 -0.004252 0.05825 0.026625 -0.00633 0.05925 0.026745 -0.00575 0.05955 0.026305 -0.00801 0.05965 0.026115 -0.00868 0.05995 0.025765 -0.00982 0.05985 0.026395 -0.00782 0.06005 0.026095 -0.00866 0.06025 0.026625 -0.00649 0.06005 0.026475 -0.00732 0.06025 0.015555 -0.02225 0.05695 0.01408 -0.0233 0.05635 0.016095 -0.02261 0.05485 0.016705 -0.02457 0.05165 0.019145 -0.02158 0.05315 0.020535 -0.01858 0.05545 0.021625 -0.01672 0.05765 0.019605 -0.01899 0.05775 0.023365 -0.01424 0.05795 0.022565 -0.01563 0.05935 0.024735 -0.0118 0.05815 0.025295 -0.01099 0.05935 0.025235 -0.01096 0.05995 0.016065 -0.0223 0.05945 0.016005 -0.02207 0.05805 0.017705 -0.02085 0.05845 0.018935 -0.0199 0.05945 0.019525 -0.019 0.06025 0.017835 -0.02071 0.06045 0.016565 -0.0215 0.06075 0.016365 -0.022 0.06035 0.022065 -0.01601 0.06035 0.023045 -0.01464 0.06035 0.023915 -0.01311 0.06045 0.023055 -0.01422 0.06085 0.024865 -0.01119 0.06035 0.024265 -0.01188 0.06075 0.021185 -0.01696 0.06045 0.020035 -0.01791 0.06085 0.020375 -0.01729 0.06115 0.019005 -0.01888 0.06115 0.018505 -0.01946 0.06125 0.018125 -0.01985 0.06115 -0.023935 -0.01356 0.05565 -0.022465 -0.01518 0.05745 -0.023905 -0.01291 0.05785 -0.024305 -0.01224 0.05945 -0.025235 -0.01015 0.05835 -0.023615 -0.01354 0.06025 -0.024475 -0.01177 0.06025 -0.022565 -0.01513 0.06045 -0.023355 -0.01373 0.06075 -0.023635 -0.01306 0.06105 -0.024165 -0.01217 0.06065 -0.023355 -0.01347 0.06125 -0.024285 -0.01178 0.06115 -0.024995 -0.0101 0.06135 -0.025295 -0.00926 0.06115 -0.026195 -0.00656 0.06115 -0.025675 -0.00805 0.06085 -0.026095 -0.00727 0.06035 -0.025105 -0.01003 0.06055 -0.021095 0.01691 0.05945 -0.020525 0.01741 0.05805 -0.022205 0.015039 0.05795 -0.023185 0.01412 0.05595 -0.023445 0.012942 0.05825 -0.024475 0.010914 0.05835 -0.024125 0.012111 0.05955 -0.025775 0.008257 0.05625 -0.025265 0.008934 0.05835 -0.027865 0.007341 0.05295 -0.027605 0.0051274 0.05425 -0.028385 0.009554 0.05075 -0.030545 0.0058706 0.04885 -0.026825 0.01353 0.05055 -0.029605 0.011215 0.04715 -0.030485 0.011825 0.04275 -0.031685 0.007742 0.04405 -0.028695 0.01597 0.04185 -0.030845 0.011835 0.03165 -0.030975 0.011918 0.01045 -0.032245 0.007805 0.01535 -0.029405 0.01558 0.01635 -0.030505 0.013287 -0.00625 -0.027625 0.01828 0.02855 -0.028125 0.01777 0.01755 -0.027255 0.01894 0.01665 -0.027965 0.0181 0.00785001 -0.027195 0.01912 -0.000550003 -0.028125 0.0179 -0.00814999 -0.028255 0.01774 -0.02275 -0.029375 0.01579 -0.01455 -0.026935 0.01953 -0.02895 -0.029095 0.01634 -0.02875 -0.030425 0.013442 -0.03085 -0.030405 0.013534 -0.02385 -0.021825 0.01564 0.06065 -0.023175 0.013492 0.06075 -0.022265 0.014779 0.06125 -0.024285 0.011653 0.06035 -0.024455 0.01104 0.06085 -0.025095 0.009964 0.05965 -0.025885 0.007204 0.05895 -0.026485 0.0046222 0.05855 -0.026415 0.0058348 0.06005 -0.026995 0.003252 0.05635 -0.026905 0.002134 0.05855 -0.028235 0.001873 0.05415 -0.029115 -1.20006e-05 0.05295 -0.027645 -0.001481 0.05545 -0.030585 0.000335999 0.05025 -0.029595 -0.002227 0.05205 -0.031685 0.002275 0.04735 -0.031545 -0.000981 0.04785 -0.032125 0.0044407 0.04535 -0.032685 0.003952 0.04185 -0.032855 0.004195 0.03165 -0.033075 0.00127 0.04095 -0.032965 0.003977 0.01405 -0.033165 0.00207 0.00745 -0.033265 0.000586999 0.02785 -0.033175 0.001929 -0.00534999 -0.033325 -0.000809 0.01225 -0.033225 0.001765 -0.01865 -0.033335 -0.000338001 -0.00614999 -0.033355 0.000885999 -0.03115 -0.033415 -0.001412 -0.02445 -0.033345 0.001886 -0.04015 -0.033455 -0.003162 -0.03975 -0.032605 0.006721 -0.04095 -0.033285 0.002408 -0.04765 -0.031315 0.011065 -0.03555 -0.031685 0.010105 -0.04295 -0.029605 0.015138 -0.03495 -0.027355 0.0189 -0.03745 -0.028825 0.01667 -0.03995 -0.028445 0.01764 -0.04425 -0.029465 0.01562 -0.04295 -0.028175 0.01806 -0.04665 -0.028755 0.01716 -0.04665 -0.027705 0.01866 -0.04855 -0.028785 0.01692 -0.04915 -0.029855 0.014643 -0.05145 -0.029515 0.01558 -0.04895 -0.029765 0.015165 -0.04675 -0.030785 0.012667 -0.04495 -0.031915 0.009459 -0.04895 -0.031845 0.008914 -0.05205 -0.032565 0.0062442 -0.05135 -0.030715 0.011877 -0.05285 -0.031295 0.009108 -0.05345 -0.029475 0.014721 -0.05305 -0.028165 0.01732 -0.05265 -0.028695 0.0156 -0.05365 -0.025385 0.009389 0.06095 -0.024675 0.01078 0.06125 -0.025935 0.008321 0.06075 -0.025835 0.008605 0.06095 -0.026285 0.006753 0.06075 -0.026105 0.007685 0.06095 -0.026755 0.0046485 0.06075 -0.027125 0.002494 0.06065 -0.026865 0.003643 0.06095 -0.027225 0.001411 0.05985 -0.027275 0.000264999 0.06045 -0.027165 -0.000242001 0.05885 -0.027065 -0.002617 0.05825 -0.027255 -0.002448 0.05945 -0.026975 -0.003224 0.05715 -0.026765 -0.00534 0.05785 -0.027125 -0.004405 0.05615 -0.027645 -0.00576 0.05465 -0.026665 -0.00681 0.05605 -0.026355 -0.00922 0.05515 -0.026215 -0.00771 0.05675 -0.026165 -0.00776 0.05795 -0.026275 -0.00735 0.05935 -0.026905 -0.00466 0.06005 -0.027195 -0.002112 0.06035 -0.027065 -0.001061 0.06085 -0.026925 -0.001447 0.06115 -0.027015 0.000652999 0.06105 -0.026875 0.002483 0.06135 -0.026915 0.002986 0.06115 -0.026545 0.0052717 0.06115 -0.026045 0.007282 0.06135 -0.026075 0.007377 0.06105 -0.025975 0.007108 0.06145 -0.025505 0.009127 0.06145 -0.025175 0.010165 0.06155 -0.025055 0.010381 0.06135 -0.028215 -0.0178 -0.03195 -0.028275 -0.01762 -0.02645 -0.029775 -0.01529 -0.02995 -0.030915 -0.01294 -0.02875 -0.030855 -0.01301 -0.03305 -0.030475 -0.01396 -0.02265 -0.031515 -0.01129 -0.02585 -0.029275 -0.01611 -0.01985 -0.029965 -0.01507 -0.01725 -0.027845 -0.01824 -0.02035 -0.028095 -0.01797 -0.01575 -0.029315 -0.0163 -0.01495 -0.030365 -0.01449 -0.01395 -0.030565 -0.01393 -0.00975 -0.031215 -0.01219 -0.01025 -0.029485 -0.01588 -0.00934999 -0.030325 -0.01416 -0.00134999 -0.028275 -0.01785 -0.01235 -0.028175 -0.01788 -0.00345 -0.027785 -0.01862 0.01345 -0.029485 -0.01581 0.00875 -0.025655 -0.02144 0.01985 -0.027805 -0.01873 0.03155 -0.027025 -0.01954 0.04035 -0.029135 -0.01651 0.03935 -0.029885 -0.01448 0.04245 -0.031015 -0.01282 0.03645 -0.028115 -0.01614 0.04575 -0.030155 -0.0122 0.04565 -0.029815 -0.00968 0.04915 -0.031525 -0.00828 0.04505 -0.027785 -0.00992 0.05255 -0.028775 -0.0074 0.05215 -0.029225 -0.00487 0.05235 -0.030685 -0.003426 0.04975 -0.032075 -0.002784 0.04615 -0.032955 -0.001173 0.04305 -0.032395 -0.004279 0.04435 -0.033245 -0.000214001 0.03935 -0.033205 -0.002355 0.03695 -0.032905 -0.00568 0.03455 -0.032625 -0.00556 0.04095 -0.030955 -0.01272 0.01295 -0.031745 -0.01076 0.02495 -0.032155 -0.00905 0.01235 -0.032435 -0.00853 0.03085 -0.033145 -0.00506 0.02565 -0.033295 -0.003457 0.01995 -0.032955 -0.00585 0.01635 -0.033225 -0.003291 0.01175 -0.033175 -0.003881 0.00345 -0.032865 -0.00573 0.00545 -0.033355 -0.002673 -0.000550003 -0.033255 -0.00458 -0.00184999 -0.033445 -0.002581 -0.00545 -0.033435 -0.003844 -0.00805 -0.033385 -0.004497 -0.00484999 -0.032985 -0.00646 -0.00395 -0.032235 -0.00911 -0.00614999 -0.032455 -0.00793 -0.00114999 -0.032115 -0.00953 -0.00995 -0.033035 -0.0063 -0.00934999 -0.032425 -0.00861 -0.01205 -0.033425 -0.004122 -0.01075 -0.033465 -0.004049 -0.01455 -0.033145 -0.00608 -0.01235 -0.032475 -0.00852 -0.01595 -0.033055 -0.00619 -0.01935 -0.032185 -0.0092 -0.02275 -0.033365 -0.003725 -0.02115 -0.033225 -0.00478 -0.02855 -0.032825 -0.00703 -0.03335 -0.032545 -0.008 -0.02925 -0.032465 -0.0076 0.00655 -0.032825 -0.00721 -0.03825 -0.031865 -0.01039 -0.03625 -0.032835 -0.0076 -0.04485 -0.032715 -0.00794 -0.05025 -0.031785 -0.01102 -0.04825 -0.033145 -0.00502 -0.05175 -0.032295 -0.00817 -0.05295 -0.033355 -0.000809 -0.05115 -0.033005 -0.002631 -0.05285 -0.033035 0.00326 -0.05115 -0.032755 0.003046 -0.05255 -0.032325 0.002522 -0.05355 -0.032685 -0.000430001 -0.05345 -0.032355 -0.004107 -0.05395 -0.030195 -0.01431 -0.03805 -0.029115 -0.01619 -0.04475 -0.028165 -0.01781 -0.03905 -0.030385 -0.01414 -0.04795 -0.028425 -0.01737 -0.04965 -0.030835 -0.01316 -0.05105 -0.030525 -0.01265 -0.05365 -0.029695 -0.01492 -0.05265 -0.028135 -0.01711 -0.05315 -0.028365 -0.01729 -0.05185 -0.026705 -0.01968 -0.05145 -0.011705 -0.02448 0.06045 -0.013315 -0.02357 0.06055 -0.012545 -0.02409 0.06025 -0.013815 -0.02347 0.05995 -0.012235 -0.02438 0.05985 -0.015625 -0.02227 0.06005 -0.015105 -0.02263 0.05925 -0.016395 -0.02159 0.05855 -0.014525 -0.02289 0.05845 -0.013335 -0.02359 0.05805 -0.012695 -0.02418 0.05925 -0.010785 -0.02511 0.05975 -0.009405 -0.02564 0.05925 -0.008645 -0.02581 0.05995 -0.006945 -0.02626 0.06015 -0.008865 -0.0256 0.06035 -0.004627 -0.02677 0.06035 -0.006245 -0.0263 0.06065 -0.003255 -0.02702 0.06025 -0.002266 -0.02693 0.06075 -6.70009e-05 -0.02691 0.06095 -0.001035 -0.02683 0.06105 0.001356 -0.02697 0.06075 0.001909 -0.02689 0.06085 0.0035827 -0.02677 0.06085 0.00273 -0.02681 0.06095 0.0043095 -0.02662 0.06085 0.0050701 -0.02637 0.06105 0.003146 -0.02691 0.06055 0.0050916 -0.02656 0.06065 0.001436 -0.02712 0.06035 -0.000127001 -0.02726 0.06025 0.001345 -0.0273 0.05955 -0.001932 -0.02724 0.06015 -0.001336 -0.02735 0.05955 -0.003556 -0.02715 0.05935 -0.004644 -0.02685 0.05795 -0.002791 -0.02722 0.05855 -0.001437 -0.02729 0.05825 -0.001128 -0.02723 0.05685 0.000164999 -0.02735 0.05825 0.002416 -0.02717 0.05815 0.003438 -0.02695 0.05655 0.005524 -0.02665 0.05815 0.000648999 -0.02721 0.05605 0.003273 -0.02773 0.05445 -0.001523 -0.0273 0.05575 -0.003268 -0.02725 0.05535 -0.00124 -0.02826 0.05395 -0.005116 -0.02664 0.05645 -0.004842 -0.02715 0.05495 -0.006825 -0.0262 0.05745 -0.008865 -0.02565 0.05815 -0.009175 -0.02536 0.05675 -0.011295 -0.0247 0.05815 -0.013015 -0.02361 0.05685 -0.013865 -0.02387 0.05495 -0.011485 -0.02446 0.05615 -0.009135 -0.02562 0.05555 -0.008255 -0.02693 0.05385 -0.006365 -0.02708 0.05445 -0.003646 -0.0287 0.05285 -0.002237 -0.03084 0.04965 -0.001102 -0.02992 0.05135 0.001372 -0.02946 0.05195 0.0053132 -0.02955 0.05095 0.007495 -0.03137 0.04695 0.009676 -0.02856 0.05085 0.005632 -0.03282 0.04295 0.009592 -0.03194 0.04375 0.002176 -0.03337 0.04215 0.0042067 -0.0332 0.03275 1.99938e-06 -0.03327 0.04415 0.000327999 -0.03349 0.04145 -0.00191 -0.03239 0.04655 -0.001999 -0.03302 0.04435 -0.004644 -0.03068 0.04925 -0.007335 -0.02873 0.05165 -0.007965 -0.02991 0.04925 -0.011655 -0.02823 0.04995 -0.010445 -0.03012 0.04695 -0.012455 -0.03034 0.04345 -0.007805 -0.03197 0.04355 -0.016015 -0.02887 0.04205 -0.012885 -0.03076 0.03345 -0.018665 -0.02707 0.04405 -0.018235 -0.02781 0.04055 -0.020095 -0.02659 0.04045 -0.018725 -0.02765 0.03385 -0.020015 -0.02668 0.01985 -0.017845 -0.02825 0.02115 -0.017575 -0.02839 0.00895 -0.016495 -0.02903 0.01445 -0.018215 -0.02804 0.00265001 -0.017025 -0.02873 0.00245 -0.019955 -0.02675 -0.00214999 -0.018265 -0.02798 -0.00334999 -0.017015 -0.02861 -0.01275 -0.016565 -0.02898 -0.00334999 -0.015905 -0.02931 0.00285001 -0.014565 -0.03001 0.00905 -0.011775 -0.03115 -0.00445 -0.012525 -0.03093 0.01455 -0.009745 -0.03201 0.01625 -0.007035 -0.03267 -0.000349991 -0.006675 -0.03286 0.01745 -0.006645 -0.03274 -0.00975 -0.004763 -0.03312 -0.00705 -0.008545 -0.03228 -0.01285 -0.005178 -0.03304 -0.01505 -0.011155 -0.0314 -0.01815 -0.014565 -0.02989 -0.02425 -0.011705 -0.0312 -0.03215 -0.017875 -0.02805 -0.02435 -0.020705 -0.02608 -0.01965 -0.018895 -0.02735 -0.03305 -0.020585 -0.02597 -0.03975 -0.017725 -0.02802 -0.04515 -0.017305 -0.02798 -0.05125 -0.015185 -0.02949 -0.04935 -0.012975 -0.03057 -0.05115 -0.012825 -0.03074 -0.04495 -0.012405 -0.0305 -0.05315 -0.010195 -0.03157 -0.05175 -0.006435 -0.03243 -0.05185 -0.007375 -0.03239 -0.04685 -0.005725 -0.03203 -0.05375 -0.002826 -0.03286 -0.05255 0.000402999 -0.03278 -0.05335 0.000177999 -0.03329 -0.04885 0.00176 -0.03148 -0.05505 0.0042283 -0.03234 -0.05365 0.008282 -0.03168 -0.05335 0.00615 -0.03254 -0.04975 0.010639 -0.03052 -0.05425 0.011404 -0.03089 -0.05305 0.0135 -0.03009 -0.05295 0.01265 -0.03062 -0.05215 0.015235 -0.02917 -0.05305 0.014995 -0.0295 -0.05205 0.015835 -0.02841 -0.05385 0.017515 -0.02784 -0.05315 0.019365 -0.02649 -0.05335 0.019285 -0.02698 -0.05205 0.007091 -0.0261 0.06095 0.006488 -0.0264 0.05995 0.008305 -0.026 0.05895 0.010231 -0.0254 0.05865 0.009971 -0.02539 0.06015 0.011285 -0.02491 0.05785 0.012045 -0.02465 0.05955 0.013235 -0.02396 0.06045 0.012001 -0.02447 0.06075 0.014805 -0.02308 0.06035 0.014122 -0.02326 0.06085 0.014422 -0.02316 0.05795 0.012576 -0.0242 0.05775 0.01326 -0.02376 0.05725 0.010978 -0.02495 0.05645 0.011085 -0.02585 0.05425 0.012207 -0.02438 0.05605 0.017095 -0.02696 0.04785 0.017015 -0.02846 0.04365 0.013721 -0.03051 0.04275 0.015745 -0.02952 0.03605 0.01175 -0.03135 0.04365 0.012143 -0.03127 0.04195 0.010567 -0.03183 0.04195 0.010373 -0.03191 0.03535 0.011255 -0.03156 0.04115 0.011946 -0.03135 0.03605 0.011274 -0.0316 0.02565 0.013261 -0.03078 0.02595 0.009194 -0.0322 0.01725 0.005544 -0.03291 0.01265 0.007255 -0.03248 -0.00634999 0.002116 -0.03337 0.01785 5.69992e-05 -0.03351 0.03245 -6.60009e-05 -0.0335 0.01195 -0.001249 -0.03336 0.04175 -0.003802 -0.03295 0.04295 -0.00547 -0.033 0.03485 -0.003836 -0.03333 0.01725 -0.003201 -0.03338 5.00031e-05 -0.001814 -0.0335 0.00935001 -0.002767 -0.03338 -0.00884999 -0.002135 -0.03333 -0.01435 -0.000945001 -0.03346 -0.00545 0.016155 -0.02921 0.02125 0.016505 -0.02891 0.00815001 0.016105 -0.02905 -0.00575 0.018765 -0.02752 0.00445 -0.001896 -0.03325 -0.02015 -0.001058 -0.03325 -0.02785 0.002529 -0.03315 -0.02475 -0.004418 -0.03301 -0.03655 9.39994e-05 -0.03334 -0.03905 -0.009185 -0.03204 -0.03865 0.003492 -0.03314 -0.04385 0.007672 -0.0323 -0.04375 0.011641 -0.03106 -0.04825 0.009341 -0.03178 -0.03915 0.014077 -0.03001 -0.05095 0.016005 -0.02911 -0.04415 0.016495 -0.02884 -0.02525 0.013248 -0.03049 -0.02225 0.009541 -0.03189 -0.01955 0.01043 -0.03153 -0.03185 0.005928 -0.03273 -0.02165 0.006811 -0.03252 -0.02975 -0.005074 0.03295 0.00725 -0.00388 0.03315 -0.00205 -0.006965 0.03252 0.00205 -0.008845 0.03193 -0.00884999 -0.010565 0.03146 0.000650009 -0.008435 0.03204 -0.02455 -0.011795 0.03096 -0.02585 -0.005785 0.0327 -0.02425 -0.008455 0.03214 -0.03755 -0.003059 0.03321 -0.01705 -0.003612 0.03312 -0.03165 -0.004321 0.03298 0.01775 -0.005084 0.03289 0.01305 -0.007635 0.03232 0.01445 -0.011335 0.03115 0.01195 -0.009025 0.03185 0.01845 -0.012895 0.0306 0.00595 -0.014675 0.02979 0.01355 -0.014245 0.03003 -0.00475 -0.015235 0.02955 -0.02185 -0.017415 0.0285 -0.01195 -0.015415 0.0295 -0.03935 -0.015415 0.0296 -0.04935 -0.018575 0.02783 -0.04625 -0.013675 0.03033 -0.05165 -0.015805 0.02941 -0.05215 -0.011665 0.03112 -0.05195 -0.013515 0.03024 -0.05305 -0.009775 0.03185 -0.04825 -0.009805 0.0318 -0.05205 -0.007535 0.03246 -0.04365 -0.004853 0.033 -0.04125 -0.006125 0.03284 -0.04745 -0.004733 0.03311 -0.05005 -0.007585 0.03251 -0.05105 -0.008305 0.03197 -0.05315 -0.015565 0.02931 -0.05295 -0.017965 0.02805 -0.05265 -0.021005 0.02528 -0.05295 -0.020415 0.02643 -0.05055 -0.022255 0.02485 -0.04565 -0.025585 0.02132 -0.04745 -0.024505 0.0224 -0.04095 -0.026955 0.01954 -0.05105 -0.026575 0.01961 -0.05265 -0.024415 0.02158 -0.05325 -0.026675 0.01876 -0.05365 -0.025085 0.02169 -0.03395 -0.024375 0.02241 -0.02405 -0.025585 0.02103 -0.00495 -0.022965 0.02389 -0.00784999 -0.026625 0.01979 0.01155 -0.026015 0.02046 0.02255 -0.025655 0.02082 0.03155 -0.023855 0.02284 0.03135 -0.026665 0.01936 0.03875 -0.026105 0.01944 0.04465 -0.025695 0.01771 0.04865 -0.023345 0.02194 0.04655 -0.024515 0.015275 0.05285 -0.022655 0.01671 0.05385 -0.020415 0.01809 0.05525 -0.020655 0.01925 0.05375 -0.019345 0.01854 0.05695 -0.018015 0.01994 0.05645 -0.018515 0.01974 0.05845 -0.017805 0.0207 0.05925 -0.016805 0.02131 0.05825 -0.018175 0.0203 0.05995 -0.016745 0.02163 0.05945 -0.019625 0.01869 0.06015 -0.017955 0.02025 0.06035 -0.020955 0.01696 0.06025 -0.020415 0.01747 0.06075 -0.019855 0.01818 0.06105 -0.019075 0.01909 0.06085 -0.020225 0.0175 0.06135 -0.019265 0.01884 0.06125 -0.002561 0.03326 0.02955 -0.003777 0.0331 0.02225 -0.005895 0.03272 0.02565 -0.008985 0.03183 0.02715 -0.012195 0.03074 0.02995 -0.009825 0.0316 0.03645 -0.015205 0.02948 0.02595 -0.014645 0.02974 0.03695 -0.017085 0.02862 0.01945 -0.018225 0.028 0.01065 -0.018685 0.02768 0.02015 -0.018365 0.02792 -0.000349991 -0.019105 0.0274 0.00635001 -0.019225 0.02741 -0.00975 -0.020685 0.02619 -0.00605 -0.019715 0.027 0.00175 -0.021955 0.02481 0.01155 -0.021755 0.02482 0.02885 -0.020075 0.02648 0.02195 -0.020645 0.0258 0.03945 -0.020005 0.0258 0.04495 -0.017005 0.02839 0.04265 -0.019745 0.02401 0.04885 -0.018755 0.02188 0.05285 -0.015565 0.02506 0.05175 -0.017625 0.02086 0.05545 -0.016155 0.02154 0.05715 -0.015345 0.02235 0.05795 -0.015295 0.02269 0.05885 -0.013695 0.02354 0.05845 -0.015525 0.02258 0.05975 -0.016215 0.0218 0.06035 -0.014505 0.02315 0.06025 -0.017235 0.02075 0.06055 -0.017855 0.02022 0.06085 -0.016325 0.02154 0.06085 -0.018015 0.02021 0.06105 -0.018265 0.01994 0.06125 -0.017295 0.02078 0.06125 -0.019545 0.02709 0.01255 -0.013075 0.03036 0.04155 -0.010145 0.03127 0.04255 -0.010815 0.0301 0.04665 -0.007175 0.03198 0.04385 -0.005895 0.03143 0.04675 -0.002857 0.03293 0.04295 -0.009105 0.02928 0.04955 -0.012355 0.02742 0.05075 -0.012195 0.02508 0.05465 -0.011435 0.02454 0.05695 -0.009815 0.02537 0.05585 -0.007635 0.02593 0.05675 -0.007115 0.02689 0.05445 -0.007665 0.02602 0.05855 -0.005425 0.0265 0.05815 -0.0034 0.02698 0.05925 -0.00362 0.0269 0.05775 -0.007725 0.02595 0.06085 -0.006125 0.02631 0.06085 -0.007665 0.02612 0.06005 -0.009785 0.02538 0.05855 -0.011785 0.02446 0.05845 -0.011945 0.02461 0.05975 -0.012655 0.02417 0.06045 -0.010675 0.025 0.06075 -0.013635 0.0234 0.06085 -0.014715 0.0227 0.06095 -0.012875 0.02361 0.06115 -0.015565 0.02214 0.06115 0.031435 -0.00666 -0.05405 0.032215 -0.004314 -0.05335 0.032285 -0.000567001 -0.05375 0.032835 -0.000832001 -0.05235 0.033065 -0.000789001 -0.04685 0.033185 -0.000639 -0.03365 0.033045 -0.003111 -0.03875 0.033035 -0.003757 -0.02995 0.033135 -0.002913 -0.02195 0.033235 -0.001145 -0.01905 0.033205 -0.001883 -0.01185 0.033255 0.000791999 -0.02075 0.033305 0.000776 -0.00514999 0.033335 5.39994e-05 0.00265001 0.033325 -0.000212001 0.00155 0.033275 -0.001144 0.00185001 0.033265 -0.00103 -0.00205 0.033175 -0.002407 -0.00734999 0.033175 -0.002506 -0.00125 0.033215 -0.002083 0.00245 0.033255 -0.001285 0.00355 0.033085 0.004328 0.02505 0.033345 0.002 0.01955 0.033355 -0.000119 0.01485 0.033315 0.001216 0.00955 0.033335 0.000741999 0.00565001 0.033305 -0.000326001 0.00385001 0.025855 -0.00863 0.06135 0.025615 -0.00917 0.06115 0.025985 -0.00763 0.06115 0.026205 -0.00572 0.06105 0.026295 -0.00615 0.06125 0.026365 -0.003817 0.06085 0.026545 -0.002777 0.06105 0.026745 -0.000522001 0.06115 0.026725 -0.002369 0.06125 0.026585 0.001353 0.06125 0.026735 0.000335 0.06145 0.026315 0.003003 0.06125 0.026305 0.002868 0.06145 0.026235 0.003987 0.06105 0.025995 0.0049725 0.06135 0.026245 0.0044911 0.06085 0.025915 0.0060234 0.06105 0.025425 0.007804 0.06125 0.025695 0.006551 0.06135 0.026765 -0.001907 0.06155 0.026655 -0.003473 0.06145 0.026575 -0.004081 0.06155 0.026515 -0.00489 0.06145 0.026375 -0.00581 0.06155 -0.013145 -0.02311 0.06125 -0.013725 -0.02313 0.06095 -0.011855 -0.02424 0.06085 -0.010275 -0.02505 0.06065 -0.008395 -0.02563 0.06075 0.026505 -0.003684 0.06165 0.026415 -0.00503 0.06165 0.026625 -0.002014 0.06165 0.026355 -0.003608 0.06175 0.026735 -0.000629001 0.06155 0.026515 0.000470999 0.06165 0.013379 -0.02696 0.05105 -0.022455 0.007337 -0.06045 -0.022275 0.008063 -0.06045 -0.022215 0.007809 -0.06035 0.024435 -0.01155 0.06155 0.024155 -0.01217 0.06145 0.024665 -0.01133 0.06145 -0.027075 -0.001807 0.06155 -0.027215 -0.001746 0.06145 -0.027125 -0.002395 0.06145 -0.027115 -0.002003 0.06135 -0.027095 -0.00134 0.06145 0.018035 -0.01993 0.06125 0.017575 -0.02031 0.06125 -0.026775 -0.00564 0.06135 -0.026835 -0.00549 0.06145 -0.026905 -0.0051 0.06145 0.026755 -0.002198 0.06065 0.026465 -0.00475 0.06075 0.026365 -0.00668 0.06055 0.026745 -0.00466 0.06055 0.026125 -0.00811 0.06055 0.025625 -0.00951 0.06035 -0.013725 -0.02585 0.05215 -0.010425 -0.02713 0.05255 -0.026055 -0.01192 0.05375 -0.024265 -0.0148 0.05375 -0.023405 -0.01754 0.05225 -0.021465 -0.01727 0.05515 -0.025175 -0.01877 0.04815 -0.021505 -0.0216 0.05005 -0.026035 -0.01995 0.04425 -0.024615 -0.02238 0.04105 -0.023705 -0.02352 0.03245 -0.022175 -0.02485 0.04095 -0.022835 -0.02428 0.01605 -0.021545 -0.02539 0.00235001 -0.021985 -0.02505 -0.00984999 -0.023365 -0.02365 -0.01815 -0.026055 -0.02056 -0.02145 -0.024565 -0.02222 -0.02715 -0.020695 -0.02582 0.04355 -0.019835 -0.02512 0.04705 -0.018445 -0.02343 0.05135 -0.016155 -0.0239 0.05295 -0.017875 -0.02118 0.05495 -0.015145 -0.02226 0.06085 -0.016745 -0.02096 0.06105 -0.016235 -0.02163 0.06065 -0.017365 -0.02083 0.06035 -0.018905 -0.01928 0.06065 -0.018515 -0.01987 0.06015 -0.019115 -0.0189 0.06105 -0.020225 -0.01777 0.06095 -0.021265 -0.01645 0.06115 -0.021385 -0.01648 0.06085 -0.021585 -0.01657 0.06025 -0.021495 -0.01688 0.05935 -0.020625 -0.01788 0.05995 -0.021585 -0.01654 0.05835 -0.020415 -0.01788 0.05835 -0.021105 -0.01691 0.05695 -0.019605 -0.01874 0.05635 -0.018735 -0.01935 0.05705 -0.018865 -0.01936 0.05815 -0.017965 -0.02037 0.05855 -0.019545 -0.01909 0.05925 -0.018075 -0.02043 0.05945 -0.019445 -0.01917 0.05995 -0.026235 -0.02034 -0.03565 -0.023565 -0.02326 -0.03735 -0.022835 -0.0239 -0.04685 -0.024735 -0.02193 -0.05115 -0.022385 -0.02407 -0.05145 -0.025735 -0.02068 -0.05225 -0.026485 -0.01944 -0.05295 -0.024765 -0.02147 -0.05285 -0.027225 -0.01783 -0.05395 -0.023585 -0.02203 -0.05395 -0.022535 -0.02354 -0.05305 -0.019865 -0.02589 -0.05255 -0.017195 -0.02743 -0.05365 -0.001949 0.03342 -0.04145 0.000949999 0.03351 -0.04455 -0.001688 0.03348 -0.04815 -0.002685 0.03328 -0.05135 -0.000222001 0.03328 -0.05205 -0.003068 0.03296 -0.05265 -0.001895 0.0326 -0.05365 -0.005159 0.0323 -0.05355 -0.001165 0.03343 -0.01075 0.000629999 0.03343 -0.00225 0.001848 0.03337 -0.01815 0.000894999 0.03343 0.00355 0.002229 0.03342 0.00225 0.000560999 0.03338 0.00675 0.002481 0.0334 0.00415001 0.00409 0.03329 0.00405 0.003129 0.03347 0.00315001 0.006559 0.03272 0.00825 0.0052252 0.0331 0.00365001 0.005708 0.03296 0.00195 0.003937 0.03333 0.00245 0.006367 0.0328 -0.00614999 0.0051489 0.033 -0.02275 0.003389 0.03325 -0.03755 0.0038168 0.03322 -0.04895 0.005774 0.03283 -0.05165 0.002868 0.03321 -0.05175 0.006221 0.03261 -0.05255 0.005772 0.03225 -0.05365 0.003467 0.0328 -0.05295 0.000764999 0.0328 -0.05345 0.001732 0.03309 -0.05245 0.003116 0.03343 0.00225 0.003219 0.03348 0.00285001 0.002933 0.03347 0.00285001 0.012058 -0.02409 0.06115 0.013658 -0.0233 0.06115 0.012334 -0.0237 0.06125 0.012134 -0.02331 0.06145 0.009978 -0.02454 0.06135 0.008229 -0.02542 0.06135 0.009444 -0.02525 0.06125 0.006587 -0.02579 0.06135 0.007556 -0.02589 0.06115 0.0037182 -0.02654 0.06115 0.0053624 -0.02607 0.06125 0.0042056 -0.026 0.06135 0.000982999 -0.02513 0.06155 0.002126 -0.02631 0.06135 0.000405999 -0.02662 0.06115 0.002132 -0.02666 0.06115 -0.002447 -0.02644 0.06115 -0.005885 -0.02531 0.06125 -0.006035 -0.02602 0.06105 -0.005675 -0.0241 0.06145 -0.010895 -0.02341 0.06135 -0.005283 -0.02187 0.06165 -0.003941 -0.0168 0.06175 -0.014515 -0.01752 0.06165 0.01077 -0.01633 0.06185 0.0041454 -0.00939 0.06185 0.013747 -0.02085 0.06155 0.018575 -0.0159 0.06175 0.015015 -0.02189 0.06135 0.016235 -0.02143 0.06115 0.016465 -0.02106 0.06135 0.017055 -0.02066 0.06135 0.017415 -0.02011 0.06135 0.018815 -0.01876 0.06135 0.019065 -0.01818 0.06145 0.021395 -0.01567 0.06155 0.020395 -0.01609 0.06155 0.022655 -0.01237 0.06175 0.023935 -0.01151 0.06175 0.024415 -0.0096 0.06185 0.023615 -0.0127 0.06165 0.024225 -0.01146 0.06165 0.022955 -0.014 0.06155 0.023655 -0.01303 0.06155 -0.014845 -0.02154 0.06145 -0.016785 -0.01931 0.06155 -0.016835 -0.02044 0.06135 -0.019455 -0.01593 0.06165 -0.021635 -0.01396 0.06165 -0.020285 -0.01665 0.06155 -0.020805 -0.01672 0.06135 -0.019355 -0.0183 0.06125 -0.022345 -0.01421 0.06155 -0.022915 -0.01208 0.06165 -0.024215 -0.00951 0.06165 -0.023945 -0.01133 0.06155 -0.024575 -0.0107 0.06145 -0.023505 -0.01283 0.06145 -0.023455 0.012126 0.06165 -0.024245 0.011266 0.06165 -0.023265 0.008707 0.06175 -0.023655 0.001774 0.06175 -0.017065 0.003075 0.06175 -0.025525 0.002681 0.06175 -0.024995 -0.003203 0.06175 -0.025685 0.0060239 0.06165 -0.026335 0.002378 0.06165 -0.026685 0.001723 0.06165 -0.026735 0.000791999 0.06165 -0.025225 0.009164 0.06165 -0.025825 0.0068 0.06165 -0.026475 0.004391 0.06155 -0.025945 -0.00753 0.06145 -0.025675 -0.00759 0.06165 -0.026335 -0.00664 0.06155 -0.025025 -0.00698 0.06165 -0.026245 -0.004225 0.06165 -0.026785 -0.003023 0.06155 -0.026745 -0.004532 0.06155 -0.026885 -0.00201 0.06155 -0.026945 -0.003161 0.06155 -0.026975 -0.001064 0.06155 -0.026915 -0.00476 0.06145 -0.026775 -0.00533 0.06155 -0.027015 -0.00458 0.06145 -0.026985 -0.00481 0.06145 0.025635 0.00534745 0.06165 0.025615 0.0061747 0.06155 0.025235 0.006831 0.06165 0.024885 0.008009 0.06165 0.024535 0.006955 0.06165 0.024765 0.008797 0.06155 0.024235 0.008272 0.06165 0.024915 0.008989 0.06145 0.024485 0.00962 0.06155 0.023885 0.010954 0.06155 0.023645 0.00956 0.06165 0.023375 0.012637 0.06135 0.022715 0.013222 0.06145 0.021475 0.01546 0.06135 0.020525 0.015323 0.06145 0.017025 0.01882 0.06145 0.018275 0.0156 0.06155 0.017675 0.01914 0.06135 0.015135 0.02099 0.06135 0.019235 0.01815 0.06125 0.018095 0.01915 0.06125 0.017185 0.02003 0.06125 0.016335 0.02078 0.06125 0.015495 0.02158 0.06125 0.015265 0.02137 0.06135 0.01359 0.02235 0.06135 0.013672 0.02259 0.06125 0.012407 0.02306 0.06135 0.01212 0.02341 0.06135 0.011056 0.02352 0.06145 0.00926 0.0243 0.06145 0.010821 0.0216 0.06165 0.009422 0.02491 0.06095 0.007204 0.02528 0.06125 0.005055 0.026 0.06105 0.0044049 0.02576 0.06135 0.024745 -0.01072 0.06165 0.024975 -0.01053 0.06155 0.025105 -0.00972 0.06165 0.025525 -0.0087 0.06165 0.025335 -0.00882 0.06175 0.025705 -0.00767 0.06175 0.025285 -0.00851 0.06175 0.025995 -0.00687 0.06165 0.026055 -0.00593 0.06175 0.025985 -0.00473 0.06185 0.024415 -0.003752 0.06185 0.025155 -0.00716 0.06185 0.000303999 0.02651 0.06135 -0.000307001 0.02651 0.06135 0.000448999 0.02632 0.06145 0.001329 0.02588 0.06155 0.002731 0.02591 0.06145 -0.001666 0.02617 0.06145 0.000140999 0.02568 0.06155 -0.003337 0.02643 0.06135 -0.003779 0.02622 0.06145 -0.005233 0.02595 0.06145 -0.003043 0.02584 0.06155 -0.006435 0.02588 0.06145 -0.006895 0.02541 0.06155 -0.008475 0.02463 0.06155 -0.005453 0.02452 0.06165 -0.009575 0.02477 0.06145 -0.010085 0.02359 0.06165 -0.012715 0.02239 0.06165 -0.008165 0.02008 0.06185 -0.013485 0.02295 0.06145 -0.015405 0.0215 0.06155 -0.016695 0.02109 0.06135 -0.017235 0.02018 0.06155 -0.018495 0.01941 0.06145 -0.018445 0.01883 0.06165 -0.019945 0.01741 0.06155 -0.018715 0.0176 0.06175 -0.019115 0.01606 0.06175 -0.013545 0.016 0.06185 -0.020425 0.015406 0.06175 -0.015055 0.014167 0.06185 -0.021365 0.01556 0.06165 -0.021005 0.014775 0.06175 -0.021835 0.013864 0.06175 -0.016345 0.012672 0.06185 -0.007015 0.007351 0.06185 -0.006595 0.011246 0.06185 -0.000902001 -0.001075 0.06185 0.016435 -0.002608 0.06195 0.023445 0.000677 0.06185 0.025655 0.001023 0.06175 0.023855 0.003024 0.06185 0.026275 0.001463 0.06175 0.026285 0.002564 0.06165 0.026025 0.002628 0.06175 0.025765 0.004105 0.06175 0.025135 0.003639 0.06175 0.023445 0.00536741 0.06175 0.023115 0.007098 0.06175 0.022755 0.008081 0.06175 0.020715 0.010475 0.06165 0.015445 0.01541 0.06165 0.009734 0.0175 0.06175 0.000787999 0.02194 0.06175 0.00221 0.01679 0.06185 -0.001166 0.02498 0.06165 -0.005461 0.012562 0.06185 -0.003133 0.014789 0.06185 0.013866 -0.01776 -0.06105 0.018585 -0.0144 -0.06105 0.017125 -0.017 -0.06065 0.019815 -0.01585 -0.05965 0.016735 -0.01914 -0.05935 0.016575 -0.02133 -0.05785 0.013527 -0.02167 -0.05925 0.017995 -0.02294 -0.05645 0.014775 -0.02471 -0.05665 0.020115 -0.02228 -0.05605 0.018405 -0.02511 -0.05535 0.022345 -0.01986 -0.05605 0.021225 -0.023 -0.05525 0.024155 -0.0164 -0.05625 0.024755 -0.01852 -0.05535 0.020455 -0.0251 -0.05405 0.019015 -0.02604 -0.05435 0.016995 -0.02715 -0.05455 0.013909 -0.02886 -0.05445 0.010962 -0.02954 -0.05515 0.007394 -0.02977 -0.05575 0.011415 -0.02814 -0.05585 0.010941 -0.02642 -0.05675 0.007128 -0.02728 -0.05715 0.009651 -0.02513 -0.05795 0.0047601 -0.02851 -0.05675 0.0037085 -0.02677 -0.05815 0.00326 -0.02969 -0.05625 -0.000729001 -0.02994 -0.05605 -0.004361 -0.03079 -0.05535 -0.003059 -0.02869 -0.05685 -0.008015 -0.03086 -0.05465 -0.011525 -0.03007 -0.05425 -0.010355 -0.02894 -0.05555 -0.014455 -0.02888 -0.05415 -0.016765 -0.02634 -0.05515 -0.019065 -0.02293 -0.05595 -0.015885 -0.02451 -0.05645 -0.022595 -0.02133 -0.05525 -0.021665 -0.01946 -0.05645 -0.025445 -0.01946 -0.05455 -0.018885 -0.01716 -0.05945 -0.017085 -0.01798 -0.06045 -0.016215 -0.02018 -0.05925 -0.013525 -0.02221 -0.05925 -0.014945 -0.02284 -0.05775 -0.011815 -0.02203 -0.06035 -0.010245 -0.02357 -0.05955 -0.007265 -0.02416 -0.06035 -0.008485 -0.02459 -0.05915 -0.006585 -0.0235 -0.06085 -0.005765 -0.02402 -0.06085 -0.005265 -0.02375 -0.06095 -0.004437 -0.0247 -0.06045 -0.002092 -0.02534 -0.05985 -0.003311 -0.02559 -0.05945 -0.001312 -0.02479 -0.06045 0.000830999 -0.02567 -0.05945 0.003612 -0.02558 -0.05925 0.0039569 -0.02469 -0.06015 0.005824 -0.02506 -0.05945 0.007138 -0.02431 -0.05995 0.008114 -0.02465 -0.05905 0.006502 -0.02394 -0.06055 0.008072 -0.0236 -0.06045 0.008559 -0.02292 -0.06075 0.010349 -0.02275 -0.06025 0.010816 -0.02337 -0.05915 -0.012985 -0.02603 -0.05655 -0.009435 -0.02718 -0.05675 -0.008135 -0.02584 -0.05785 -0.005765 -0.02755 -0.05715 -0.005715 -0.02554 -0.05885 -0.003401 -0.02676 -0.05815 -0.024425 -0.01662 -0.05635 -0.021675 -0.01684 -0.05735 -0.023095 -0.01382 -0.05775 -0.020815 -0.01579 -0.05845 -0.027735 0.017 -0.05395 -0.027675 0.01553 -0.05465 -0.025425 0.01682 -0.05535 -0.025935 0.014456 -0.05585 -0.023575 0.013631 -0.05725 -0.027235 0.011439 -0.05595 -0.019835 0.01636 -0.05875 -0.021705 0.013162 -0.05885 -0.020485 0.012953 -0.05995 -0.022445 0.010688 -0.05915 -0.022285 0.009457 -0.05975 -0.023275 0.009043 -0.05905 -0.021805 0.009303 -0.06015 -0.022195 0.008737 -0.06015 -0.022365 0.008113 -0.06025 -0.022645 0.007411 -0.06035 -0.022995 0.008007 -0.05975 -0.024335 0.0076 -0.05865 -0.025205 0.004852 -0.05865 -0.026455 0.006565 -0.05725 -0.024585 0.003216 -0.05985 -0.025605 0.001773 -0.05905 -0.023725 0.003894 -0.06055 -0.024495 0.001218 -0.06045 -0.021455 -0.0137 -0.05965 -0.023175 -0.01057 -0.05985 -0.022165 -0.01162 -0.06035 -0.024395 -0.00829 -0.05915 -0.024025 -0.00777 -0.06005 -0.024395 -0.00562 -0.06035 -0.023745 -0.00748 -0.06045 -0.024755 -0.004266 -0.06035 -0.024345 -0.004046 -0.06055 -0.024945 -0.003877 -0.06025 -0.024925 -0.003414 -0.06045 -0.025015 -0.002805 -0.06045 -0.024715 -0.002647 -0.06055 -0.025045 -0.002989 -0.06015 -0.025105 -0.002016 -0.06015 -0.025215 -0.003772 -0.05945 -0.025495 -0.00557 -0.05845 -0.026045 -0.002906 -0.05815 -0.025245 -0.00836 -0.05775 -0.024755 -0.01095 -0.05745 -0.026495 -0.00854 -0.05665 -0.025275 -0.01206 -0.05695 -0.027265 -0.01198 -0.05605 -0.027345 -0.00988 -0.05615 -0.028765 -0.00689 -0.05575 -0.030985 -0.00559 -0.05485 -0.029445 -0.003359 -0.05565 -0.031775 -0.00742 -0.05415 -0.031125 -0.01021 -0.05415 -0.029415 -0.01208 -0.05495 -0.027035 -0.01426 -0.05575 -0.026775 -0.01668 -0.05515 -0.025365 -0.000571001 -0.05965 -0.024985 -0.000787001 -0.06025 -0.026095 -0.000335001 -0.05845 -0.027525 -0.001308 -0.05685 -0.029525 0.000756999 -0.05575 -0.031165 0.003396 -0.05475 -0.029035 0.0050734 -0.05585 -0.031645 0.0063399 -0.05385 -0.030095 0.009489 -0.05475 -0.028245 0.008552 -0.05595 0.025075 0.009142 0.06115 0.025255 0.00942 0.06075 0.025785 0.008434 0.06065 0.026125 0.007093 0.06065 0.022645 0.014293 0.06125 0.021755 0.01555 0.06125 0.020935 0.01643 0.06125 0.025235 -0.01026 0.06125 0.024785 -0.01068 0.06115 0.023635 -0.01288 0.06115 0.023955 -0.01205 0.06095 0.023695 -0.01306 0.06135 0.022775 -0.01442 0.06125 0.023195 -0.01368 0.06095 0.022295 -0.01524 0.06095 -0.017995 -0.01977 0.06125 -0.026985 -0.00476 0.06145 -0.010905 0.0244 0.06135 -0.009845 0.02498 0.06125 -0.008895 0.02554 0.06105 -0.007335 0.0258 0.06125 -0.005825 0.02612 0.06135 0.020885 0.0203 -0.05635 0.017725 0.02325 -0.05645 0.019985 0.02409 -0.05525 0.018385 0.02664 -0.05435 0.026215 -0.01856 -0.05425 0.028165 -0.01589 -0.05395 0.00868 -0.02572 0.06115 0.009879 -0.02522 0.06105 0.01098 -0.02477 0.06095 0.0048982 0.02632 0.06065 0.003251 0.02646 0.06085 0.002447 0.02675 0.06065 0.001391 0.02662 0.06095 0.026775 0.002604 0.06055 0.026665 0.004258 0.06065 0.026545 0.003607 0.06075 0.026255 0.0055986 0.06075 0.026435 0.00574 0.06065 -0.026755 0.002114 0.06155 -0.026835 0.000964999 0.06155 -0.026895 -0.000106 0.06155 -0.027045 -0.000702001 0.06145 0.009764 0.02758 0.05245 0.013156 0.02311 0.06115 0.014028 0.02257 0.06115 0.014785 0.02212 0.06115 -0.024365 0.011611 0.06155 -0.024835 0.010658 0.06165 0.033465 -0.000813001 0.03495 0.033235 0.003378 0.03255 0.033335 0.002865 0.03875 0.033395 0.001739 0.04195 0.033295 -0.000173001 0.04375 0.032845 0.000463999 0.04565 0.032865 -0.002902 0.04535 0.031825 -0.00642 0.04675 0.030175 -0.00702 0.04975 0.029915 -0.004473 0.05105 0.028025 -0.00846 0.05295 0.029105 0.007442 0.05105 0.029405 0.004178 0.05175 0.031395 0.00533494 0.04795 0.032485 0.002939 0.04625 0.031685 -0.000529001 0.04845 0.029595 -0.002242 0.05195 0.028885 0.000407 0.05315 0.027755 -0.003001 0.05495 0.027645 0.003158 0.05485 0.026925 0.003063 0.05695 0.026935 0.001998 0.05825 0.026925 0.001185 0.05955 0.027105 -0.000943001 0.05855 0.026845 0.002746 0.06015 0.026945 0.000526999 0.06015 0.026735 0.0044495 0.06025 0.026855 0.002812 0.06035 0.026875 0.001143 0.06045 0.026925 -0.000795001 0.06045 0.026955 -0.002747 0.06045 0.026855 -0.00459 0.06015 0.026815 -0.00504 0.05975 0.027045 -0.003415 0.05925 0.027135 -0.002516 0.05805 0.027075 -0.003103 0.05685 0.026625 0.0052533 0.06045 0.026515 0.0060365 0.06025 0.026275 0.007117 0.06005 -0.021905 -0.01541 0.06135 -0.022665 -0.01429 0.06145 0.019375 -0.01185 -0.06115 0.020785 -0.01248 -0.06095 0.015285 -0.02238 0.06095 0.016455 -0.02139 0.06105 0.017035 -0.02078 0.06115 0.025745 -0.00854 0.06155 0.025515 -0.00958 0.06145 0.025905 -0.0076 0.06165 0.026195 -0.00634 0.06165 -0.022475 0.014252 0.06155 -0.022945 0.013116 0.06165 -0.024355 0.011581 0.06145 -0.026545 -0.00597 0.06135 -0.026505 -0.00648 0.06135 -0.026745 -0.00492 0.06125 -0.026975 -0.004352 0.06135 -0.026925 -0.004 0.06125 -0.020925 0.01634 0.06155 -0.021685 0.015409 0.06155 -0.002669 0.02659 0.06115 -0.004369 0.02644 0.06125 0.019965 -0.01765 0.06135 0.018685 -0.01914 0.06135 -0.026965 -0.001203 0.06135 -0.026925 -0.002323 0.06125 -0.027045 -0.002781 0.06135 0.022215 -0.01507 0.06145 0.000550999 0.02649 0.06125 0.000201999 0.0265 0.06125 0.001853 0.02628 0.06135 -0.014575 0.02266 0.06125 -0.012555 0.02365 0.06135 -0.025555 -0.00858 0.06145 0.021455 -0.01599 0.06125 0.026035 0.003899 0.06165 -0.023735 0.012457 0.06155 -0.016175 0.02166 0.06125 -0.026185 -0.00722 0.06135 -0.026525 -0.00648 0.06145 0.020265 0.0172 0.06115 0.025025 -0.01057 0.06145 -0.026985 -0.0035 0.06145 -0.026955 -0.003283 0.06135 -0.027025 -0.003932 0.06145 -0.026995 -0.004458 0.06145 -0.026675 -0.00593 0.06145 0.024115 0.003642 -0.06065 0.024425 0.003611 -0.06065 0.024455 0.002787 -0.06065 -0.001531 0.03328 0.02205 0.000267999 0.03339 0.02945 0.001503 0.03337 0.02435 -0.000292001 0.03338 0.03745 0.001886 0.03312 0.04235 0.00443061 0.03239 0.04465 0.00688 0.03255 0.04075 0.00343 0.03124 0.04805 0.000776999 0.02966 0.05145 0.00441913 0.02957 0.05105 0.006607 0.02844 0.05235 0.008012 0.03231 0.01975 0.0048388 0.03303 0.02305 0.00847 0.03229 0.03285 0.001186 0.03334 0.01455 -0.002209 0.03326 0.01055 -0.006225 0.02926 0.05085 -0.00419 0.02877 0.05245 -0.003215 0.02761 0.05465 -0.001903 0.02913 0.05225 -0.000597001 0.02784 0.05455 -0.002115 0.0271 0.05595 -0.000412001 0.02709 0.05675 -0.003292 0.02691 0.05665 -0.002235 0.02715 0.05795 -0.000939001 0.02733 0.05905 -0.000709001 0.02723 0.05815 0.001117 0.02717 0.05795 0.002111 0.02726 0.05905 0.001787 0.02718 0.05965 6.89993e-05 0.0272 0.05965 0.001093 0.02699 0.06005 -0.001634 0.02717 0.05955 -0.002327 0.02696 0.06005 -0.002152 0.02686 0.06055 -0.000214001 0.02692 0.06025 0.001965 0.02689 0.06025 0.003715 0.02667 0.06045 0.005566 0.02638 0.06025 -0.000593001 0.02665 0.06105 -0.00204 0.02677 0.06085 -0.004123 0.02664 0.06085 -0.005243 0.02634 0.06115 -0.020895 0.02363 -0.05425 -0.016655 0.02555 -0.05525 -0.019965 0.0216 -0.05575 -0.014455 0.02883 -0.05425 -0.013085 0.02717 -0.05585 -0.017345 0.01923 -0.05875 -0.016345 0.01876 -0.05995 -0.018545 0.0201 -0.05725 -0.014855 0.02153 -0.05875 -0.023015 0.01868 -0.05575 -0.026175 0.01796 -0.05455 -0.012805 0.0221 -0.05975 -0.012655 0.02328 -0.05865 -0.011525 0.02548 -0.05735 -0.009695 0.02466 -0.05875 -0.009605 0.0285 -0.05605 -0.007265 0.03097 -0.05475 -0.005173 0.0293 -0.05615 -0.008195 0.02393 -0.05985 -0.005755 0.02543 -0.05925 -0.003059 0.02627 -0.05885 -0.002323 0.02541 -0.05985 -0.002284 0.02761 -0.05755 0.000992999 0.02637 -0.05885 -0.000689001 0.02976 -0.05615 9.59992e-05 0.03179 -0.05475 0.002665 0.03037 -0.05575 0.003194 0.0253 -0.05995 0.005367 0.02576 -0.05905 0.007376 0.02645 -0.05775 0.00871 0.02474 -0.05905 0.010587 0.02371 -0.05935 0.009234 0.02371 -0.06005 0.012801 0.02272 -0.05915 0.011411 0.02269 -0.06005 0.014935 0.02269 -0.05785 0.015745 0.02059 -0.05925 0.014023 0.02567 -0.05645 0.009938 0.02746 -0.05665 0.012847 0.02831 -0.05545 0.006016 0.02888 -0.05645 0.005506 0.03108 -0.05505 0.008586 0.03124 -0.05425 0.011799 0.0299 -0.05465 0.015255 0.02841 -0.05455 -0.024415 -0.000384001 -0.06055 -0.023585 0.000723 -0.06075 -0.024155 -0.001444 -0.06065 -0.024105 -0.002621 -0.06065 -0.023635 -0.004033 -0.06065 -0.022755 -0.0047 -0.06075 -0.023335 -0.00684 -0.06055 -0.022835 -0.00949 -0.06055 -0.021665 -0.01023 -0.06075 -0.021565 -0.00608 -0.06095 -0.019805 -0.00978 -0.06105 -0.021985 -0.001274 -0.06105 -0.022725 0.002148 -0.06085 -0.021805 0.002673 -0.06095 -0.023225 0.003682 -0.06065 -0.022955 0.0061307 -0.06045 0.024335 -0.002449 -0.06045 0.023915 -0.00551 -0.06045 0.023005 -0.004303 -0.06095 0.020855 -0.00645 -0.06135 0.021645 -0.001957 -0.06125 0.021595 -0.00989 -0.06105 0.019505 -0.00891 -0.06145 0.015425 -0.01119 -0.06155 0.010167 -0.01688 -0.06125 0.005636 -0.01186 -0.06175 0.007329 -0.02113 -0.06105 0.006786 -0.02274 -0.06085 0.003097 -0.02318 -0.06095 0.006359 -0.02348 -0.06075 0.0048271 -0.02402 -0.06055 0.002661 -0.02412 -0.06065 0.000171999 -0.02399 -0.06085 -0.002588 -0.02378 -0.06095 -0.004763 -0.02343 -0.06095 -0.005222 -0.02044 -0.06115 -0.007225 -0.02064 -0.06105 -0.010915 -0.01558 -0.06125 -0.009865 -0.01542 -0.06135 -0.006005 -0.0127 -0.06155 -0.003607 -0.003723 -0.06195 -0.014265 0.003112 -0.06155 -0.002851 0.0049237 -0.06185 -0.020265 0.003887 -0.06085 -0.019255 0.006473 -0.06095 -0.021415 0.003623 -0.06075 -0.021345 0.0056026 -0.06035 -0.021935 0.0057103 -0.06055 -0.021835 0.007514 -0.06035 -0.021415 0.00723 -0.06025 -0.021715 0.008641 -0.06025 -0.021025 0.009968 -0.06025 -0.020065 0.012197 -0.06035 -0.020165 0.010598 -0.06035 -0.018335 0.015119 -0.06055 -0.015755 0.0182 -0.06045 -0.016185 0.01613 -0.06065 -0.013555 0.02043 -0.06035 -0.012445 0.02148 -0.06035 -0.010965 0.02164 -0.06045 -0.010875 0.02243 -0.06025 -0.008595 0.02286 -0.06035 -0.007315 0.02278 -0.06045 -0.002887 0.02404 -0.06045 -0.007015 0.02069 -0.06065 0.000531999 0.02483 -0.06035 0.0042265 0.02406 -0.06055 0.007784 0.02334 -0.06055 0.006832 0.02217 -0.06065 0.009964 0.02279 -0.06045 0.011842 0.02154 -0.06055 0.014615 0.01931 -0.06075 0.011303 0.0203 -0.06075 0.016575 0.01874 -0.06035 0.016955 0.014941 -0.06095 0.018385 0.00878 -0.06125 0.014488 0.010532 -0.06135 0.020365 0.011655 -0.06075 0.020345 0.0059167 -0.06115 0.022625 0.006541 -0.06065 0.021295 0.002869 -0.06115 0.023675 0.007922 -0.06025 0.023895 0.0059463 -0.06045 0.024295 0.0045553 -0.06055 0.023895 0.0046563 -0.06055 0.023185 0.003327 -0.06075 0.021745 0.000699999 -0.06115 0.023615 0.001251 -0.06085 0.009328 0.0175 -0.06095 0.005866 0.010949 -0.06145 -0.005705 0.01424 -0.06125 -0.013065 0.01579 -0.06095 -0.017495 0.012179 -0.06095 -0.019085 0.008728 -0.06085 -0.019515 0.010216 -0.06065 -0.020555 0.00703 -0.06045 -0.021095 0.006983 -0.06025 -0.020575 0.008558 -0.06035 -0.008295 -0.02043 -0.06105 -0.011725 -0.01534 -0.06125 -0.007315 -0.02297 -0.06095 -0.008635 -0.02228 -0.06085 -0.009245 -0.02007 -0.06105 -0.013115 -0.0146 -0.06125 -0.011875 -0.01859 -0.06105 -0.016325 -0.01266 -0.06115 -0.011025 -0.02134 -0.06085 -0.014365 -0.01953 -0.06085 -0.017335 -0.01529 -0.06095 0.025365 0.01776 -0.05525 0.025745 0.013236 -0.05615 0.023605 0.01691 -0.05615 0.021675 0.01621 -0.05725 0.022925 0.012727 -0.05785 0.020905 0.015422 -0.05865 0.024995 0.010187 -0.05705 0.024025 0.009824 -0.05835 0.027105 0.009743 -0.05625 0.028915 0.010157 -0.05545 0.028365 0.007222 -0.05615 0.030055 0.009218 -0.05485 0.030985 0.006714 -0.05455 0.029845 0.0063584 -0.05555 0.031875 0.003266 -0.05415 0.031415 -0.000990001 -0.05485 0.030865 -0.00516 -0.05495 0.030085 -0.002466 -0.05575 0.030395 -0.0086 -0.05465 0.029555 -0.01197 -0.05435 0.028555 -0.01097 -0.05545 0.018245 0.01791 -0.05965 0.019735 0.01629 -0.05955 0.019875 0.015228 -0.06035 0.021075 0.014217 -0.05985 0.022115 0.012434 -0.06005 0.021455 0.012958 -0.06035 0.023235 0.010765 -0.05945 0.022705 0.011186 -0.06005 0.024415 0.008012 -0.05895 0.024995 0.00548736 -0.05915 0.024215 0.007659 -0.05975 0.023195 0.009933 -0.06015 0.022175 0.011682 -0.06035 0.021185 0.013025 -0.06045 0.028425 0.003973 -0.05645 0.028575 0.000193999 -0.05645 0.026695 0.002113 -0.05745 0.028165 -0.004021 -0.05645 0.026925 -0.0077 -0.05665 0.026445 -0.00461 -0.05715 0.026685 -0.01063 -0.05645 0.024935 -0.01045 -0.05735 0.025765 -0.01341 -0.05625 0.023085 -0.01483 -0.05735 0.021765 -0.01439 -0.05895 0.023165 -0.01257 -0.05835 0.021395 -0.0131 -0.06045 0.021865 -0.0115 -0.06085 0.022825 -0.00998 -0.06055 0.023795 -0.00747 -0.06025 0.023815 -0.00813 -0.06005 0.024475 -0.00527 -0.06005 0.024905 -0.004194 -0.05985 0.024605 -0.00587 -0.05975 0.024215 -0.00791 -0.05955 0.024985 -0.00657 -0.05865 0.024115 -0.00967 -0.05855 0.024805 0.004097 -0.06005 0.025435 0.00345 -0.05885 0.025705 0.001021 -0.05875 0.025825 -0.00165 -0.05845 0.025255 0.000599 -0.05975 0.025595 -0.004313 -0.05825 0.025245 -0.003939 -0.05925 0.024955 -0.002391 -0.06005 0.024885 -0.000211 -0.06025 0.024675 0.001648 -0.06055</float_array>
                    <technique_common>
                        <accessor count="2562" source="#shape0-lib-positions-array" stride="3">
                            <param name="X" type="float"/>
                            <param name="Y" type="float"/>
                            <param name="Z" type="float"/>
                        </accessor>
                    </technique_common>
                </source>
                <source id="shape0-lib-normals" name="normal">
                    <float_array id="shape0-lib-normals-array" count="15360">0.671914 0.631347 -0.387211 0.506354 0.479826 -0.7165 0.542584 0.680289 -0.492757 0.636964 0.621321 -0.45633 0.690144 0.690884 -0.215361 0.563502 0.738382 -0.370483 0.564447 0.813223 -0.141665 0.575923 0.747886 -0.330121 0.51947 0.836009 -0.176746 0.511253 0.741678 -0.434205 0.438841 0.810447 -0.388064 0.493371 0.804812 -0.329943 0.512862 0.841805 -0.168336 0.425471 0.837493 -0.342899 0.421407 0.885231 -0.196933 0.445762 0.865692 -0.227757 0.395344 0.892931 -0.215353 0.369531 0.854017 -0.366199 0.314833 0.882019 -0.350605 0.366288 0.86483 -0.343369 0.36633 0.924159 -0.108318 0.301157 0.932734 -0.198272 0.283537 0.958934 -0.0072925 0.318282 0.939288 -0.128197 0.364216 0.924142 -0.115362 0.170868 0.981962 -0.080957 0.35786 0.932197 -0.0542632 0.347141 0.935177 -0.0702697 0.418895 0.901809 -0.106151 0.445012 0.894434 -0.044177 0.508573 0.859399 -0.0527981 0.451171 0.890726 -0.0552464 0.540633 0.841171 -0.0121269 0.463632 0.886027 0.0010563 0.515868 0.856661 -0.00336424 0.519508 0.854424 0.00843236 0.455852 0.88994 0.014324 0.423639 0.905364 0.029077 0.415677 0.90935 0.0172093 0.428506 0.903474 0.010819 0.345243 0.938409 0.0139775 0.341297 0.939947 -0.00403867 0.231246 0.972845 -0.00985548 0.325639 0.945489 0.0032106 0.349459 0.936932 0.00606344 0.215525 0.976498 -0.00131535 0.282133 0.959375 -0.000795412 0.291003 0.956683 0.00865601 0.384214 0.923182 0.0106871 0.352956 0.935621 0.00591276 0.36177 0.932265 0.00196537 0.373037 0.92781 0.00340056 0.412515 0.91094 0.00431745 0.41914 0.907917 -0.00307477 0.490891 0.871178 -0.00863284 0.405922 0.913902 0.00340477 0.518457 0.855088 -0.00508002 0.416944 0.908925 -0.00355285 0.571039 0.820914 0.00393056 0.52036 0.85393 -0.00542154 0.531591 0.846965 0.00788044 0.409013 0.912525 -0.00262887 0.360349 0.932817 0.000532786 0.41105 0.911612 -0.00129789 0.508589 0.860294 0.0350878 0.358347 0.933584 0.00282776 0.33224 0.938797 0.0909735 0.412769 0.910491 0.0250742 0.567353 0.819817 0.0775307 0.351633 0.923 0.156289 0.372617 0.890864 0.259842 0.375425 0.910886 0.171297 0.301994 0.901051 0.3113 0.255793 0.932396 0.255359 0.204515 0.911784 0.356123 0.258694 0.92542 0.276903 0.300412 0.908069 0.291827 0.203366 0.913413 0.352589 0.245313 0.881854 0.402684 0.23598 0.897289 0.373076 0.355167 0.873662 0.332523 0.319669 0.830588 0.455998 0.386484 0.808572 0.443668 0.358715 0.832073 0.423058 0.386092 0.878758 0.280565 0.474622 0.794055 0.37975 0.573426 0.815364 0.0797683 0.45301 0.845053 0.284019 0.588616 0.804356 0.0808869 0.496702 0.776587 0.387555 0.621433 0.687282 0.376117 0.578327 0.738364 0.346924 0.577788 0.631612 0.516941 0.464545 0.71459 0.52303 0.482688 0.681575 0.549971 0.487137 0.68681 0.539434 0.443706 0.703618 0.555019 0.415236 0.736647 0.533789 0.341099 0.775706 0.530973 0.417891 0.741359 0.525123 0.490291 0.764269 0.418936 0.357602 0.799421 0.48275 0.392173 0.917134 0.0711789 0.333937 0.846947 0.413723 0.25649 0.958039 0.127965 0.246715 0.856655 0.453072 0.185458 0.916394 0.354723 0.301973 0.884378 0.355932 0.296201 0.927604 -0.227629 0.291896 0.956448 0.00175201 0.223592 0.94236 -0.248926 0.224506 0.970079 -0.0924311 0.202866 0.963186 -0.176401 0.229731 0.968271 0.0983618 0.180795 0.972222 -0.148653 0.187324 0.965725 -0.179679 0.218217 0.972929 -0.0760941 0.2 0.978117 -0.057327 0.230938 0.968035 0.0978582 0.214422 0.975354 -0.0520373 0.204466 0.9474 0.246226 0.178363 0.981045 0.0757448 0.155987 0.867164 0.472964 0.197759 0.94889 0.245965 0.238601 0.850492 0.468757 0.315246 0.874509 0.368583 0.248388 0.930499 0.269213 0.261668 0.889671 0.374186 0.267817 0.961553 0.0607509 0.364777 0.923644 0.117554 0.377336 0.922222 -0.0843978 0.360524 0.928601 0.0878758 0.281407 0.950647 0.130691 0.400148 0.916016 0.0282257 0.271044 0.960042 -0.0696736 0.290454 0.956871 0.00588936 0.278765 0.943489 -0.179219 0.411829 0.904548 -0.110405 0.334125 0.930161 -0.152187 0.33552 0.905788 -0.258793 0.4033 0.881064 -0.247134 0.474422 0.866415 -0.155722 0.510721 0.850025 -0.128927 0.473459 0.875439 -0.0971772 0.401759 0.910318 0.0995551 0.50318 0.864027 0.016361 0.464842 0.818188 0.338364 0.514537 0.855823 0.053094 0.576411 0.738912 0.348941 0.577126 0.816543 0.0135314 0.644723 0.76071 0.0751823 0.568325 0.82148 0.0466548 0.636092 0.770062 -0.048894 0.551745 0.826124 -0.114442 0.627773 0.777464 -0.0380984 0.628794 0.77704 -0.0287639 0.587559 0.809182 0.000573895 0.532299 0.8426 -0.0817499 0.478281 0.866099 -0.145329 0.525348 0.831597 -0.180155 0.583452 0.810344 0.0540884 0.479267 0.873793 -0.0824005 0.475975 0.863886 0.164766 0.497531 0.86744 0.00327623 0.590546 0.751172 0.29495 0.481901 0.77428 0.410197 0.522848 0.753124 0.399293 0.51283 0.718443 0.469942 0.490414 0.741288 0.458243 0.436761 0.738234 0.514054 0.32741 0.701283 0.633249 0.426532 0.792189 0.43647 0.454403 0.874058 0.171873 0.309258 0.753728 0.579874 0.343895 0.879937 0.32779 0.402996 0.775174 0.486518 0.526711 0.822796 0.213498 0.487327 0.848664 0.205627 0.570547 0.81303 0.116011 0.528166 0.848588 0.0306331 0.561079 0.822563 0.0926298 0.594576 0.803564 0.0276557 0.632947 0.77221 0.0554107 0.583399 0.788458 0.194883 0.525358 0.746147 0.408978 0.596477 0.71142 0.371614 0.591995 0.747714 0.300775 0.593046 0.74939 0.294466 0.671424 0.728461 0.136144 0.68446 0.696964 0.213907 0.73669 0.66999 0.0916621 0.68589 0.699467 0.20075 0.672061 0.738153 0.0588648 0.736357 0.674224 0.0565698 0.685558 0.727587 -0.0250593 0.688926 0.7247 0.0137988 0.649884 0.751661 0.1125 0.726291 0.679614 0.103086 0.623418 0.692001 0.363984 0.70911 0.704254 0.0344842 0.639265 0.763915 0.0881694 0.622292 0.69421 0.361696 0.536629 0.742245 0.401374 0.561703 0.712141 0.421124 0.491107 0.668071 0.559012 0.572369 0.64595 0.505117 0.583939 0.619228 0.524949 0.584035 0.619359 0.524688 0.650921 0.571423 0.499778 0.659706 0.585962 0.470571 0.703636 0.522133 0.481948 0.650602 0.572571 0.498878 0.707397 0.50196 0.497619 0.659038 0.588269 0.468625 0.731683 0.476615 0.487318 0.722982 0.521083 0.453619 0.790455 0.540132 0.288857 0.715262 0.638455 0.28421 0.781093 0.623929 0.024624 0.731569 0.595859 0.331298 0.811368 0.464535 0.354808 0.81416 0.572283 0.098158 0.888709 0.44992 0.0881327 0.846839 0.531681 0.0134145 0.872937 0.473324 -0.118088 0.807983 0.588887 -0.0193827 0.858928 0.51208 -0.00408417 0.860241 0.509856 0.00571541 0.839558 0.500531 0.211213 0.789427 0.602236 0.118815 0.803659 0.558529 0.205371 0.78885 0.544659 0.284713 0.735915 0.599001 0.315636 0.751572 0.639367 0.162325 0.685207 0.654924 0.318695 0.739266 0.625566 0.249306 0.7651 0.622756 0.163695 0.71362 0.6911 0.114574 0.723867 0.687309 0.060198 0.715053 0.67894 0.166555 0.679162 0.729101 0.0845596 0.650991 0.725491 0.223324 0.606955 0.787937 0.103733 0.653613 0.748193 -0.114005 0.681599 0.731717 0.00350761 0.590628 0.789875 -0.165094 0.614158 0.746318 0.256552 0.63384 0.770235 0.0706029 0.686168 0.715576 0.130858 0.541687 0.560694 0.626256 0.538656 0.562078 0.627629 0.538143 0.561207 0.628848 0.675264 0.736038 0.0476038 0.537098 0.593633 0.599271 0.559027 0.61424 0.556954 0.552852 0.602609 0.575515 0.703162 0.703162 -0.105476 0.633724 0.633724 0.443607 0.722254 0.684778 -0.0970974 0.703162 0.703162 -0.105476 0.697674 0.697674 -0.16279 0.715899 0.66855 -0.20132 0.71931 0.652297 -0.238959 0.731458 0.672366 -0.113551 0.776286 0.627083 -0.0644006 0.743606 0.657141 -0.123358 0.806974 0.590468 -0.0118084 0.755175 0.61003 -0.239947 0.802283 0.576845 -0.153593 0.749328 0.662198 0.000872319 0.743267 0.659948 -0.109646 0.747739 0.663919 -0.00991391 0.80028 0.427094 0.420884 0.769366 0.348674 0.535259 0.803218 0.384936 0.454605 0.822623 0.391364 0.412462 0.852129 0.519437 -0.0637246 0.867224 0.492229 0.0750519 0.824634 0.55224 -0.122513 0.844224 0.530393 0.0772613 0.821945 0.543107 -0.171584 0.842318 0.49493 0.21341 0.851459 0.455789 -0.259372 0.850189 0.516573 -0.10164 0.84593 0.457741 -0.273634 0.854443 0.458254 0.244806 0.849085 0.41883 0.321925 0.847747 0.458725 0.266263 0.837617 0.359435 -0.411346 0.921642 0.374581 0.101314 0.877286 0.295967 -0.377852 0.872361 0.354552 -0.336571 0.969575 0.244747 0.00488602 0.907682 0.266406 0.324255 0.927935 0.203426 0.312337 0.942034 0.237795 0.236697 0.950364 0.256688 0.175841 0.857055 0.234568 0.458732 0.852605 0.338562 0.398046 0.91541 0.172311 0.363776 0.976792 0.214163 -0.00345519 0.954361 0.237659 0.180869 0.959587 0.273762 -0.0651687 0.949854 0.307725 0.0555252 0.976342 0.216133 -0.00652758 0.96238 0.267818 -0.0457969 0.979715 0.200391 -0.0012842 0.976362 0.213049 -0.0364313 0.946161 0.259882 0.19298 0.957336 0.288743 0.0116047 0.916217 0.37206 0.148722 0.957313 0.288801 0.0120677 0.95594 0.222292 -0.191742 0.936151 0.349137 0.0415309 0.90819 0.324959 -0.263803 0.918337 0.342493 -0.198383 0.863428 0.465647 -0.194074 0.895743 0.440247 0.0618591 0.840389 0.539216 0.0547103 0.898551 0.43883 0.00589356 0.799011 0.411404 0.438553 0.881428 0.372144 0.290848 0.843604 0.378761 0.380621 0.866162 0.429872 0.254901 0.908108 0.407722 0.0954054 0.920958 0.376151 0.101724 0.919162 0.390658 -0.050276 0.918085 0.3902 0.0697439 0.930749 0.345599 -0.11945 0.9235 0.371256 0.0965269 0.949643 0.305463 -0.069792 0.942842 0.331288 -0.0360196 0.918524 0.391952 0.0518447 0.947273 0.318984 -0.03038 0.878473 0.402654 0.257207 0.948933 0.314831 -0.0201897 0.912671 0.407414 0.0323204 0.883146 0.322667 0.340499 0.838392 0.422856 0.343936 0.840828 0.409158 0.354398 0.776306 0.391542 0.494009 0.798365 0.37851 0.46834 0.819343 0.314981 0.479025 0.798452 0.328655 0.504441 0.775273 0.401148 0.487885 0.818886 0.297931 0.490574 0.77539 0.403349 0.48588 0.775614 0.401432 0.487109 0.825353 0.472296 0.309403 0.891655 0.345689 0.29232 0.899686 0.434598 0.0410987 0.883258 0.3828 0.270775 0.928797 0.370147 0.0180731 0.925888 0.274746 0.259318 0.964931 0.262499 -0.00161932 0.937267 0.34759 0.0266633 0.974708 0.222986 0.0148481 0.920711 0.298045 0.251914 0.979586 0.15359 0.129701 0.97397 0.194605 0.116239 0.929152 0.369698 0.000250604 0.964917 0.262549 -0.00200322 0.9611 0.276157 0.00497723 0.960972 0.276562 -0.00685097 0.929129 0.369756 0.000224651 0.952119 0.305699 -0.00407287 0.928271 0.371898 -0.00232549 0.9294 0.369073 -0.0010122 0.928579 0.371134 0.0011696 0.953237 0.302149 0.00678084 0.937429 0.348128 0.00574282 0.933942 0.357341 -0.00780561 0.944766 0.327331 -0.016452 0.966945 0.254784 -0.0101426 0.97749 0.210135 -0.0188942 0.969278 0.245929 0.0043962 0.950582 0.310449 0.00387637 0.981564 0.191042 0.00588501 0.963971 0.266001 0.00196931 0.960865 0.276734 -0.0124908 0.975334 0.220521 -0.00971045 0.985879 0.167258 -0.00814772 0.992141 0.124476 -0.0127143 0.986483 0.163811 -0.00410518 0.976695 0.214556 -0.00568701 0.992145 0.125061 -0.00275799 0.975153 0.221505 -0.00357844 0.975063 0.221898 -0.00374434 0.971605 0.236609 5.12477e-05 0.989006 0.147874 0.000830505 0.994943 0.10036 -0.00412749 0.989022 0.147762 0.00139719 0.971317 0.23777 -0.00310262 0.994946 0.100323 -0.00417609 0.984635 0.133353 -0.112741 0.988049 0.153187 -0.0171264 0.956296 0.291805 -0.0186518 0.959692 0.190858 -0.206311 0.904853 0.29258 -0.309253 0.952167 0.237604 -0.192154 0.963739 0.266123 -0.0196498 0.912632 0.253252 -0.320885 0.921286 0.359636 -0.147968 0.933947 0.32452 -0.149768 0.827567 0.400273 -0.393593 0.829965 0.292701 -0.474852 0.655099 0.373625 -0.656697 0.800865 0.366398 -0.473675 0.798113 0.485178 -0.357238 0.653403 0.375745 -0.657176 0.753709 0.547341 -0.363786 0.777436 0.48998 -0.394352 0.842349 0.518666 -0.146403 0.781989 0.581322 -0.224851 0.8346 0.54932 -0.0411092 0.834203 0.537525 -0.123175 0.906836 0.417486 -0.0579172 0.887765 0.460296 -0.000672906 0.943476 0.331435 0.00194695 0.9099 0.414515 -0.0160934 0.943626 0.331012 0.000695442 0.889935 0.456014 -0.00821785 0.909709 0.415246 0.000441762 0.908838 0.417148 0.00145148 0.856848 0.515569 0.00054849 0.837156 0.546958 0.00251982 0.788563 0.61495 0.00206671 0.846301 0.53269 -0.00401503 0.754161 0.656676 -0.00418645 0.796989 0.603772 -0.0163792 0.71357 0.700581 -0.00208011 0.755361 0.655306 0.00186909 0.722637 0.691208 0.00513419 0.791945 0.610588 -0.00221146 0.745516 0.659833 -0.0939506 0.747572 0.663356 -0.0330741 0.662822 0.748774 -0.00225956 0.703295 0.696976 -0.140004 0.598275 0.800909 -0.024723 0.660576 0.750719 -0.00780014 0.658064 0.752962 -0.000225645 0.587282 0.809333 -0.00895995 0.563289 0.82626 0.00010479 0.589538 0.807718 -0.00602255 0.651656 0.758493 -0.00575459 0.566998 0.823679 -0.00816537 0.616439 0.787396 0.00322036 0.620939 0.78385 -0.00363367 0.688847 0.724904 -0.00179605 0.628132 0.778095 0.0041358 0.70961 0.704594 -0.000953623 0.687626 0.72606 -0.00257206 0.714218 0.699915 -0.00335115 0.724507 0.689263 -0.00269898 0.748808 0.662784 -0.00219663 0.724725 0.689037 -0.00150849 0.75859 0.651568 2.93086e-05 0.739031 0.67367 -0.00144893 0.781179 0.624303 -0.00224112 0.766845 0.641821 -0.00399764 0.798154 0.602451 -0.00177753 0.824897 0.565254 -0.00573151 0.860074 0.510167 -0.0011944 0.808036 0.589132 0.0012111 0.878241 0.478191 0.00515371 0.832031 0.554721 -0.00290404 0.890828 0.454339 -0.000741456 0.874428 0.485103 -0.00715384 0.906541 0.422115 -0.00143151 0.911976 0.410197 -0.00625878 0.937602 0.347686 -0.00417148 0.923173 0.384375 0.00266774 0.94807 0.318061 -0.000460799 0.925482 0.378789 -0.00127622 0.949442 0.313913 -0.00432439 0.947626 0.319335 -0.00539968 0.94952 0.313653 -0.0058062 0.923854 0.382716 -0.00477535 0.935409 0.353543 -0.00420301 0.936508 0.350646 0.0006519 0.927741 0.373152 0.00734406 0.912109 0.409943 0.00187613 0.902643 0.430157 0.01415 0.911868 0.410483 0.000990555 0.85518 0.518316 -0.00384176 0.885544 0.46447 -0.00893113 0.836493 0.547929 -0.00726331 0.853275 0.521446 0.00406315 0.793504 0.608382 0.0149356 0.783021 0.62198 -0.00441687 0.738393 0.67436 -0.00386283 0.780036 0.625725 -0.00351548 0.812375 0.583129 -0.00285037 0.731769 0.68155 -0.00195592 0.733314 0.679875 -0.00455574 0.730863 0.682519 -0.00256438 0.696656 0.717404 -0.00161531 0.706206 0.708001 -0.00262825 0.629175 0.777251 0.00448846 0.701159 0.713005 -0.000315388 0.704298 0.709629 0.0197881 0.610548 0.790196 0.0531121 0.737943 0.66715 0.101738 0.687138 0.725057 0.0461954 0.733967 0.652503 0.188501 0.561803 0.822664 0.0871892 0.650194 0.668305 0.36141 0.679098 0.698014 0.22716 0.75359 0.62104 0.215433 0.674899 0.614361 0.408744 0.734113 0.574002 0.362767 0.736196 0.568014 0.367935 0.837864 0.530214 0.129834 0.823032 0.479817 0.303964 0.910175 0.411152 0.0503589 0.83928 0.527623 0.131236 0.832207 0.550703 0.0644849 0.906121 0.422623 0.018266 0.882446 0.470336 0.00852889 0.882785 0.469671 0.0100079 0.798119 0.600564 0.0482652 0.811006 0.585018 -0.00471508 0.743469 0.668746 0.00571144 0.786318 0.617609 0.0162417 0.91975 0.392504 -0.000993761 0.923284 0.384102 -0.00344913 0.903627 0.428229 -0.00880791 0.920203 0.391441 0.000525563 0.901123 0.433451 0.00992143 0.923535 0.383515 0.000339133 0.926243 0.376925 0.000985046 0.925541 0.378622 0.00442955 0.354454 0.935073 -0.000272142 0.35397 0.935251 -0.00342242 0.359563 0.933117 -0.00262287 0.351691 0.936111 -0.00298988 0.352275 0.935885 -0.00460227 0.360807 0.932638 -0.00196306 0.311722 0.950142 -0.00766593 0.35552 0.934667 -0.00165895 0.384901 0.922927 -0.00756819 0.338068 0.941001 -0.0150717 0.393187 0.918218 -0.0477353 0.330158 0.943761 -0.0176274 -0.198531 0.979518 -0.033619 0.157004 0.987413 -0.0190962 0.0977209 0.995064 0.0172767 0.153029 0.988181 -0.0089488 0.39065 0.912293 0.122937 0.184659 0.980923 0.0607532 0.390368 0.920615 0.00897989 0.30644 0.95166 0.0209082 0.348619 0.937264 -0.000278865 0.222123 0.974814 0.0199896 0.297553 0.954705 0.00117703 0.330035 0.943817 0.0169088 0.524805 -0.851206 -0.0053718 0.633953 -0.77337 0.00136736 0.608723 -0.793383 0.00035329 0.599374 -0.800447 0.00596874 0.678543 -0.73452 0.00772758 0.694567 -0.719404 0.00599604 0.745229 -0.666791 0.00480718 0.694908 -0.719089 0.00373394 0.74774 -0.66398 0.00394524 0.707255 -0.70695 0.00331701 0.753473 -0.657476 0.00202154 0.747793 -0.66392 0.00398581 0.750202 -0.661203 -0.00269536 0.707182 -0.707029 0.00166464 0.727257 -0.66724 -0.160897 0.736845 -0.676037 -0.00584651 0.720633 -0.672034 -0.170465 0.67195 -0.740559 -0.00745227 0.655434 -0.736352 -0.167904 0.668172 -0.728672 -0.150277 0.602458 -0.580504 -0.547777 0.577379 -0.64866 -0.495858 0.559529 -0.523277 -0.642734 0.629552 -0.579579 -0.517448 0.762708 -0.624034 -0.169876 0.809477 -0.562541 -0.168208 0.777362 -0.628957 -0.0110269 0.767027 -0.620594 -0.162889 0.789856 -0.61327 -0.00520007 0.828542 -0.54414 -0.132024 0.846972 -0.531593 -0.00689389 0.831464 -0.555408 -0.0137569 0.786296 -0.61785 0.000435957 0.84661 -0.532204 -0.00323919 0.794148 -0.607724 0.000967756 0.792549 -0.609804 0.00223532 0.808619 -0.588318 0.00425988 0.859061 -0.511874 -0.000145088 0.885477 -0.464663 0.00439359 0.859734 -0.510741 -0.00129561 0.915692 -0.401878 0.00113576 0.910039 -0.414514 -0.00260576 0.94873 -0.316085 -0.000825365 0.916339 -0.400403 0.000292604 0.952697 -0.303874 -0.00544976 0.918856 -0.394455 -0.0104695 0.956189 -0.292561 -0.0105119 0.95223 -0.305312 -0.00646017 0.956375 -0.29109 -0.024774 0.915571 -0.401803 -0.0168294 0.935057 -0.341296 -0.0958427 0.93799 -0.344077 -0.0422548 0.912725 -0.378171 -0.154661 0.897142 -0.441048 -0.0247357 0.878453 -0.454475 -0.147557 0.887258 -0.443257 -0.127655 0.845898 -0.327129 -0.421241 0.783666 -0.361865 -0.504897 0.801888 -0.298792 -0.517396 0.832003 -0.324912 -0.449671 0.916279 -0.271699 -0.294299 0.864385 -0.258782 -0.431126 0.979303 -0.163217 -0.119693 0.915431 -0.269482 -0.298942 0.945025 -0.297008 -0.136803 0.978464 -0.196614 -0.0628562 0.967627 -0.249536 -0.0378248 0.969534 -0.240305 -0.0474998 0.97485 -0.22271 -0.00823803 0.986254 -0.164181 -0.0186485 0.982283 -0.187403 -0.000237225 0.981735 -0.189962 -0.0105714 0.974364 -0.224853 -0.00749508 0.983597 -0.180366 -0.0021383 0.97611 -0.217239 -0.00412473 0.97482 -0.222981 -0.00211922 0.976368 -0.216089 -0.00337583 0.983923 -0.178595 -0.000176508 0.986265 -0.165169 -4.36914e-05 0.984998 -0.172523 -0.00387611 0.975747 -0.218898 -0.00115644 0.986837 -0.161685 -0.00312301 0.975293 -0.220916 -0.000560693 0.975353 -0.220644 -0.00163296 0.980296 -0.197508 0.00326322 0.987044 -0.160425 -0.0026886 0.988378 -0.15201 0.00129985 0.986719 -0.162437 -0.000926153 0.983216 -0.180642 0.025584 0.987645 -0.155587 0.0187241 0.990072 -0.128009 0.0580578 0.987263 -0.157801 0.0202593 0.985299 -0.170754 0.00545603 0.991345 -0.128174 0.0284076 0.991441 -0.130466 0.0049295 0.991597 -0.127053 0.0243679 0.986149 -0.16586 0.000507951 0.992242 -0.123046 -0.0177468 0.982055 -0.188576 -0.00253149 0.984013 -0.174472 -0.0357372 0.979659 -0.198808 -0.0272857 0.991593 -0.126061 -0.0292045 0.988163 -0.150904 -0.0275869 0.989914 -0.141273 -0.0106278 0.969569 -0.244685 0.00805592 0.980477 -0.196615 0.00261237 0.942853 -0.332788 0.016734 0.965231 -0.261159 -0.0112163 0.929389 -0.368419 -0.0224344 0.97571 -0.21846 -0.0163092 0.961452 -0.274824 -0.00909833 0.965724 -0.259554 0.00313507 0.98211 -0.188127 0.00823443 0.989821 -0.142284 0.00295502 0.998005 -0.0625991 0.00822715 0.986711 -0.161974 -0.0129039 0.923765 -0.382935 0.00437588 0.950718 -0.310058 0.000741978 0.958129 -0.286278 0.00582449 0.950785 -0.309851 0.000554832 0.925693 -0.378259 -0.00360343 0.961 -0.276165 -0.0145753 0.927138 -0.36974 -0.0608953 0.924691 -0.380693 -0.00437602 0.919472 -0.38363 -0.0860237 0.95953 -0.280997 -0.0185353 0.961105 -0.273992 -0.0347296 0.960494 -0.275448 -0.0397425 0.913863 -0.400098 -0.0691086 0.946263 -0.323395 0.00133928 0.896246 -0.442672 -0.0280212 0.914804 -0.402434 -0.0343652 0.893818 -0.448078 -0.0177478 0.945021 -0.326879 -0.0092519 0.926474 -0.376326 0.00495019 0.926512 -0.376248 0.00352013 0.880619 -0.473619 -0.0139484 0.881984 -0.471186 0.00936845 0.831598 -0.555376 0.00129355 0.872801 -0.488076 -0.000495123 0.820629 -0.571284 0.0142117 0.86118 -0.507384 0.0305141 0.814762 -0.579513 0.0181168 0.820113 -0.572049 0.0132486 0.81158 -0.584225 0.00439604 0.855414 -0.517879 -0.00831138 0.809597 -0.586984 -0.00135032 0.809233 -0.587486 0.00144011 0.798253 -0.600823 -0.0424639 0.836004 -0.547605 -0.0350115 0.836447 -0.544902 0.0586343 0.82766 -0.560777 -0.0225478 0.839299 -0.540291 0.0605182 0.914943 -0.403547 -0.00533524 0.950805 -0.309661 0.00897705 0.90834 -0.417403 -0.0263098 0.856946 -0.495885 0.140505 0.949303 -0.31434 -0.00367069 0.892493 -0.369505 0.258693 0.882248 -0.447703 0.145605 0.906948 -0.319128 0.274959 0.959636 -0.280354 0.0223734 0.917682 -0.288937 0.272719 0.917484 -0.298044 0.263425 0.93705 -0.236335 0.257066 0.973108 -0.229001 0.024899 0.978149 -0.16265 0.129494 0.970975 -0.204049 0.124786 0.990341 -0.132996 0.0392003 0.980657 -0.19552 -0.00917397 0.995792 -0.091344 -0.00744595 0.990515 -0.134733 0.0269509 0.912243 -0.409644 0.00211479 0.919226 -0.390969 -0.0465585 0.898085 -0.43919 -0.0235785 0.908892 -0.413544 -0.0538265 0.888352 -0.459117 -0.00650434 0.858678 -0.511303 -0.0352363 0.812812 -0.582491 -0.00640854 0.859204 -0.511617 0.00400086 0.7866 -0.617453 0.00357028 0.837011 -0.547068 -0.0113656 0.766213 -0.64243 -0.0141863 0.787591 -0.614994 -0.0384993 0.761992 -0.646447 -0.0383828 0.839253 -0.541805 -0.0458493 0.788035 -0.614787 -0.0322285 0.788578 -0.614494 -0.0232649 0.721859 -0.691797 -0.0183163 0.737198 -0.675458 -0.0171898 0.690062 -0.723546 -0.0171976 0.71705 -0.696561 -0.0253437 0.68409 -0.729016 -0.0235884 0.743834 -0.668303 -0.00908027 0.744235 -0.667866 -0.00833309 0.743685 -0.66847 -0.00894363 0.683119 -0.729959 -0.0225532 0.747628 -0.663795 -0.0207066 0.698355 -0.715001 -0.0327884 0.700903 -0.713161 -0.0117039 0.744323 -0.667752 0.00951559 0.784558 -0.619756 0.0192452 0.782061 -0.623195 -0.00290936 0.783722 -0.621111 0.000283348 0.739323 -0.671797 0.0457098 0.780715 -0.62478 0.011539 0.642324 -0.756562 0.122617 0.724632 -0.689127 -0.0034492 0.656558 -0.752814 0.0469264 0.764512 -0.644421 -0.0156014 0.793122 -0.602463 0.0894258 0.759733 -0.649492 0.0310573 0.638421 -0.766297 0.0721618 0.745009 -0.623836 0.236201 0.634914 -0.683908 0.35938 0.697953 -0.672971 0.244892 0.645946 -0.593696 0.479874 0.765047 -0.512783 0.38956 0.679575 -0.550291 0.485137 0.680191 -0.554056 0.47996 0.747947 -0.452551 0.485565 0.761343 -0.51887 0.388756 0.781639 -0.391199 0.485802 0.752612 -0.449706 0.480977 0.81756 -0.364765 0.445581 0.781392 -0.499678 0.373829 0.85918 -0.355713 0.367801 0.82322 -0.400534 0.402346 0.846965 -0.303017 0.436843 0.86918 -0.32986 0.368401 0.874303 -0.29396 0.386239 0.87228 -0.297624 0.388004 0.68144 -0.731852 -0.00570441 0.744047 -0.668127 -0.00129379 0.74748 -0.663941 -0.0213738 0.746709 -0.665145 -0.00283071 0.721056 -0.692183 -0.0310079 0.748198 -0.663107 -0.0220997 0.726608 -0.686408 -0.0297477 0.722183 -0.691218 -0.0258687 0.72575 -0.687934 0.00579936 0.751083 -0.660176 -0.00645304 0.71918 -0.69479 -0.00682878 0.717778 -0.696268 0.00233059 0.635033 -0.772425 0.00960286 0.657011 -0.753878 -0.00215647 0.564641 -0.825334 -0.00208722 0.658389 -0.752677 -0.00120027 0.587639 -0.809079 -0.00844836 0.687316 -0.726097 -0.0195058 0.571718 -0.82045 7.73936e-05 0.588654 -0.80836 -0.00628922 0.629038 -0.777264 0.0131027 0.681678 -0.731311 -0.0223244 0.690798 -0.722724 -0.0216115 0.681574 -0.731413 -0.0221635 0.784415 -0.404507 0.470178 0.759436 -0.408258 0.50654 0.749427 -0.431557 0.502113 0.760074 -0.414501 0.500475 0.802558 -0.475548 0.360215 0.763378 -0.412299 0.497256 0.854269 -0.419969 0.30635 0.849486 -0.38334 0.362525 0.926306 -0.309727 0.214538 0.808307 -0.348408 0.474608 0.869952 -0.226945 0.437813 0.797214 -0.303741 0.521719 0.92461 -0.288345 0.248907 0.862161 -0.200378 0.465326 0.965694 -0.205152 0.159207 0.965246 -0.200465 0.167673 0.95775 -0.273682 -0.0883896 0.977979 -0.197816 -0.0665201 0.953954 -0.247454 -0.169524 0.967202 -0.25089 -0.0396671 0.966847 -0.226093 -0.118699 0.97958 -0.192769 -0.0571224 0.980114 -0.17609 -0.0914826 0.972034 -0.19439 -0.131771 0.956184 -0.226343 -0.185693 0.983144 -0.173354 -0.0581092 0.976936 -0.194135 -0.0889273 0.981169 -0.191968 -0.021332 0.957438 -0.287911 -0.0205059 0.967734 -0.217368 0.127445 0.923508 -0.304048 0.233854 0.956147 -0.289884 -0.0418455 0.936663 -0.339737 0.0850955 0.914068 -0.261565 -0.309942 0.939485 -0.341631 -0.0256152 0.944579 -0.31732 0.0841288 0.973333 -0.200394 0.111652 0.981838 -0.169791 -0.0846486 0.980432 -0.145139 0.132994 0.984875 -0.170316 0.0318411 0.607277 -0.742227 0.283396 0.57863 -0.815576 0.0047901 0.526779 -0.77384 0.351674 0.484281 -0.833067 0.267341 0.496006 -0.751881 0.434342 0.450188 -0.720668 0.527227 0.505957 -0.679457 0.531362 0.51809 -0.68185 0.516394 0.622923 -0.636883 0.454255 0.600753 -0.602061 0.525945 0.678579 -0.550784 0.485971 0.602776 -0.642265 0.473451 0.626037 -0.771167 0.115668 0.754093 -0.63595 0.164048 0.740849 -0.66378 -0.10266 0.738434 -0.649052 0.182884 0.790845 -0.610287 -0.0459896 0.786587 -0.578121 0.216929 0.840927 -0.538441 -0.0540662 0.820344 -0.564474 -0.0916751 0.870467 -0.479704 -0.110322 0.904277 -0.405047 0.134982 0.918465 -0.390792 -0.0608617 0.87196 -0.489578 -7.43061e-05 0.879114 -0.46705 -0.0949943 0.926038 -0.376119 -0.0314291 0.936618 -0.328032 -0.123055 0.914859 -0.359153 -0.184506 0.885554 -0.451054 0.111107 0.93775 -0.328429 -0.112961 0.8804 -0.385021 0.276865 0.904873 -0.410946 0.111033 0.60859 -0.781821 -0.135552 0.546246 -0.822486 -0.158533 0.588464 -0.807646 -0.0376532 0.599793 -0.785062 -0.15468 0.662758 -0.740446 -0.111768 0.694777 -0.718819 -0.0241828 0.727149 -0.681979 -0.0784772 0.669316 -0.731873 -0.127978 0.687449 -0.701478 0.187998 0.719615 -0.660946 0.212848 0.62301 -0.550759 0.555448 0.705135 -0.669605 0.233269 0.629504 -0.736527 0.247493 0.5128 -0.586181 0.627239 0.54549 -0.645682 0.534355 0.531988 -0.648431 0.544542 0.768174 -0.549496 0.328577 0.781285 -0.60291 0.161537 0.826394 -0.544733 0.142617 0.799678 -0.572032 0.182467 0.781043 -0.485771 0.392427 0.833191 -0.490469 0.255405 0.7604 -0.406661 0.506378 0.791854 -0.475332 0.383442 0.765718 -0.349566 0.539889 0.869547 -0.416416 0.265489 0.74436 -0.302 0.595588 0.763803 -0.349666 0.54253 0.627079 -0.579769 0.520231 0.730864 -0.622222 0.280494 0.633949 -0.530447 0.562792 0.649014 -0.576758 0.496116 0.700917 -0.662754 0.263577 0.715471 -0.580476 0.388777 0.752042 -0.647987 0.120601 0.680176 -0.586065 0.440327 0.736226 -0.667915 0.108911 0.761602 -0.64383 0.0737964 0.719753 -0.622487 -0.307352 0.727085 -0.659622 -0.190385 -0.890342 -0.433191 0.140129 -0.795884 -0.59443 0.114984 -0.848088 -0.520914 -0.09693 -0.817528 -0.549163 0.173401 -0.886737 -0.447974 0.114095 -0.877295 -0.479596 -0.0184926 -0.918561 -0.394331 0.0273716 -0.903171 -0.426688 -0.0471168 -0.917843 -0.395203 0.0371397 -0.877284 -0.479446 -0.0224418 -0.877444 -0.426329 0.219853 -0.897521 -0.436084 0.0654758 -0.855995 -0.434618 0.279964 -0.835744 -0.538201 0.108952 -0.811615 -0.516481 0.272997 -0.824713 -0.515309 0.233034 -0.852209 -0.422733 0.308281 -0.804411 -0.487921 0.338904 -0.876158 -0.402684 0.264939 -0.878489 -0.444993 0.173891 -0.873787 -0.425294 -0.23584 -0.844172 -0.525963 0.103619 -0.872151 -0.472415 0.12719 -0.85164 -0.453061 0.263523 -0.925231 -0.370827 0.0802244 -0.886128 -0.401956 0.23067 -0.913073 -0.367954 -0.175806 -0.915066 -0.366753 -0.167769 -0.92158 -0.337133 -0.192437 -0.59749 -0.199163 -0.776749 -0.863817 -0.209186 -0.458324 -0.946111 -0.31537 -0.0735877 -0.88945 -0.30731 0.338289 -0.899825 -0.259936 0.350354 -0.928427 -0.319254 0.19 -0.908071 -0.304916 0.287111 -0.905543 -0.389952 0.167122 -0.916527 -0.361394 0.171384 -0.871599 -0.415763 0.259725 -0.876114 -0.370415 0.308571 -0.835505 0.5459 -0.0626453 -0.782959 0.61407 -0.0994653 -0.815211 0.57455 0.0729679 -0.807341 0.577219 -0.122553 -0.862928 0.498009 -0.085687 -0.78505 0.610623 0.104093 -0.841719 0.513211 0.167702 -0.837084 0.519514 0.171454 -0.848153 0.517609 -0.112778 -0.865691 0.450443 0.218357 -0.880534 0.438312 -0.180394 -0.880531 0.438317 -0.1804 -0.90937 0.362829 -0.203471 -0.933482 0.290237 0.210651 -0.959694 0.232309 0.158177 -0.923616 0.368513 0.105505 -0.884634 0.278091 0.374283 -0.83687 0.32646 0.4394 -0.835641 0.201855 0.510841 -0.852572 0.186557 0.488178 -0.850394 0.228656 0.473863 -0.825172 0.288755 0.485502 -0.856155 0.277086 0.436145 -0.84836 0.259439 0.461494 -0.854966 0.295673 0.426159 -0.818354 0.344234 0.460216 -0.825845 0.380492 0.41618 -0.827895 0.346994 0.440664 -0.912876 0.3157 0.258825 -0.901031 0.367066 0.231095 -0.954164 0.295512 0.0473674 -0.911588 0.341018 0.229595 -0.947305 0.318829 0.0310105 -0.890975 0.421448 0.168951 -0.913686 0.405439 0.0282291 -0.915248 0.40177 0.0300456 -0.955074 0.296239 0.00878899 -0.914433 0.404674 0.00719176 -0.955543 0.294851 -0.000166338 -0.953072 0.302661 0.00702931 -0.95237 0.30494 -0.00180553 -0.926686 0.375595 0.0134688 -0.908816 0.417194 0.00190578 -0.922374 0.386256 0.00570463 -0.865357 0.501083 0.00857239 -0.857667 0.51408 0.0113633 -0.797505 0.603256 0.00828104 -0.867107 0.497854 0.0163316 -0.846343 0.532622 0.00415986 -0.799048 0.601197 0.00914264 -0.804024 0.594542 0.00811842 -0.79977 0.600263 0.00722923 -0.843708 0.5368 0.00172704 -0.794071 0.607825 0.00101746 -0.79302 0.609195 -0.000751154 -0.796503 0.604634 0.000407066 -0.857473 0.514524 -0.00215672 -0.790136 0.612931 0.000318362 -0.862065 0.506791 0.00277173 -0.863207 0.504847 0.00215348 -0.861942 0.507002 0.00237135 -0.795743 0.605611 0.00542956 -0.827554 0.561216 0.0138064 -0.828373 0.559984 -0.0146905 -0.912054 0.409969 -0.00906509 -0.894836 0.444017 -0.0460146 -0.952847 0.303449 -0.00126597 -0.908052 0.418848 -0.00291061 -0.911763 0.410715 0.00134888 -0.952832 0.303496 -0.00115443 -0.908924 0.416957 0.00199518 -0.910645 0.413189 0.000624714 -0.798641 0.560617 0.218818 -0.836379 0.531836 0.132743 -0.834727 0.521417 0.177075 -0.833836 0.53107 0.150607 -0.880863 0.463711 0.0951448 -0.861207 0.500136 0.0904777 -0.906259 0.388063 0.167637 -0.84946 0.454378 0.268251 -0.913358 0.391103 0.11321 -0.856356 0.503024 0.116711 -0.911237 0.411865 0.00374821 -0.908981 0.413222 0.0547739 -0.949148 0.297674 -0.102505 -0.928191 0.341044 -0.148832 -0.944271 0.327725 -0.0308065 -0.947137 0.299966 -0.113808 -0.951792 0.291356 -0.0959332 -0.974612 0.222074 0.0285404 -0.967851 0.215768 -0.129261 -0.956811 0.246288 -0.154448 -0.972367 0.164132 -0.166019 -0.963966 0.258605 0.0624008 -0.997183 0.0420126 0.0621439 -0.978446 0.165159 0.123958 -0.893436 0.107637 0.436104 -0.891757 0.176512 0.416668 -0.831876 0.144575 0.535799 -0.899593 0.161681 0.405699 -0.931195 -0.022795 0.363808 -0.85646 0.0746644 0.510785 -0.872792 -0.0465127 0.485871 -0.845647 0.0569394 0.530698 -0.853939 -0.0261203 0.519718 -0.873843 0.0559859 0.482974 -0.891703 -0.0271292 0.451808 -0.878466 -0.00376898 0.47779 -0.923639 -0.0238148 0.382524 -0.911898 0.0836275 0.401807 -0.952257 0.00592873 0.305239 -0.931325 0.0158284 0.363844 -0.959223 0.0601599 0.276173 -0.913242 0.128218 0.386716 -0.921899 0.183614 0.341157 -0.922669 0.143176 0.358026 -0.985004 0.0943898 0.144422 -0.936107 0.229662 0.266382 -0.972345 0.228488 0.0483538 -0.974704 0.18135 0.130631 -0.984931 0.0946478 0.144752 -0.981699 0.189293 0.0208711 -0.992017 0.125102 0.0158794 -0.990322 0.13737 0.0197778 -0.992919 0.118701 0.0047355 -0.978823 0.204527 0.00866622 -0.982864 0.184323 0.00159526 -0.982998 0.183576 0.00386993 -0.995258 0.0972471 0.00225298 -0.992757 0.120048 -0.00460304 -0.999671 0.0254554 -0.00304977 -0.995293 0.0968912 0.00216481 -0.997893 0.0646419 0.00550862 -0.990069 0.140577 -0.000775184 -0.999598 0.0280361 -0.00415787 -0.998444 0.0557645 0.000165624 -0.997701 0.0671183 0.00934344 -0.988954 0.148208 0.00189029 -0.997918 0.0644632 0.00206356 -0.997586 0.0693859 0.00289468 -0.998169 0.0604788 -0.000428686 -0.989077 0.147402 -7.8873e-05 -0.999962 0.00472899 -0.00733312 -0.99888 0.0467786 0.00709896 -0.999919 -0.00199187 0.0125648 -0.99183 0.126905 0.0129987 -0.999733 0.0222729 0.00615535 -0.99976 0.0218904 0.00132161 -0.999224 0.0390393 -0.00527684 -0.988331 0.152214 0.00573552 -0.988178 0.153305 0.00160576 -0.98842 0.151718 0.00265199 -0.965021 0.262171 -0.000316742 -0.959263 0.282509 0.0018943 -0.926769 0.375624 -0.00239122 -0.962892 0.269565 0.0131738 -0.92235 0.386305 0.00633302 -0.945316 0.325846 0.014212 -0.887847 0.459964 0.0126985 -0.920589 0.389864 -0.0228472 -0.905688 0.423791 -0.0114373 -0.86706 0.497161 -0.0322255 -0.841438 0.5402 0.0129073 -0.849229 0.527225 0.0290623 -0.899401 0.435336 0.0395044 -0.797351 0.600018 0.0648891 -0.874863 0.480597 0.0603422 -0.885389 0.464099 0.0264481 -0.852122 0.523316 0.00540244 -0.795777 0.605367 0.0164142 -0.839147 0.540784 -0.0581806 -0.840571 0.541701 0.000233374 -0.855911 0.516436 -0.0266522 -0.781205 0.624263 0.00389064 -0.841925 0.537788 -0.0441196 -0.842905 0.536645 -0.0390409 -0.87921 0.476024 -0.0197519 -0.883783 0.465275 -0.049471 -0.913171 0.4066 -0.0282023 -0.880266 0.471064 -0.0568387 -0.863907 0.500277 -0.0582033 -0.913345 0.406281 -0.0271498 -0.891631 0.45236 -0.0191042 -0.891742 0.452261 -0.0160213 -0.907425 0.419669 0.0213889 -0.925761 0.378108 0.000131662 -0.916825 0.398967 0.0160302 -0.91895 0.393553 0.0254257 -0.936966 0.348536 0.0248402 -0.944492 0.328517 0.00334864 -0.96884 0.247465 0.0104953 -0.94337 0.331742 0.000445198 -0.971983 0.230581 -0.0456183 -0.951362 0.299042 -0.0740565 -0.949501 0.190745 -0.249126 -0.967618 0.243975 -0.0647424 -0.920241 0.20552 -0.333043 -0.937773 0.323701 -0.125697 -0.786064 0.283658 -0.549219 -0.910384 0.26037 -0.32157 -0.785437 0.304563 -0.538822 -0.926111 0.353977 -0.13046 -0.867463 0.462432 -0.183479 -0.903836 0.380285 -0.196122 -0.774848 0.312484 -0.549512 -0.865106 0.464994 -0.188076 -0.824119 0.45223 -0.341053 -0.80579 0.462981 -0.369259 -0.849478 0.509845 -0.135811 -0.835357 0.451565 -0.313476 -0.893881 0.445541 0.0496953 -0.863544 0.47642 -0.165274 -0.86029 0.493787 0.126789 -0.797243 0.47929 -0.366994 -0.613634 0.587544 -0.52749 -0.836621 0.480202 -0.263572 -0.903204 0.111045 -0.414598 -0.815426 0.182015 -0.5495 -0.982581 0.183601 0.0287416 -0.966974 0.215843 -0.135548 -0.957725 0.213889 0.192389 -0.929109 0.298239 -0.218654 -0.970671 0.216397 -0.104735 -0.970657 0.216777 -0.104084 -0.914384 0.172851 0.366095 -0.984802 0.170629 -0.0324279 -0.872114 0.0709404 0.484132 -0.957762 0.153185 0.243364 -0.952529 0.0369853 0.302193 -0.986199 0.147136 -0.0759094 -0.998089 0.0565628 0.0248622 -0.99723 0.0636554 0.0384806 -0.98685 0.0559259 -0.151656 -0.975975 0.152951 -0.155175 -0.994107 0.105796 -0.0236519 -0.977383 0.0823591 -0.194782 -0.985561 -0.00581732 -0.169219 -0.998667 -0.0317698 -0.0406899 -0.985372 -0.0927795 -0.14295 -0.987741 -0.00215676 -0.156087 -0.987276 -0.0894596 -0.131463 -0.997418 -0.040901 -0.0590372 -0.994268 -0.105123 -0.0194894 -0.994087 -0.106181 -0.0227421 -0.954103 -0.113487 0.277143 -0.934679 -0.0127861 0.355264 -0.876689 -0.0411676 0.479292 -0.957379 -0.10593 0.26871 -0.964705 -0.19201 0.180211 -0.893616 -0.131964 0.428995 -0.868693 -0.217173 0.445206 -0.864848 -0.184826 0.466774 -0.928996 -0.258522 0.264827 -0.833061 -0.284357 0.474501 -0.856552 -0.335803 0.391862 -0.92604 -0.230676 0.298729 -0.97199 -0.234272 0.0187549 -0.94857 -0.315465 0.0263787 -0.967023 -0.24292 -0.0765308 -0.970456 -0.239349 0.0304621 -0.962735 -0.270425 0.00355335 -0.933079 -0.347648 0.0922165 -0.935714 -0.352488 0.0138235 -0.933239 -0.357875 0.0314812 -0.961652 -0.252864 0.10623 -0.927752 -0.319677 0.19257 -0.921615 -0.252102 0.295078 -0.943408 -0.270774 0.191476 -0.987897 -0.13616 0.0742951 -0.96125 -0.137534 0.238919 -0.994255 -0.0599624 0.0886692 -0.985698 -0.125437 0.112543 -0.987703 -0.039605 0.151245 -0.916726 -0.0734353 0.392708 -0.904726 -0.0148556 0.425735 -0.939045 -0.0459384 0.340712 -0.931318 -0.0152922 0.363887 -0.938614 -0.0795434 0.335675 -0.986928 -0.0348035 0.15736 -0.915674 -0.0201277 0.401417 -0.885728 0.0180819 0.463852 -0.971258 0.0357244 0.235333 -0.885382 0.109248 0.451845 -0.963071 0.0298095 0.267594 -0.991273 0.10117 0.0845186 -0.977951 0.158307 0.136201 -0.980861 0.185418 0.0594254 -0.951049 0.153952 0.267965 -0.960282 0.222384 0.168532 -0.948042 0.212216 0.237023 -0.936462 0.296436 0.18752 -0.960644 0.222368 0.166483 -0.745056 0.139218 0.652311 -0.707773 0.193651 0.679379 -0.793919 0.232998 0.561609 -0.628005 0.184306 0.756069 -0.668595 0.149662 0.728411 -0.727308 0.169309 0.665099 -0.959434 0.281577 -0.0141425 -0.662954 0.154328 0.732581 -0.941438 0.337036 -0.0100304 -0.729432 0.168019 0.663097 -0.916831 0.369691 -0.150828 -0.92456 0.31464 -0.21492 -0.847 -0.531553 0.00643925 -0.795291 -0.606125 0.0111608 -0.840322 -0.542088 -0.000737674 -0.846357 -0.532553 0.00819596 -0.89796 -0.439946 -0.0107358 -0.899033 -0.437868 0.00340902 -0.937042 -0.34914 -0.00739158 -0.90081 -0.43418 -0.00550162 -0.939734 -0.341907 0.000105945 -0.891282 -0.453304 -0.0115092 -0.93093 -0.36519 -0.00215356 -0.935056 -0.354406 0.00818538 -0.919614 -0.392776 0.00611517 -0.876687 -0.481019 0.00636935 -0.848514 -0.528999 -0.0135832 -0.859436 -0.510688 -0.0238058 -0.827112 -0.561786 -0.0168119 -0.830896 -0.556393 -0.00612899 -0.790309 -0.612668 -0.00699056 -0.831547 -0.555312 -0.0125983 -0.923453 -0.381069 -0.0449578 -0.840963 -0.538737 -0.0504436 -0.875213 -0.481383 -0.0476706 -0.869252 -0.494021 -0.0185358 -0.940916 -0.338593 -0.00567976 -0.896268 -0.44321 0.016415 -0.93794 -0.346541 0.0133585 -0.936955 -0.349444 0.0019754 -0.934344 -0.355969 0.0169488 -0.87751 -0.477948 0.039279 -0.877799 -0.478907 0.0107961 -0.875755 -0.482611 0.0118072 -0.849979 -0.526718 0.010176 -0.82982 -0.55716 0.0311742 -0.79351 -0.608519 0.00686477 -0.846791 -0.53187 0.0077218 -0.852695 -0.522402 -0.002923 -0.801045 -0.598554 -0.00772332 -0.852965 -0.521956 -0.00354381 -0.853266 -0.521467 -0.00314282 -0.854024 -0.520217 -0.0041052 -0.792314 -0.610092 -0.00512968 -0.786829 -0.617169 -0.00163695 -0.792924 -0.609303 -0.00457908 -0.856222 -0.516607 0.00103734 -0.796247 -0.604788 0.0149084 -0.830845 -0.549475 0.0881714 -0.823664 -0.566695 0.0208448 -0.894772 -0.44636 0.0121044 -0.862985 -0.492296 0.113588 -0.932013 -0.354024 0.0775823 -0.906464 -0.418702 0.0548764 -0.93629 -0.318541 0.14796 -0.854549 -0.469436 0.222209 -0.835478 -0.423701 0.349934 -0.864224 -0.441336 0.241533 -0.939843 -0.30488 0.154091 -0.84418 -0.39278 0.364808 -0.924463 -0.222557 0.309573 -0.916877 -0.276351 0.288041 -0.876117 -0.185738 0.444882 -0.814592 -0.351281 0.461564 -0.825444 -0.243442 0.509292 -0.838472 -0.252769 0.482775 -0.876009 -0.190826 0.442938 -0.828675 -0.216109 0.516328 -0.838469 -0.108319 0.534076 -0.842006 -0.189686 0.50502 -0.893408 -0.127879 0.430661 -0.859415 -0.0627157 0.507418 -0.893315 -0.0455785 0.447114 -0.886231 -0.0721249 0.457595 -0.934476 -0.0861018 0.345457 -0.924031 -0.0287622 0.381233 -0.953558 -0.00367624 0.301186 -0.934729 -0.0560917 0.350907 -0.949316 -0.137261 0.28277 -0.965136 -0.0260214 0.260452 -0.98298 -0.118452 0.140428 -0.968893 -0.0761304 0.235478 -0.997127 -0.022564 0.0723041 -0.98737 0.0725658 0.140839 -0.995013 0.098734 0.0141432 -0.996179 0.0233967 0.0841423 -0.99762 -0.0588691 0.0358904 -0.997029 0.0767069 0.0070768 -0.999817 0.0152587 0.011525 -0.999817 -0.0191334 0.000406169 -0.990311 -0.134078 0.0361653 -0.995411 -0.0953852 0.0077207 -0.978599 -0.200436 0.0465717 -0.991427 -0.122418 0.0456701 -0.981776 -0.146149 0.121478 -0.969985 -0.211551 0.119894 -0.948726 -0.158441 0.273525 -0.97271 -0.187631 0.136494 -0.934223 -0.356652 -0.0052434 -0.881987 -0.471261 -0.0036348 -0.907203 -0.420615 -0.00806861 -0.900886 -0.434038 0.00401798 -0.950503 -0.310716 0.000459863 -0.926555 -0.37616 0.000441182 -0.961488 -0.274782 -0.00600547 -0.949861 -0.312461 -0.0114974 -0.960953 -0.276602 -0.00783652 -0.92389 -0.38253 -0.00987559 -0.957853 -0.286292 0.023564 -0.951336 -0.308111 0.00519733 -0.980521 -0.196394 0.00282337 -0.976833 -0.21058 0.0381202 -0.997859 -0.0613557 0.0226345 -0.98351 -0.180316 0.0139605 -0.983197 -0.182492 -0.00458463 -0.998173 -0.059664 0.00948813 -0.992019 -0.125681 -0.010147 -0.991905 -0.126625 -0.00950824 -0.992421 -0.122398 -0.0109497 -0.999886 -0.0150611 -0.00128347 -0.999189 -0.0402649 3.28086e-05 -0.99922 -0.0383847 -0.00930694 -0.992544 -0.121503 -0.00967731 -0.998748 -0.0499648 -0.00246475 -0.988882 -0.147768 0.0166641 -0.987157 -0.15966 0.00540268 -0.980303 -0.193344 0.0402969 -0.997991 -0.0569725 0.027704 -0.994692 -0.0882422 0.0529315 -0.997343 -0.0687411 0.0241207 -0.999821 0.00415091 0.018442 -0.999783 0.020254 0.00487448 -0.998715 0.0504532 0.00472482 -0.998298 0.0550029 0.0193688 -0.999539 -0.0301254 0.00375565 -0.99999 -0.00420908 -0.00180083 -0.987971 -0.153813 -0.0159493 -0.999553 -0.0282137 0.00986157 -0.993781 -0.103848 0.0401898 -0.981637 -0.189323 0.0233462 -0.980864 -0.189721 0.0437336 -0.9824 -0.182986 0.0375072 -0.96752 -0.247088 0.0534156 -0.957138 -0.288825 0.0216055 -0.955681 -0.293151 0.0271334 -0.955734 -0.292981 0.0270911 -0.944861 -0.327293 0.0108057 -0.956348 -0.292222 0.00209807 -0.947448 -0.319845 -0.00638899 -0.947043 -0.321058 0.00557898 -0.945316 -0.32614 -0.0033349 -0.962533 -0.270414 -0.0201499 -0.963945 -0.265925 0.00973299 -0.960552 -0.277361 0.020284 -0.9863 -0.163741 0.0200198 -0.988094 -0.153151 -0.0146933 -0.999971 -0.0069788 -0.00298583 -0.985735 -0.167753 0.0136207 -0.986117 -0.163711 0.0277715 -0.999923 0.00632191 0.0106472 -0.989807 -0.14182 0.0130463 -0.989015 -0.147622 0.00757502 -0.962249 -0.271373 0.0208204 -0.960199 -0.279122 0.0104784 -0.942453 -0.33431 0.00436777 -0.961981 -0.273051 0.00603179 -0.942991 -0.332747 -0.00694069 -0.963233 -0.267973 -0.0193239 -0.964067 -0.265402 -0.0117288 -0.964947 -0.262018 -0.01495 -0.990661 -0.135523 -0.0149763 -0.990626 -0.134354 -0.0246885 -0.999683 0.0208469 -0.0141231 -0.989843 -0.140471 -0.0218932 -0.9857 -0.168422 0.00536276 -0.999687 -0.0249209 -0.00232075 -0.997349 -0.0716592 0.0126462 -0.999099 -0.0403567 -0.0131487 -0.978902 -0.203923 -0.0128872 -0.988423 -0.15129 -0.0114508 -0.961621 -0.27438 0.000757983 -0.977523 -0.210138 0.0170426 -0.968653 -0.248295 0.00780885 -0.957763 -0.287304 0.0121366 -0.95008 -0.311967 0.00498586 -0.95348 -0.301444 -0.00284358 -0.971533 -0.23619 0.0183772 -0.95639 -0.291875 0.0112671 -0.977619 -0.210372 -0.00213291 -0.978746 -0.204939 0.00751223 -0.985788 -0.166857 -0.0194937 -0.968944 -0.247079 -0.00998103 -0.974796 -0.222449 -0.0170004 -0.97206 -0.234636 -0.00670387 -0.961524 -0.274721 8.20374e-08 -0.98795 -0.154668 0.00568167 -0.956214 -0.292603 -0.00625526 -0.959066 -0.282992 0.0103956 -0.948781 -0.315296 0.0200684 -0.988326 -0.152297 0.00409812 -0.989156 -0.146684 0.007393 -0.988628 -0.150023 0.0103626 -0.949183 -0.31391 0.0226271 -0.987245 -0.158761 -0.0119425 -0.945491 -0.32102 -0.054717 -0.956775 -0.290813 -0.00295104 -0.953411 -0.274595 -0.124918 -0.987723 -0.155086 -0.0187539 -0.957441 -0.169308 -0.233755 -0.968484 -0.210786 -0.132698 -0.957552 -0.072364 -0.279031 -0.996748 -0.0397172 -0.0701118 -0.974507 0.0211989 -0.223354 -0.983919 -0.0238456 -0.177014 -0.983744 0.0773649 -0.162058 -0.999111 0.0390349 -0.0158965 -0.988115 0.14989 -0.0340921 -0.99557 0.078295 -0.0520529 -0.972431 0.10141 -0.209987 -0.987511 0.153014 -0.0375375 -0.960344 0.146146 -0.237446 -0.966944 0.137917 -0.21447 -0.91068 0.0862653 -0.404006 -0.88803 0.118887 -0.44415 -0.71653 0.0638514 -0.694628 -0.895632 0.0945003 -0.43464 -0.93274 0.0378654 -0.358556 -0.732579 0.0267409 -0.680157 -0.882464 -0.039291 -0.468735 -0.86668 -0.00996024 -0.498765 -0.897314 -0.441378 -0.00368721 -0.935296 -0.353823 0.00551067 -0.916905 -0.398716 0.0176302 -0.923411 -0.383167 -0.0222667 -0.868124 -0.495569 -0.0277988 -0.894096 -0.447491 -0.0185582 -0.823849 -0.566316 -0.023645 -0.864849 -0.502029 0.00145943 -0.814152 -0.580111 0.0250541 -0.879892 -0.472918 0.0462437 -0.847941 -0.529344 0.028128 -0.853687 -0.520761 0.00519462 -0.891074 -0.45364 -0.0140596 -0.912686 -0.408525 0.0105367 -0.937582 -0.343266 -0.0557552 -0.912466 -0.40914 0.00311317 -0.879012 -0.46192 -0.118183 -0.899625 -0.395603 -0.184862 -0.776109 -0.469319 -0.421184 -0.893288 -0.408871 -0.186709 -0.845397 -0.518173 -0.129614 -0.780909 -0.45971 -0.422905 -0.799128 -0.559887 -0.218906 -0.817698 -0.532603 -0.218414 -0.830007 -0.556105 -0.0428583 -0.799848 -0.580847 -0.151192 -0.80226 -0.596975 -0.000486306 -0.817158 -0.574794 -0.0431876 -0.424372 -0.905329 0.0169771 -0.487096 -0.87008 0.0754813 -0.479258 -0.845504 0.235446 -0.458521 -0.84235 0.283206 -0.403351 -0.860483 0.311249 -0.472875 -0.840207 0.265409 -0.495021 -0.86652 0.064007 -0.471673 -0.846197 0.247942 -0.557116 -0.829861 0.030852 -0.537382 -0.825092 0.174479 -0.588702 -0.808127 -0.0190004 -0.551865 -0.833771 0.016483 -0.545712 -0.828382 -0.126417 -0.596529 -0.797949 -0.0862052 -0.571805 -0.819362 -0.0410499 -0.56972 -0.807948 -0.150464 -0.520878 -0.838418 -0.160442 -0.527868 -0.844217 -0.0930235 -0.479446 -0.861378 -0.167806 -0.534129 -0.83594 -0.126135 -0.503703 -0.858051 0.100157 -0.451699 -0.889311 0.0713699 -0.405385 -0.850962 0.333955 -0.446768 -0.893534 0.0446791 -0.321491 -0.892267 0.317023 -0.370293 -0.928129 -0.0381938 -0.278703 -0.957825 0.0699764 -0.318644 -0.940559 0.117534 -0.328008 -0.898618 0.29137 -0.267018 -0.956499 0.117524 -0.294298 -0.926816 0.23324 -0.277495 -0.904983 0.322494 -0.265106 -0.917084 0.297784 -0.225372 -0.960636 0.162438 -0.168349 -0.872426 0.458837 -0.228428 -0.942382 0.244411 -0.126696 -0.915613 0.381577 -0.172983 -0.981613 0.080708 -0.0538882 -0.958731 0.279163 -0.132456 -0.896244 0.423322 -0.0868379 -0.782128 0.617037 -0.0347412 -0.881893 0.470169 0.00376315 -0.762773 0.646655 -0.0306009 -0.90381 0.426838 0.0321904 -0.888142 0.45844 0.0128381 -0.928935 0.37002 0.0587505 -0.912408 0.405042 0.0341655 -0.864024 0.502291 0.0312989 -0.889949 0.454985 0.0635601 -0.886513 0.458318 0.10595 -0.807344 0.580492 0.0699751 -0.975986 0.206288 0.287934 -0.855753 -0.429862 0.188794 -0.914774 -0.357135 0.205944 -0.911463 0.356122 0.183939 -0.891248 0.414539 0.182946 -0.872138 0.453768 0.140171 -0.925732 0.351243 0.161937 -0.962441 0.217906 0.152359 -0.936871 0.314738 0.099479 -0.979081 0.177494 0.0619459 -0.962034 0.265807 0.0137994 -0.935329 0.35351 0.0716753 -0.929123 0.362758 0.106904 -0.972554 0.206663 0.0412406 -0.843242 0.53595 0.0321749 -0.991719 0.124327 0.0738121 -0.974714 0.210913 0.00203828 -0.992273 0.124058 -0.034079 -0.899693 0.43519 -0.0281164 -0.9878 0.153168 -0.0198625 -0.986727 0.16117 -0.183642 -0.946223 0.266342 -0.096946 -0.831579 0.54688 -0.209103 -0.955527 0.207953 -0.147116 -0.970811 0.189429 -0.136714 -0.989627 -0.0441408 -0.213577 -0.975973 -0.0431565 -0.171852 -0.982264 -0.0749908 -0.171004 -0.982211 -0.0775792 -0.0283412 -0.995699 -0.0882055 -0.0719469 -0.993063 -0.0930006 -0.0119105 -0.998908 -0.0451777 -0.0607135 -0.9973 -0.0413119 -0.0374211 -0.999152 -0.0171516 -0.0967776 -0.993251 -0.063929 0.0156704 -0.994889 -0.0997494 -0.0373779 -0.997998 -0.0510221 0.0408882 -0.999163 0.00131626 0.076496 -0.99471 -0.0685569 0.126624 -0.991939 0.00475924 0.0782249 -0.9964 -0.0326803 0.164959 -0.985948 -0.0263444 0.085449 -0.992966 -0.0819518 0.116674 -0.992588 0.0339971 0.164941 -0.985841 -0.0301964 0.167777 -0.928367 0.331639 0.0968185 -0.995045 -0.0226339 0.072148 -0.907718 0.413332 0.0253341 -0.937773 0.346325 -0.0216435 -0.903621 0.427787 0.00637652 -0.999921 -0.0108348 -0.0965121 -0.990526 0.09769 0.0342855 -0.9981 0.0512036 0.00657744 -0.881904 0.471384 -0.0617694 -0.987347 0.146052 -0.0739207 -0.856501 0.510826 -0.128656 -0.883277 0.450854 -0.177254 -0.85741 0.483145 -0.220666 -0.961702 0.162589 -0.285457 -0.922066 0.261359 -0.135451 -0.945326 0.296669 -0.245248 -0.969432 0.00741926 -0.176469 -0.980902 -0.0817981 -0.263407 -0.959638 -0.0985471 -0.2752 -0.960196 -0.0478318 -0.343154 -0.938938 0.0252922 -0.287445 -0.953714 -0.0883485 -0.375964 -0.920389 -0.107402 -0.299316 -0.94532 -0.129538 -0.360493 -0.922105 -0.140593 -0.271752 -0.95425 -0.124731 -0.353495 -0.918445 -0.177483 -0.358943 -0.918141 -0.167862 -0.433293 -0.885269 -0.168984 -0.459997 -0.863886 -0.20519 -0.51493 -0.848337 -0.123175 -0.470794 -0.875238 -0.110957 -0.464639 -0.883637 0.0574165 -0.510412 -0.791304 0.336626 -0.407617 -0.817741 0.406385 -0.363133 -0.887434 0.283893 -0.35951 -0.933014 -0.015409 -0.3097 -0.848926 0.428265 -0.286988 -0.938146 0.193699 -0.397593 -0.899408 0.181619 -0.313424 -0.874151 0.370978 -0.323173 -0.823098 0.466979 -0.233187 -0.814753 0.53085 -0.229513 -0.824789 0.516766 -0.182747 -0.882635 0.43308 -0.142769 -0.806407 0.573869 -0.133699 -0.832208 0.538103 -0.203902 -0.839561 0.503549 -0.100169 -0.848256 0.520027 -0.115499 -0.848439 0.516538 0.00260618 -0.880196 0.474602 -0.0974785 -0.846593 0.523238 -0.0746395 -0.842301 0.533815 0.0415412 -0.868256 0.494374 -0.0127777 -0.864698 0.50213 0.0258459 -0.841956 0.538928 0.0819224 -0.847612 0.524254 0.106219 -0.861696 0.496183 0.10433 -0.856183 0.50603 0.109394 -0.854361 0.508035 0.207102 -0.866863 0.453494 0.139488 -0.870425 0.472127 0.265186 -0.846511 0.461622 0.203042 -0.844767 0.495119 0.267517 -0.903014 0.336156 0.148015 -0.94987 0.27539 0.210919 -0.977022 0.0306736 0.156188 -0.949677 0.271513 0.161264 -0.986809 0.0142293 0.100025 -0.967335 0.232933 0.105568 -0.9944 0.00482235 0.153684 -0.988001 0.0153328 0.0617131 -0.99806 0.0081773 0.173222 -0.956165 0.2361 0.00884722 -0.996571 0.0822707 0.0324467 -0.995847 0.0850612 -0.10626 -0.98089 0.162986 -0.00535322 -0.940234 0.340488 -0.164032 -0.946561 0.277697 -0.0917376 -0.956317 0.277566 -0.164191 -0.900015 0.40375 -0.0214673 -0.895125 0.445298 -0.139421 -0.856951 0.496182 -0.131137 -0.892167 0.43225 -0.206125 -0.889014 0.408861 -0.184761 -0.853863 0.486601 -0.219646 -0.851422 0.476273 -0.198886 -0.857794 0.473956 -0.260637 -0.894706 0.362725 -0.31171 -0.856266 0.411881 -0.383705 -0.84323 0.376474 -0.311112 -0.855662 0.413585 -0.277677 -0.917803 0.283784 -0.409521 -0.865128 0.289561 -0.33134 -0.941101 0.0674034 -0.325452 -0.913449 0.244319 -0.361559 -0.930747 0.0546384 -0.451875 -0.856376 0.249857 -0.446678 -0.894052 0.0339135 -0.39968 -0.914966 0.0556148 -0.44917 -0.892805 0.0338554 -0.403861 -0.878426 0.255468 -0.469316 -0.873836 0.127095 -0.493345 -0.861307 0.121494 -0.50637 -0.862159 0.0164442 -0.549629 -0.834036 0.0478646 -0.606749 -0.794892 0.00171802 -0.549107 -0.835508 0.0202062 -0.517172 -0.855869 0.0045992 -0.606533 -0.795058 0.000801457 -0.586684 -0.809815 0.00130401 -0.585286 -0.810824 -0.00224862 -0.500201 -0.865909 2.07877e-05 -0.557361 -0.830266 -0.00280738 -0.489836 -0.871799 -0.00525981 -0.505002 -0.863117 -0.00127163 -0.461449 -0.887136 0.00735835 -0.563145 -0.826281 0.0113041 -0.499073 -0.866343 0.0193874 -0.501248 -0.865299 0.00284843 -0.552671 -0.833391 -0.00372859 -0.599658 -0.800253 0.00230782 -0.590181 -0.807263 -0.00372715 -0.589918 -0.807457 -0.00315885 -0.506938 -0.861794 -0.0180248 -0.544104 -0.838863 -0.0161325 -0.457416 -0.889156 -0.0131011 -0.506997 -0.861894 -0.00965444 -0.438654 -0.898648 0.00394512 -0.435361 -0.900254 -0.00157179 -0.461922 -0.88689 0.00739068 -0.460348 -0.887737 0.00175428 -0.50169 -0.865035 -0.00463699 -0.449029 -0.893509 -0.00383208 -0.456819 -0.889558 -0.00183253 -0.456639 -0.88965 -0.00175145 -0.414673 -0.909969 0.00159299 -0.391388 -0.92022 -0.00317948 -0.329072 -0.944303 -0.00205569 -0.399518 -0.916711 -0.00515593 -0.420117 -0.90747 0.000160178 -0.357865 -0.933739 -0.00798307 -0.348601 -0.93726 0.00447475 -0.362902 -0.931826 0.00146908 -0.267695 -0.963501 0.00237053 -0.275798 -0.961192 -0.00680882 -0.206546 -0.978417 -0.00626658 -0.265041 -0.964225 -0.00493205 -0.208383 -0.978035 -0.00497449 -0.277477 -0.960723 -0.00435765 -0.189733 -0.981818 -0.00592958 -0.196731 -0.980457 -0.00086059 -0.181795 -0.983322 0.00534014 -0.247188 -0.968937 0.00772393 -0.219794 -0.975546 0.000623103 -0.224518 -0.974445 -0.00698788 -0.295518 -0.955248 -0.0130786 -0.330709 -0.943733 -0.000211037 -0.394201 -0.919024 -0.00106923 -0.324211 -0.945981 0.00259012 -0.284097 -0.958792 -0.00253599 -0.3999 -0.916553 -0.00333361 -0.421155 -0.906986 -0.00206961 -0.409453 -0.912326 0.00305248 -0.485937 -0.873988 0.00313237 -0.471026 -0.882116 -0.00216577 -0.538022 -0.84293 -0.000805377 -0.485715 -0.874095 -0.00618788 -0.529734 -0.848142 -0.00613438 -0.581675 -0.813368 -0.00932006 -0.639321 -0.768821 -0.0134901 -0.570432 -0.821345 0.000793102 -0.526711 -0.850036 -0.0038618 -0.626405 -0.779493 -0.00254884 -0.603193 -0.797419 -0.0167446 -0.599419 -0.800319 -0.0136452 -0.513827 -0.85783 -0.0105024 -0.573962 -0.817651 -0.0448805 -0.518811 -0.849458 -0.0962112 -0.553405 -0.831773 -0.0435577 -0.455918 -0.889983 -0.00829833 -0.498252 -0.861852 -0.0946317 -0.369467 -0.929097 -0.0165365 -0.447991 -0.893934 -0.0136726 -0.344995 -0.937943 -0.0352373 -0.454785 -0.87606 -0.160276 -0.301762 -0.925061 -0.230658 -0.36108 -0.922682 -0.135202 -0.250228 -0.96802 -0.0179863 -0.223721 -0.956147 -0.189027 -0.166379 -0.985784 -0.0233928 -0.223701 -0.974055 -0.0342631 -0.128165 -0.990367 -0.0524128 -0.182792 -0.946067 -0.267479 -0.0649723 -0.887239 -0.456712 -0.164055 -0.951146 -0.261547 -0.0807057 -0.995475 -0.0501661 -0.0929872 -0.881233 -0.463445 0.0140647 -0.993619 -0.111907 -0.003323 -0.993615 -0.112776 0.0979513 -0.977817 -0.185148 -0.00202843 -0.793575 -0.60847 0.0866615 -0.773447 -0.627909 0.0476539 -0.811448 -0.582479 0.18277 -0.973142 -0.139963 0.174414 -0.8315 -0.527436 0.207126 -0.972159 -0.109574 0.168866 -0.976585 -0.133289 0.255616 -0.956326 -0.14178 0.194736 -0.816904 -0.542905 0.321197 -0.827789 -0.459997 0.260032 -0.863557 -0.432033 0.290891 -0.949466 -0.117884 0.340794 -0.84014 -0.42193 0.348828 -0.90825 -0.231087 0.35692 -0.907392 -0.22192 0.580389 -0.537617 -0.611651 0.402305 -0.805906 -0.434358 0.576704 -0.806885 -0.127863 0.452762 -0.873366 -0.179548 0.499801 -0.862646 -0.0777225 0.404011 -0.795093 -0.45233 0.452137 -0.760738 -0.465672 0.443549 -0.791924 -0.419667 0.476009 -0.875672 -0.0813249 0.503011 -0.752334 -0.42541 0.557458 -0.787594 -0.262557 0.549575 -0.792356 -0.264837 0.541756 -0.840361 -0.0171219 0.609786 -0.776091 -0.160761 0.634837 -0.772645 -0.00100024 0.579808 -0.814512 -0.0198098 0.208133 -0.96429 0.163782 0.103397 -0.818232 0.565513 0.195019 -0.966274 0.168172 0.196436 -0.965458 0.171186 0.244714 -0.967889 0.0574907 0.207761 -0.977872 0.024548 0.194844 -0.974165 0.114183 0.223254 -0.974632 0.0158006 0.315284 -0.947969 0.0441661 0.310218 -0.945282 0.101032 0.328627 -0.94234 0.0632445 0.305308 -0.950408 0.0592562 0.365663 -0.929973 0.0379639 0.4241 -0.905606 0.00406805 0.450409 -0.89044 -0.0651742 0.397676 -0.916756 -0.0375747 0.424335 -0.893075 0.14952 0.470881 -0.880631 0.0525415 0.429466 -0.830562 0.354578 0.408565 -0.900315 0.150028 0.465361 -0.802749 0.372871 0.491056 -0.868691 0.0651089 0.497985 -0.767325 0.40401 0.473844 -0.804749 0.357561 0.532181 -0.768706 0.354787 0.535734 -0.844186 0.018399 0.583143 -0.808877 0.0752445 0.567197 -0.819284 0.0840291 0.552496 -0.828596 -0.0904318 0.568465 -0.815857 -0.105949 0.535783 -0.831065 -0.149226 0.568574 -0.816657 -0.0989631 0.523545 -0.838646 -0.150245 0.497603 -0.853568 -0.154316 0.468973 -0.873957 -0.127529 0.495932 -0.864454 -0.0822856 0.524971 -0.835284 -0.163416 0.471004 -0.873635 -0.122136 0.4675 -0.880602 -0.0773555 0.475654 -0.876053 -0.0792737 0.449932 -0.884737 0.12166 0.33784 -0.865256 0.3704 0.410806 -0.8147 0.40927 0.485582 -0.800576 0.351125 0.402364 -0.908088 0.116103 0.406761 -0.818261 0.406195 0.517452 -0.855019 0.0344453 0.498197 -0.866997 0.0107797 0.596247 -0.798824 0.0798131 0.5683 -0.734976 0.369926 0.478669 -0.829693 0.287202 0.531522 -0.800853 0.275895 0.533922 -0.845048 0.028641 0.461976 -0.851386 0.248436 0.472673 -0.881148 0.0125901 0.521856 -0.852445 0.031689 0.426169 -0.904452 0.0186112 0.474324 -0.843722 0.251295 0.362928 -0.930954 0.0400909 0.411657 -0.909834 0.0523496 0.285307 -0.955778 0.0713265 0.26257 -0.902537 0.341296 0.178375 -0.983284 0.03653 0.266445 -0.960037 0.085655 0.353727 -0.935278 -0.0114517 0.264959 -0.964252 0.00389969 0.335375 -0.942066 0.0058487 0.365849 -0.930674 0.000527126 0.315863 -0.948781 -0.00667524 0.330519 -0.943781 0.00592071 0.36649 -0.930422 0.000378876 0.308319 -0.95128 0.00260401 0.371497 -0.928426 -0.00402817 0.329446 -0.944173 0.00140917 0.38231 -0.924011 -0.00653272 0.38179 -0.924246 -0.00245207 0.313495 -0.949539 -0.0098031 0.339585 -0.940574 0.00148334 0.265442 -0.964125 -0.00184305 0.29053 -0.956859 -0.00359364 0.29841 -0.954347 -0.013195 0.19825 -0.980133 -0.00602564 0.150577 -0.988559 -0.0088128 0.196406 -0.980512 -0.00450373 0.125482 -0.992083 -0.00503976 0.171346 -0.985207 -0.00281444 0.0987667 -0.995107 -0.00250503 0.123944 -0.992271 -0.00607012 0.0723823 -0.997365 -0.00479317 0.0384591 -0.999252 -0.00415803 -0.0320416 -0.999487 -0.000295223 0.0617836 -0.998089 -0.000857493 -0.0351961 -0.999318 0.0111752 0.0291326 -0.999575 0.00134369 -0.075083 -0.996486 0.0371283 -0.0812753 -0.996681 0.00466176 -0.148852 -0.988634 0.0210998 -0.175382 -0.981426 0.0777493 -0.204478 -0.954833 0.215597 -0.113398 -0.988842 0.0965992 -0.105617 -0.994016 0.027885 -0.201298 -0.955166 0.217111 -0.234984 -0.970616 0.0518445 -0.229905 -0.97175 0.0533418 -0.124012 -0.992255 0.0070915 -0.232053 -0.972668 0.00824428 -0.163401 -0.986559 -0.00105408 -0.163098 -0.986604 0.00335681 -0.0775684 -0.996986 0.00160031 -0.145261 -0.98939 -0.00248675 -0.0801365 -0.996783 -0.000910066 -0.0846684 -0.996409 -0.000229346 -0.0877043 -0.996137 -0.00427682 -0.147276 -0.989088 -0.00381975 -0.128808 -0.991669 0.000408032 -0.135003 -0.990823 -0.0065833 -0.0218761 -0.999691 -0.0117986 -0.0950478 -0.995272 -0.0199696 0.0356062 -0.999178 -0.0193553 -0.0221785 -0.999686 -0.0116364 0.0023103 -0.999994 -0.00256709 0.0640035 -0.997934 -0.00552744 -0.00388758 -0.999989 0.00261366 0.00369718 -0.99999 -0.00248565 0.540041 -0.841634 -0.00266828 0.464101 -0.885775 -0.00363865 0.463353 -0.886109 -0.0106912 0.469967 -0.882667 -0.005469 0.504774 -0.863182 0.0109548 0.454082 -0.890921 -0.00827082 0.514571 -0.857415 -0.00754682 0.508462 -0.861063 -0.00613415 0.514728 -0.857319 -0.00767204 0.44945 -0.893297 -0.00393659 0.546526 -0.837271 -0.0169349 0.516448 -0.856296 -0.00623727 0.561755 -0.827268 -0.00765998 0.596343 -0.802704 -0.00639201 0.631246 -0.775461 -0.0137621 0.602831 -0.797496 -0.02441 -0.0910028 -0.995707 -0.0169064 -0.0994682 -0.994774 -0.0230496 0.030778 -0.999448 -0.0125175 -0.0908713 -0.995709 -0.0174788 0.0162766 -0.999849 -0.00607813 -0.106919 -0.9942 -0.0116361 0.0384636 -0.999185 -0.0122748 0.025473 -0.999672 0.00277226 0.067568 -0.997602 0.0149663 -0.091627 -0.995762 0.00791751 -0.073301 -0.99731 -0.000648089 -0.0726449 -0.997358 0.000542452 -0.165112 -0.986202 -0.011962 -0.194847 -0.980775 -0.0107205 -0.25137 -0.967787 -0.0141776 -0.198552 -0.980088 -0.00199381 -0.342274 -0.939592 0.003874 -0.299743 -0.953994 0.00707727 -0.432597 -0.901571 0.00545199 -0.328311 -0.944555 -0.00521785 0.0736015 -0.997232 0.0105523 -0.0604603 -0.998155 -0.00561078 0.0804353 -0.996485 -0.0234177 0.0522125 -0.998625 -0.00464742 0.196966 -0.980408 0.00226527 0.153226 -0.987692 -0.0314133 0.230736 -0.972819 -0.0196171 0.197256 -0.980292 -0.0108252 0.246801 -0.96886 0.0199773 0.305593 -0.952135 0.00716734 0.344892 -0.938553 0.0129113 0.297989 -0.954569 -0.000210604 0.39304 -0.919517 -0.00298001 0.339895 -0.940288 -0.0181466 0.423392 -0.904902 -0.0434916 0.394258 -0.918998 -0.00168005 0.425151 -0.905122 -0.000747416 0.442667 -0.895517 -0.045769 0.468995 -0.883049 -0.0163666 0.470329 -0.882336 -0.0165723 0.42738 -0.90407 0.00183504 0.508254 -0.861199 -0.00375439 0.519118 -0.854656 0.00889962 0.495946 -0.868353 -0.000452849 0.450553 -0.892743 -0.00335966 0.545946 -0.837818 0.00189634 0.454376 -0.890809 -0.000932568 0.45262 -0.891703 -0.000550479 0.361637 -0.932305 -0.00515587 0.349108 -0.937059 -0.00657013 0.291964 -0.956405 -0.00689013 0.352064 -0.935974 -0.0019483 0.22234 -0.974941 0.00744609 0.270698 -0.962657 0.00385215 0.138301 -0.990381 0.00418758 0.228614 -0.973509 -0.00392114 0.201058 -0.979573 -0.00347841 0.12396 -0.992286 -0.00147672 0.157395 -0.987481 0.0103705 0.132706 -0.991092 -0.0112283 0.250241 -0.96786 -0.0250276 0.202186 -0.979085 -0.0226588 0.329793 -0.943903 -0.0168724 0.260708 -0.9654 -0.00583029 -0.22789 0.973684 0.00235682 -0.120172 0.992736 0.00592076 -0.207944 0.978121 -0.00616796 -0.207169 0.978289 -0.00555926 -0.278072 0.960483 -0.0121815 -0.243449 0.969857 -0.0105075 -0.306963 0.951684 -0.00849308 -0.281223 0.959636 -0.00343919 -0.311699 0.950181 -0.000127354 -0.242494 0.970153 0.000464633 -0.307988 0.951374 0.00565593 -0.305551 0.952175 -0.00130802 -0.31968 0.947494 0.0077801 -0.241707 0.970349 0.000313224 -0.239119 0.970964 0.00712082 -0.242502 0.970119 0.00783541 -0.175792 0.984418 0.00425097 -0.183248 0.983067 -0.000254049 -0.0985039 0.995134 -0.00240339 -0.186463 0.982461 0.00100634 -0.183552 0.982934 -0.0122562 -0.105396 0.994428 -0.00193224 -0.216825 0.976208 0.00236951 -0.209997 0.977581 0.0153713 -0.276893 0.960756 0.0166683 -0.314721 0.948937 0.0216844 -0.331121 0.943452 0.0160726 -0.305101 0.952302 0.00587263 -0.373616 0.927545 0.00848828 -0.338104 0.941108 0.00163888 -0.412567 0.910927 0.000457978 -0.372273 0.928049 0.0117201 -0.413559 0.91047 0.00367637 -0.339157 0.940723 0.00354435 -0.361578 0.932342 -0.000488918 -0.355985 0.934479 -0.00486672 -0.432003 0.901871 -0.0014464 -0.371376 0.928472 -0.00456175 -0.499114 0.866349 -0.0180205 -0.434426 0.900707 -0.0001321 -0.526061 0.850442 0.00298113 -0.380667 0.924711 -0.00141265 -0.390571 0.920559 0.00517415 -0.378023 0.925795 0.00124316 -0.502223 0.864489 0.0207723 -0.385809 0.922533 0.00922536 -0.470041 0.882301 0.0246264 -0.482113 0.876065 0.00876069 -0.45853 0.888672 0.00356382 -0.381122 0.924511 0.00510409 -0.388675 0.920586 -0.0381223 -0.395062 0.918626 -0.007309 -0.34286 0.93413 -0.0992354 -0.365756 0.930711 0.00030922 -0.239527 0.913749 -0.32816 -0.377063 0.920524 -0.10227 -0.33926 0.87852 -0.33631 -0.360918 0.932598 0.000361923 -0.312016 0.950024 -0.0100373 -0.343805 0.938992 -0.00964113 -0.296459 0.954881 0.0177373 -0.334769 0.942168 0.0157633 -0.245737 0.969239 0.0137833 -0.278671 0.96035 0.00834996 -0.237598 0.971322 0.00897122 -0.203588 0.97903 0.00722793 -0.177132 0.984126 0.0109438 -0.213272 0.976817 0.0185469 -0.235837 0.971771 0.00656545 -0.175884 0.984378 0.00805842 -0.179411 0.980773 -0.0767872 -0.203435 0.979062 -0.0072438 -0.296948 0.954712 -0.01862 -0.228859 0.958837 -0.168092 -0.343696 0.878067 -0.332974 -0.231219 0.958431 -0.167178 -0.511377 0.852376 -0.109313 -0.420225 0.876299 -0.235606 -0.430806 0.679068 -0.594367 -0.474435 0.84466 -0.247914 -0.598246 0.796988 -0.083135 -0.51055 0.624345 -0.591213 -0.67497 0.716235 -0.177266 -0.650541 0.734762 -0.192149 -0.593161 0.805041 -0.00828873 -0.695983 0.717431 -0.0300134 -0.62931 0.777154 9.85297e-05 -0.627746 0.778269 0.0152272 -0.716395 0.697392 0.0205793 -0.725076 0.68861 -0.00905043 -0.769294 0.638525 0.0217278 -0.729299 0.684154 0.00750104 -0.782863 0.62218 0.00424728 -0.755662 0.653983 -0.0357865 -0.832268 0.551586 -0.055522 -0.779271 0.626547 -0.0132365 -0.819065 0.55396 -0.149201 -0.747676 0.647071 -0.149263 -0.788468 0.547451 -0.280385 -0.809781 0.562249 -0.167724 -0.736492 0.549977 -0.393833 -0.688049 0.668244 -0.282911 -0.51736 0.511896 -0.685785 -0.668438 0.59836 -0.441764 -0.707262 0.706831 0.0130911 -0.767071 0.641344 0.0167295 -0.783179 0.621674 0.0123845 -0.775548 0.631289 -0.000229059 -0.702208 0.711971 -0.00141932 -0.791338 0.610692 -0.0289763 -0.750446 0.660921 0.00361012 -0.752503 0.658561 0.00607203 -0.703946 0.710245 -0.00361721 -0.754747 0.656016 -0.00041578 -0.736952 0.675945 0.000823014 -0.736227 0.676731 0.00225418 -0.751197 0.660074 0.00225735 -0.763148 0.646222 0.00127633 -0.777182 0.629274 0.00176691 -0.764266 0.644901 0.000293248 -0.750422 0.660958 0.00135609 -0.781423 0.623958 0.0074644 -0.789928 0.613147 0.00805559 -0.786012 0.618183 0.00593511 -0.746311 0.66559 0.00317351 -0.790251 0.612742 0.0071002 -0.745725 0.666067 0.0157529 -0.74643 0.665456 0.00323878 -0.762692 0.646313 0.0240691 -0.795347 0.606086 0.00912523 -0.850882 0.524785 0.0245174 -0.796346 0.604743 0.0109186 -0.772876 0.63124 0.0647987 -0.84874 0.528353 0.0219915 -0.851223 0.495253 0.173621 -0.825918 0.559327 0.0708083 -0.717744 0.680591 0.147104 -0.796775 0.520585 0.306823 -0.703293 0.58862 0.39863 -0.748079 0.577711 0.326538 -0.717005 0.496488 0.489289 -0.807313 0.410813 0.423649 -0.780282 0.406949 0.474925 -0.779611 0.421356 0.46332 -0.677136 0.504138 0.536034 -0.771565 0.412147 0.484584 -0.703786 0.52873 0.474478 -0.681858 0.539792 0.493655 -0.643065 0.528181 0.55452 -0.656724 0.591845 0.467368 -0.621882 0.568195 0.538905 -0.659509 0.53989 0.523036 -0.676576 0.618167 0.400145 -0.747618 0.584172 0.315926 -0.721399 0.692248 0.0193726 -0.663541 0.712192 0.229119 -0.66435 0.718199 -0.206952 -0.716714 0.695222 -0.0546556 -0.727265 0.659827 -0.188982 -0.741853 0.660163 -0.117638 -0.672435 0.702834 -0.232069 -0.718128 0.67435 -0.171883 -0.668921 0.703621 -0.239714 -0.671175 0.699912 -0.244229 -0.646319 0.757118 -0.0951006 -0.710925 0.702793 0.0258237 -0.640744 0.750232 0.163091 -0.665481 0.742862 0.0727413 -0.60239 0.680962 0.416434 -0.722866 0.671349 0.16357 -0.652261 0.647794 0.393595 -0.642602 0.632467 0.43249 -0.683874 0.553245 0.475643 -0.786992 0.607418 0.108105 -0.822438 0.558307 0.109033 -0.78608 0.610075 0.0994344 -0.740778 0.659585 0.127262 -0.821885 0.564613 0.0756187 -0.786806 0.597849 0.153338 -0.775048 0.583978 0.241393 -0.757847 0.635876 -0.146045 -0.802435 0.586582 0.109636 -0.76598 0.61652 -0.182148 -0.765513 0.638234 -0.0815294 -0.759363 0.611195 0.223179 -0.729389 0.566235 0.383887 -0.553328 0.448782 0.701729 -0.748334 0.562371 0.351761 -0.162892 0.98664 0.0026411 -0.0950686 0.995453 -0.00598204 -0.180241 0.98362 -0.00234617 -0.166942 0.985947 0.00619856 -0.273116 0.961947 0.00813695 -0.272701 0.962096 0.00229587 -0.333109 0.942881 0.00369913 -0.275215 0.961377 0.00347547 -0.255045 0.966929 0.000876933 -0.322553 0.946551 -0.00130532 -0.325705 0.94545 -0.00633331 -0.326289 0.945251 -0.00609412 -0.393455 0.919322 -0.00637757 -0.386344 0.922355 0.00018199 -0.488195 0.872725 0.00422546 -0.383531 0.923525 -0.00230362 -0.462761 0.886328 0.0165767 -0.37121 0.92852 0.00734689 -0.428479 0.903542 0.00415415 -0.42821 0.903669 0.00428931 -0.502429 0.864528 0.0125276 -0.482748 0.875759 0.000836527 -0.529261 0.848454 0.00295212 -0.505041 0.863083 0.00461766 -0.543417 0.839442 -0.00592072 -0.485291 0.874353 -0.000182521 -0.554399 0.832244 0.00336006 -0.567445 0.823411 0.00123356 -0.5542 0.832365 0.00554313 -0.491896 0.870648 0.0032479 -0.526622 0.850013 -0.0121229 -0.515309 0.857004 0.000648247 -0.561184 0.827672 0.00559701 -0.645253 0.763964 -0.00271185 -0.658629 0.752459 0.00376648 -0.641157 0.76741 4.09921e-05 -0.702843 0.711327 0.00505798 -0.708355 0.705841 -0.00465781 -0.715726 0.698369 0.00414354 -0.711642 0.702532 0.00373347 -0.697694 0.71631 0.0110987 -0.713104 0.701015 0.00783879 -0.653107 0.756914 0.023081 -0.687037 0.726583 0.00752266 -0.630323 0.776312 -0.00576675 -0.687778 0.725916 -0.00280796 -0.696302 0.717618 0.0137016 -0.683434 0.730001 0.00407639 -0.592155 0.805534 0.0215974 -0.677986 0.730829 0.0788931 -0.515948 0.819405 0.249747 -0.619547 0.781642 0.0720929 -0.525944 0.759154 0.383495 -0.716958 0.681395 0.147215 -0.639514 0.641575 0.423561 -0.626957 0.69135 0.359109 -0.492027 0.753265 0.436464 -0.59563 0.638481 0.48741 -0.5499 0.706004 0.446283 -0.519931 0.693893 0.498181 -0.577321 0.643045 0.503183 -0.595895 0.609452 0.52295 -0.609802 0.595942 0.522489 -0.608535 0.612339 0.504703 -0.595605 0.776869 0.204275 -0.652821 0.667013 0.359052 -0.639697 0.766803 -0.0529254 -0.683866 0.650038 0.331327 -0.683718 0.728346 -0.045186 -0.664473 0.706002 -0.245024 -0.591223 0.732859 -0.336708 -0.595179 0.781207 -0.188353 -0.591731 0.80533 0.0360289 -0.569415 0.778965 -0.262642 -0.498305 0.843363 -0.201075 -0.504076 0.816815 -0.280571 -0.563598 0.824918 -0.0432065 -0.609034 0.789371 -0.0772756 -0.631055 0.757266 0.168282 -0.604552 0.794496 -0.0573907 -0.539955 0.826477 0.159324 -0.597649 0.748905 0.286282 -0.580767 0.757689 0.297686 -0.576268 0.753399 0.316711 -0.586625 0.659418 0.470149 -0.608799 0.683426 0.402855 -0.571885 0.599557 0.559892 -0.588246 0.660354 0.466797 -0.645196 0.762351 -0.0504299 -0.682768 0.715805 -0.146462 -0.642382 0.744578 -0.181516 -0.653184 0.757098 -0.0123696 -0.554635 0.725522 -0.407429 -0.660772 0.713401 -0.233323 -0.626052 0.665182 -0.40693 -0.606097 0.654371 -0.452156 -0.633577 0.768275 0.091286 -0.679957 0.722456 0.125363 -0.431484 0.498261 0.752035 -0.641645 0.740947 0.198215 -0.609843 0.792514 -0.00365364 -0.566325 0.824175 0.00343235 -0.656947 0.753926 0.00405811 -0.558189 0.829712 0.00187204 -0.607422 0.794348 0.00706819 -0.671596 0.740847 0.0102097 -0.638896 0.76905 0.0193304 -0.643428 0.76539 0.0133905 -0.393442 0.919291 0.0103788 -0.488369 0.872626 0.00447295 -0.395379 0.897595 0.194933 -0.441265 0.896885 0.0297211 -0.319394 0.947244 0.0267747 -0.356294 0.908854 0.216883 -0.258013 0.965367 0.0386896 -0.307393 0.950927 0.035318 -0.250899 0.966962 0.0450971 -0.369594 0.907714 0.198633 -0.30336 0.925442 0.226999 -0.314264 0.925208 0.212667 -0.202785 0.977454 0.0588399 -0.212745 0.938516 0.271895 -0.112082 0.95164 0.286041 -0.157851 0.95508 0.250808 -0.28417 0.81858 0.499174 -0.283805 0.865785 0.412155 -0.351923 0.83854 0.415934 -0.323931 0.84303 0.429382 -0.286835 0.816224 0.501502 -0.430569 0.778878 0.456026 -0.391825 0.802596 0.449792 -0.417647 0.771465 0.480013 -0.326067 0.833977 0.445155 -0.472168 0.810621 0.34634 -0.403666 0.910236 0.0923237 -0.264016 0.915926 0.302283 -0.238656 0.852418 0.465217 -0.276217 0.958337 0.07276 -0.195329 0.91998 0.33983 -0.349426 0.890128 0.292531 -0.295591 0.952043 0.0789944 -0.305981 0.950582 -0.0526288 -0.213821 0.976539 -0.0255528 -0.218172 0.974505 -0.0523615 -0.193937 0.975833 0.10069 -0.217965 0.975649 -0.0244837 -0.218041 0.975734 -0.0200598 -0.22047 0.975195 -0.0196749 -0.27706 0.943881 0.179796 -0.190046 0.844651 0.500448 -0.190947 0.972033 0.136718 -0.21562 0.958313 0.18747 -0.280854 0.956809 -0.0750859 -0.192346 0.979154 -0.0652772 -0.288055 0.954181 -0.0810149 -0.288418 0.955384 -0.0636925 -0.414649 0.907975 -0.0603909 -0.378119 0.921013 -0.0935953 -0.42508 0.903719 -0.0509857 -0.415412 0.90834 -0.0484835 -0.354252 0.923025 -0.150104 -0.433636 0.900268 -0.0384366 -0.404321 0.894283 -0.191785 -0.428681 0.889981 -0.155452 -0.387544 0.91167 0.13663 -0.435438 0.892291 0.119211 -0.397247 0.76374 0.508818 -0.402072 0.901702 0.158968 -0.39575 0.76647 0.505872 -0.489178 0.844457 0.218167 -0.510812 0.744046 0.430659 -0.479715 0.798955 0.36269 -0.40163 0.788787 0.465305 -0.533807 0.83884 0.10676 -0.446767 0.893534 0.0446839 -0.417246 0.722506 0.551262 -0.488695 0.833655 0.257288 -0.570358 0.766068 0.296364 -0.606947 0.793238 -0.0488698 -0.569526 0.804851 -0.166895 0.980471 -0.138549 -0.139575 0.817264 -0.206309 -0.538067 0.824927 -0.108768 -0.554676 0.864103 -0.143337 -0.482473 0.981096 -0.134822 -0.138829 0.838371 -0.073324 -0.540146 0.930494 -0.00388229 -0.366285 0.925489 -0.0572601 -0.374422 0.996101 -0.0780872 -0.0410446 0.990823 0.0278311 -0.132267 0.999932 0.0033915 -0.0111845 0.9988 -0.025895 -0.0415655 0.995635 -0.0903449 -0.0234404 0.999957 -0.00202296 -0.00906774 0.999208 -0.038848 -0.00860002 0.999211 -0.0387585 -0.00864351 0.992778 -0.118557 -0.0183227 0.996225 -0.0866508 -0.00522907 0.985162 -0.171628 -0.000217255 0.992491 -0.12207 -0.0078334 0.985277 -0.170963 -0.000831071 0.995981 -0.0895154 -0.0030057 0.990151 -0.139993 -0.00196469 0.988484 -0.151282 0.00360435 0.993281 -0.115625 0.00490698 0.998413 -0.0563215 -9.21393e-05 0.998838 -0.0481892 -0.000777742 0.99853 -0.0541921 -0.00139432 0.99991 -0.0130497 -0.0031051 0.999674 -0.0251872 -0.00429641 0.999969 0.00511764 -0.00599386 0.999898 -0.0137479 -0.00390072 0.999889 -0.0145337 -0.00321963 0.9983 0.058233 -0.00264264 0.997534 0.0701666 -0.00184849 0.99833 0.0576801 -0.00314057 0.999909 -0.0125953 -0.00484222 0.998268 0.0588099 0.00160435 0.999296 -0.0375245 -8.86374e-06 0.999863 -0.0156785 -0.00529674 0.998518 -0.0542545 -0.00431452 0.998441 -0.0554972 -0.00600667 0.999233 -0.0389929 -0.00370246 0.998483 -0.0549069 -0.00416572 0.99909 -0.0425943 -0.00240918 0.999104 -0.0418716 -0.00608724 0.99572 -0.092333 -0.00411294 0.99803 -0.0627282 -0.000650232 0.994331 -0.106311 -0.00178169 0.996957 -0.0779411 -0.00126495 0.994503 -0.104685 -0.00224314 0.994333 -0.106296 -0.00172513 0.994853 -0.101322 0.000828176 0.996984 -0.0775874 0.00192688 0.997841 -0.0656077 -0.0028897 0.997825 -0.0658433 -0.00326005 0.992719 -0.119589 0.0143919 0.996792 -0.077499 0.0199742 0.994121 -0.104405 0.0286906 0.993338 -0.107392 0.0417858 0.990741 0.135664 0.00516529 0.980288 0.197369 0.00896073 0.995885 0.0901847 0.00890586 0.990587 0.136446 -0.0109256 0.997906 0.0597319 -0.0248073 0.999689 -0.0142697 -0.0204325 0.996089 -0.0843028 -0.0264675 0.999997 -0.000677397 0.0024327 0.997719 0.0668538 0.00930946 0.997594 -0.069302 -0.00209567 0.999199 -0.039612 -0.00573876 0.9989 -0.0431339 -0.0184039 0.997194 0.0747575 0.00394762 0.99826 -0.0576961 0.0121317 0.997705 0.0676254 -0.00329971 0.997715 0.0674856 -0.00308551 0.999889 -0.00370544 -0.0144656 0.997937 -0.0641254 -0.00325088 0.996396 -0.0842241 0.0100424 0.996946 -0.0733158 0.0268856 0.979296 -0.153666 -0.131784 0.801069 -0.140538 -0.58184 0.816144 -0.196087 -0.543562 0.85697 -0.205896 -0.472451 0.977145 -0.199761 -0.0726793 0.750646 -0.120474 -0.649628 0.808192 -0.100724 -0.580241 0.780286 -0.121992 -0.61341 0.78712 -0.0909348 -0.61006 0.780005 -0.129915 -0.612139 0.859287 -0.0508455 -0.508961 0.952209 -0.110007 -0.284951 0.821595 -0.0862366 -0.563512 0.847063 -0.0516694 -0.528975 0.923878 -0.0306568 -0.381456 0.783764 -0.0420348 -0.619635 0.97806 0.0789039 -0.1928 0.996345 0.085282 -0.00486972 0.976809 0.169606 0.130681 0.966127 0.0952356 -0.239852 0.977412 0.162862 0.134688 0.979647 0.160305 -0.120804 0.967427 0.184743 0.173073 0.97473 0.1595 0.1564 0.910928 0.128093 0.392176 0.981442 0.111501 0.156008 0.917271 0.106568 0.383741 0.943434 0.13798 0.301485 0.980414 0.154062 0.122694 0.949807 0.0989089 0.29679 0.928973 0.15627 0.335543 0.903998 0.142054 0.403247 0.927076 0.210008 0.310526 0.837441 0.172194 0.518693 0.804699 0.217486 0.552413 0.930763 0.223648 0.289243 0.969623 -0.101774 -0.222425 0.997363 -0.0581926 -0.043362 0.827674 -0.0934733 0.553371 0.997279 -0.0682738 -0.0278255 0.963439 -0.0951889 -0.250448 0.928392 -0.0618928 0.366411 0.994962 -0.0810814 0.0589585 0.976143 -0.0964441 0.194537 0.947175 -0.118045 -0.298204 0.988711 -0.147737 0.0250047 0.980044 -0.194532 -0.0408751 0.983874 -0.158689 -0.0825192 -0.228716 -0.546321 0.805744 -0.355078 -0.589224 0.725765 -0.417864 -0.750143 0.512518 -0.338398 -0.632836 0.696424 -0.251793 -0.664805 0.703302 -0.408041 -0.842239 0.35233 -0.386958 -0.899319 0.203691 -0.38839 -0.84714 0.36264 -0.244615 -0.672454 0.698548 -0.331373 -0.931463 0.150233 -0.294498 -0.91449 0.277449 -0.296576 -0.91304 0.28 -0.824422 -0.565924 -0.00760905 -0.817291 -0.574254 -0.0476158 -0.776216 -0.630185 -0.0188522 -0.812366 -0.582715 -0.0224415 0.769244 -0.0626872 0.635873 0.718883 -0.0479255 0.693477 0 0 1 0.718598 -0.0480479 0.693764 0.523717 -0.0820358 0.847933 0.733815 -0.0527296 0.6773 0.244892 0.0193308 0.969358 0.540577 -0.0388441 0.840397 0.289265 0.0460628 0.95614 0.614421 -0.0693896 0.785921 0.938221 0.0220231 0.345335 0.574353 0.0134819 0.818497 0.345484 -0.0162033 0.938285 0.943143 0.0342955 0.330614 0.69381 0.0680222 0.716938 0.695525 0.0741344 0.714667 0.398437 -0.791941 0.462685 0.494005 -0.712245 0.498665 0.437774 -0.738103 0.51338 0.43931 -0.739429 0.510149 0.323831 -0.810481 0.488113 0.376265 -0.758068 0.532689 0.373805 -0.794592 0.478428 0.318815 -0.801163 0.506453 0.272858 0.0646279 -0.959881 0 0 1 0.828107 -0.0248708 -0.560018 0.623337 -0.154547 -0.766529 0.694009 -0.482789 0.534103 0.740794 -0.419206 0.524871 0.820959 -0.498439 -0.278541 0.659592 -0.400467 0.636054 -0.625522 -0.0788176 0.776215 -0.599016 -0.0666802 0.797956 0 0 1 -0.60307 -0.0836309 0.793292 -0.364122 0.149638 -0.919252 -0.748814 -0.0338073 -0.661917 -0.82678 0.24437 -0.506674 -0.488913 0.144507 -0.86028 0.547178 -0.820762 -0.16415 0.430675 -0.521344 0.736695 0.647927 -0.721815 0.243255 0.636278 -0.770231 -0.043534 -0.869003 -0.120324 -0.479954 -0.942368 -0.196324 -0.270924 0 0 1 -0.935924 -0.16799 -0.309557 0.242734 0.010427 0.970037 0.561885 -0.0332477 0.826547 0.363919 -0.0606133 0.929456 0.552232 -0.0301071 0.833147 0.597719 -0.0890135 0.796749 0.574445 -0.113764 0.810599 0.759477 -0.142872 0.634651 0.601328 -0.113121 0.790954 0.772827 -0.155569 0.615253 0.53211 -0.0893051 0.841952 0.835542 -0.172025 0.521802 0.802346 -0.134659 0.58147 0.8295 -0.301636 0.470049 0.59211 -0.317292 0.740764 0.701811 -0.312763 0.640032 0.749385 -0.348102 0.563248 0.667503 -0.359427 0.652113 0.654658 -0.296155 0.695497 0.768474 -0.456584 0.448307 0.779273 -0.352529 0.518129 -0.362032 -0.768495 0.527587 -0.412008 -0.785382 0.461979 -0.343879 -0.795345 0.499173 -0.364779 -0.782997 0.503837 -0.272776 -0.772014 0.574097 -0.242046 -0.786811 0.567752 -0.203682 -0.797758 0.567535 -0.253946 -0.797924 0.546652 0.910454 0.38722 0.14538 0.993908 -0.0766072 0.0792359 0.87771 0.230087 0.420339 0.998486 -0.0544706 0.00771209 -0.728079 -0.509287 0.458832 -0.763317 -0.452106 0.461462 -0.727558 -0.452198 0.515922 -0.762072 -0.473649 0.441478 -0.709341 -0.566002 0.420092 -0.716521 -0.494331 0.492173 -0.653085 -0.57688 0.490601 -0.697619 -0.499924 0.513228 -0.652813 -0.573611 0.494779 -0.720986 -0.513491 0.465302 -0.680518 -0.604231 0.414489 -0.678966 -0.569085 0.46384 -0.73516 -0.586684 0.339622 -0.76996 -0.506189 0.388502 -0.802052 -0.539085 0.257099 -0.765237 -0.54968 0.335058 -0.738283 -0.653139 0.168364 -0.792274 -0.594205 0.138648 -0.765856 -0.642266 0.0309683 -0.771584 -0.622617 0.130409 -0.700899 -0.698274 0.145442 -0.725229 -0.688355 0.0145079 -0.665771 -0.74615 0.00308827 -0.710935 -0.703028 0.0179653 -0.665365 -0.746518 -0.000702051 -0.73123 -0.682131 0.000560923 -0.712411 -0.70175 -0.00421813 -0.713159 -0.700982 -0.00534772 -0.644639 -0.764474 -0.00443528 -0.697496 -0.716548 -0.00762062 -0.622876 -0.782314 -0.00321052 -0.648586 -0.761141 0.000597901 -0.637731 -0.770224 0.00744728 -0.714923 -0.699175 0.0062989 -0.629574 -0.776921 -0.00554936 -0.646625 -0.762805 0.00206243 -0.62761 -0.778528 -0.000148725 -0.71663 -0.697452 0.00150812 -0.67583 -0.737044 -0.0044607 -0.677884 -0.735082 -0.0112813 -0.712851 -0.701125 -0.0163541 -0.7482 -0.663377 -0.0112654 -0.759606 -0.650319 -0.0091725 -0.751836 -0.659334 -0.004516 -0.799603 -0.600526 0.00191465 -0.793008 -0.609185 -0.00561211 -0.839443 -0.543434 0.00393973 -0.793095 -0.609069 -0.00599857 -0.640322 -0.768053 0.00908414 -0.617648 -0.782879 0.0749125 -0.705873 -0.693758 0.14298 -0.630081 -0.773355 0.0701404 -0.615699 -0.72977 0.29724 -0.547053 -0.818815 0.173998 -0.499161 -0.802468 0.326931 -0.552599 -0.780655 0.291912 -0.630765 -0.654511 0.416834 -0.493042 -0.743599 0.451631 -0.591111 -0.636133 0.495906 -0.59141 -0.666908 0.453287 -0.59634 -0.634885 0.491223 -0.477711 -0.745537 0.464722 -0.596276 -0.684934 0.418713 -0.501969 -0.695471 0.514147 -0.400273 -0.786624 0.470111 -0.451409 -0.756601 0.473059 -0.36052 -0.769978 0.526459 -0.432262 -0.746309 0.506134 -0.484595 -0.791028 0.37342 -0.457723 -0.681448 0.571068 -0.446326 -0.739047 0.504582 -0.507585 -0.78857 0.347151 -0.511499 -0.754332 0.411525 -0.483901 -0.680267 0.550524 -0.545839 -0.694946 0.468092 -0.495964 -0.691266 0.52552 -0.549822 -0.786842 0.280313 -0.602871 -0.736605 0.306528 -0.616062 -0.774416 0.144038 -0.601483 -0.770649 0.210519 -0.648048 -0.754108 0.106562 -0.671258 -0.708859 0.216638 -0.680415 -0.680414 0.272163 -0.638745 -0.697493 0.32482 -0.660809 -0.651648 0.372405 -0.66437 -0.684077 0.301083 -0.662424 -0.612535 0.431272 -0.699738 -0.664038 0.263478 -0.714441 -0.616839 0.33028 -0.679261 -0.599348 0.423541 -0.738341 -0.574785 0.352811 -0.710923 -0.612487 0.345614 -0.714312 -0.616803 0.330624 -0.761376 -0.579198 0.291268 -0.815993 -0.569275 0.100406 -0.756193 -0.561336 0.336264 -0.707563 -0.602923 0.368564 -0.818059 -0.56403 0.112472 -0.749603 -0.661696 -0.0159014 -0.785338 -0.605274 0.12995 -0.750883 -0.637157 -0.173797 -0.817524 -0.563661 -0.118068 -0.74662 -0.6519 -0.132609 -0.744291 -0.649866 -0.153968 -0.730141 -0.679627 -0.0707185 -0.810344 -0.579907 -0.0839662 -0.761391 -0.635537 0.127972 -0.796892 -0.592771 -0.116559 -0.764576 -0.642687 0.0487548 -0.792668 -0.547566 0.268047 -0.713303 -0.572342 0.404503 -0.698567 -0.661801 0.272074 -0.660867 -0.726506 0.188264 -0.593751 -0.673556 0.440206 -0.578514 -0.717363 0.388215 -0.694633 -0.658571 0.289429 -0.708778 -0.692883 -0.132468 -0.667757 -0.739437 -0.0856383 -0.690595 -0.697332 -0.191851 -0.693827 -0.714684 -0.0884943 -0.70773 -0.649447 -0.278096 -0.690652 -0.694838 -0.2005 -0.671499 -0.706279 -0.224187 -0.673536 -0.697294 -0.245214 -0.618417 -0.775474 -0.127282 -0.612762 -0.788555 -0.0519979 -0.597029 -0.797541 -0.0865126 -0.608654 -0.783269 -0.126609 -0.603152 -0.756331 0.25332 -0.616426 -0.756671 0.21787 -0.590424 -0.6463 0.483421 -0.616405 -0.756682 0.217892 -0.725487 -0.687781 0.0250379 -0.692599 -0.63354 0.344868 -0.750684 -0.660454 -0.0165558 -0.737571 -0.674677 0.0282618 -0.786979 -0.616975 0.00240451 -0.842211 -0.539123 -0.00517163 -0.79432 -0.607498 -0.00115662 -0.791995 -0.61051 -0.00471745 -0.76331 -0.645993 0.00708965 -0.737981 -0.674821 3.96622e-05 -0.711991 -0.702187 0.00179257 -0.739082 -0.673605 -0.00377765 -0.677426 -0.735514 -0.01062 -0.723004 -0.690785 -0.0090202 -0.641422 -0.766919 -0.020327 -0.673666 -0.739033 -0.00197862 -0.646964 -0.761711 -0.0351396 -0.72253 -0.691336 0.00252943 -0.676868 -0.728402 -0.106202 -0.675498 -0.736337 -0.0388687 -0.71144 -0.689346 -0.136584 -0.751191 -0.659884 -0.0163127 -0.774499 -0.605926 -0.181673 -0.745223 -0.662538 -0.0754092 -0.69757 -0.675906 -0.237797 -0.761426 -0.599614 -0.24636 -0.724019 -0.627559 -0.286299 -0.710824 -0.618752 -0.334478 -0.733692 -0.568439 -0.372255 -0.771915 -0.57068 -0.280128 -0.762764 -0.466883 -0.44745 -0.750569 -0.561431 -0.348484 -0.663526 -0.641312 -0.385295 -0.56497 -0.675376 -0.473999 -0.665344 -0.689004 -0.287386 -0.651959 -0.667617 -0.359495 -0.65087 -0.736793 -0.183043 -0.553885 -0.71873 -0.420285 -0.608791 -0.788131 -0.090686 -0.628136 -0.754303 -0.190975 -0.601649 -0.793558 -0.0910123 -0.576438 -0.708058 -0.407889 -0.557751 -0.803105 -0.209608 -0.552011 -0.806903 -0.210216 -0.141799 0.989704 0.0194488 -0.185548 0.982566 0.0117039 -0.103528 0.994543 0.0128771 -0.142725 0.989744 0.00607856 -0.100994 0.994875 0.0049753 -0.0292556 0.999571 0.00166114 -0.00208085 0.999975 -0.00680798 -0.0223957 0.999717 0.00808046 -0.114459 0.993378 -0.0100112 -0.0413316 0.997919 -0.0494928 -0.143594 0.984829 -0.0974314 -0.101843 0.994335 -0.0304156 -0.117677 0.971761 -0.204532 -0.0273643 0.994978 -0.0962832 -0.0437867 0.952789 -0.300458 -0.0628255 0.973236 -0.221056 -0.14456 0.927627 -0.3444 -0.0462735 0.921352 -0.385966 -0.0904782 0.776564 -0.623508 -0.0956255 0.895549 -0.434567 -0.103864 0.994585 -0.0035066 -0.203833 0.978979 -0.00724068 -0.103857 0.994592 -0.000400812 -0.108871 0.994054 -0.00198281 0.0250614 0.999684 0.00209833 -0.0191253 0.999809 0.00403882 0.0560036 0.99843 0.000522343 0.0131119 0.99991 -0.00276891 0.0519081 0.99852 -0.0162253 -0.0253016 0.999679 0.00115602 -0.0186093 0.999468 -0.0267858 0.00717805 0.999974 -0.000327963 -0.00217207 0.998447 0.0556609 -0.0269718 0.999554 0.0128026 0.0413656 0.998413 0.0382273 0.0125069 0.999779 0.0169267 -0.0195677 0.998171 0.0571918 0.0700352 0.997092 0.0300566 0.0928991 0.990746 0.098955 0.0750248 0.990184 0.117929 0.18667 0.980329 0.0641101 0.172208 0.984528 0.0323806 0.200153 0.979497 0.0228787 0.17542 0.984024 0.0304243 0.226467 0.972365 -0.0567393 0.226873 0.973797 -0.0157627 0.197057 0.980014 -0.0272378 0.197807 0.979934 -0.0245227 0.153556 0.988115 -0.00702529 0.175325 0.984397 0.0149791 0.213537 0.97687 -0.0112449 0.175342 0.984494 -0.0051813 0.161237 0.986916 5.90869e-05 0.216802 0.976213 0.00235932 0.178047 0.984022 -0.000579991 0.177694 0.984085 -0.00118262 0.104819 0.99448 -0.00477379 0.1609 0.986968 -0.00246119 0.0498752 0.998753 -0.00221607 0.11557 0.993295 0.003036 0.0747893 0.997139 0.0109776 0.172581 0.984988 0.00388435 0.0847477 0.996348 -0.0104507 0.102511 0.994731 0.00122924 0.0961748 0.994708 -0.0361428 0.183922 0.982903 -0.00865128 0.133838 0.969565 -0.205013 0.131133 0.990203 -0.0479725 0.124045 0.976352 -0.177057 0.219545 0.975412 -0.0192626 0.222273 0.951373 -0.213271 0.206242 0.969215 -0.134487 0.106242 0.954687 -0.278002 0.180549 0.91062 -0.371718 0.0672928 0.880128 -0.469942 0.115103 0.929238 -0.351097 0.0858382 0.961791 -0.259982 0.0885155 0.873704 -0.478338 0.0169785 0.955779 -0.293595 0.0615118 0.941127 -0.33241 0.0887812 0.947708 -0.306542 0.022687 0.941459 -0.336363 0.0350561 0.990912 -0.129866 0.0452378 0.969801 -0.239664 0.164928 0.983615 -0.0728031 0.126033 0.991794 -0.0214763 0.064523 0.993492 -0.0938647 0.145856 0.983503 -0.106994 -0.14888 0.982615 -0.110916 -0.01127 0.999438 -0.0315603 -0.0531775 0.998368 -0.0208071 -0.011248 0.997488 -0.0699303 -0.034926 0.999051 -0.0260199 -0.0251995 0.999547 0.0164636 0.093183 0.993774 0.0610752 -0.0349287 0.999129 0.0228201 0.199894 -0.373705 0.905752 0.212861 -0.431111 0.876832 0.12497 -0.16925 0.977618 0.178148 -0.360807 0.915468 0.122891 -0.229747 0.965461 0.215423 -0.35587 0.909368 0.0478621 -0.164002 0.985298 0.173244 -0.377623 0.909608 0.122897 -0.228454 0.965767 0.0583647 -0.116 0.991533 0.138773 -0.483391 0.864335 0.110507 -0.219634 0.969303 0.106717 -0.514784 0.850652 0.0326355 -0.144831 0.988918 0.0776436 -0.688932 0.720655 0.119019 -0.528185 0.840747 0.0912712 -0.417261 0.904192 0.16592 -0.723099 0.670521 0.0721114 -0.203243 0.976469 0.055789 -0.390661 0.918843 0.0483868 -0.324598 0.944614 0.0198536 -0.153573 0.987938 -0.0230762 -0.188752 0.981754 0.0218344 -0.146474 0.988974 0.0171819 -0.495838 0.868245 -0.0438241 -0.358459 0.932516 -0.0109543 -0.472689 0.881161 -0.0115003 -0.496249 0.868104 0.00218112 -0.442103 0.896962 -0.0197323 -0.312756 0.949629 -0.0916406 -0.545417 0.83314 -0.0198932 -0.315307 0.948781 -0.0880198 -0.554985 0.82719 -0.0503578 -0.239026 0.969707 -0.0817759 -0.254187 0.963692 -0.0572423 -0.259471 0.964053 -0.0836623 -0.271073 0.958916 -0.0402279 -0.156145 0.986915 -0.0350031 -0.12103 0.992032 -0.0395624 -0.156262 0.986923 -0.020385 -0.085754 0.996108 -0.038207 -0.151073 0.987784 -0.00738722 -0.0448428 0.998967 -0.0280175 -0.084406 0.996037 -0.0167951 -0.0356442 0.999223 -0.00311285 -0.018896 0.999817 -0.00835248 -0.0161982 0.999834 -0.00826138 -0.0175331 0.999812 -0.00445272 -0.00863526 0.999953 -0.00605331 -0.0232328 0.999712 0 0 1 -0.00659609 -0.00629632 0.999958 0.0138549 -0.0189917 0.999724 0.0316476 -0.0454258 0.998466 0.0639204 -0.102454 0.992682 0.0158653 -0.0558104 0.998315 0.0663172 -0.109863 0.991732 0.040175 -0.0668683 0.996953 0.225411 -0.394599 0.890776 0.0802754 -0.0929778 0.992427 0.0588901 -0.10288 0.992949 0.297558 -0.415459 0.859565 0.434658 -0.622157 0.651147 0.345309 -0.603251 0.718923 0.134488 -0.134489 0.981746 0.433178 -0.638938 0.6357 0 0 1 0 0 1 0.119233 -0.152767 0.981043 0 0 1 0.242599 -0.265452 0.933103 0.26326 -0.27301 0.925289 0.0736595 -0.0943763 0.992808 0.22622 -0.24753 0.942101 0.0294964 -0.0702294 0.997095 0.0273569 -0.0651356 0.997501 0.0966056 -0.115281 0.988624 0.0330995 -0.0736967 0.996731 0.0172765 -0.0199683 0.999651 0.0969756 -0.112085 0.988955 -0.00303378 -0.0341517 0.999412 0.0490805 -0.07305 0.99612 0.173751 -0.0949838 0.980198 0.0422009 -0.0628106 0.997133 0.349248 -0.190922 0.917374 0.129066 -0.11745 0.984656 0 0 1 0.347395 -0.170896 0.922015 0.312202 -0.240657 0.919029 0.185122 -0.168461 0.968169 0.459202 -0.331383 0.824208 0.328675 -0.237189 0.914174 -0.203102 -0.337032 0.919325 -0.0783018 -0.267109 0.96048 -0.0308211 -0.11818 0.992514 -0.0701564 -0.200449 0.977189 -0.215766 -0.306043 0.927245 -0.0341022 -0.0743594 0.996648 -0.123982 -0.167616 0.978025 -0.141068 -0.166484 0.975901 -0.103362 -0.110895 0.988443 -0.0161876 -0.0352967 0.999246 -0.00459118 -0.0142644 0.999888 -0.0127584 -0.0396392 0.999133 -0.0433285 -0.0882709 0.995154 -0.0122588 -0.0135655 0.999833 -0.222028 -0.147259 0.963856 -0.0612169 -0.0677425 0.995823 -0.326995 -0.344318 0.880068 -0.318112 -0.249854 0.914537 -0.435148 -0.448746 0.780559 -0.299485 -0.331468 0.894672 -0.118438 -0.0781691 0.98988 -0.0897422 -0.139595 0.986134 -0.0164025 -0.0111677 0.999803 -0.112553 -0.0766322 0.990686 -0.150499 -0.0752494 0.985742 -0.017926 -0.00906762 0.999798 -0.145902 -0.0758432 0.986388 -0.151472 -0.0766201 0.985487 -0.303445 -0.151722 0.940692 -0.309762 -0.161022 0.93708 -0.415397 -0.208674 0.885381 -0.300391 -0.150901 0.941804 -0.0203173 0.0281012 0.999399 0 0 1 -0.0106925 0.0349562 0.999332 -0.0299982 0.0275565 0.99917 0 0 1 0 0 1 0 0 1 0 0 1 0 0 1 0 0 1 -0.0762502 -0.00686821 0.997065 0 0 1 -0.125096 0.00698642 0.99212 -0.164608 0.02162 0.986122 0 0 1 -0.131099 0.0233726 0.991094 0 0 1 0 0 1 0 0 1 0 0 1 0 0 1 -0.174072 0.0255002 0.984403 -0.493268 0.125195 0.860821 0 0 1 -0.393255 0.0680459 0.916908 -0.667452 0.148741 0.729646 -0.669683 0.150009 0.727339 -0.666605 0.14955 0.730256 -0.599214 -0.343812 0.723005 -0.610858 -0.278959 0.740969 -0.340447 -0.138625 0.929989 -0.606873 -0.346311 0.715384 0 0 1 -0.17196 -0.130761 0.976387 -0.0181622 -0.00581476 0.999818 0 0 1 0 0 1 -0.0252219 -0.0262578 0.999337 -0.0748821 -0.00598168 0.997175 -0.0586129 -0.0259557 0.997943 -0.20391 0.0132329 0.9789 -0.219701 -0.01755 0.975409 -0.451276 -0.0119619 0.892304 -0.193095 -0.00511837 0.981167 0.0948813 -0.110007 0.989392 -0.2019 -0.0199309 0.979203 0 0 1 0 0 1 0 0 1 -0.203581 -0.0193682 0.978867 0 0 1 0 0 1 -0.220579 0.00829211 0.975334 -0.478935 -0.0277235 0.877413 -0.742776 -0.0655406 0.666325 -0.526504 0.0197926 0.849943 0 0 1 0 0 1 0 0 1 0 0 1 0.189926 0.0512084 0.980462 0.531098 0.114331 0.839561 0.410587 0.0996259 0.906362 0.438729 0.118292 0.890799 0.0130889 0.0738891 0.997181 0.342663 0.10181 0.933925 0 0 1 0 0 1 0 0 1 0.382699 0.17344 0.907447 0.177444 0.00831787 0.984096 0.0541469 0.133823 0.989525 0.188159 0.064015 0.98005 0.382828 0.173499 0.907381 0.541496 0.241385 0.805305 0.416945 0.141852 0.897794 0.110917 0.0958544 0.989196 0.536927 0.241496 0.808325 0.0409218 0.0644828 0.997079 0.114433 0.0514692 0.992097 0.0414751 0.0653546 0.997 0.547772 0.260472 0.795047 0.27618 0.149286 0.949441 0.324099 0.207885 0.9229 0.0578633 0.0603145 0.996501 0.128054 0.114968 0.985081 0.0916287 0.0886079 0.991843 0.0907207 0.0945637 0.991377 0.051311 0.0568407 0.997064 0.0864054 0.0864796 0.9925 0.0271757 0.0415667 0.998766 0.0505597 0.0506031 0.997438 0.069409 0.106165 0.991923 0.0988251 0.108389 0.989184 0 0 1 0.0907039 0.124534 0.988061 0.221683 0.210486 0.95213 0.201253 0.22073 0.954346 0.395149 0.450471 0.800583 0.218683 0.249299 0.943413 0.266479 0.275564 0.923609 0.377271 0.414533 0.828148 0.458114 0.506334 0.730587 0.414551 0.428683 0.802732 0.270971 0.307101 0.912285 0.473624 0.494219 0.72899 0.376792 0.390013 0.840189 0.3947 0.447326 0.802566 0.248932 0.295105 0.922467 0.369514 0.387989 0.844348 0.150356 0.285971 0.946369 0.211298 0.221863 0.951909 0 0 1 0.189009 0.323052 0.927315 0.0643277 0.0730781 0.99525 0 0 1 0.0472131 0.0786665 0.995782 0.188772 0.322045 0.927714 0.20999 0.372891 0.903801 0.192456 0.320669 0.927433 0.109904 0.107982 0.988059 0.172759 0.141662 0.974724 0.131996 0.497127 0.857579 0.101799 0.0834751 0.991297 0.093464 0.0918294 0.991379 0.215169 0.495441 0.84157 0.0258557 0.088706 0.995722 0.0427086 0.0983393 0.994236 0.0242858 0.248565 0.968311 0.21761 0.58352 0.7824 0.209752 0.729696 0.650805 0.203935 0.587642 0.782999 0.0660051 0.180458 0.981366 0.186253 0.73654 0.650245 0.101418 0.65799 0.746166 0.132967 0.613171 0.778679 0.198423 -0.139433 0.970148 0.383938 -0.121243 0.915364 0.340339 -0.236757 0.910009 0.334084 -0.234762 0.912839 0.373672 -0.134521 0.917755 0.529421 -0.207988 0.822469 0.506795 -0.18528 0.84192 0.517024 -0.186128 0.835489 0.422901 -0.20612 0.882422 0.516513 -0.212682 0.829446 0.571742 -0.255603 0.779601 0.563782 -0.232146 0.792627 0 0 1 0 0 1 0 0 1 0 0 1 0 0 1 0.301111 0.0100373 0.953536 0.724537 -0.118477 0.678976 0.607826 -0.122264 0.784601 0.223172 -0.0680141 0.972404 0.65056 -0.0840515 0.75479 0.213031 0.0168158 0.976901 0.405518 -0.0523924 0.912584 0.18897 -0.0645453 0.979859 0.017099 0.0274492 0.999477 0 0 1 0 0 1 0.186124 -0.0547426 0.981 0 0 1 0.201476 -0.0711884 0.976903 0.181996 -0.0551956 0.981749 0.106666 0.525624 0.844004 0 0 1 -0.0387889 0.340177 0.939561 0 0.465754 0.884914 0.102274 0.569244 0.815783 -0.0542915 0.116793 0.991671 0.0664152 0.172207 0.982819 0.0599592 0.333724 0.940762 0 0 1 0.00539889 0.37536 0.926864 0.0615235 0.412377 0.908933 -0.0210261 0.124896 0.991947 0.0134743 0.569434 0.821927 0.00351698 0.378594 0.925556 -0.0541186 0.519878 0.852525 0.00977447 0.413075 0.910644 -0.0447094 0.172354 0.98402 -0.0680234 0.36632 0.927999 -0.0241924 0.364574 0.93086 -0.0352632 0.1899 0.98117 -0.0538034 0.339493 0.939068 -0.0184639 0.317043 0.948231 -0.145213 0.339825 0.92921 -0.0128165 0.220073 0.975399 -0.0479727 0.0344394 0.998255 -0.146402 0.296558 0.943726 -0.0309794 0.0561521 0.997941 -0.0307447 0.0622776 0.997585 0.00328031 0.0906813 0.995875 -0.0526761 0.272356 0.960754 -0.0975639 0.207156 0.973431 -0.0643368 0.19373 0.978943 -0.00903951 0.0519552 0.998609 -0.0960274 0.21046 0.972875 -0.0212112 0.0446931 0.998776 -0.0207793 0.0455413 0.998746 -0.0589438 0.0662364 0.996061 -0.0980851 0.212368 0.972255 -0.220986 0.355254 0.908273 -0.103915 0.20472 0.973289 -0.0504157 0.0698945 0.99628 -0.25217 0.35411 0.900565 -0.298706 0.370545 0.879472 -0.250476 0.347251 0.903703 -0.0383476 0.107959 0.993416 -0.297705 0.37303 0.878761 -0.328113 0.282541 0.901395 -0.253791 0.295692 0.920954 -0.0360371 0.0888358 0.995394 -0.328566 0.283632 0.900887 -0.18863 0.211696 0.95896 -0.177147 0.118319 0.977046 -0.0109671 0.0270351 0.999574 -0.0632381 0.0164255 0.997863 -0.0177873 0.0149359 0.99973 -0.0178999 0.00464932 0.999829 -0.017964 0.0142833 0.999737 -0.0473295 0.0948038 0.99437 -0.00404261 0.0630266 0.998004 -0.0127306 0.0255001 0.999594 -0.0215163 0.0197772 0.999573 -0.0914895 0.0857714 0.992105 -0.0959783 0.0823482 0.991971 -0.0917376 0.0843229 0.992207 -0.0277695 -0.0140066 0.999516 -0.0954114 0.0869282 0.991635 -0.0208713 -0.0122603 0.999707 -0.0152033 0.0138516 0.999788 0 0 1 -0.0147548 -0.0258715 0.999556 0 0 1 0 0 1 0 0 1 -0.00853722 -0.00331973 0.999958 -0.00596449 0.000865694 0.999982 -0.00760284 -0.0055158 0.999956 -0.00495138 0.00923333 0.999945 -0.00438267 -0.00266038 0.999987 0.000128398 -0.0149763 0.999888 -0.00609516 -0.0036999 0.999975 0.00866043 0.0119579 0.999891 0.011363 -0.00814302 0.999902 0.0432713 0.0094769 0.999018 0.0129367 0.00283328 0.999912 0 0 1 0.0436362 0.0100065 0.998997 0.0586919 0.00290849 0.998272 0.0464687 -0.00811766 0.998887 0 0 1 0.135031 0.030965 0.990357 0.627167 0.0735692 0.775403 0.060719 -0.0855585 0.994481 0 0 1 0.628937 0.0646555 0.774763 0.378425 0.0994482 0.920274 0.375004 0.0804731 0.923524 0 0 1 0.471883 0.0830667 0.87774 0 0 1 0 0 1 0.0683244 0.0199829 0.997463 0 0 1 0.0204314 0.0461924 0.998724 0.0530067 0.0518288 0.997248 0.0115947 0.00221096 0.99993 -0.00584019 0.0668553 0.997746 0.0716483 0.0140487 0.997331 0.0716092 0.0136549 0.997339 0.0116121 0.00425266 0.999924 0.0688799 0.0192478 0.997439 0.0670089 0.00314112 0.997747 0.0643654 0.0235723 0.997648 0.00684417 0.0475543 0.998845 0.0460362 0.0397843 0.998147 0.0158158 0.0506453 0.998591 0.0177427 0.0568155 0.998227 0.0204714 0.021861 0.999551 0.0308578 0.0341832 0.998939 0.0321928 0.0459941 0.998423 0.0329342 0.0351699 0.998839 0.0252923 0.0212921 0.999453 0.0905562 0.0676465 0.993591 -0.00571947 0.0258976 0.999648 0.0240866 0.017993 0.999548 0.0118607 0.0151273 0.999815 0.0212425 0.0428007 0.998858 0.0011637 0.0197347 0.999805 0.0111638 0.0224936 0.999685 0.00266304 0.0451613 0.998976 0.019839 0.0456053 0.998763 0 0 1 -0.00330028 0.0307572 0.999521 0.0221653 0.163073 0.986365 0.0250332 0.0954229 0.995122 0 0 1 0.0065077 0.129503 0.991558 0 0 1 0 0 1 0 0 1 0 0 1 0 0 1 0 0 1 0.00361941 0.0311191 0.999509 0 0 1 -0.0142161 -0.0135202 0.999808 0 0 1 0.0109116 0.0344097 0.999348 0 0 1 0.170692 -0.227358 -0.958735 0.0436225 -0.0612662 -0.997168 0.241378 -0.278556 -0.929593 0.174097 -0.244514 -0.953888 0.396643 -0.52832 -0.750701 0.483474 -0.516097 -0.707033 0.4749 -0.509987 -0.717205 0.483602 -0.517129 -0.706192 0.39746 -0.533482 -0.746607 0.473691 -0.520964 -0.71008 0.388426 -0.599074 -0.700168 0.400754 -0.537476 -0.741968 0.30668 -0.459295 -0.833664 0.384805 -0.388608 -0.837203 0.281259 -0.413836 -0.865814 0.303818 -0.458331 -0.835241 0.253466 -0.398849 -0.881292 0.276226 -0.343189 -0.897731 0.343947 -0.416043 -0.841789 0.286441 -0.389588 -0.875313 0.338181 -0.41637 -0.84396 0.369231 -0.340242 -0.864815 0.331814 -0.342314 -0.879045 0.384515 -0.354326 -0.852409 0.417304 -0.30295 -0.856784 0.424679 -0.272072 -0.863495 0.435656 -0.244462 -0.86628 0.399844 -0.259973 -0.878942 0.526525 -0.559055 -0.640492 0.507787 -0.523856 -0.683906 0.561816 -0.649346 -0.512556 0.47048 -0.561491 -0.680717 0.509063 -0.575601 -0.639952 0.533253 -0.674974 -0.509953 0.506124 -0.706287 -0.494972 0.54488 -0.676665 -0.495207 0.379145 -0.550817 -0.743538 0.432166 -0.679675 -0.592684 0.324927 -0.531382 -0.78234 0.377063 -0.552211 -0.743564 0.299561 -0.584698 -0.753917 0.418423 -0.704013 -0.573836 0.353725 -0.723466 -0.592854 0.357919 -0.683152 -0.636551 0.312913 -0.589543 -0.744664 0.328383 -0.720468 -0.610811 0.204831 -0.697832 -0.686349 0.313977 -0.696265 -0.645471 0.249478 -0.496445 -0.831446 0.169726 -0.606361 -0.776865 0.146127 -0.415553 -0.897754 0.175334 -0.485085 -0.856709 0.231782 -0.430509 -0.872318 0.147301 -0.426394 -0.892463 0.250121 -0.512769 -0.821284 0.205469 -0.408682 -0.889248 0.250646 -0.513036 -0.820957 0.197886 -0.479802 -0.85477 0.234905 -0.568916 -0.788133 0.208325 -0.546327 -0.811251 0.134464 -0.617706 -0.774828 0.129117 -0.522626 -0.842728 0.0435987 -0.610154 -0.791082 0.154124 -0.561171 -0.813224 0.0995535 -0.492834 -0.864409 0.143229 -0.414028 -0.898925 0.0871421 -0.576162 -0.812677 0.0954258 -0.488762 -0.867182 -0.00433017 -0.581652 -0.813426 0.0734003 -0.597046 -0.798842 -0.0526406 -0.602306 -0.796528 -0.00714461 -0.552689 -0.833357 -0.0285511 -0.576046 -0.816918 -0.0042929 -0.624708 -0.780847 -0.0767727 -0.547567 -0.833233 -0.0245414 -0.570943 -0.820623 -0.137066 -0.614479 -0.776935 -0.110366 -0.737829 -0.665904 -0.200701 -0.813128 -0.54639 -0.113748 -0.735993 -0.667364 -0.177141 -0.586398 -0.790417 -0.241583 -0.783443 -0.572585 -0.247074 -0.610178 -0.752753 -0.225876 -0.625395 -0.746901 -0.280359 -0.629392 -0.724752 -0.272495 -0.802021 -0.531515 -0.463824 -0.809349 -0.360307 -0.328112 -0.760822 -0.559903 -0.339088 -0.595205 -0.728527 -0.486774 -0.795064 -0.361836 -0.470755 -0.644064 -0.602969 -0.455858 -0.652783 -0.605035 -0.281527 -0.462043 -0.840987 -0.419773 -0.465874 -0.778943 -0.336833 -0.409644 -0.847783 -0.344113 -0.428143 -0.835631 -0.36678 -0.396112 -0.841765 -0.379725 -0.496177 -0.78078 -0.370585 -0.364033 -0.854487 -0.342828 -0.380625 -0.858832 -0.470185 -0.427579 -0.772077 -0.494446 -0.550277 -0.672843 -0.631272 -0.577684 -0.517472 -0.51318 -0.529167 -0.675743 -0.544764 -0.524939 -0.653966 -0.580871 -0.439669 -0.68504 -0.549629 -0.556977 -0.622643 -0.582685 -0.554503 -0.594142 -0.515371 -0.594252 -0.61746 -0.508998 -0.674486 -0.53478 -0.360566 -0.687672 -0.630158 -0.446517 -0.59169 -0.671212 -0.342186 -0.682902 -0.64541 -0.358047 -0.65642 -0.664015 -0.329401 -0.677467 -0.657673 -0.342467 -0.683828 -0.644279 -0.284618 -0.733264 -0.617509 -0.309774 -0.715382 -0.626314 -0.239937 -0.810486 -0.534361 -0.305325 -0.754605 -0.580816 -0.170356 -0.689373 -0.704091 -0.11232 -0.52392 -0.844329 -0.0837312 -0.132038 -0.987702 -0.255398 -0.402742 -0.87896 -0.141899 -0.692939 -0.706895 -0.116477 -0.14805 -0.982097 -0.11666 -0.540286 -0.833356 0.0516224 -0.429522 -0.90158 -0.112735 -0.801889 -0.586741 -0.0309916 -0.741699 -0.670017 -0.0655017 -0.744196 -0.664743 -0.0490751 -0.772903 -0.632624 0.0207049 -0.691661 -0.721925 -0.0155389 -0.726923 -0.686543 0.0356715 -0.711086 -0.702199 0.00790364 -0.74223 -0.670099 0.055384 -0.698409 -0.713553 0.0727979 -0.723165 -0.686828 0.152325 -0.664182 -0.731888 0.07468 -0.673624 -0.735291 0.116003 -0.745774 -0.656022 0.0729368 -0.722987 -0.687001 0.0865276 -0.766758 -0.636078 0.109773 -0.727462 -0.67731 0.242653 -0.69741 -0.674344 0.185226 -0.748786 -0.636404 0.283979 -0.753705 -0.592692 0.239787 -0.793243 -0.559704 0.289358 -0.775659 -0.560915 0.187482 -0.7348 -0.651858 0.173237 -0.562088 -0.808731 0.199105 -0.725703 -0.658569 0.326088 -0.733094 -0.596859 0.186927 -0.505492 -0.842339 0.280666 -0.426913 -0.859634 0.273156 -0.545264 -0.79251 0.343723 -0.748123 -0.567597 0.411477 -0.513741 -0.752833 0.3524 -0.604021 -0.714824 0.419595 -0.702914 -0.574327 0.340508 -0.761844 -0.551043 0.32764 -0.670633 -0.66551 0.25338 -0.705481 -0.661888 0.288146 -0.662294 -0.691621 -0.268277 -0.456019 -0.848572 -0.380517 -0.425124 -0.821265 -0.262849 -0.476992 -0.838683 -0.282755 -0.485026 -0.827526 -0.210319 -0.482309 -0.850379 -0.212163 -0.50996 -0.833623 -0.173454 -0.491295 -0.853547 -0.202728 -0.477089 -0.855154 -0.141816 -0.457864 -0.877638 -0.197021 -0.500762 -0.842864 -0.157603 -0.553268 -0.817958 -0.144811 -0.540083 -0.82906 -0.188709 -0.716465 -0.671615 -0.286425 -0.727997 -0.622881 -0.230382 -0.83142 -0.505633 -0.180271 -0.732824 -0.656103 -0.174352 -0.717585 -0.674294 -0.146671 -0.843078 -0.517404 -0.0614266 -0.739772 -0.670048 -0.181 -0.724753 -0.664809 -0.161226 -0.552609 -0.817698 -0.0379795 -0.562879 -0.825666 -0.102145 -0.472786 -0.875237 -0.150848 -0.570518 -0.807313 -0.361916 -0.304089 -0.881219 -0.364409 -0.323394 -0.873282 -0.348917 -0.210077 -0.913304 -0.346881 -0.305889 -0.886626 -0.46844 -0.426756 -0.773591 -0.429742 -0.314187 -0.846527 -0.572402 -0.41019 -0.710001 -0.541059 -0.355361 -0.762216 -0.651096 0.323201 -0.686742 -0.788686 0.451365 -0.417425 -0.568602 0.334636 -0.751473 -0.656676 0.302228 -0.690966 -0.466205 0.20599 -0.860361 -0.42451 0.271765 -0.863676 -0.425251 0.274176 -0.862548 -0.425514 0.274204 -0.86241 -0.475753 0.23311 -0.848127 -0.421369 0.265939 -0.867021 -0.44037 0.218892 -0.870724 -0.440224 0.218556 -0.870882 -0.589184 0.26032 -0.764916 -0.546281 0.324142 -0.77234 -0.625141 0.386744 -0.677958 -0.557056 0.349293 -0.753447 -0.595609 0.269897 -0.756575 -0.598252 0.336163 -0.727385 -0.613538 0.268646 -0.742564 -0.617658 0.274133 -0.737122 -0.594744 0.25371 -0.762831 -0.610901 0.281302 -0.740047 -0.631318 0.301675 -0.714444 -0.628905 0.273067 -0.727951 -0.649969 0.305371 -0.695908 -0.574022 0.24239 -0.782142 -0.433545 0.298732 -0.850175 -0.525457 0.362063 -0.769938 -0.652161 0.289922 -0.700451 -0.180053 0.417753 -0.890541 -0.87109 0.209271 -0.444307 -0.83914 0.301192 -0.45291 -0.622402 0.310831 -0.718331 -0.624508 0.348646 -0.698881 -0.657159 0.30707 -0.688368 -0.618155 0.347027 -0.705306 -0.625631 0.313565 -0.714327 -0.657818 0.30722 -0.687671 -0.605026 0.233431 -0.761219 -0.658285 0.291134 -0.694191 -0.611968 0.229902 -0.75673 -0.727105 0.230197 -0.646782 -0.673087 0.10692 -0.731794 -0.604208 0.191289 -0.773526 -0.717454 0.180609 -0.672786 -0.721 0.210909 -0.660058 -0.748953 0.175106 -0.639068 -0.752036 0.180069 -0.634048 -0.717765 0.170406 -0.675111 -0.710613 0.207151 -0.672396 -0.374795 0.0733085 -0.924205 -0.701129 0.175924 -0.690991 -0.530618 -0.436141 -0.726791 -0.651019 -0.500711 -0.570494 -0.734442 -0.492814 -0.466615 -0.653513 -0.51735 -0.552511 -0.531826 -0.427547 -0.731003 -0.711386 -0.426608 -0.558511 -0.682236 -0.350772 -0.641493 -0.717777 -0.429452 -0.548057 -0.829596 -0.286092 -0.479502 -0.839521 -0.312831 -0.444232 -0.849834 -0.222354 -0.47785 -0.817904 -0.284032 -0.500359 -0.723954 -0.208173 -0.657689 -0.836448 -0.214328 -0.504398 -0.422999 -0.0993982 -0.900662 -0.719435 -0.215923 -0.660144 -0.422564 -0.101022 -0.900685 -0.835599 -0.222167 -0.502409 -0.364054 -0.156247 -0.918178 -0.3905 -0.103825 -0.914729 -0.295304 -0.169287 -0.940286 -0.796366 -0.247058 -0.552054 -0.860335 -0.17036 -0.480417 -0.771641 -0.223847 -0.595368 -0.329156 -0.0329155 -0.943702 -0.843393 -0.12464 -0.522641 -0.345264 0.0629183 -0.936394 -0.295171 -0.0436214 -0.954448 -0.780756 0.142279 -0.608422 -0.990729 -0.0465514 -0.127627 -0.942498 -0.0581186 -0.329119 -0.988792 -0.0609733 -0.136279 -0.947309 -0.0731291 -0.311861 -0.993536 -0.10792 -0.0352141 -0.938703 -0.181676 -0.292968 -0.947865 -0.071778 -0.310484 -0.860481 -0.0664262 -0.505134 -0.867411 -0.131784 -0.479823 -0.74727 -0.0799893 -0.659689 -0.872226 -0.126883 -0.472359 -0.749617 -0.223479 -0.623003 -0.851389 -0.222008 -0.475237 -0.805956 -0.309224 -0.504792 -0.832271 -0.203914 -0.515503 -0.64517 -0.125426 -0.753673 -0.716652 -0.212525 -0.664262 -0.570724 -0.143686 -0.808473 -0.629598 -0.205887 -0.749144 -0.561441 -0.10663 -0.820618 -0.729711 -0.361389 -0.580448 -0.476678 -0.201488 -0.855676 -0.461093 -0.175779 -0.869767 -0.387417 -0.0297313 -0.921425 -0.411317 -0.180691 -0.893403 -0.379607 -0.0584289 -0.923301 -0.413328 -0.0590167 -0.908668 -0.403769 -0.083809 -0.911014 -0.379196 -0.056529 -0.923588 -0.425501 -0.094468 -0.900014 -0.414459 -0.0755044 -0.906931 -0.452899 -0.0620313 -0.889401 -0.398033 -0.0453927 -0.916247 -0.436255 -0.021436 -0.899568 -0.400862 -0.0512936 -0.914701 -0.583692 -0.0472831 -0.810598 -0.531628 -0.0925393 -0.841907 -0.803063 -0.105182 -0.586538 -0.588691 -0.0543721 -0.806527 -0.85426 -0.185011 -0.48581 -0.555164 -0.129339 -0.821623 -0.889111 -0.314113 -0.33289 -0.848357 -0.197646 -0.491149 -0.899576 -0.288419 -0.327991 -0.545157 -0.145294 -0.825647 -0.660782 -0.291085 -0.691836 -0.655089 -0.302925 -0.692166 -0.53099 -0.287138 -0.797246 -0.446481 -0.133381 -0.884796 -0.396038 -0.158947 -0.904373 -0.443615 -0.160761 -0.881681 -0.542268 -0.256621 -0.800057 -0.39356 -0.207567 -0.895559 -0.426241 -0.309062 -0.850176 -0.433797 -0.26046 -0.862544 -0.635091 -0.424726 -0.645188 -0.49373 -0.402574 -0.770821 -0.66998 -0.546804 -0.502128 -0.619985 -0.437224 -0.651501 -0.771437 0.0235848 -0.635869 -0.942698 -0.0557973 -0.328949 -0.832947 0.0620338 -0.549865 -0.838059 0.0375415 -0.544286 -0.826759 0.0585663 -0.5595 -0.858474 -0.0781438 -0.506869 -0.772668 -0.00108034 -0.634809 -0.849173 0.0476853 -0.525958 -0.750586 0.0169015 -0.660557 -0.85714 -0.0761124 -0.50943 -0.719797 -0.108906 -0.685589 -0.712858 -0.0949427 -0.694853 -0.506241 -0.0312223 -0.861827 -0.463947 -0.081773 -0.882081 -0.442887 -0.030378 -0.896063 -0.5059 -0.0307762 -0.862043 -0.5464 0.0426498 -0.836437 -0.488586 0.0268364 -0.872103 -0.492172 0.0552708 -0.868742 -0.479682 0.0341413 -0.876778 -0.691697 0.105631 -0.714421 -0.737304 0.0539958 -0.6734 -0.882285 0.121406 -0.45479 -0.745389 0.0807642 -0.661719 -0.699829 0.144534 -0.699535 -0.885328 0.174235 -0.431087 -0.747272 0.242215 -0.618803 -0.74855 0.186592 -0.636284 -0.491744 0.131468 -0.860758 -0.492633 0.201559 -0.846574 -0.471062 0.164798 -0.866569 -0.475866 0.166479 -0.863618 -0.465094 0.0802794 -0.881614 -0.467106 0.14938 -0.871492 -0.511229 0.0812087 -0.855599 -0.515735 0.0926396 -0.851725 0.797009 0.25024 0.549688 0.855833 0.257403 0.448657 0.767136 0.304665 0.564519 0.795888 0.249422 0.55168 0.788352 0.321038 0.52482 0.818166 0.229077 0.527378 0.817607 0.363136 0.446823 0.76259 0.317326 0.563702 0.694921 0.340409 0.633409 0.456783 0.156724 0.875664 0.623354 0.307483 0.718947 0.712457 0.319608 0.624704 0.758402 0.222592 0.612601 0.56046 0.1421 0.8159 0.768413 0.168455 0.617385 0.720236 0.18261 0.669264 0.695527 0.330731 0.637856 0.839291 0.440718 0.318369 0.498803 0.269623 0.82371 0.695908 0.34481 0.629935 0.526688 0.372914 0.763895 0.799438 0.539455 0.26436 0.711806 0.537806 0.451771 0.708228 0.501451 0.496951 0.259725 0.233182 0.937107 0 0 1 0.237171 0.229352 0.944006 0.257272 0.239731 0.936131 0.534917 -0.294027 -0.792094 0.48729 -0.246729 -0.83766 0.498111 -0.344201 -0.795872 0.404739 -0.222472 -0.886957 0.700425 -0.332119 -0.631745 0.720897 -0.376832 -0.58164 0.66738 -0.407504 -0.623333 0.791221 -0.413593 -0.450455 0.688631 -0.422812 -0.589082 0.729482 -0.385004 -0.565356 0.780732 -0.50065 -0.373908 0.689512 -0.423218 -0.587758 0.603105 -0.27533 0.748637 0.619793 -0.258463 0.740981 0.264714 -0.123425 0.956396 0.626426 -0.292076 0.722691 0.61415 -0.294794 0.732063 0.444518 -0.256453 0.858275 0.580794 -0.361226 0.729517 0.483636 -0.279021 0.829605 -0.530291 -0.648761 0.545803 -0.413748 -0.507613 0.755739 -0.232162 -0.262151 0.936684 -0.362837 -0.511989 0.778599 -0.584316 -0.636487 0.503447 -0.30746 -0.284452 0.90805 -0.425974 -0.43485 0.79338 -0.480118 -0.44419 0.756427 0 0 -1 -0.819396 -0.192799 -0.539833 0 0 1 0 0 -1 -0.343833 0.730181 0.590436 -0.168689 0.358175 0.918289 -0.18653 0.541126 0.819993 -0.207339 0.521618 0.827602 -0.342585 0.724849 0.597686 -0.201182 0.613903 0.763315 -0.318583 0.917186 0.239323 -0.325017 0.754839 0.569722 -0.289671 0.932291 0.21662 -0.200308 0.615489 0.762267 -0.190357 0.843673 0.501977 -0.204689 0.834035 0.512336 -0.215038 0.887029 0.408582 -0.21955 0.6491 0.728331 -0.0896957 0.568672 0.817659 -0.203086 0.768824 0.606354 0.33918 0.33561 -0.878819 0.406195 0.407383 -0.817951 0.301461 0.415148 -0.858355 0.341313 0.33585 -0.877901 0.476916 0.471896 -0.741529 0.367408 0.505964 -0.780393 0.543607 0.680744 -0.490998 0.436406 0.530351 -0.726827 0.65317 -0.505753 -0.563545 0.598579 -0.415783 -0.68471 0.561362 -0.333896 -0.757223 0.539419 -0.417675 -0.731146 0.614711 -0.502945 -0.607599 0.573724 -0.335036 -0.74739 0.648703 -0.429637 -0.628169 0.686278 -0.435784 -0.582336 0.352434 -0.655141 0.668267 -0.0478642 -0.132827 0.989983 0.390643 -0.912546 0.12107 0.341044 -0.690173 0.63824 0.320135 -0.625066 0.711904 0.361871 -0.908587 0.208614 0.313941 -0.900227 0.301717 0.386187 -0.898391 0.209174 0.278487 -0.649564 0.707469 0.322757 -0.896899 0.302323 0.255131 -0.718902 0.646597 0.330265 -0.707373 0.624939 0.105882 0.715486 0.690557 0.178946 0.80129 0.570888 0.143282 0.727874 0.670574 0.138933 0.799148 0.584859 0.0991455 0.729733 0.676506 0.114095 0.758664 0.641414 0.0423474 0.85372 0.519007 0.0993349 0.736693 0.668892 0.763275 0.0465339 0.644395 0.900828 0.0337379 0.432864 0.561732 0.0234854 0.826986 0.649152 -0.00281814 0.760653 0.432962 0.0450869 0.900284 0 0 1 0.452597 0.0761348 0.888459 0.502874 0.0732244 0.861253 0.538482 0.102807 0.836342 0.406611 0.122643 0.905332 0.775562 0.177697 0.605746 0.423945 0.0971343 0.900464 -0.780332 -0.374478 0.500848 -0.853711 -0.311311 0.417448 -0.817298 -0.253095 0.517655 -0.774651 -0.356801 0.52212 -0.266699 -0.905206 0.330868 -0.164477 -0.765426 0.62215 -0.198816 -0.617985 0.760636 -0.203906 -0.748503 0.631004 -0.445797 0.0548188 0.893454 -0.768706 0.094851 0.63253 -0.831202 0.0305729 0.55513 -0.767225 0.0943444 0.634401 -0.595055 0.0975015 0.797749 -0.935479 0.0651333 0.347327 -0.934967 0.14214 0.325013 -0.716107 0.0498594 0.696207 -0.77914 -0.0919313 0.620072 -0.922074 0.051658 0.38355 -0.335275 -0.0450585 0.941042 -0.673239 0.0377174 0.738463 -0.220771 0.018436 0.975151 -0.847085 0.126589 0.51616 -0.265921 0.208565 0.941162 -0.705066 0.0588781 0.706693 0.325409 0.793393 0.514428 0.375036 0.779414 0.501857 0.317148 0.797769 0.512817 0.324539 0.79079 0.518966 0.32418 0.69744 0.639128 0.300124 0.717446 0.628647 0.277359 0.365462 0.888543 0.325348 0.69898 0.636848 0.396997 0.691356 0.603672 0.236976 0.382672 0.892975 0.459148 0.654286 0.60091 0.398402 0.643344 0.653746 0.486611 0.818589 0.305158 0.263298 0.467553 0.843841 0.271222 0.462704 0.844005 0.265172 0.44608 0.854808 0.326797 0.802607 0.499025 0.245215 0.785751 0.56786 0.302265 0.706581 0.639828 0.295362 0.77002 0.565536 -0.0418152 0.0405771 0.998301 -0.385594 0.130634 0.913374 -0.701979 0.407493 0.584101 -0.210242 0.204017 0.956125 -0.147192 0.0384238 0.988361 -0.728394 0.387759 0.564876 -0.481487 0.110907 0.869408 -0.425131 0.110978 0.898303 0.980836 -0.194801 0.00372679 0.996745 -0.0802659 -0.00760049 0.995779 -0.0917123 -0.00374924 0.996275 -0.0862262 0.000879712 0.998888 0.0460008 -0.0103512 0.998306 0.0579276 0.00548524 0.986676 0.162678 -0.00245359 0.99878 0.047855 -0.0121495 0.983737 0.179288 -0.0108628 0.996531 0.0826839 -0.00945753 0.980179 0.198081 -0.00359459 0.983516 0.180791 0.0032297 0.986677 0.162562 -0.0065295 0.989699 0.115676 0.0843474 0.998807 0.0488065 -0.00155428 0.99255 0.119556 0.023458 0.99851 -0.00201201 0.054524 0.99028 0.0643079 0.123326 0.992181 -0.0440252 0.116781 0.998582 -0.00214322 0.0532015 0.979626 -0.0388319 0.19704 0.975659 0.0606951 0.210727 0.929718 -0.0272091 0.367265 0.971814 -0.0151936 0.235259 0.960034 -0.132198 0.246694 0.923256 -0.128912 0.361911 0.919684 -0.205653 0.334498 0.933052 -0.144776 0.329324 0.883709 -0.235707 0.404352 0.878449 -0.153945 0.452358 0.851942 -0.246252 0.462119 0.872307 -0.222923 0.435185 0.852147 -0.246496 0.461612 0.8742 -0.146971 0.46279 0.850438 -0.16511 0.499493 0.851531 -0.166782 0.49707 0.812885 -0.286901 0.506858 0.817916 -0.198964 0.53984 0.780366 -0.336365 0.527151 0.826864 -0.304692 0.472715 0.821914 0.302286 0.482784 0.831555 0.273023 0.48371 0.828968 0.208569 0.518951 0.817464 0.294552 0.494967 0.851315 0.235362 0.4689 0.837828 0.187005 0.512906 0.863225 0.123181 0.489561 0.84634 0.184915 0.499514 0.91094 0.215472 0.351795 0.894381 0.0970708 0.436646 0.962607 0.117177 0.244249 0.921626 0.172691 0.347538 0.966856 0.0820184 0.241789 0.902313 0.0624359 0.426536 0.92623 -0.0206803 0.376391 0.91834 0.0380722 0.393958 0.865689 -0.0609637 0.496857 0.857667 0.00416536 0.514188 0.842171 -0.0934346 0.531053 0.871307 -0.0709143 0.485587 0.859534 -0.124292 0.495735 0.860641 -1.76974e-07 0.509212 0.906917 -0.0824949 0.413153 0.85326 -0.00751404 0.521432 0.885965 0.123036 0.447133 0.845819 0.0792232 0.527554 0.833304 0.165351 0.527508 0.857181 0.0711668 0.510074 0.942993 0.0656133 0.32628 0.883302 0.140222 0.447342 0.976289 0.158436 0.147504 0.920117 0.218042 0.325333 0.989614 0.114836 0.0864645 0.981117 0.192371 -0.0200792 0.993777 0.0994799 0.0501039 0.992598 0.0975787 0.0723039 0.987827 0.0712072 0.1383 0.993597 0.0921982 0.0653026 0.994122 0.036128 0.102062 0.996959 0.06239 0.0466869 0.999635 0.0267014 -0.00403932 0.98597 0.101473 -0.132537 0.985378 0.0444065 -0.164496 0.998857 0.045014 0.0160694 0.996162 0.0551209 -0.0680001 0.962718 0.0773805 -0.259204 0.997266 0.0735307 0.0073568 0.995024 0.0684984 -0.0723579 0.973526 0.0252779 0.227174 0.916459 0.0310921 0.398918 0.847627 0.0217311 0.530147 0.914795 0.0350728 0.402392 0.980307 0.0155204 0.196869 0.847564 0.0218666 0.530243 0.992573 0.0124442 0.121011 0.983805 0.0253816 0.177437 0.993272 0.0152658 0.114795 0.79256 -0.00911584 0.609726 0.749549 0.0321978 0.661166 0.722132 0.0110986 0.691666 0.99743 -0.060394 0.0385427 0.894937 -0.0752518 0.4398 0.96356 -0.102647 0.247014 0.964077 -0.0928218 0.248876 0.997416 -0.0679606 -0.0232834 0.986591 -0.124956 0.104999 0.980822 -0.153399 -0.120238 0.991789 -0.122066 0.0381479 0.975514 -0.0743878 0.206975 0.968288 -0.151438 0.198706 0.985453 -0.109962 0.129579 0.990391 -0.117973 0.0721676 0.997975 -0.00629891 0.0632957 0.996424 -0.0836226 0.0120847 0.993528 -0.016761 0.112343 0.997402 -0.00384059 0.071928 0.994779 -0.10205 0.000181129 0.985822 -0.141076 -0.0908441 0.977763 -0.203984 -0.0486842 0.991449 -0.129754 0.0138993 0.941495 -0.0373522 0.334951 0.978531 -0.1518 0.139402 0.892387 -0.116877 0.435874 0.926762 -0.194744 0.321228 0.873833 0.151237 0.462108 0.755068 0.117184 0.64509 0.939888 0.103186 0.325521 0.860138 0.133491 0.492283 0.977636 0.169202 0.124892 0.988267 0.108497 0.107499 0.973618 0.13497 -0.183987 0.990503 0.137311 -0.00707153 0.975633 0.160629 0.149459 0.955489 0.167245 -0.243042 0.93431 0.174853 -0.31063 0.943424 0.155326 -0.292958 0.732136 0.194515 -0.652794 0.780768 0.196484 -0.593123 0.69433 0.274397 -0.665291 0.802888 0.213313 -0.556659 -0.655779 -0.510512 0.556175 -0.576575 -0.508743 0.63933 -0.263454 -0.221221 0.938964 -0.571135 -0.479579 0.666189 -0.647201 -0.491223 0.582951 -0.264539 -0.252137 0.930831 -0.25537 -0.168544 0.952039 -0.233595 -0.242583 0.941588 -0.713876 -0.475259 0.514305 -0.32883 -0.18919 0.925245 -0.589165 -0.363583 0.72159 -0.629754 -0.362323 0.687119 0.238303 -0.223836 -0.945045 0.0436064 -0.0526343 -0.997661 0.105975 -0.0775301 -0.991342 0.108275 -0.0724266 -0.991479 0.392968 -0.539625 0.744567 0.51154 -0.605497 0.609671 0.603645 -0.651107 0.460079 0.551128 -0.697581 0.457864 0.420934 -0.587719 0.690942 0.601855 -0.648633 0.465882 0.587878 -0.723542 0.361782 0.429109 -0.528134 0.732762 0.883537 -0.276413 0.378098 0.826766 -0.176501 0.53414 0.454232 -0.184264 0.871619 0.805058 -0.230594 0.546542 0.529262 -0.214701 0.820844 0.874391 -0.196052 0.443852 0.814865 -0.2815 0.506707 0.510792 -0.176456 0.8414 0.567967 -0.0700235 0.820067 0.876993 -0.201847 0.436053 0 0 1 0 0 1 0 0 1 0.862676 -0.205816 0.461985 0.788529 -0.117825 0.603605 0.734001 -0.123268 0.667868 -0.0643604 -0.0378067 0.99721 -0.260782 0.0662983 0.963119 -0.603214 0.314106 0.733124 -0.199988 0.16772 0.965337 -0.539469 0.318428 -0.779472 -0.44101 0.326912 -0.835846 -0.655837 0.418827 -0.628062 -0.611144 0.412782 -0.675362 -0.805861 -0.259027 -0.532441 0 0 -1 -0.213878 -0.0167751 -0.976716 0 0 -1 -0.733375 -0.21662 -0.644389 -0.563663 -0.184053 -0.805238 -0.653154 -0.174111 -0.736937 -0.718322 -0.200276 -0.66626 -0.756742 -0.148057 -0.636726 -0.600411 -0.10352 -0.792963 -0.763893 -0.0736263 -0.64113 -0.638703 -0.124962 -0.759239 -0.466529 0.351895 0.811493 -0.666627 0.497913 0.554699 -0.310891 0.284741 0.90679 -0.441824 0.404661 0.80065 -0.310668 0.291251 0.904797 -0.644725 0.526306 0.554375 -0.431819 0.370495 0.822353 -0.424988 0.346929 0.836078 -0.0673378 0.646865 0.759626 0.00714432 0.769069 0.639126 -0.0417208 0.836788 0.545935 -0.043339 0.845734 0.531842 0.644952 -0.554053 0.526366 0.326215 -0.33797 0.882814 0 0 1 0 0 1 0.628202 -0.531059 0.568629 0.42504 -0.44919 0.785856 0 0 1 0.502519 -0.502517 0.703528 -0.68516 0.0404631 -0.727268 -0.979009 0.00647936 -0.203714 -0.903899 -0.0485136 -0.424985 -0.984745 -0.0197348 -0.17288 -0.294809 0.121153 -0.947845 -0.667514 0.0123449 -0.744495 -0.717252 -0.064534 -0.693819 -0.526534 -0.0473743 -0.848833 -0.640734 0.437493 0.63092 -0.766148 0.537808 0.351823 -0.796429 0.505934 0.331256 -0.763455 0.521287 0.381309 0.464789 -0.395479 0.792192 0.182615 -0.170586 0.968273 0.34901 -0.330853 0.876772 0.340841 -0.31839 0.884565 -0.093857 0.823122 -0.560055 -0.0783954 0.603659 -0.793379 0.0174969 0.610628 -0.791724 0.0286122 0.998542 0.0457802 0.0236163 0.312685 0.949563 0.0752664 0.186917 0.979488 0.17112 0.839772 0.515267 0.0940628 0.461613 0.88208 -0.37556 0.705598 0.600905 -0.281522 0.488576 0.825857 -0.158157 0.342431 0.926136 -0.282087 0.492403 0.823387 -0.394054 0.788106 0.472875 -0.161046 0.354302 0.921159 -0.34799 0.713953 0.607597 -0.37305 0.820709 0.432747 -0.543031 -0.246324 0.802771 -0.42467 -0.19631 0.883809 -0.90904 -0.349808 0.226453 -0.554848 -0.256486 0.791428 0.767042 -0.640332 0.0402774 0.605982 -0.506998 0.612976 0.707355 -0.585995 0.395296 0.70867 -0.615298 0.345247 0.761345 -0.647811 0.0263794 0.672212 -0.637241 0.376902 0.765228 -0.643377 0.0221774 0.764397 -0.642677 0.051608 0.672173 0.185625 0.716747 0.202832 0.0996256 0.974132 0.37139 0.0364105 0.927763 0.421897 0.11651 0.899127 0.900094 0.156867 0.406477 0 0 1 0.920923 0.170111 0.350661 0.919399 0.172172 0.353642 -0.045632 -0.152983 0.987175 0.0812833 -0.606484 0.79093 0.174505 -0.772318 0.610797 0.0724666 -0.601163 0.795834 -0.0022998 0.287427 0.9578 -0.0255285 0.0131511 0.999588 -0.60762 0.661764 0.439166 -0.215361 0.110944 0.970212 0.716615 -0.632979 0.292919 0.65594 -0.576026 0.487788 0.363392 -0.468589 0.805215 0.669834 -0.570447 0.475302 0 0 1 0.104431 -0.797348 0.594416 0.209029 -0.963151 0.169252 0.123058 -0.813633 0.568206 0.841086 0.181063 0.509697 0.791668 0.15046 0.592134 0.74691 0.181232 0.63975 0.788097 0.149781 0.59705 0.0452389 -0.597989 0.800227 0.0432861 -0.732824 0.67904 0.106816 -0.813944 0.571039 0.0540553 -0.714527 0.697516 -0.37318 0.462932 0.804009 -0.303785 0.426592 0.8519 -0.603512 0.768108 0.21397 -0.382328 0.4866 0.785523 -0.604333 0.789821 0.104712 -0.35609 0.569743 0.740671 -0.448573 0.765212 0.461771 -0.406341 0.650146 0.642026 -0.365779 -0.13586 0.920732 -0.763556 -0.438106 0.47439 -0.893727 -0.424643 -0.144674 -0.60894 -0.226177 0.760287 -0.872921 -0.377479 -0.309062 -0.818568 -0.427887 0.383221 -0.909259 -0.374403 -0.181852 -0.902772 -0.390388 -0.180554 0.43813 -0.680919 0.586848 0.4491 -0.661747 0.600332 0.393334 -0.532701 0.749345 0.447299 -0.659766 0.603849 0.849207 -0.470183 0.240365 0.881134 -0.465043 0.0856566 0.750857 -0.373182 0.544931 0.851067 -0.466872 0.240241 0.719276 0.650773 0.24318 0.58894 0.566799 0.576098 0.364278 0.302231 0.880885 0.58792 0.577842 0.566082 0.861679 -0.482684 0.156608 0.857573 -0.434214 0.27573 0.453662 -0.22454 0.862423 0.868754 -0.429989 0.245713 0.755517 -0.357875 -0.548743 0.802887 -0.293529 0.518857 0.930011 -0.365363 0.0398779 0.767021 -0.363324 0.528842 -0.703821 0.069155 -0.707003 -0.656856 0.210761 -0.723962 -0.980347 0.0472688 -0.191533 -0.957826 -1.17473e-06 -0.28735 -0.878958 -0.036548 0.475496 -0.99038 0.0916996 -0.103623 -0.205309 -0.104902 0.973059 -0.992099 0.0918588 0.0854488 0 0 1 -0.99095 -0.0955108 -0.0943194 -0.922049 -0.158975 -0.352919 -0.966245 -0.0551068 -0.251661 0 0 -1 -0.664592 -0.0220068 -0.746883 0 0 -1 0 0 -1 -0.777691 0.576486 -0.250719 -0.78054 0.581252 0.230008 -0.814625 0.57944 -0.0252265 -0.776351 0.578133 -0.251079 0.129864 0.983746 0.124013 0 0 1 0.115907 0.909131 0.400059 0.144914 0.975969 0.162742 -0.677968 0.616334 0.400615 -0.52059 0.448286 0.726654 -0.420513 0.474343 0.773413 -0.541393 0.492175 0.681658 -0.768285 0.00508473 -0.640087 -0.633777 0.0374286 -0.77261 -0.907412 0.0711128 -0.414181 -0.641707 0.0502898 -0.765299 0.624975 0.697648 0.350277 0.707876 0.684014 0.17617 0.363339 0.423896 0.829637 0.634745 0.613349 0.470002 -0.852111 -0.289551 0.435968 -0.958253 -0.171799 -0.228553 -0.763316 -0.214746 0.609289 -0.978795 -0.175481 -0.105675 0 0 1 -0.644877 -0.337094 0.685931 -0.522438 -0.131525 0.842472 -0.557564 -0.152063 0.816088 0 0 1 -0.511557 -0.223535 0.829664 -0.775057 -0.0993686 0.624029 -0.628825 -0.228663 0.743164 0 0 -1 0 0 -1 0.732242 0.0266599 -0.680522 0 0 -1 0.261083 0.496569 0.827802 0.515246 0.699717 0.494892 0.51249 0.782711 0.353153 0.495552 0.736748 0.460033 0.495171 -0.541593 0.679325 0.587731 -0.718339 0.372238 0.625315 -0.757956 0.1857 0.56546 -0.73096 0.382038 -0.10524 0.994446 -0.00109604 -0.177395 0.984128 -0.00479815 -0.0812506 0.996573 -0.0155274 -0.0813563 0.996545 -0.0167392 -0.02709 0.999627 -0.00338073 -0.0232537 0.999687 -0.00920714 0.039671 0.999197 0.00568811 -0.0225444 0.999702 -0.00937978 0.0419698 0.99911 0.00418657 -0.0458436 0.998947 0.00172813 -0.120046 0.992579 0.0194014 -0.045974 0.998941 -0.00196971 0.0550099 0.998079 0.0285084 -0.120676 0.992379 0.0249159 -0.0060574 0.966113 0.258049 -0.0314846 0.997262 0.066911 0.129055 0.990376 0.0499922 0.0253377 0.96058 0.276847 0.202367 0.96502 0.166687 0.155852 0.978092 0.13801 0.221913 0.946257 0.235272 0.056011 0.940675 0.334654 0.151672 0.927526 0.3416 0.160538 0.919693 0.358319 0.132965 0.883971 0.448237 0.0401066 0.893808 0.446653 0.07314 0.880815 0.467778 0.0730259 0.88145 0.466597 0.115224 0.892062 0.436978 0.156696 0.860688 0.484421 0.179023 0.841848 0.509159 0.144696 0.854366 0.49912 0.205568 0.817232 0.538399 0.195787 0.832267 0.518652 0.250238 0.801571 0.543014 0.210201 0.831439 0.514321 0.203578 0.978756 0.0243325 0.164866 0.986212 0.0143301 0.258997 0.965827 0.00993299 0.240708 0.970589 0.00419061 0.283516 0.95893 -0.0084482 0.215227 0.976545 -0.00610643 0.200721 0.979648 -0.000400072 0.215297 0.97653 -0.00603625 0.2994 0.954128 -0.000221921 0.205401 0.978635 0.00913216 0.288287 0.954883 0.0713397 0.262904 0.96459 0.0211678 0.0983649 0.995119 -0.00785775 0.0776992 0.996973 0.0029698 -0.0299751 0.999548 -0.00209011 0.0989871 0.995069 -0.00624794 -0.0260231 0.999659 0.0020935 0.0710618 0.997472 -0.000578706 -0.0263352 0.999577 0.0123693 -0.0326749 0.999436 0.00774361 -0.119415 0.992798 0.00960666 -0.11708 0.993087 0.0083575 -0.225411 0.974216 0.00968967 -0.119021 0.992841 0.0100658 -0.138055 0.879928 0.454607 -0.205816 0.875821 0.436552 -0.22556 0.828564 0.51245 -0.19545 0.873211 0.446432 -0.141829 0.881514 0.450352 -0.248842 0.836091 0.488907 -0.259028 0.863462 0.432826 -0.194845 0.840675 0.505274 -0.0966274 0.876184 0.472191 -0.0589669 0.872011 0.485921 -0.0338121 0.852588 0.521488 -0.0924984 0.86328 0.496177 -0.030572 0.877369 0.478842 -0.0727389 0.851682 0.518986 -0.0101349 0.864273 0.50292 -0.0224769 0.866463 0.498735 0.0540117 0.946507 0.318131 -0.0674004 0.910426 0.408144 -0.0224526 0.99793 0.0602704 -0.149685 0.931934 0.330292 -0.119043 0.99051 0.0686917 -0.0607912 0.910645 0.408692 -0.196413 0.927806 0.317171 0.0450673 0.942357 0.33156 -0.0310477 0.987112 -0.156992 -0.0496799 0.998749 -0.00573391 -0.163511 0.981945 -0.0951174 -0.17157 0.984267 -0.042211 -0.0311684 0.987103 -0.157025 -0.0613087 0.994014 -0.0904246 0.0132373 0.994162 -0.10708 -0.036348 0.992165 -0.11953 -0.0657367 0.991408 -0.113086 0.0199369 0.993062 -0.115892 -0.0588744 0.99823 0.00846728 0.02232 0.995247 -0.0947891 0.0833068 0.989498 0.118125 0.0325692 0.99332 -0.110703 0.116413 0.985815 -0.120904 0.0828746 0.984365 -0.155428 0.127999 0.990284 0.0543571 0.0503551 0.986048 0.158664 0.0916949 0.881207 0.463752 0.081514 0.981216 0.174846 0.0722869 0.846475 0.527498 0.0112858 0.969427 0.24512 -0.0182366 0.865277 0.500961 0.010432 0.896092 0.443747 -0.0423528 0.889842 0.454299 -0.00816641 0.974364 0.22483 -0.114991 0.981327 0.154187 -0.0324526 0.964137 0.263414 -0.00498639 0.924419 0.381347 -0.133776 0.976486 0.169054 -0.114753 0.977254 0.178345 -0.140079 0.967165 0.212061 -0.0106728 0.95283 0.303318 -0.113417 0.965872 0.232867 -0.00304796 0.98418 0.177145 -2.55689e-07 0.980581 0.196113 -0.00584373 0.955137 0.296107 0.0136089 0.988435 0.151031 0.0654198 0.976941 0.203241 0.0126013 0.915252 0.402685 0.0854574 0.950721 0.298037 0.0475837 0.959283 0.278408 0.130456 0.867455 0.480107 0.0964181 0.969969 0.223303 0.175105 0.956376 0.233846 0.167481 0.8508 0.498085 0.19414 0.869326 0.454513 0.185237 0.878194 0.440979 0.151796 0.923139 0.353232 0.193108 0.868103 0.457282 0.205537 0.939609 0.273661 0.190773 0.919773 0.342963 -0.00662128 0.787174 0.616696 0.0978828 0.727597 0.678985 0.0393421 0.849807 0.525624 0.0381972 0.86637 0.49794 0.00822748 0.772873 0.634508 0.00903443 0.884946 0.465606 -0.0336415 0.886557 0.461395 6.38992e-07 0.857494 0.514494 -0.0595403 0.95401 0.293801 -0.00751906 0.957023 0.289915 -0.0935343 0.989404 0.111047 -0.0592797 0.949835 0.307083 -0.132197 0.902794 0.409253 -0.159958 0.970409 0.180886 -0.196707 0.847154 0.493596 -0.152059 0.922494 0.3548 -0.143937 0.93559 0.322418 -0.20903 0.900224 0.381973 -0.116242 0.736976 0.665848 -0.154363 0.856347 0.49279 -0.499534 0.519609 -0.693161 -0.694745 0.662918 -0.279051 -0.476859 0.524142 -0.705607 -0.498361 0.515801 -0.69684 -0.387695 0.426296 -0.817291 -0.396787 0.463623 -0.792221 -0.390991 0.430609 -0.81345 -0.386239 0.427145 -0.817537 -0.347147 0.462942 -0.815582 -0.360752 0.48487 -0.796718 -0.253504 0.554658 -0.792521 -0.353302 0.481507 -0.802078 -0.34853 0.731308 -0.586272 -0.420272 0.673881 -0.607665 -0.409769 0.875842 -0.254933 -0.360344 0.732156 -0.578013 -0.566268 0.493296 -0.660303 -0.49545 0.429851 -0.754823 -0.517496 0.557137 -0.649458 -0.565325 0.490474 -0.663206 -0.518075 0.560872 -0.645772 -0.50948 0.502101 -0.698803 -0.487722 0.534472 -0.690266 -0.487314 0.52757 -0.695842 -0.392276 0.437688 -0.809042 -0.399825 0.375219 -0.836272 -0.382029 0.399037 -0.833561 -0.406361 0.424453 -0.809142 -0.402742 0.378934 -0.833192 -0.417091 0.361053 -0.834072 -0.414732 0.323887 -0.85035 -0.40026 0.335196 -0.852898 -0.511466 0.481232 -0.711912 -0.539659 0.421449 -0.728799 -0.722337 0.513918 -0.462728 -0.548176 0.450288 -0.704801 -0.384929 0.655042 -0.650192 -0.4803 0.59203 -0.647158 -0.41669 0.564552 -0.712496 -0.474632 0.631703 -0.612924 -0.353262 0.713911 -0.604596 -0.398762 0.609638 -0.685077 -0.247703 0.659275 -0.709929 -0.302681 0.595294 -0.744318 -0.208042 0.495329 -0.843426 -0.313678 0.45174 -0.835187 -0.25788 0.555924 -0.79022 -0.242143 0.509403 -0.825757 -0.122293 0.576513 -0.807884 -0.196731 0.596086 -0.778446 -0.100045 0.56263 -0.820633 -0.117506 0.547412 -0.828572 -0.112266 0.757751 -0.642814 -0.194153 0.770178 -0.607561 -0.141034 0.928652 -0.343096 -0.158319 0.787776 -0.595268 -0.160781 0.580754 -0.798044 -0.213277 0.654611 -0.725257 -0.218541 0.639799 -0.736815 -0.219227 0.648274 -0.729164 -0.134916 0.595975 -0.791588 -0.117302 0.708071 -0.69633 -0.0815555 0.725197 -0.683695 -0.117519 0.708528 -0.695828 -0.0206133 0.835247 -0.549488 -0.110952 0.724327 -0.68047 -0.00592199 0.716098 -0.697975 -0.0173087 0.701348 -0.712609 0.00147032 0.544906 -0.838496 -0.0785033 0.552961 -0.829501 -0.0546483 0.532701 -0.844537 -0.0589969 0.57509 -0.81596 0.00103636 0.544367 -0.838847 -0.0164257 0.571953 -0.820122 0.0550902 0.639612 -0.766722 -0.00545543 0.569154 -0.822213 0.00604859 0.788155 -0.615448 -0.0490132 0.759855 -0.648242 -0.0394178 0.918262 -0.394008 -0.0138369 0.793041 -0.609011 0.138351 0.705791 -0.694779 0.0679349 0.779679 -0.622483 0.0596115 0.670043 -0.739925 0.08281 0.792076 -0.604779 0.229643 0.752644 -0.617083 0.169072 0.738173 -0.653082 0.283603 0.710689 -0.64381 0.210666 0.690447 -0.692028 0.240348 0.736338 -0.632486 0.284915 0.707559 -0.646672 0.317757 0.722369 -0.614178 0.309707 0.738741 -0.598618 0.348321 0.705199 -0.617549 0.358607 0.670839 -0.649135 0.387686 0.680804 -0.621454 0.371648 0.7104 -0.59767 0.480465 0.689523 -0.541951 0.388704 0.679364 -0.622394 0.545261 0.600345 -0.585045 0.418484 0.610003 -0.67288 0.343616 0.405584 -0.847012 0.283631 0.477487 -0.831601 0.267924 0.409857 -0.871914 0.314271 0.480757 -0.818601 0.254648 0.439683 -0.861297 0.264661 0.512733 -0.816737 0.205335 0.491821 -0.846138 0.232535 0.433391 -0.870689 0.125249 0.469065 -0.874237 0.173731 0.489792 -0.854354 0.0893914 0.508266 -0.856548 0.149374 0.530125 -0.834658 0.0864751 0.549056 -0.8313 0.0687075 0.546602 -0.834569 0.0287282 0.641136 -0.766889 0.0688951 0.546919 -0.834346 0.151807 0.677263 -0.719909 0.106844 0.752847 -0.649466 0.197414 0.845132 -0.496769 0.130012 0.748515 -0.650248 0.194015 0.677099 -0.709856 0.263253 0.82555 -0.499165 0.323461 0.793044 -0.516193 0.267514 0.801213 -0.535252 0.227098 0.553017 -0.801623 0.335453 0.738846 -0.584446 0.283637 0.505256 -0.815025 0.267369 0.567905 -0.778459 0.354215 0.540118 -0.763416 0.417084 0.760982 -0.496938 0.508919 0.737522 -0.443918 0.435231 0.706602 -0.557931 -0.513503 0.0911331 -0.853235 -0.69654 0.0993429 -0.710607 -0.351337 0.0408411 -0.935358 -0.482361 0.0305578 -0.875439 -0.28732 0.0198697 -0.957629 -0.253878 0.0156245 -0.96711 -0.204804 0.00870487 -0.978764 -0.266303 0.0255835 -0.96355 -0.318083 0.0694702 -0.945514 -0.203091 -0.00862767 -0.979122 -0.161089 -0.0161088 -0.986808 -0.16149 -0.00686039 -0.986851 -0.116483 -0.0499928 -0.991934 -0.148006 -0.0492655 -0.987759 -0.138799 -0.0331827 -0.989764 -0.138496 -0.0460998 -0.98929 -0.091024 -0.0451699 -0.994824 -0.149381 -0.0490261 -0.987564 -0.182816 -0.04225 -0.982239 -0.151074 -0.0513158 -0.98719 -0.135847 -0.067413 -0.988434 -0.167758 -0.0316525 -0.98532 -0.42243 -0.146751 -0.894437 -0.185037 -0.0349127 -0.982111 -0.415839 -0.213804 -0.883949 -0.185439 -0.0277161 -0.982265 -0.2758 -0.17289 -0.945539 -0.2721 -0.174447 -0.946324 -0.131913 -0.111411 -0.98498 -0.220361 -0.0416555 -0.974529 -0.109613 -0.0252852 -0.993653 -0.148687 -0.0440272 -0.987904 -0.107755 -0.0300932 -0.993722 -0.21533 -0.0443006 -0.975536 -0.159993 -0.0503662 -0.985832 -0.208986 -0.0385952 -0.977157 -0.0673583 0.0283394 -0.997326 -0.1643 0.0221073 -0.986163 -0.158088 0.0897235 -0.98334 -0.125388 0.0308414 -0.991628 -0.1257 0.0878624 -0.98817 -0.147963 0.0199092 -0.988792 -0.149184 0.0515212 -0.987466 -0.210556 0.0585944 -0.975824 -0.153692 0.0972605 -0.983321 -0.171561 0.0592491 -0.98339 -0.565722 0.230155 -0.791826 -0.15531 0.0974168 -0.983051 -0.167225 0.069313 -0.983479 -0.573226 0.200845 -0.794401 -0.429317 0.109241 -0.896523 -0.406853 0.168637 -0.897793 0.410055 -0.0485379 -0.910768 0.447076 -0.0613431 -0.89239 0.403954 -0.0731777 -0.911848 0.42083 -0.0577418 -0.9053 0.215195 -0.000130323 -0.976571 0.245952 -0.0661341 -0.967023 0.0920194 0.00598197 -0.995739 0.194885 -0.0124384 -0.980747 0.0827544 -0.0049026 -0.996558 0.281096 -0.0231999 -0.959399 0.147247 -0.0880852 -0.98517 0.164873 -0.0504363 -0.985025 0.0411055 -0.0297546 -0.998712 0.121157 -0.106066 -0.98695 0.083544 -0.10084 -0.991389 0.0828485 -0.104789 -0.991037 0.0224939 -0.0303508 -0.999286 0.0595705 -0.107373 -0.992433 0.0290421 -0.0730801 -0.996903 0.0255799 -0.0761912 -0.996765 0.0253965 -0.0639065 -0.997633 0.0399806 -0.0586457 -0.997478 0.0936842 -0.181725 -0.978877 0.0368761 -0.0715309 -0.996757 0.0228026 -0.0956169 -0.995157 0.0929368 -0.153551 -0.983761 0.0602941 -0.288316 -0.955635 0.0432259 -0.137506 -0.989557 0.00514574 -0.13683 -0.990581 0.0524728 -0.0375326 -0.997917 0.0783789 -0.307917 -0.948179 0.0397916 -0.156324 -0.986904 0.0144016 -0.382951 -0.923656 0.0713815 -0.378964 -0.922654 0.0272412 -0.570329 -0.820964 0.0188063 -0.393734 -0.919032 0.0594695 -0.35528 -0.932867 0.0405139 -0.550456 -0.833881 0.0683097 -0.565609 -0.821839 0.064155 -0.571665 -0.817975 0.0492179 -0.324317 -0.944667 0.0402254 -0.531505 -0.846099 -0.00148085 -0.11726 -0.9931 0.0586219 -0.328091 -0.942825 0.0266492 -0.122216 -0.992146 0.0508037 -0.520433 -0.85239 0.0354936 -0.407008 -0.912735 -0.00142061 -0.445101 -0.895479 -0.0187177 -0.0744649 -0.997048 -0.0484277 -0.300943 -0.952412 0.0137233 -0.064637 -0.997814 -0.01101 -0.0684192 -0.997596 -0.197728 -0.20881 -0.957759 0.104466 -0.16388 -0.980933 0.0958967 0.0284439 -0.994985 0.0146168 -0.0229301 -0.99963 -0.190147 -0.151909 -0.969932 0.0909479 0.026976 -0.99549 -0.0844414 -0.0671937 -0.99416 -0.0796541 -0.0972998 -0.992063 0.00706612 -0.0332815 -0.999421 -0.0305316 -0.0301341 -0.999079 -0.0181447 -0.0534325 -0.998407 -0.0143509 -0.053053 -0.998489 -0.013584 -0.0495303 -0.99868 -0.0342925 -0.035344 -0.998787 0.00724674 -0.0163435 -0.99984 -0.0142267 -0.0407167 -0.999069 0.00402854 0.0112123 -0.999929 -0.0363132 0.00185971 -0.999339 -0.0287317 0.0155124 -0.999467 -0.0285005 0.0140514 -0.999495 -0.110829 0.0128578 -0.993756 -0.111593 0.0331377 -0.993201 -0.336046 0.0950118 -0.937041 -0.115047 0.00652042 -0.993339 -0.250243 0.122375 -0.960418 -0.0953976 0.0387901 -0.994683 0.166021 0.189667 -0.967711 -0.130521 0.200797 -0.970899 0.480846 0.201555 -0.853325 0.133974 0.151187 -0.979384 0.0458769 0.132361 -0.990139 0.169736 0.135812 -0.976087 0.581126 -0.0383713 -0.812908 0.0374605 0.108079 -0.993436 0.201012 -0.0472493 -0.978449 0.287726 0.089775 -0.953496 -0.0107415 0.0895122 -0.995928 0.0730919 0.0941525 -0.992871 -0.0289458 0.136412 -0.990229 0.0632834 0.0815179 -0.994661 0 0 -1 -0.0308093 0.145193 -0.988924 -0.252226 0.152142 -0.955633 -0.222907 0.115905 -0.967925 -0.118235 0.00378663 -0.992978 -0.336298 0.102842 -0.936124 -0.236157 0.0147691 -0.971603 -0.120962 0.00756488 -0.992628 -0.297271 0.111094 -0.948308 -0.448449 0.210474 -0.868674 -0.508588 0.279214 -0.81448 -0.451722 0.208066 -0.867557 -0.0771686 0.0657024 -0.994851 -0.388385 0.352859 -0.851263 -0.0826035 0.112829 -0.990175 -0.100686 0.116383 -0.988088 -0.0946116 0.137554 -0.985965 -0.387815 0.352011 -0.851873 -0.366921 0.413396 -0.83335 -0.353875 0.387292 -0.851339 -0.0978176 0.127809 -0.986963 -0.376594 0.398114 -0.83647 -0.0681472 0.00681463 -0.997652 -0.075822 0.0801548 -0.993895 -0.178767 0.390496 -0.903081 -0.398076 0.508042 -0.763825 -0.296447 0.530882 -0.793904 -0.296029 0.569912 -0.766529 -0.113177 0.387318 -0.914973 -0.196059 0.56417 -0.802043 -0.150135 0.464063 -0.872986 -0.124978 0.457995 -0.880126 0.0444406 -0.004444 -0.999002 -0.0589091 0.261677 -0.963356 -0.0239895 0.0768085 -0.996757 -0.0636011 0.203635 -0.976979 -0.032074 0.0906468 -0.995367 -0.0843285 0.296355 -0.951348 -0.0180423 0.0817247 -0.996492 -0.0260428 0.0915217 -0.995462 0.00345964 0.110832 -0.993833 -0.0548807 0.419438 -0.906124 -0.0425762 0.523833 -0.850756 -0.0717534 0.424775 -0.902451 -0.0315556 0.106722 -0.993788 0.0257828 0.559191 -0.828638 0.0858142 0.490947 -0.866953 0.0498593 0.468354 -0.882133 0.0069924 0.0624462 -0.998024 0.0933858 0.461417 -0.882255 0.000639328 0.0846451 -0.996411 0.0148112 0.0731819 -0.997209 0.101465 0.226025 -0.968823 0.164211 0.503084 -0.848494 0.237337 0.539546 -0.807812 0.165278 0.500604 -0.849752 0.0997168 0.22731 -0.968704 0.260119 0.526628 -0.809321 0.245292 0.462396 -0.852069 0.265488 0.466374 -0.843808 0.0746903 0.127063 -0.989079 0.241016 0.379804 -0.893118 0.0216696 0.0724947 -0.997133 0.0422022 0.141186 -0.989083 0.0433396 0.0688379 -0.996686 0.292551 0.394759 -0.870965 0.15188 0.168998 -0.973844 0.245514 0.175141 -0.95344 0.0421064 0.0668791 -0.996872 0.160506 0.0851372 -0.983356 0.0452754 0.0437432 -0.998016 0.052919 0.0608175 -0.996745 0.0926008 0.0286277 -0.995292 0.122408 0.0876294 -0.988604 0.218447 0.0671014 -0.973539 0.149999 0.0682315 -0.986329 0.0923683 0.0287922 -0.995309 0.19275 0.0793644 -0.978033 0.19201 0.0638031 -0.979317 0.197674 0.0616171 -0.978329 0.183 0.060809 -0.981231 0.253875 0.086021 -0.963404 0.584141 0.145872 -0.798436 0.209709 0.121563 -0.970178 0.163656 0.0762443 -0.983567 0.598249 0.227274 -0.768404 0.051516 0.204024 -0.97761 0.0195111 0.0772716 -0.996819 0.158493 0.0635917 -0.98531 -0.331571 0.0210749 -0.943195 0.120322 -0.0403488 -0.991915 0.0684556 0.112581 -0.991282 0.191753 0.0640371 -0.979352 0.222233 0.0265852 -0.974631 0.0983186 0.0203981 -0.994946 0.197374 0.0409489 -0.979473 0.0937611 0.0339195 -0.995017 0.113432 0.149802 -0.982188 0.227112 -0.0180574 -0.973701 0.149247 0.0315782 -0.988296 0.00619432 0.0674031 -0.997707 0.000410719 0.054378 -0.99852 0.0106518 0.0637661 -0.997908 0.00578532 0.0671856 -0.997724 0.00816487 0.0718098 -0.997385 0.0109188 0.0653644 -0.997802 0.013624 0.0421139 -0.99902 0.0148724 0.068278 -0.997555 0.00240187 0.0690716 -0.997609 0.0156775 0.0436339 -0.998925 -0.0120625 0.0605848 -0.99809 0.00112894 0.0646143 -0.99791 -0.0185192 0.0888776 -0.99587 -0.0236369 0.0806266 -0.996464 -0.0336929 0.102468 -0.994166 -0.0220248 0.0881649 -0.995862 -0.0828769 0.113115 -0.990119 -0.0742102 0.0910416 -0.993078 -0.143445 0.122131 -0.982093 -0.0840607 0.103126 -0.99111 -0.194102 0.0500122 -0.979706 -0.131673 0.0319561 -0.990778 -0.341019 0.0277475 -0.939647 -0.212414 0.0696223 -0.974696 -0.375514 0.108256 -0.920473 -0.133772 0.0539679 -0.989542 -0.330029 0.0744649 -0.941029 -0.333107 0.0668214 -0.940518 -0.353293 0.10185 -0.929952 -0.20876 0.0471028 -0.976832 0.0545455 0.0623143 -0.996565 -0.354337 0.131244 -0.925862 -0.255844 0.0231085 -0.966442 0.049878 0.0646196 -0.996663 -0.185958 0.0437109 -0.981585 -0.0389749 -0.050494 -0.997964 -0.277847 0.00381793 -0.960618 -0.187888 0.0377619 -0.981464 -0.370368 0.0954291 -0.92397 -0.38044 0.0764609 -0.921639 -0.00644515 -0.0217524 -0.999743 -0.0850299 -0.0868652 -0.992585 -0.00318509 -0.0414053 -0.999137 -0.0145278 -0.0490313 -0.998692 -0.00311854 -0.0405402 -0.999173 -0.137492 -0.14046 -0.980493 -0.118467 -0.339251 -0.933206 0.148885 0.0185199 -0.988681 -0.0333586 -0.0566084 -0.997839 -0.187229 -0.219407 -0.9575 -0.0569304 -0.105559 -0.992782 -0.141183 -0.127811 -0.981698 -0.0359673 -0.0610353 -0.997487 -0.0318146 -0.0589897 -0.997751 -0.0135562 -0.0254636 -0.999584 -0.0311583 -0.0585271 -0.9978 -0.0577339 -0.0441194 -0.997357 -0.0349853 -0.0608744 -0.997532 -0.0634875 -0.064437 -0.9959 -0.0752377 -0.0732306 -0.994473 -0.0732286 -0.0948379 -0.992796 -0.0623867 -0.108553 -0.992131 -0.0741785 -0.188603 -0.979248 -0.0324346 -0.0824667 -0.996066 -0.0303616 -0.0560263 -0.997968 -0.230778 -0.383711 -0.894152 -0.218745 -0.401033 -0.889563 -0.216001 -0.398587 -0.891332 -0.0445685 -0.0547456 -0.997505 -0.331194 -0.355653 -0.873968 -0.2411 -0.198966 -0.949886 -0.25289 -0.199471 -0.946709 -0.0470328 -0.0577726 -0.997221 -0.198384 -0.106613 -0.974309 -0.0660463 -0.0451943 -0.996793 -0.069311 -0.0491534 -0.996383 0.566469 0.416713 -0.710959 0.750426 0.547362 -0.37048 0.64418 0.375161 -0.666549 0.60969 0.424115 -0.66963 0.341687 0.251356 -0.905577 0.383908 0.211078 -0.898922 0.352365 0.205243 -0.91308 0.362318 0.21104 -0.907848 0.383485 0.255331 -0.88755 0.427975 0.203706 -0.880535 0.480762 0.276004 -0.83228 0.400965 0.270074 -0.875378 0.623458 0.483049 -0.614788 0.573666 0.334666 -0.7476 0.801777 0.507076 -0.316272 0.716887 0.36012 -0.596982 0.857153 0.383928 -0.343348 0.615579 0.268287 -0.741002 0.744518 0.240645 -0.622722 0.692511 0.369157 -0.6198 0.3817 0.18069 -0.906452 0.35221 0.184221 -0.917611 0.393303 0.17895 -0.901826 0.380952 0.174318 -0.908014 0.409294 0.169001 -0.896614 0.360804 0.187845 -0.913529 0.457424 0.124287 -0.88052 0.371019 0.149079 -0.916581 0.554805 0.150746 -0.818209 0.580991 0.244445 -0.776335 0.772136 0.22893 -0.592788 0.596407 0.233321 -0.768023 0.543648 0.161683 -0.823593 0.777645 0.218179 -0.589632 0.634292 0.115996 -0.764342 0.627536 0.141339 -0.765652 0.694553 0.0965723 -0.712931 0.789846 0.215366 -0.574249 0.853522 0.125392 -0.505745 0.804473 0.140704 -0.577084 0.71059 0.0387462 -0.702538 0.857722 0.038244 -0.51269 0.793241 -0.0543615 -0.606477 0.78076 0.018337 -0.624562 0.573477 -0.0173368 -0.819039 0.722475 -0.0788182 -0.686889 0.551021 -0.0869205 -0.829952 0.604746 -0.0607192 -0.794101 0.605424 -0.150869 -0.781473 0.74757 -0.109029 -0.655174 0.744316 -0.202159 -0.636495 0.69582 -0.156204 -0.701024 0.581168 -0.183589 -0.792804 0.710877 -0.236167 -0.66248 0.585279 -0.259665 -0.768129 0.613601 -0.220443 -0.758221 0.612763 -0.292205 -0.73426 0.765089 -0.291537 -0.574147 0.7596 -0.356811 -0.543777 0.721567 -0.318585 -0.61469 0.507549 0.361657 -0.782048 0.491949 0.597325 -0.633395 0.545075 0.59641 -0.589227 0.543821 0.595543 -0.591259 0.193443 0.356165 -0.914181 0.625692 0.540778 -0.5622 0.647883 0.510972 -0.564938 0.611493 0.52593 -0.591163 0.669973 0.511008 -0.538524 0.728589 0.520821 -0.444863 0.767777 0.503241 -0.39657 0.727625 0.532859 -0.432 0.677545 0.438885 -0.59018 0.765473 0.49289 -0.413656 0.581716 0.299801 -0.756125 0.637932 0.442773 -0.630075 0.608026 0.287448 -0.740053 0.821391 0.407875 -0.398692 0.809819 0.365837 -0.458647 0.809039 0.382478 -0.446281 0.905212 0.342242 -0.251917 0.86997 0.409842 -0.274194 0.830946 0.327718 -0.449589 0.877789 0.309893 -0.365311 0.892227 0.286178 -0.349334 0.804056 0.228213 -0.54901 0.879352 0.195935 -0.433992 0.913087 0.236106 -0.332455 0.783076 0.251168 -0.568953 0.717101 0.207317 -0.665422 0.297997 0.118229 -0.947217 0.716791 0.204241 -0.666705 0.794568 0.350305 -0.495931 0.293447 0.062051 -0.953959 0.703632 0.394351 -0.591092 0.67418 0.316889 -0.66713 0.698839 0.394329 -0.596765 0.183693 0.0623631 -0.981003 0.394974 0.291164 -0.871332 0.386057 0.217838 -0.896385 0.468825 0.316222 -0.824747 0.226657 0.076949 -0.97093 0.232108 0.139598 -0.96262 0.142753 0.12943 -0.981259 0.442262 0.142743 -0.885454 0.434896 0.0795314 -0.896962 0.443869 0.0905152 -0.891509 0.419361 0.0911451 -0.903232 0.435016 0.0776814 -0.897065 0.402418 0.0159734 -0.915317 0.460587 -0.0112763 -0.887543 0.484765 0.019242 -0.874433 0.483262 -0.0470077 -0.874213 0.419693 -0.000613249 -0.907666 0.379325 -0.0525155 -0.923772 0.367756 -0.0357722 -0.929234 0.403706 -0.0978356 -0.909642 0.345112 -0.0654208 -0.936279 0.474342 -0.0683359 -0.877684 0.400529 -0.0854027 -0.912296 0.467081 -0.114831 -0.876727 0.348823 -0.0922341 -0.932639 0.435206 -0.179796 -0.882196 0.447241 -0.0973239 -0.889103 0.460134 -0.214261 -0.861608 0.440582 -0.169587 -0.881548 0.441091 -0.219009 -0.87033 0.43203 -0.206139 -0.877984 0.463556 -0.207594 -0.861406 0.431019 -0.232087 -0.871985 0.434344 -0.299236 -0.84959 0.481018 -0.259009 -0.837578 0.636849 -0.330711 -0.696458 0.625447 -0.447636 -0.639092 0.749792 -0.404012 -0.52401 0.688253 -0.313788 -0.654099 0.744198 -0.404571 -0.531499 0.579923 -0.448469 -0.680121 0.529457 -0.502939 -0.683175 0.606453 -0.52273 -0.599139 0.709762 -0.359885 -0.605574 0.406542 -0.296841 -0.864065 0.165991 -0.082655 -0.982657 0.377301 -0.327402 -0.866286 0.713085 -0.328087 -0.619571 0.159369 -0.0953367 -0.982605 0.369629 -0.0875439 -0.925046 0.372754 -0.0525744 -0.92644 0.800139 -0.285631 -0.52744 0.475197 -0.0789007 -0.876335 0.738721 -0.174867 -0.650932 0.699303 -0.187813 -0.689712 0.725136 -0.163318 -0.668959 0.49299 -0.11814 -0.861977 0.614084 -0.137599 -0.777154 0.610028 -0.117313 -0.783647 0.742249 -0.164047 -0.649734 0.672752 -0.133589 -0.727708 0.766605 -0.174098 -0.618066 0.732939 -0.170489 -0.658585 0.758017 -0.181823 -0.626379 0.776338 -0.206793 -0.595429 0.805636 -0.287173 -0.518152 0.806405 -0.208422 -0.553418 0.834634 -0.307189 -0.457188 0.887178 -0.248788 -0.388613 0.81664 -0.246028 -0.522082 0.89054 -0.261924 -0.371932 0.834295 -0.304978 -0.459282 0.763287 -0.160392 -0.625834 0.664876 -0.21813 -0.714394 0.701111 -0.275045 -0.657871 0.798761 0.106502 -0.592147 0.242798 0.135155 -0.960616 0.75508 0.141933 -0.640086 0.76384 0.17106 -0.622323 0.90248 0.103103 -0.418211 0.881533 0.165702 -0.442088 0.842934 0.104324 -0.527806 0.905492 0.136382 -0.40185 0.908701 0.0841758 -0.408873 0.799614 0.142788 -0.583291 0.792401 0.00774662 -0.609951 0.769509 0.0593584 -0.635872 0.900319 0.0610851 -0.430922 0.752968 -0.039946 -0.656843 0.898493 -0.0255982 -0.438241 0.912681 -0.00489325 -0.408642 0.894678 -0.109793 -0.433008 0.76176 -0.120048 -0.63664 0.75211 -0.187502 -0.631802 0.771076 -0.113651 -0.626518 0.932388 -0.0736445 -0.353877 0.869066 -0.151416 -0.470954 0.947144 -0.157354 -0.279567 0.906434 -0.177023 -0.383457 0.881748 -0.0754586 -0.465647 0.884991 -0.124028 -0.448785 0.693232 -0.0984216 -0.713963 0.881039 -0.0762198 -0.466863 0.860384 -0.019097 -0.509288 0.544273 -0.0386556 -0.838017 0.462302 -0.0344304 -0.886054 0.545082 -0.0592214 -0.836288 0.838146 -0.0474366 -0.543379 0.467708 -0.0890775 -0.879383 0.822718 0.0216854 -0.568036 0.807023 -0.00412899 -0.590506 0.738161 0.0838046 -0.669399 0.275217 -0.00838027 -0.961346 -0.0702388 0.166475 -0.983541 0.28246 -0.0296255 -0.958822</float_array>
                    <technique_common>
                        <accessor count="5120" source="#shape0-lib-normals-array" stride="3">
                            <param name="X" type="float"/>
                            <param name="Y" type="float"/>
                            <param name="Z" type="float"/>
                        </accessor>
                    </technique_common>
                </source>
                <source id="shape0-lib-map" name="map">
                    <float_array id="shape0-lib-map-array" count="30720">0.01326 0.09895 0.006947 0.09994 0.01064 0.07917 0.006947 0.09994 0.001953 0.1001 0.006482 0.08134 0.01064 0.07917 0.006482 0.08134 0.00922 0.06709 0.006482 0.08134 0.01064 0.07917 0.006947 0.09994 0.01326 0.09895 0.01064 0.07917 0.01472 0.07437 0.01064 0.07917 0.00922 0.06709 0.01191 0.06154 0.01472 0.07437 0.01191 0.06154 0.01947 0.05499 0.01191 0.06154 0.01472 0.07437 0.01064 0.07917 0.01947 0.05499 0.01191 0.06154 0.01205 0.04722 0.01191 0.06154 0.00922 0.06709 0.008826 0.05304 0.01205 0.04722 0.008826 0.05304 0.008421 0.03819 0.008826 0.05304 0.01205 0.04722 0.01191 0.06154 0.01947 0.05499 0.01205 0.04722 0.01831 0.04109 0.01205 0.04722 0.008421 0.03819 0.01269 0.03523 0.01831 0.04109 0.01269 0.03523 0.01733 0.03136 0.01269 0.03523 0.01831 0.04109 0.01205 0.04722 0.01733 0.03136 0.01269 0.03523 0.01399 0.02199 0.01269 0.03523 0.008421 0.03819 0.009601 0.02348 0.01399 0.02199 0.009601 0.02348 0.01168 0.009107 0.009601 0.02348 0.01399 0.02199 0.01269 0.03523 0.01733 0.03136 0.01399 0.02199 0.0204 0.01896 0.01399 0.02199 0.01168 0.009107 0.01653 0.007538 0.0204 0.01896 0.01653 0.007538 0.04588 0.002004 0.01653 0.007538 0.0204 0.01896 0.01399 0.02199 0.01733 0.03136 0.0204 0.01896 0.02489 0.02967 0.0204 0.01896 0.04588 0.002004 0.03226 0.01769 0.02489 0.02967 0.03226 0.01769 0.03612 0.02813 0.03226 0.01769 0.02489 0.02967 0.0204 0.01896 0.01733 0.03136 0.02489 0.02967 0.01831 0.04109 0.02489 0.02967 0.03612 0.02813 0.03133 0.04031 0.01831 0.04109 0.03133 0.04031 0.01947 0.05499 0.03133 0.04031 0.01831 0.04109 0.02489 0.02967 0.01947 0.05499 0.03133 0.04031 0.04514 0.05333 0.03133 0.04031 0.03612 0.02813 0.0499 0.03791 0.04514 0.05333 0.0499 0.03791 0.09166 0.05003 0.0499 0.03791 0.04514 0.05333 0.03133 0.04031 0.09166 0.05003 0.0499 0.03791 0.06918 0.03553 0.0499 0.03791 0.03612 0.02813 0.04653 0.02406 0.06918 0.03553 0.04653 0.02406 0.07218 0.02308 0.04653 0.02406 0.06918 0.03553 0.0499 0.03791 0.07218 0.02308 0.04653 0.02406 0.06696 0.01296 0.04653 0.02406 0.03612 0.02813 0.03226 0.01769 0.06696 0.01296 0.03226 0.01769 0.04588 0.002004 0.03226 0.01769 0.06696 0.01296 0.04653 0.02406 0.07218 0.02308 0.06696 0.01296 0.1283 0.0159 0.06696 0.01296 0.04588 0.002004 0.1404 0.003726 0.1283 0.0159 0.1404 0.003726 0.2198 0.007488 0.1404 0.003726 0.1283 0.0159 0.06696 0.01296 0.07218 0.02308 0.1283 0.0159 0.1057 0.03063 0.1283 0.0159 0.2198 0.007488 0.1755 0.02185 0.1057 0.03063 0.1755 0.02185 0.1721 0.03641 0.1755 0.02185 0.1057 0.03063 0.1283 0.0159 0.07218 0.02308 0.1057 0.03063 0.06918 0.03553 0.1057 0.03063 0.1721 0.03641 0.1344 0.04459 0.06918 0.03553 0.1344 0.04459 0.09166 0.05003 0.1344 0.04459 0.06918 0.03553 0.1057 0.03063 0.09166 0.05003 0.1344 0.04459 0.2047 0.05669 0.1344 0.04459 0.1721 0.03641 0.262 0.04667 0.2047 0.05669 0.262 0.04667 0.3955 0.05958 0.262 0.04667 0.2047 0.05669 0.1344 0.04459 0.3955 0.05958 0.262 0.04667 0.3773 0.03815 0.262 0.04667 0.1721 0.03641 0.2801 0.0347 0.3773 0.03815 0.2801 0.0347 0.3641 0.02333 0.2801 0.0347 0.3773 0.03815 0.262 0.04667 0.3955 0.05958 0.3773 0.03815 0.4358 0.03272 0.3773 0.03815 0.3641 0.02333 0.4215 0.02044 0.4358 0.03272 0.4215 0.02044 0.4433 0.01189 0.4215 0.02044 0.4358 0.03272 0.3773 0.03815 0.3955 0.05958 0.4358 0.03272 0.4517 0.04128 0.4358 0.03272 0.4433 0.01189 0.4525 0.02372 0.4517 0.04128 0.4525 0.02372 0.4598 0.03087 0.4525 0.02372 0.4517 0.04128 0.4358 0.03272 0.4598 0.03087 0.4525 0.02372 0.462 0.01778 0.4525 0.02372 0.4433 0.01189 0.4561 0.006178 0.462 0.01778 0.4561 0.006178 0.4671 0.005655 0.4561 0.006178 0.462 0.01778 0.4525 0.02372 0.4598 0.03087 0.462 0.01778 0.4668 0.02662 0.462 0.01778 0.4671 0.005655 0.4722 0.01338 0.4668 0.02662 0.4722 0.01338 0.4753 0.02205 0.4722 0.01338 0.4668 0.02662 0.462 0.01778 0.4598 0.03087 0.4668 0.02662 0.4644 0.04198 0.4668 0.02662 0.4753 0.02205 0.4739 0.0364 0.4644 0.04198 0.4739 0.0364 0.4734 0.05245 0.4739 0.0364 0.4644 0.04198 0.4668 0.02662 0.4598 0.03087 0.4644 0.04198 0.4517 0.04128 0.4644 0.04198 0.4734 0.05245 0.4591 0.0562 0.4517 0.04128 0.4591 0.0562 0.3955 0.05958 0.4591 0.0562 0.4517 0.04128 0.4644 0.04198 0.3955 0.05958 0.4591 0.0562 0.457 0.0744 0.4591 0.0562 0.4734 0.05245 0.473 0.06574 0.457 0.0744 0.473 0.06574 0.4723 0.08354 0.473 0.06574 0.457 0.0744 0.4591 0.0562 0.4723 0.08354 0.473 0.06574 0.4852 0.07099 0.473 0.06574 0.4734 0.05245 0.4849 0.05817 0.4852 0.07099 0.4849 0.05817 0.4958 0.06178 0.4849 0.05817 0.4852 0.07099 0.473 0.06574 0.4958 0.06178 0.4849 0.05817 0.4952 0.0482 0.4849 0.05817 0.4734 0.05245 0.4849 0.04471 0.4952 0.0482 0.4849 0.04471 0.4943 0.03638 0.4849 0.04471 0.4952 0.0482 0.4849 0.05817 0.4958 0.06178 0.4952 0.0482 0.502 0.04903 0.4952 0.0482 0.4943 0.03638 0.5013 0.03599 0.502 0.04903 0.5013 0.03599 0.506 0.0383 0.5013 0.03599 0.502 0.04903 0.4952 0.0482 0.506 0.0383 0.5013 0.03599 0.5043 0.02434 0.5013 0.03599 0.4943 0.03638 0.4966 0.02274 0.5043 0.02434 0.4966 0.02274 0.4991 0.004446 0.4966 0.02274 0.5043 0.02434 0.5013 0.03599 0.506 0.0383 0.5043 0.02434 0.5089 0.03177 0.5043 0.02434 0.4991 0.004446 0.5081 0.01865 0.5089 0.03177 0.5081 0.01865 0.5115 0.0277 0.5081 0.01865 0.5089 0.03177 0.5043 0.02434 0.5115 0.0277 0.5081 0.01865 0.5126 0.01719 0.5081 0.01865 0.4991 0.004446 0.5102 0.006651 0.5126 0.01719 0.5102 0.006651 0.5144 0.008022 0.5102 0.006651 0.5126 0.01719 0.5081 0.01865 0.5115 0.0277 0.5126 0.01719 0.5144 0.02719 0.5126 0.01719 0.5144 0.008022 0.516 0.01596 0.5144 0.02719 0.516 0.01596 0.517 0.02567 0.516 0.01596 0.5144 0.02719 0.5126 0.01719 0.517 0.02567 0.516 0.01596 0.5183 0.01625 0.516 0.01596 0.5144 0.008022 0.5171 0.007076 0.5183 0.01625 0.5171 0.007076 0.5192 0.00745 0.5171 0.007076 0.5183 0.01625 0.516 0.01596 0.5223 0.02633 0.5205 0.03579 0.5195 0.02629 0.5205 0.03579 0.5184 0.04381 0.5176 0.03492 0.5195 0.02629 0.5176 0.03492 0.517 0.02567 0.5176 0.03492 0.5195 0.02629 0.5205 0.03579 0.517 0.02567 0.5176 0.03492 0.5152 0.0356 0.5176 0.03492 0.5184 0.04381 0.5157 0.04479 0.5152 0.0356 0.5157 0.04479 0.513 0.04491 0.5157 0.04479 0.5152 0.0356 0.5176 0.03492 0.517 0.02567 0.5152 0.0356 0.5144 0.02719 0.5152 0.0356 0.513 0.04491 0.5124 0.03612 0.5144 0.02719 0.5124 0.03612 0.5115 0.0277 0.5124 0.03612 0.5144 0.02719 0.5152 0.0356 0.5115 0.0277 0.5124 0.03612 0.5089 0.03177 0.5124 0.03612 0.513 0.04491 0.5098 0.04261 0.5089 0.03177 0.5098 0.04261 0.506 0.0383 0.5098 0.04261 0.5089 0.03177 0.5124 0.03612 0.506 0.0383 0.5098 0.04261 0.5067 0.05103 0.5098 0.04261 0.513 0.04491 0.5106 0.05411 0.5067 0.05103 0.5106 0.05411 0.5075 0.06182 0.5106 0.05411 0.5067 0.05103 0.5098 0.04261 0.506 0.0383 0.5067 0.05103 0.502 0.04903 0.5067 0.05103 0.5075 0.06182 0.5031 0.06167 0.502 0.04903 0.5031 0.06167 0.4958 0.06178 0.5031 0.06167 0.502 0.04903 0.5067 0.05103 0.4958 0.06178 0.5031 0.06167 0.5009 0.07333 0.5031 0.06167 0.5075 0.06182 0.5057 0.07189 0.5009 0.07333 0.5057 0.07189 0.5046 0.08212 0.5057 0.07189 0.5009 0.07333 0.5031 0.06167 0.5046 0.08212 0.5057 0.07189 0.5093 0.08019 0.5057 0.07189 0.5075 0.06182 0.5105 0.06645 0.5093 0.08019 0.5105 0.06645 0.5146 0.06993 0.5105 0.06645 0.5093 0.08019 0.5057 0.07189 0.5146 0.06993 0.5105 0.06645 0.5138 0.05614 0.5105 0.06645 0.5075 0.06182 0.5106 0.05411 0.5138 0.05614 0.5106 0.05411 0.513 0.04491 0.5106 0.05411 0.5138 0.05614 0.5105 0.06645 0.5146 0.06993 0.5138 0.05614 0.5167 0.0544 0.5138 0.05614 0.513 0.04491 0.5157 0.04479 0.5167 0.0544 0.5157 0.04479 0.5184 0.04381 0.5157 0.04479 0.5167 0.0544 0.5138 0.05614 0.5146 0.06993 0.5167 0.0544 0.5184 0.06199 0.5167 0.0544 0.5184 0.04381 0.5196 0.05069 0.5184 0.06199 0.5196 0.05069 0.521 0.05635 0.5196 0.05069 0.5184 0.06199 0.5167 0.0544 0.521 0.05635 0.5196 0.05069 0.5225 0.04995 0.5196 0.05069 0.5184 0.04381 0.5216 0.04393 0.5225 0.04995 0.5216 0.04393 0.5246 0.04617 0.5216 0.04393 0.5225 0.04995 0.5196 0.05069 0.521 0.05635 0.5225 0.04995 0.5228 0.05545 0.5225 0.04995 0.5246 0.04617 0.5241 0.05281 0.5228 0.05545 0.5241 0.05281 0.5237 0.05646 0.5241 0.05281 0.5228 0.05545 0.5225 0.04995 0.521 0.05635 0.5228 0.05545 0.5222 0.06301 0.5228 0.05545 0.5237 0.05646 0.5234 0.06061 0.5222 0.06301 0.5234 0.06061 0.5235 0.06849 0.5234 0.06061 0.5222 0.06301 0.5228 0.05545 0.521 0.05635 0.5222 0.06301 0.5203 0.06862 0.5222 0.06301 0.5235 0.06849 0.522 0.07466 0.5203 0.06862 0.522 0.07466 0.52 0.0847 0.522 0.07466 0.5203 0.06862 0.5222 0.06301 0.521 0.05635 0.5203 0.06862 0.5184 0.06199 0.5203 0.06862 0.52 0.0847 0.5175 0.07867 0.5184 0.06199 0.5175 0.07867 0.5146 0.06993 0.5175 0.07867 0.5184 0.06199 0.5203 0.06862 0.5146 0.06993 0.5175 0.07867 0.5132 0.09007 0.5175 0.07867 0.52 0.0847 0.5168 0.09827 0.5132 0.09007 0.5168 0.09827 0.5115 0.112 0.5168 0.09827 0.5132 0.09007 0.5175 0.07867 0.5146 0.06993 0.5132 0.09007 0.5093 0.08019 0.5132 0.09007 0.5115 0.112 0.5076 0.09392 0.5093 0.08019 0.5076 0.09392 0.5046 0.08212 0.5076 0.09392 0.5093 0.08019 0.5132 0.09007 0.5046 0.08212 0.5076 0.09392 0.5018 0.08685 0.5076 0.09392 0.5115 0.112 0.5042 0.1036 0.5018 0.08685 0.5042 0.1036 0.4956 0.09501 0.5042 0.1036 0.5018 0.08685 0.5076 0.09392 0.5046 0.08212 0.5018 0.08685 0.5009 0.07333 0.5018 0.08685 0.4956 0.09501 0.4951 0.07713 0.5009 0.07333 0.4951 0.07713 0.4958 0.06178 0.4951 0.07713 0.5009 0.07333 0.5018 0.08685 0.4958 0.06178 0.4951 0.07713 0.4852 0.07099 0.4951 0.07713 0.4956 0.09501 0.4845 0.08934 0.4852 0.07099 0.4845 0.08934 0.4723 0.08354 0.4845 0.08934 0.4852 0.07099 0.4951 0.07713 0.4723 0.08354 0.4845 0.08934 0.4692 0.1098 0.4845 0.08934 0.4956 0.09501 0.4824 0.1136 0.4692 0.1098 0.4824 0.1136 0.4655 0.1365 0.4824 0.1136 0.4692 0.1098 0.4845 0.08934 0.4655 0.1365 0.4824 0.1136 0.4802 0.1364 0.4824 0.1136 0.4956 0.09501 0.4955 0.1159 0.4802 0.1364 0.4955 0.1159 0.4946 0.1339 0.4955 0.1159 0.4802 0.1364 0.4824 0.1136 0.4946 0.1339 0.4955 0.1159 0.5046 0.1215 0.4955 0.1159 0.4956 0.09501 0.5042 0.1036 0.5046 0.1215 0.5042 0.1036 0.5115 0.112 0.5042 0.1036 0.5046 0.1215 0.4955 0.1159 0.4946 0.1339 0.5046 0.1215 0.5034 0.1352 0.5046 0.1215 0.5115 0.112 0.509 0.1298 0.5034 0.1352 0.509 0.1298 0.508 0.1408 0.509 0.1298 0.5034 0.1352 0.5046 0.1215 0.508 0.1408 0.509 0.1298 0.5113 0.1381 0.509 0.1298 0.5115 0.112 0.5135 0.1285 0.5113 0.1381 0.5135 0.1285 0.5138 0.1359 0.5135 0.1285 0.5113 0.1381 0.509 0.1298 0.5138 0.1359 0.5135 0.1285 0.5159 0.1314 0.5135 0.1285 0.5115 0.112 0.5165 0.1168 0.5159 0.1314 0.5165 0.1168 0.5195 0.1225 0.5165 0.1168 0.5159 0.1314 0.5135 0.1285 0.5195 0.1225 0.5165 0.1168 0.5196 0.1023 0.5165 0.1168 0.5115 0.112 0.5168 0.09827 0.5196 0.1023 0.5168 0.09827 0.52 0.0847 0.5168 0.09827 0.5196 0.1023 0.5165 0.1168 0.5195 0.1225 0.5196 0.1023 0.5216 0.1024 0.5196 0.1023 0.52 0.0847 0.5218 0.08814 0.5216 0.1024 0.5218 0.08814 0.5231 0.08878 0.5218 0.08814 0.5216 0.1024 0.5196 0.1023 0.5231 0.08878 0.5218 0.08814 0.5232 0.07836 0.5218 0.08814 0.52 0.0847 0.522 0.07466 0.5232 0.07836 0.522 0.07466 0.5235 0.06849 0.522 0.07466 0.5232 0.07836 0.5218 0.08814 0.5231 0.08878 0.5232 0.07836 0.5239 0.0795 0.5232 0.07836 0.5235 0.06849 0.524 0.07303 0.5239 0.0795 0.524 0.07303 0.5243 0.07595 0.524 0.07303 0.5239 0.0795 0.5232 0.07836 0.5231 0.08878 0.5239 0.0795 0.5242 0.08477 0.5239 0.0795 0.5243 0.07595 0.5245 0.08026 0.5242 0.08477 0.5245 0.08026 0.5246 0.08371 0.5245 0.08026 0.5242 0.08477 0.5239 0.0795 0.5231 0.08878 0.5242 0.08477 0.5239 0.09248 0.5242 0.08477 0.5246 0.08371 0.5246 0.08815 0.5239 0.09248 0.5246 0.08815 0.5245 0.09447 0.5246 0.08815 0.5239 0.09248 0.5242 0.08477 0.5231 0.08878 0.5239 0.09248 0.523 0.1005 0.5239 0.09248 0.5245 0.09447 0.5239 0.1002 0.523 0.1005 0.5239 0.1002 0.5234 0.108 0.5239 0.1002 0.523 0.1005 0.5239 0.09248 0.5231 0.08878 0.523 0.1005 0.5216 0.1024 0.523 0.1005 0.5234 0.108 0.5221 0.1126 0.5216 0.1024 0.5221 0.1126 0.5195 0.1225 0.5221 0.1126 0.5216 0.1024 0.523 0.1005 0.5195 0.1225 0.5221 0.1126 0.5222 0.1246 0.5221 0.1126 0.5234 0.108 0.5235 0.1169 0.5222 0.1246 0.5235 0.1169 0.524 0.1259 0.5235 0.1169 0.5222 0.1246 0.5221 0.1126 0.524 0.1259 0.5235 0.1169 0.5246 0.1184 0.5235 0.1169 0.5234 0.108 0.5243 0.1122 0.5246 0.1184 0.5243 0.1122 0.5248 0.1144 0.5243 0.1122 0.5246 0.1184 0.5235 0.1169 0.524 0.1259 0.5246 0.1354 0.5229 0.1352 0.5246 0.1354 0.5254 0.1455 0.5236 0.1451 0.5229 0.1352 0.5236 0.1451 0.5217 0.1447 0.5236 0.1451 0.5229 0.1352 0.5246 0.1354 0.524 0.1259 0.5229 0.1352 0.5222 0.1246 0.5229 0.1352 0.5217 0.1447 0.5208 0.1351 0.5222 0.1246 0.5208 0.1351 0.5195 0.1225 0.5208 0.1351 0.5222 0.1246 0.5229 0.1352 0.5195 0.1225 0.5208 0.1351 0.5188 0.1399 0.5208 0.1351 0.5217 0.1447 0.5203 0.1462 0.5188 0.1399 0.5203 0.1462 0.5191 0.1514 0.5203 0.1462 0.5188 0.1399 0.5208 0.1351 0.5191 0.1514 0.5203 0.1462 0.5204 0.1543 0.5203 0.1462 0.5217 0.1447 0.5214 0.1525 0.5204 0.1543 0.5214 0.1525 0.5213 0.1574 0.5214 0.1525 0.5204 0.1543 0.5203 0.1462 0.5191 0.1514 0.5204 0.1543 0.5196 0.1588 0.5204 0.1543 0.5213 0.1574 0.5204 0.1598 0.5196 0.1588 0.5204 0.1598 0.5199 0.1621 0.5204 0.1598 0.5196 0.1588 0.5204 0.1543 0.5199 0.1621 0.5204 0.1598 0.5204 0.1645 0.5204 0.1598 0.5213 0.1574 0.5213 0.162 0.5204 0.1645 0.5213 0.162 0.5213 0.1673 0.5213 0.162 0.5204 0.1645 0.5204 0.1598 0.5076 0.1736 0.5015 0.1726 0.5045 0.1636 0.5015 0.1726 0.4922 0.1742 0.4943 0.1636 0.5045 0.1636 0.4943 0.1636 0.4988 0.1532 0.4943 0.1636 0.5045 0.1636 0.5015 0.1726 0.5076 0.1736 0.5045 0.1636 0.5116 0.1676 0.5045 0.1636 0.4988 0.1532 0.5081 0.1565 0.5116 0.1676 0.5081 0.1565 0.5136 0.1608 0.5081 0.1565 0.5116 0.1676 0.5045 0.1636 0.5076 0.1736 0.5116 0.1676 0.5124 0.1763 0.5116 0.1676 0.5136 0.1608 0.5159 0.167 0.5124 0.1763 0.5159 0.167 0.5182 0.1735 0.5159 0.167 0.5124 0.1763 0.5116 0.1676 0.5182 0.1735 0.5159 0.167 0.5167 0.1601 0.5159 0.167 0.5136 0.1608 0.5144 0.1567 0.5167 0.1601 0.5144 0.1567 0.5143 0.1494 0.5144 0.1567 0.5167 0.1601 0.5159 0.167 0.5182 0.1735 0.5167 0.1601 0.5185 0.1602 0.5167 0.1601 0.5143 0.1494 0.517 0.1499 0.5185 0.1602 0.517 0.1499 0.5191 0.1514 0.517 0.1499 0.5185 0.1602 0.5167 0.1601 0.5191 0.1514 0.517 0.1499 0.5188 0.1399 0.517 0.1499 0.5143 0.1494 0.5163 0.1389 0.5188 0.1399 0.5163 0.1389 0.5195 0.1225 0.5163 0.1389 0.5188 0.1399 0.517 0.1499 0.5195 0.1225 0.5163 0.1389 0.5159 0.1314 0.5163 0.1389 0.5143 0.1494 0.5136 0.1411 0.5159 0.1314 0.5136 0.1411 0.5138 0.1359 0.5136 0.1411 0.5159 0.1314 0.5163 0.1389 0.5138 0.1359 0.5136 0.1411 0.5113 0.1381 0.5136 0.1411 0.5143 0.1494 0.5115 0.1468 0.5113 0.1381 0.5115 0.1468 0.508 0.1408 0.5115 0.1468 0.5113 0.1381 0.5136 0.1411 0.508 0.1408 0.5115 0.1468 0.5105 0.1512 0.5115 0.1468 0.5143 0.1494 0.5144 0.1567 0.5105 0.1512 0.5144 0.1567 0.5136 0.1608 0.5144 0.1567 0.5105 0.1512 0.5115 0.1468 0.508 0.1408 0.5105 0.1512 0.5044 0.1455 0.5105 0.1512 0.5136 0.1608 0.5081 0.1565 0.5044 0.1455 0.5081 0.1565 0.4988 0.1532 0.5081 0.1565 0.5044 0.1455 0.5105 0.1512 0.508 0.1408 0.5044 0.1455 0.5034 0.1352 0.5044 0.1455 0.4988 0.1532 0.4946 0.1453 0.5034 0.1352 0.4946 0.1453 0.4946 0.1339 0.4946 0.1453 0.5034 0.1352 0.5044 0.1455 0.4946 0.1339 0.4946 0.1453 0.4788 0.1526 0.4946 0.1453 0.4988 0.1532 0.4837 0.16 0.4788 0.1526 0.4837 0.16 0.4612 0.175 0.4837 0.16 0.4788 0.1526 0.4946 0.1453 0.4946 0.1339 0.4788 0.1526 0.4802 0.1364 0.4788 0.1526 0.4612 0.175 0.4625 0.1572 0.4802 0.1364 0.4625 0.1572 0.4655 0.1365 0.4625 0.1572 0.4802 0.1364 0.4788 0.1526 0.4655 0.1365 0.4625 0.1572 0.4491 0.1527 0.4625 0.1572 0.4612 0.175 0.4463 0.1701 0.4491 0.1527 0.4463 0.1701 0.4248 0.1628 0.4463 0.1701 0.4491 0.1527 0.4625 0.1572 0.4248 0.1628 0.4463 0.1701 0.4252 0.1783 0.4463 0.1701 0.4612 0.175 0.4426 0.1839 0.4252 0.1783 0.4426 0.1839 0.4236 0.1918 0.4426 0.1839 0.4252 0.1783 0.4463 0.1701 0.4236 0.1918 0.4426 0.1839 0.4389 0.1971 0.4426 0.1839 0.4612 0.175 0.4505 0.1926 0.4389 0.1971 0.4505 0.1926 0.4466 0.2048 0.4505 0.1926 0.4389 0.1971 0.4426 0.1839 0.4248 0.1628 0.4252 0.1783 0.3947 0.176 0.4252 0.1783 0.4236 0.1918 0.3943 0.1887 0.3947 0.176 0.3943 0.1887 0.3634 0.1855 0.3943 0.1887 0.3947 0.176 0.4252 0.1783 0.4248 0.1628 0.3947 0.176 0.3883 0.1647 0.3947 0.176 0.3634 0.1855 0.3669 0.1746 0.3883 0.1647 0.3669 0.1746 0.3686 0.1664 0.3669 0.1746 0.3883 0.1647 0.3947 0.176 0.3686 0.1664 0.3669 0.1746 0.3558 0.1673 0.3669 0.1746 0.3634 0.1855 0.347 0.1798 0.3558 0.1673 0.347 0.1798 0.338 0.1702 0.347 0.1798 0.3558 0.1673 0.3669 0.1746 0.338 0.1702 0.347 0.1798 0.3255 0.1851 0.347 0.1798 0.3634 0.1855 0.3388 0.1933 0.3255 0.1851 0.3388 0.1933 0.3127 0.2011 0.3388 0.1933 0.3255 0.1851 0.347 0.1798 0.338 0.1702 0.3255 0.1851 0.3066 0.1761 0.3255 0.1851 0.3127 0.2011 0.2949 0.1914 0.3066 0.1761 0.2949 0.1914 0.2623 0.1831 0.2949 0.1914 0.3066 0.1761 0.3255 0.1851 0.2623 0.1831 0.2949 0.1914 0.2423 0.1961 0.2949 0.1914 0.3127 0.2011 0.2831 0.2046 0.2423 0.1961 0.2831 0.2046 0.2432 0.2103 0.2831 0.2046 0.2423 0.1961 0.2949 0.1914 0.2623 0.1831 0.2423 0.1961 0.187 0.1819 0.2423 0.1961 0.2432 0.2103 0.1501 0.1968 0.187 0.1819 0.1501 0.1968 0.06975 0.1781 0.1501 0.1968 0.187 0.1819 0.2423 0.1961 0.06975 0.1781 0.1501 0.1968 0.06211 0.1981 0.1501 0.1968 0.2432 0.2103 0.1477 0.2073 0.06211 0.1981 0.1477 0.2073 0.07159 0.2095 0.1477 0.2073 0.06211 0.1981 0.1501 0.1968 0.06975 0.1781 0.06211 0.1981 0.0212 0.1914 0.06211 0.1981 0.07159 0.2095 0.02445 0.2062 0.0212 0.1914 0.02445 0.2062 0.01248 0.2032 0.02445 0.2062 0.0212 0.1914 0.06211 0.1981 0.06975 0.1781 0.0212 0.1914 0.01677 0.1755 0.0212 0.1914 0.01248 0.2032 0.01066 0.1867 0.01677 0.1755 0.01066 0.1867 0.008858 0.1713 0.01066 0.1867 0.01677 0.1755 0.0212 0.1914 0.06975 0.1781 0.01677 0.1755 0.02314 0.1626 0.01677 0.1755 0.008858 0.1713 0.01204 0.1613 0.02314 0.1626 0.01204 0.1613 0.01551 0.1496 0.01204 0.1613 0.02314 0.1626 0.01677 0.1755 0.01551 0.1496 0.01204 0.1613 0.009436 0.1457 0.01204 0.1613 0.008858 0.1713 0.006023 0.1596 0.009436 0.1457 0.006023 0.1596 0.002194 0.1463 0.006023 0.1596 0.009436 0.1457 0.01204 0.1613 0.01551 0.1496 0.009436 0.1457 0.01499 0.1286 0.009436 0.1457 0.002194 0.1463 0.007641 0.1231 0.01499 0.1286 0.007641 0.1231 0.01326 0.09895 0.007641 0.1231 0.01499 0.1286 0.009436 0.1457 0.01551 0.1496 0.01499 0.1286 0.02494 0.142 0.01499 0.1286 0.01326 0.09895 0.0221 0.1158 0.02494 0.142 0.0221 0.1158 0.04854 0.1317 0.0221 0.1158 0.02494 0.142 0.01499 0.1286 0.01551 0.1496 0.02494 0.142 0.02314 0.1626 0.02494 0.142 0.04854 0.1317 0.06142 0.1545 0.02314 0.1626 0.06142 0.1545 0.06975 0.1781 0.06142 0.1545 0.02314 0.1626 0.02494 0.142 0.06975 0.1781 0.06142 0.1545 0.1493 0.1552 0.06142 0.1545 0.04854 0.1317 0.1206 0.14 0.1493 0.1552 0.1206 0.14 0.205 0.1401 0.1206 0.14 0.1493 0.1552 0.06142 0.1545 0.205 0.1401 0.1206 0.14 0.1667 0.1282 0.1206 0.14 0.04854 0.1317 0.07963 0.1221 0.1667 0.1282 0.07963 0.1221 0.1239 0.1162 0.07963 0.1221 0.1667 0.1282 0.1206 0.14 0.1239 0.1162 0.07963 0.1221 0.08417 0.1048 0.07963 0.1221 0.04854 0.1317 0.03656 0.1083 0.08417 0.1048 0.03656 0.1083 0.07214 0.08551 0.03656 0.1083 0.08417 0.1048 0.07963 0.1221 0.07214 0.08551 0.03656 0.1083 0.02161 0.09072 0.03656 0.1083 0.04854 0.1317 0.0221 0.1158 0.02161 0.09072 0.0221 0.1158 0.01326 0.09895 0.0221 0.1158 0.02161 0.09072 0.03656 0.1083 0.07214 0.08551 0.02161 0.09072 0.03125 0.07026 0.02161 0.09072 0.01326 0.09895 0.01472 0.07437 0.03125 0.07026 0.01472 0.07437 0.01947 0.05499 0.01472 0.07437 0.03125 0.07026 0.02161 0.09072 0.07214 0.08551 0.03125 0.07026 0.09905 0.06507 0.03125 0.07026 0.01947 0.05499 0.04514 0.05333 0.09905 0.06507 0.04514 0.05333 0.09166 0.05003 0.04514 0.05333 0.09905 0.06507 0.03125 0.07026 0.07214 0.08551 0.09905 0.06507 0.216 0.07224 0.09905 0.06507 0.09166 0.05003 0.2047 0.05669 0.216 0.07224 0.2047 0.05669 0.3955 0.05958 0.2047 0.05669 0.216 0.07224 0.09905 0.06507 0.07214 0.08551 0.216 0.07224 0.1811 0.09102 0.216 0.07224 0.3955 0.05958 0.3202 0.08251 0.1811 0.09102 0.3202 0.08251 0.2766 0.1001 0.3202 0.08251 0.1811 0.09102 0.216 0.07224 0.07214 0.08551 0.1811 0.09102 0.08417 0.1048 0.1811 0.09102 0.2766 0.1001 0.1773 0.1069 0.08417 0.1048 0.1773 0.1069 0.1239 0.1162 0.1773 0.1069 0.08417 0.1048 0.1811 0.09102 0.1239 0.1162 0.1773 0.1069 0.2109 0.1191 0.1773 0.1069 0.2766 0.1001 0.2724 0.1136 0.2109 0.1191 0.2724 0.1136 0.2832 0.1231 0.2724 0.1136 0.2109 0.1191 0.1773 0.1069 0.1239 0.1162 0.2109 0.1191 0.1667 0.1282 0.2109 0.1191 0.2832 0.1231 0.2533 0.1307 0.1667 0.1282 0.2533 0.1307 0.205 0.1401 0.2533 0.1307 0.1667 0.1282 0.2109 0.1191 0.205 0.1401 0.2533 0.1307 0.2454 0.1448 0.2533 0.1307 0.2832 0.1231 0.3005 0.1336 0.2454 0.1448 0.3005 0.1336 0.2809 0.1492 0.3005 0.1336 0.2454 0.1448 0.2533 0.1307 0.205 0.1401 0.2454 0.1448 0.1493 0.1552 0.2454 0.1448 0.2809 0.1492 0.1917 0.1631 0.1493 0.1552 0.1917 0.1631 0.06975 0.1781 0.1917 0.1631 0.1493 0.1552 0.2454 0.1448 0.06975 0.1781 0.1917 0.1631 0.187 0.1819 0.1917 0.1631 0.2809 0.1492 0.2595 0.1679 0.187 0.1819 0.2595 0.1679 0.2623 0.1831 0.2595 0.1679 0.187 0.1819 0.1917 0.1631 0.2623 0.1831 0.2595 0.1679 0.3066 0.1761 0.2595 0.1679 0.2809 0.1492 0.3175 0.1582 0.3066 0.1761 0.3175 0.1582 0.338 0.1702 0.3175 0.1582 0.3066 0.1761 0.2595 0.1679 0.338 0.1702 0.3175 0.1582 0.3486 0.1529 0.3175 0.1582 0.2809 0.1492 0.3286 0.1398 0.3486 0.1529 0.3286 0.1398 0.3644 0.1327 0.3286 0.1398 0.3486 0.1529 0.3175 0.1582 0.3644 0.1327 0.3286 0.1398 0.3226 0.1245 0.3286 0.1398 0.2809 0.1492 0.3005 0.1336 0.3226 0.1245 0.3005 0.1336 0.2832 0.1231 0.3005 0.1336 0.3226 0.1245 0.3286 0.1398 0.3644 0.1327 0.3226 0.1245 0.3342 0.1132 0.3226 0.1245 0.2832 0.1231 0.2724 0.1136 0.3342 0.1132 0.2724 0.1136 0.2766 0.1001 0.2724 0.1136 0.3342 0.1132 0.3226 0.1245 0.3644 0.1327 0.3342 0.1132 0.3851 0.1133 0.3342 0.1132 0.2766 0.1001 0.362 0.0983 0.3851 0.1133 0.362 0.0983 0.4008 0.1009 0.362 0.0983 0.3851 0.1133 0.3342 0.1132 0.4008 0.1009 0.362 0.0983 0.4069 0.08751 0.362 0.0983 0.2766 0.1001 0.3202 0.08251 0.4069 0.08751 0.3202 0.08251 0.3955 0.05958 0.3202 0.08251 0.4069 0.08751 0.362 0.0983 0.4008 0.1009 0.4069 0.08751 0.4212 0.1067 0.4069 0.08751 0.3955 0.05958 0.4404 0.09038 0.4212 0.1067 0.4404 0.09038 0.4383 0.1184 0.4404 0.09038 0.4212 0.1067 0.4069 0.08751 0.4383 0.1184 0.4404 0.09038 0.4569 0.1013 0.4404 0.09038 0.3955 0.05958 0.457 0.0744 0.4569 0.1013 0.457 0.0744 0.4723 0.08354 0.457 0.0744 0.4569 0.1013 0.4404 0.09038 0.4383 0.1184 0.4569 0.1013 0.4527 0.1298 0.4569 0.1013 0.4723 0.08354 0.4692 0.1098 0.4527 0.1298 0.4692 0.1098 0.4655 0.1365 0.4692 0.1098 0.4527 0.1298 0.4569 0.1013 0.4383 0.1184 0.4527 0.1298 0.432 0.1419 0.4527 0.1298 0.4655 0.1365 0.4491 0.1527 0.432 0.1419 0.4491 0.1527 0.4248 0.1628 0.4491 0.1527 0.432 0.1419 0.4527 0.1298 0.4383 0.1184 0.432 0.1419 0.4093 0.1276 0.432 0.1419 0.4248 0.1628 0.4005 0.1475 0.4093 0.1276 0.4005 0.1475 0.3644 0.1327 0.4005 0.1475 0.4093 0.1276 0.432 0.1419 0.4383 0.1184 0.4093 0.1276 0.4212 0.1067 0.4093 0.1276 0.3644 0.1327 0.3851 0.1133 0.4212 0.1067 0.3851 0.1133 0.4008 0.1009 0.3851 0.1133 0.4212 0.1067 0.4093 0.1276 0.4248 0.1628 0.3883 0.1647 0.4005 0.1475 0.3883 0.1647 0.3686 0.1664 0.3707 0.155 0.4005 0.1475 0.3707 0.155 0.3644 0.1327 0.3707 0.155 0.4005 0.1475 0.3883 0.1647 0.3644 0.1327 0.3707 0.155 0.3486 0.1529 0.3707 0.155 0.3686 0.1664 0.3558 0.1673 0.3486 0.1529 0.3558 0.1673 0.338 0.1702 0.3558 0.1673 0.3486 0.1529 0.3707 0.155 0.3641 0.02333 0.2801 0.0347 0.2939 0.02154 0.2801 0.0347 0.1721 0.03641 0.2268 0.02473 0.2939 0.02154 0.2268 0.02473 0.2627 0.01498 0.2268 0.02473 0.2939 0.02154 0.2801 0.0347 0.2627 0.01498 0.2268 0.02473 0.2399 0.01297 0.2268 0.02473 0.1721 0.03641 0.1755 0.02185 0.2399 0.01297 0.1755 0.02185 0.2198 0.007488 0.1755 0.02185 0.2399 0.01297 0.2268 0.02473 0.2627 0.01498 0.2399 0.01297 0.2649 0.00823 0.2399 0.01297 0.2198 0.007488 0.2603 0.006191 0.2649 0.00823 0.2603 0.006191 0.2651 0.006129 0.2603 0.006191 0.2649 0.00823 0.2399 0.01297 0.2651 0.006129 0.2603 0.006191 0.2671 0.00566 0.2603 0.006191 0.2198 0.007488 0.2589 0.001953 0.2671 0.00566 0.2589 0.001953 0.2744 0.002555 0.2589 0.001953 0.2671 0.00566 0.2603 0.006191 0.2651 0.006129 0.2671 0.00566 0.2649 0.00823 0.2671 0.00566 0.2744 0.002555 0.2821 0.01078 0.2649 0.00823 0.2821 0.01078 0.2627 0.01498 0.2821 0.01078 0.2649 0.00823 0.2671 0.00566 0.2627 0.01498 0.2821 0.01078 0.2939 0.02154 0.2821 0.01078 0.2744 0.002555 0.314 0.01198 0.2939 0.02154 0.314 0.01198 0.3641 0.02333 0.314 0.01198 0.2939 0.02154 0.2821 0.01078 0.02913 0.3783 0.05201 0.3633 0.1069 0.3711 0.05201 0.3633 0.05907 0.3474 0.1407 0.3527 0.1069 0.3711 0.1407 0.3527 0.2252 0.3605 0.1407 0.3527 0.1069 0.3711 0.05201 0.3633 0.2252 0.3605 0.1407 0.3527 0.2319 0.3341 0.1407 0.3527 0.05907 0.3474 0.1443 0.3326 0.2319 0.3341 0.1443 0.3326 0.2261 0.3112 0.1443 0.3326 0.2319 0.3341 0.1407 0.3527 0.2261 0.3112 0.1443 0.3326 0.1161 0.3163 0.1443 0.3326 0.05907 0.3474 0.05783 0.3315 0.1161 0.3163 0.05783 0.3315 0.04634 0.3187 0.05783 0.3315 0.1161 0.3163 0.1443 0.3326 0.04634 0.3187 0.05783 0.3315 0.02016 0.3246 0.05783 0.3315 0.05907 0.3474 0.02045 0.339 0.02016 0.3246 0.02045 0.339 0.0111 0.3265 0.02045 0.339 0.02016 0.3246 0.05783 0.3315 0.0111 0.3265 0.02045 0.339 0.01161 0.3417 0.02045 0.339 0.05907 0.3474 0.01969 0.3533 0.01161 0.3417 0.01969 0.3533 0.01183 0.3542 0.01969 0.3533 0.01161 0.3417 0.02045 0.339 0.0111 0.3265 0.01161 0.3417 0.006162 0.3282 0.01161 0.3417 0.01183 0.3542 0.006948 0.3436 0.006162 0.3282 0.006948 0.3436 0.001953 0.3322 0.006948 0.3436 0.006162 0.3282 0.01161 0.3417 0.0111 0.3265 0.01127 0.3111 0.02016 0.3246 0.01127 0.3111 0.0119 0.2966 0.02046 0.3101 0.02016 0.3246 0.02046 0.3101 0.04634 0.3187 0.02046 0.3101 0.02016 0.3246 0.01127 0.3111 0.04634 0.3187 0.02046 0.3101 0.05882 0.3048 0.02046 0.3101 0.0119 0.2966 0.02131 0.2946 0.05882 0.3048 0.02131 0.2946 0.06207 0.2866 0.02131 0.2946 0.05882 0.3048 0.02046 0.3101 0.04634 0.3187 0.05882 0.3048 0.1161 0.3163 0.05882 0.3048 0.06207 0.2866 0.1476 0.299 0.1161 0.3163 0.1476 0.299 0.2261 0.3112 0.1476 0.299 0.1161 0.3163 0.05882 0.3048 0.2261 0.3112 0.1476 0.299 0.237 0.293 0.1476 0.299 0.06207 0.2866 0.1629 0.2842 0.237 0.293 0.1629 0.2842 0.2435 0.2801 0.1629 0.2842 0.237 0.293 0.1476 0.299 0.2435 0.2801 0.1629 0.2842 0.1868 0.2706 0.1629 0.2842 0.06207 0.2866 0.1008 0.2717 0.1868 0.2706 0.1008 0.2717 0.1373 0.258 0.1008 0.2717 0.1868 0.2706 0.1629 0.2842 0.1373 0.258 0.1008 0.2717 0.07938 0.2573 0.1008 0.2717 0.06207 0.2866 0.04122 0.2693 0.07938 0.2573 0.04122 0.2693 0.04266 0.256 0.04122 0.2693 0.07938 0.2573 0.1008 0.2717 0.04266 0.256 0.04122 0.2693 0.02061 0.263 0.04122 0.2693 0.06207 0.2866 0.02027 0.2788 0.02061 0.263 0.02027 0.2788 0.01403 0.2698 0.02027 0.2788 0.02061 0.263 0.04122 0.2693 0.01403 0.2698 0.02027 0.2788 0.01303 0.2822 0.02027 0.2788 0.06207 0.2866 0.02131 0.2946 0.01303 0.2822 0.02131 0.2946 0.0119 0.2966 0.02131 0.2946 0.01303 0.2822 0.02027 0.2788 0.01403 0.2698 0.01303 0.2822 0.01157 0.2658 0.01303 0.2822 0.0119 0.2966 0.009809 0.2784 0.01157 0.2658 0.009809 0.2784 0.008786 0.2604 0.009809 0.2784 0.01157 0.2658 0.01303 0.2822 0.01403 0.2698 0.01157 0.2658 0.01517 0.2554 0.01157 0.2658 0.008786 0.2604 0.01124 0.2496 0.01517 0.2554 0.01124 0.2496 0.02631 0.237 0.01124 0.2496 0.01517 0.2554 0.01157 0.2658 0.01403 0.2698 0.01517 0.2554 0.02061 0.263 0.01517 0.2554 0.02631 0.237 0.03495 0.2481 0.02061 0.263 0.03495 0.2481 0.04266 0.256 0.03495 0.2481 0.02061 0.263 0.01517 0.2554 0.04266 0.256 0.03495 0.2481 0.07511 0.2452 0.03495 0.2481 0.02631 0.237 0.07271 0.2367 0.07511 0.2452 0.07271 0.2367 0.1083 0.2368 0.07271 0.2367 0.07511 0.2452 0.03495 0.2481 0.04266 0.256 0.07511 0.2452 0.07938 0.2573 0.07511 0.2452 0.1083 0.2368 0.1163 0.2451 0.07938 0.2573 0.1163 0.2451 0.1373 0.258 0.1163 0.2451 0.07938 0.2573 0.07511 0.2452 0.1373 0.258 0.1163 0.2451 0.1555 0.2446 0.1163 0.2451 0.1083 0.2368 0.1349 0.2346 0.1555 0.2446 0.1349 0.2346 0.1709 0.2321 0.1349 0.2346 0.1555 0.2446 0.1163 0.2451 0.1373 0.258 0.1555 0.2446 0.2024 0.2567 0.1555 0.2446 0.1709 0.2321 0.2062 0.2433 0.2024 0.2567 0.2062 0.2433 0.2591 0.2515 0.2062 0.2433 0.2024 0.2567 0.1555 0.2446 0.2591 0.2515 0.2062 0.2433 0.2489 0.2386 0.2062 0.2433 0.1709 0.2321 0.2191 0.2328 0.2489 0.2386 0.2191 0.2328 0.2505 0.2306 0.2191 0.2328 0.2489 0.2386 0.2062 0.2433 0.2591 0.2515 0.2489 0.2386 0.2684 0.2347 0.2489 0.2386 0.2505 0.2306 0.2639 0.2294 0.2684 0.2347 0.2639 0.2294 0.2683 0.2245 0.2639 0.2294 0.2684 0.2347 0.2489 0.2386 0.2591 0.2515 0.2684 0.2347 0.2746 0.2373 0.2684 0.2347 0.2683 0.2245 0.2718 0.2232 0.2746 0.2373 0.2718 0.2232 0.28 0.2223 0.2718 0.2232 0.2746 0.2373 0.2684 0.2347 0.2591 0.2515 0.2746 0.2373 0.2792 0.2545 0.2746 0.2373 0.28 0.2223 0.2854 0.2405 0.2792 0.2545 0.2854 0.2405 0.294 0.2596 0.2854 0.2405 0.2792 0.2545 0.2746 0.2373 0.294 0.2596 0.2854 0.2405 0.3111 0.2471 0.2854 0.2405 0.28 0.2223 0.2979 0.2264 0.3111 0.2471 0.2979 0.2264 0.3303 0.235 0.2979 0.2264 0.3111 0.2471 0.2854 0.2405 0.294 0.2596 0.3111 0.2471 0.3283 0.2667 0.3111 0.2471 0.3303 0.235 0.3564 0.2562 0.3283 0.2667 0.3564 0.2562 0.3786 0.2803 0.3564 0.2562 0.3283 0.2667 0.3111 0.2471 0.3786 0.2803 0.3564 0.2562 0.4055 0.2672 0.3564 0.2562 0.3303 0.235 0.3784 0.2461 0.4055 0.2672 0.3784 0.2461 0.4285 0.2557 0.3784 0.2461 0.4055 0.2672 0.3564 0.2562 0.4285 0.2557 0.3784 0.2461 0.3944 0.234 0.3784 0.2461 0.3303 0.235 0.3506 0.2257 0.3944 0.234 0.3506 0.2257 0.3709 0.2155 0.3506 0.2257 0.3944 0.234 0.3784 0.2461 0.2435 0.2801 0.1868 0.2706 0.2513 0.2673 0.1868 0.2706 0.1373 0.258 0.2024 0.2567 0.2513 0.2673 0.2024 0.2567 0.2591 0.2515 0.2024 0.2567 0.2513 0.2673 0.1868 0.2706 0.2435 0.2801 0.2513 0.2673 0.2747 0.2745 0.2513 0.2673 0.2591 0.2515 0.2761 0.2648 0.2747 0.2745 0.2761 0.2648 0.2798 0.2708 0.2761 0.2648 0.2747 0.2745 0.2513 0.2673 0.2798 0.2708 0.2761 0.2648 0.2831 0.2674 0.2761 0.2648 0.2591 0.2515 0.2792 0.2545 0.2831 0.2674 0.2792 0.2545 0.294 0.2596 0.2792 0.2545 0.2831 0.2674 0.2761 0.2648 0.2798 0.2708 0.2831 0.2674 0.2826 0.2769 0.2831 0.2674 0.294 0.2596 0.2986 0.2742 0.2826 0.2769 0.2986 0.2742 0.2918 0.2879 0.2986 0.2742 0.2826 0.2769 0.2831 0.2674 0.2918 0.2879 0.2986 0.2742 0.3273 0.2825 0.2986 0.2742 0.294 0.2596 0.3283 0.2667 0.3273 0.2825 0.3283 0.2667 0.3786 0.2803 0.3283 0.2667 0.3273 0.2825 0.2986 0.2742 0.2918 0.2879 0.3273 0.2825 0.312 0.2967 0.3273 0.2825 0.3786 0.2803 0.3508 0.2957 0.312 0.2967 0.3508 0.2957 0.3342 0.3082 0.3508 0.2957 0.312 0.2967 0.3273 0.2825 0.3342 0.3082 0.3508 0.2957 0.3676 0.3154 0.3508 0.2957 0.3786 0.2803 0.3856 0.3046 0.3676 0.3154 0.3856 0.3046 0.3918 0.3219 0.3856 0.3046 0.3676 0.3154 0.3508 0.2957 0.3918 0.3219 0.3856 0.3046 0.4016 0.3182 0.3856 0.3046 0.3786 0.2803 0.405 0.3021 0.4016 0.3182 0.405 0.3021 0.4113 0.3185 0.405 0.3021 0.4016 0.3182 0.3856 0.3046 0.4113 0.3185 0.405 0.3021 0.4245 0.311 0.405 0.3021 0.3786 0.2803 0.4199 0.2882 0.4245 0.311 0.4199 0.2882 0.4483 0.2997 0.4199 0.2882 0.4245 0.311 0.405 0.3021 0.4483 0.2997 0.4199 0.2882 0.4369 0.277 0.4199 0.2882 0.3786 0.2803 0.4055 0.2672 0.4369 0.277 0.4055 0.2672 0.4285 0.2557 0.4055 0.2672 0.4369 0.277 0.4199 0.2882 0.4483 0.2997 0.4369 0.277 0.4517 0.2793 0.4369 0.277 0.4285 0.2557 0.4453 0.2682 0.4517 0.2793 0.4453 0.2682 0.4516 0.2712 0.4453 0.2682 0.4517 0.2793 0.4369 0.277 0.4516 0.2712 0.4453 0.2682 0.4528 0.2651 0.4453 0.2682 0.4285 0.2557 0.4466 0.2568 0.4528 0.2651 0.4466 0.2568 0.4541 0.2557 0.4466 0.2568 0.4528 0.2651 0.4453 0.2682 0.4541 0.2557 0.4466 0.2568 0.4508 0.2434 0.4466 0.2568 0.4285 0.2557 0.4431 0.242 0.4508 0.2434 0.4431 0.242 0.4476 0.2301 0.4431 0.242 0.4508 0.2434 0.4466 0.2568 0.4476 0.2301 0.4431 0.242 0.4405 0.2241 0.4431 0.242 0.4285 0.2557 0.4273 0.2332 0.4405 0.2241 0.4273 0.2332 0.4292 0.2173 0.4273 0.2332 0.4405 0.2241 0.4431 0.242 0.2435 0.2801 0.2747 0.2745 0.2753 0.2855 0.2747 0.2745 0.2798 0.2708 0.2826 0.2769 0.2753 0.2855 0.2826 0.2769 0.2918 0.2879 0.2826 0.2769 0.2753 0.2855 0.2747 0.2745 0.2435 0.2801 0.2753 0.2855 0.237 0.293 0.2753 0.2855 0.2918 0.2879 0.2756 0.2983 0.237 0.293 0.2756 0.2983 0.2261 0.3112 0.2756 0.2983 0.237 0.293 0.2753 0.2855 0.2261 0.3112 0.2756 0.2983 0.2745 0.3153 0.2756 0.2983 0.2918 0.2879 0.2894 0.3034 0.2745 0.3153 0.2894 0.3034 0.293 0.3206 0.2894 0.3034 0.2745 0.3153 0.2756 0.2983 0.293 0.3206 0.2894 0.3034 0.3127 0.313 0.2894 0.3034 0.2918 0.2879 0.312 0.2967 0.3127 0.313 0.312 0.2967 0.3342 0.3082 0.312 0.2967 0.3127 0.313 0.2894 0.3034 0.293 0.3206 0.3127 0.313 0.3282 0.3317 0.3127 0.313 0.3342 0.3082 0.3526 0.3258 0.3282 0.3317 0.3526 0.3258 0.3737 0.3449 0.3526 0.3258 0.3282 0.3317 0.3127 0.313 0.3737 0.3449 0.3526 0.3258 0.3877 0.3327 0.3526 0.3258 0.3342 0.3082 0.3676 0.3154 0.3877 0.3327 0.3676 0.3154 0.3918 0.3219 0.3676 0.3154 0.3877 0.3327 0.3526 0.3258 0.3737 0.3449 0.3877 0.3327 0.4038 0.341 0.3877 0.3327 0.3918 0.3219 0.4025 0.3305 0.4038 0.341 0.4025 0.3305 0.4087 0.3351 0.4025 0.3305 0.4038 0.341 0.3877 0.3327 0.4087 0.3351 0.4025 0.3305 0.4096 0.3292 0.4025 0.3305 0.3918 0.3219 0.4016 0.3182 0.4096 0.3292 0.4016 0.3182 0.4113 0.3185 0.4016 0.3182 0.4096 0.3292 0.4025 0.3305 0.4087 0.3351 0.4096 0.3292 0.4145 0.3415 0.4096 0.3292 0.4113 0.3185 0.4218 0.3317 0.4145 0.3415 0.4218 0.3317 0.418 0.3584 0.4218 0.3317 0.4145 0.3415 0.4096 0.3292 0.418 0.3584 0.4218 0.3317 0.4403 0.3294 0.4218 0.3317 0.4113 0.3185 0.4245 0.311 0.4403 0.3294 0.4245 0.311 0.4483 0.2997 0.4245 0.311 0.4403 0.3294 0.4218 0.3317 0.418 0.3584 0.4403 0.3294 0.4525 0.3523 0.4403 0.3294 0.4483 0.2997 0.4619 0.3263 0.4525 0.3523 0.4619 0.3263 0.4713 0.3485 0.4619 0.3263 0.4525 0.3523 0.4403 0.3294 0.4713 0.3485 0.4619 0.3263 0.4828 0.3274 0.4619 0.3263 0.4483 0.2997 0.4756 0.3064 0.4828 0.3274 0.4756 0.3064 0.4981 0.309 0.4756 0.3064 0.4828 0.3274 0.4619 0.3263 0.4981 0.309 0.4756 0.3064 0.4872 0.2926 0.4756 0.3064 0.4483 0.2997 0.4682 0.2873 0.4872 0.2926 0.4682 0.2873 0.4788 0.2742 0.4682 0.2873 0.4872 0.2926 0.4756 0.3064 0.4788 0.2742 0.4682 0.2873 0.4612 0.2733 0.4682 0.2873 0.4483 0.2997 0.4517 0.2793 0.4612 0.2733 0.4517 0.2793 0.4516 0.2712 0.4517 0.2793 0.4612 0.2733 0.4682 0.2873 0.4788 0.2742 0.4612 0.2733 0.464 0.2617 0.4612 0.2733 0.4516 0.2712 0.4528 0.2651 0.464 0.2617 0.4528 0.2651 0.4541 0.2557 0.4528 0.2651 0.464 0.2617 0.4612 0.2733 0.2252 0.3605 0.2319 0.3341 0.2732 0.3355 0.2319 0.3341 0.2261 0.3112 0.2745 0.3153 0.2732 0.3355 0.2745 0.3153 0.293 0.3206 0.2745 0.3153 0.2732 0.3355 0.2319 0.3341 0.2252 0.3605 0.2732 0.3355 0.2773 0.3517 0.2732 0.3355 0.293 0.3206 0.297 0.3382 0.2773 0.3517 0.297 0.3382 0.2966 0.349 0.297 0.3382 0.2773 0.3517 0.2732 0.3355 0.2966 0.349 0.297 0.3382 0.3252 0.348 0.297 0.3382 0.293 0.3206 0.3282 0.3317 0.3252 0.348 0.3282 0.3317 0.3737 0.3449 0.3282 0.3317 0.3252 0.348 0.297 0.3382 0.2966 0.349 0.3252 0.348 0.2985 0.3589 0.3252 0.348 0.3737 0.3449 0.344 0.3593 0.2985 0.3589 0.344 0.3593 0.3043 0.3695 0.344 0.3593 0.2985 0.3589 0.3252 0.348 0.3043 0.3695 0.344 0.3593 0.3493 0.369 0.344 0.3593 0.3737 0.3449 0.394 0.3535 0.3493 0.369 0.394 0.3535 0.418 0.3584 0.394 0.3535 0.3493 0.369 0.344 0.3593 0.418 0.3584 0.394 0.3535 0.4145 0.3415 0.394 0.3535 0.3737 0.3449 0.4038 0.341 0.4145 0.3415 0.4038 0.341 0.4087 0.3351 0.4038 0.341 0.4145 0.3415 0.394 0.3535 0.4788 0.2742 0.492 0.2829 0.4872 0.2926 0.492 0.2829 0.4966 0.2858 0.4974 0.2933 0.4872 0.2926 0.4974 0.2933 0.4981 0.309 0.4974 0.2933 0.4872 0.2926 0.492 0.2829 0.4981 0.309 0.4974 0.2933 0.5046 0.2944 0.4974 0.2933 0.4966 0.2858 0.5005 0.2849 0.5046 0.2944 0.5005 0.2849 0.5062 0.2809 0.5005 0.2849 0.5046 0.2944 0.4974 0.2933 0.5062 0.2809 0.5005 0.2849 0.5018 0.272 0.5005 0.2849 0.4966 0.2858 0.4963 0.2767 0.5018 0.272 0.4963 0.2767 0.4946 0.2596 0.4963 0.2767 0.5018 0.272 0.5005 0.2849 0.5062 0.2809 0.5018 0.272 0.5071 0.2679 0.5018 0.272 0.4946 0.2596 0.5029 0.2591 0.5071 0.2679 0.5029 0.2591 0.5077 0.2578 0.5029 0.2591 0.5071 0.2679 0.5018 0.272 0.5062 0.2809 0.5071 0.2679 0.512 0.2776 0.5071 0.2679 0.5077 0.2578 0.5122 0.2653 0.512 0.2776 0.5122 0.2653 0.5165 0.2746 0.5122 0.2653 0.512 0.2776 0.5071 0.2679 0.5165 0.2746 0.5122 0.2653 0.516 0.2634 0.5122 0.2653 0.5077 0.2578 0.5115 0.2548 0.516 0.2634 0.5115 0.2548 0.5151 0.2546 0.5115 0.2548 0.516 0.2634 0.5122 0.2653 0.5165 0.2746 0.516 0.2634 0.5181 0.2707 0.516 0.2634 0.5151 0.2546 0.5176 0.2608 0.5181 0.2707 0.5176 0.2608 0.5184 0.2669 0.5176 0.2608 0.5181 0.2707 0.516 0.2634 0.5165 0.2746 0.5181 0.2707 0.5188 0.2792 0.5181 0.2707 0.5184 0.2669 0.5192 0.2738 0.5188 0.2792 0.5192 0.2738 0.5202 0.2787 0.5192 0.2738 0.5188 0.2792 0.5181 0.2707 0.5202 0.2787 0.5192 0.2738 0.5207 0.2738 0.5192 0.2738 0.5184 0.2669 0.5197 0.2697 0.5207 0.2738 0.5197 0.2697 0.5208 0.2706 0.5197 0.2697 0.5207 0.2738 0.5192 0.2738 0.5208 0.2706 0.5197 0.2697 0.5209 0.2676 0.5197 0.2697 0.5184 0.2669 0.5196 0.264 0.5209 0.2676 0.5196 0.264 0.521 0.2624 0.5196 0.264 0.5209 0.2676 0.5197 0.2697 0.5025 0.3478 0.5058 0.3619 0.4965 0.3613 0.5058 0.3619 0.5076 0.369 0.5033 0.3711 0.4965 0.3613 0.5033 0.3711 0.4942 0.3772 0.5033 0.3711 0.4965 0.3613 0.5058 0.3619 0.5025 0.3478 0.4965 0.3613 0.4886 0.3464 0.4965 0.3613 0.4942 0.3772 0.4823 0.3661 0.4886 0.3464 0.4823 0.3661 0.4713 0.3485 0.4823 0.3661 0.4886 0.3464 0.4965 0.3613 0.5025 0.3478 0.4886 0.3464 0.499 0.3303 0.4886 0.3464 0.4713 0.3485 0.4828 0.3274 0.499 0.3303 0.4828 0.3274 0.4981 0.309 0.4828 0.3274 0.499 0.3303 0.4886 0.3464 0.5025 0.3478 0.499 0.3303 0.5094 0.3352 0.499 0.3303 0.4981 0.309 0.5092 0.3196 0.5094 0.3352 0.5092 0.3196 0.5167 0.3263 0.5092 0.3196 0.5094 0.3352 0.499 0.3303 0.5167 0.3263 0.5092 0.3196 0.5165 0.3122 0.5092 0.3196 0.4981 0.309 0.5103 0.3041 0.5165 0.3122 0.5103 0.3041 0.5176 0.2971 0.5103 0.3041 0.5165 0.3122 0.5092 0.3196 0.5176 0.2971 0.5103 0.3041 0.5115 0.2903 0.5103 0.3041 0.4981 0.309 0.5046 0.2944 0.5115 0.2903 0.5046 0.2944 0.5062 0.2809 0.5046 0.2944 0.5115 0.2903 0.5103 0.3041 0.5176 0.2971 0.5115 0.2903 0.5166 0.2852 0.5115 0.2903 0.5062 0.2809 0.512 0.2776 0.5166 0.2852 0.512 0.2776 0.5165 0.2746 0.512 0.2776 0.5166 0.2852 0.5115 0.2903 0.5176 0.2971 0.5166 0.2852 0.5196 0.2854 0.5166 0.2852 0.5165 0.2746 0.5188 0.2792 0.5196 0.2854 0.5188 0.2792 0.5202 0.2787 0.5188 0.2792 0.5196 0.2854 0.5166 0.2852 0.5186 0.3514 0.5173 0.3602 0.5125 0.3489 0.5173 0.3602 0.5158 0.3732 0.5109 0.3596 0.5125 0.3489 0.5109 0.3596 0.5025 0.3478 0.5109 0.3596 0.5125 0.3489 0.5173 0.3602 0.5186 0.3514 0.5125 0.3489 0.517 0.341 0.5125 0.3489 0.5025 0.3478 0.5094 0.3352 0.517 0.341 0.5094 0.3352 0.5167 0.3263 0.5094 0.3352 0.517 0.341 0.5125 0.3489 0.5186 0.3514 0.517 0.341 0.5214 0.348 0.517 0.341 0.5167 0.3263 0.5209 0.3355 0.5214 0.348 0.5209 0.3355 0.5238 0.3452 0.5209 0.3355 0.5214 0.348 0.517 0.341 0.5186 0.3514 0.5214 0.348 0.5214 0.358 0.5214 0.348 0.5238 0.3452 0.5231 0.3555 0.5214 0.358 0.5231 0.3555 0.5227 0.3633 0.5231 0.3555 0.5214 0.358 0.5214 0.348 0.5233 0.3101 0.5212 0.3153 0.5213 0.3068 0.5212 0.3153 0.5167 0.3263 0.5165 0.3122 0.5213 0.3068 0.5165 0.3122 0.5176 0.2971 0.5165 0.3122 0.5213 0.3068 0.5212 0.3153 0.5233 0.3101 0.5213 0.3068 0.5235 0.3052 0.5213 0.3068 0.5176 0.2971 0.5216 0.298 0.5235 0.3052 0.5216 0.298 0.5231 0.2996 0.5216 0.298 0.5235 0.3052 0.5213 0.3068 0.5231 0.2996 0.5216 0.298 0.5228 0.2923 0.5216 0.298 0.5176 0.2971 0.5211 0.2875 0.5228 0.2923 0.5211 0.2875 0.5234 0.2746 0.5211 0.2875 0.5228 0.2923 0.5216 0.298 0.5238 0.3452 0.5209 0.3355 0.5234 0.3297 0.5209 0.3355 0.5167 0.3263 0.5218 0.322 0.5234 0.3297 0.5218 0.322 0.5243 0.3122 0.5218 0.322 0.5234 0.3297 0.5209 0.3355 0.5238 0.3452 0.5234 0.3297 0.5248 0.337 0.5234 0.3297 0.5243 0.3122 0.525 0.3262 0.5248 0.337 0.525 0.3262 0.5254 0.3344 0.525 0.3262 0.5248 0.337 0.5234 0.3297 0.5238 0.3452 0.5248 0.337 0.5249 0.3438 0.5248 0.337 0.5254 0.3344 0.5253 0.3409 0.5249 0.3438 0.5253 0.3409 0.5252 0.3435 0.5253 0.3409 0.5249 0.3438 0.5248 0.337 0.5006 0.4358 0.4977 0.4216 0.5072 0.4248 0.4977 0.4216 0.4983 0.4118 0.5056 0.4139 0.5072 0.4248 0.5056 0.4139 0.5142 0.4148 0.5056 0.4139 0.5072 0.4248 0.4977 0.4216 0.5006 0.4358 0.5072 0.4248 0.5098 0.438 0.5072 0.4248 0.5142 0.4148 0.5144 0.428 0.5098 0.438 0.5144 0.428 0.5161 0.4399 0.5144 0.428 0.5098 0.438 0.5072 0.4248 0.5161 0.4399 0.5144 0.428 0.5182 0.4302 0.5144 0.428 0.5142 0.4148 0.518 0.4217 0.5182 0.4302 0.518 0.4217 0.5193 0.4251 0.518 0.4217 0.5182 0.4302 0.5144 0.428 0.5193 0.4251 0.518 0.4217 0.5203 0.4208 0.518 0.4217 0.5142 0.4148 0.5193 0.4141 0.5203 0.4208 0.5193 0.4141 0.522 0.4153 0.5193 0.4141 0.5203 0.4208 0.518 0.4217 0.5193 0.4251 0.5203 0.4208 0.5201 0.4283 0.5203 0.4208 0.522 0.4153 0.5216 0.424 0.5201 0.4283 0.5216 0.424 0.5211 0.4342 0.5216 0.424 0.5201 0.4283 0.5203 0.4208 0.5211 0.4342 0.5216 0.424 0.5223 0.4302 0.5216 0.424 0.522 0.4153 0.5228 0.4221 0.5223 0.4302 0.5228 0.4221 0.5231 0.4289 0.5228 0.4221 0.5223 0.4302 0.5216 0.424 0.5211 0.4342 0.5223 0.4302 0.5221 0.4423 0.5223 0.4302 0.5231 0.4289 0.523 0.4383 0.5221 0.4423 0.523 0.4383 0.5229 0.4499 0.523 0.4383 0.5221 0.4423 0.5223 0.4302 0.5211 0.4342 0.5221 0.4423 0.5211 0.4481 0.5221 0.4423 0.5229 0.4499 0.5223 0.4552 0.5211 0.4481 0.5223 0.4552 0.5217 0.467 0.5223 0.4552 0.5211 0.4481 0.5221 0.4423 0.5211 0.4342 0.5211 0.4481 0.5194 0.4386 0.5211 0.4481 0.5217 0.467 0.5188 0.4518 0.5194 0.4386 0.5188 0.4518 0.5161 0.4399 0.5188 0.4518 0.5194 0.4386 0.5211 0.4481 0.5211 0.4342 0.5194 0.4386 0.5201 0.4283 0.5194 0.4386 0.5161 0.4399 0.5182 0.4302 0.5201 0.4283 0.5182 0.4302 0.5193 0.4251 0.5182 0.4302 0.5201 0.4283 0.5194 0.4386 0.5161 0.5562 0.5146 0.5679 0.5078 0.5589 0.5146 0.5679 0.515 0.5781 0.5085 0.5703 0.5078 0.5589 0.5085 0.5703 0.4994 0.5643 0.5085 0.5703 0.5078 0.5589 0.5146 0.5679 0.5161 0.5562 0.5078 0.5589 0.5092 0.5489 0.5078 0.5589 0.4994 0.5643 0.4988 0.5545 0.5092 0.5489 0.4988 0.5545 0.4966 0.5409 0.4988 0.5545 0.5092 0.5489 0.5078 0.5589 0.5161 0.5562 0.5092 0.5489 0.5152 0.5449 0.5092 0.5489 0.4966 0.5409 0.5097 0.5391 0.5152 0.5449 0.5097 0.5391 0.5136 0.5383 0.5097 0.5391 0.5152 0.5449 0.5092 0.5489 0.5136 0.5383 0.5097 0.5391 0.5096 0.5296 0.5097 0.5391 0.4966 0.5409 0.5003 0.5264 0.5096 0.5296 0.5003 0.5264 0.5031 0.5161 0.5003 0.5264 0.5096 0.5296 0.5097 0.5391 0.5031 0.5161 0.5003 0.5264 0.4912 0.5113 0.5003 0.5264 0.4966 0.5409 0.4854 0.522 0.4912 0.5113 0.4854 0.522 0.4767 0.5039 0.4854 0.522 0.4912 0.5113 0.5003 0.5264 0.4767 0.5039 0.4854 0.522 0.4671 0.5149 0.4854 0.522 0.4966 0.5409 0.4756 0.5326 0.4671 0.5149 0.4756 0.5326 0.4593 0.5241 0.4756 0.5326 0.4671 0.5149 0.4854 0.522 0.4593 0.5241 0.4756 0.5326 0.4591 0.5406 0.4756 0.5326 0.4966 0.5409 0.4747 0.5517 0.4591 0.5406 0.4747 0.5517 0.4553 0.5606 0.4747 0.5517 0.4591 0.5406 0.4756 0.5326 0.4593 0.5241 0.4591 0.5406 0.4453 0.5239 0.4591 0.5406 0.4553 0.5606 0.4397 0.5435 0.4453 0.5239 0.4397 0.5435 0.4105 0.5239 0.4397 0.5435 0.4453 0.5239 0.4591 0.5406 0.4105 0.5239 0.4397 0.5435 0.3895 0.5436 0.4397 0.5435 0.4553 0.5606 0.4353 0.5634 0.3895 0.5436 0.4353 0.5634 0.3888 0.562 0.4353 0.5634 0.3895 0.5436 0.4397 0.5435 0.4105 0.5239 0.3895 0.5436 0.3162 0.5242 0.3895 0.5436 0.3888 0.562 0.2944 0.544 0.3162 0.5242 0.2944 0.544 0.1535 0.5216 0.2944 0.544 0.3162 0.5242 0.3895 0.5436 0.1535 0.5216 0.2944 0.544 0.2194 0.5505 0.2944 0.544 0.3888 0.562 0.3208 0.5615 0.2194 0.5505 0.3208 0.5615 0.2644 0.5655 0.3208 0.5615 0.2194 0.5505 0.2944 0.544 0.2644 0.5655 0.3208 0.5615 0.3264 0.572 0.3208 0.5615 0.3888 0.562 0.3758 0.5745 0.3264 0.572 0.3758 0.5745 0.3523 0.5793 0.3758 0.5745 0.3264 0.572 0.3208 0.5615 0.2644 0.5655 0.3264 0.572 0.2826 0.5737 0.3264 0.572 0.3523 0.5793 0.3223 0.5777 0.2826 0.5737 0.3223 0.5777 0.293 0.5774 0.3223 0.5777 0.2826 0.5737 0.3264 0.572 0.2644 0.5655 0.2826 0.5737 0.2107 0.5727 0.2826 0.5737 0.293 0.5774 0.2449 0.5785 0.2107 0.5727 0.2449 0.5785 0.1653 0.5814 0.2449 0.5785 0.2107 0.5727 0.2826 0.5737 0.2644 0.5655 0.2107 0.5727 0.1822 0.5626 0.2107 0.5727 0.1653 0.5814 0.1453 0.5719 0.1822 0.5626 0.1453 0.5719 0.1392 0.5631 0.1453 0.5719 0.1822 0.5626 0.2107 0.5727 0.1392 0.5631 0.1453 0.5719 0.118 0.5652 0.1453 0.5719 0.1653 0.5814 0.1173 0.5805 0.118 0.5652 0.1173 0.5805 0.1024 0.5715 0.1173 0.5805 0.118 0.5652 0.1453 0.5719 0.1392 0.5631 0.118 0.5652 0.1401 0.5517 0.118 0.5652 0.1024 0.5715 0.1088 0.5513 0.1401 0.5517 0.1088 0.5513 0.1535 0.5216 0.1088 0.5513 0.1401 0.5517 0.118 0.5652 0.1392 0.5631 0.1401 0.5517 0.1822 0.5626 0.1401 0.5517 0.1535 0.5216 0.2194 0.5505 0.1822 0.5626 0.2194 0.5505 0.2644 0.5655 0.2194 0.5505 0.1822 0.5626 0.1401 0.5517 0.5225 0.5657 0.5202 0.5618 0.5226 0.5577 0.5202 0.5618 0.5161 0.5562 0.5205 0.5515 0.5226 0.5577 0.5205 0.5515 0.5231 0.5485 0.5205 0.5515 0.5226 0.5577 0.5202 0.5618 0.5231 0.5485 0.5205 0.5515 0.521 0.5397 0.5205 0.5515 0.5161 0.5562 0.5184 0.5427 0.521 0.5397 0.5184 0.5427 0.5187 0.5278 0.5184 0.5427 0.521 0.5397 0.5205 0.5515 0.5187 0.5278 0.5184 0.5427 0.5155 0.5346 0.5184 0.5427 0.5161 0.5562 0.5152 0.5449 0.5155 0.5346 0.5152 0.5449 0.5136 0.5383 0.5152 0.5449 0.5155 0.5346 0.5184 0.5427 0.5187 0.5278 0.5155 0.5346 0.5123 0.5213 0.5155 0.5346 0.5136 0.5383 0.5096 0.5296 0.5123 0.5213 0.5096 0.5296 0.5031 0.5161 0.5096 0.5296 0.5123 0.5213 0.5155 0.5346 0.5187 0.5278 0.5123 0.5213 0.5173 0.5147 0.5123 0.5213 0.5031 0.5161 0.5103 0.5089 0.5173 0.5147 0.5103 0.5089 0.5171 0.504 0.5103 0.5089 0.5173 0.5147 0.5123 0.5213 0.5171 0.504 0.5103 0.5089 0.5106 0.497 0.5103 0.5089 0.5031 0.5161 0.5006 0.5023 0.5106 0.497 0.5006 0.5023 0.5034 0.4867 0.5006 0.5023 0.5106 0.497 0.5103 0.5089 0.5034 0.4867 0.5006 0.5023 0.4908 0.4957 0.5006 0.5023 0.5031 0.5161 0.4912 0.5113 0.4908 0.4957 0.4912 0.5113 0.4767 0.5039 0.4912 0.5113 0.4908 0.4957 0.5006 0.5023 0.5034 0.4867 0.4908 0.4957 0.4966 0.4796 0.4908 0.4957 0.4767 0.5039 0.4854 0.4867 0.4966 0.4796 0.4854 0.4867 0.4919 0.4713 0.4854 0.4867 0.4966 0.4796 0.4908 0.4957 0.4919 0.4713 0.4854 0.4867 0.4815 0.476 0.4854 0.4867 0.4767 0.5039 0.4731 0.4883 0.4815 0.476 0.4731 0.4883 0.473 0.4788 0.4731 0.4883 0.4815 0.476 0.4854 0.4867 0.473 0.4788 0.4731 0.4883 0.4624 0.482 0.4731 0.4883 0.4767 0.5039 0.4604 0.4977 0.4624 0.482 0.4604 0.4977 0.4471 0.4896 0.4604 0.4977 0.4624 0.482 0.4731 0.4883 0.4471 0.4896 0.4604 0.4977 0.4513 0.5081 0.4604 0.4977 0.4767 0.5039 0.4671 0.5149 0.4513 0.5081 0.4671 0.5149 0.4593 0.5241 0.4671 0.5149 0.4513 0.5081 0.4604 0.4977 0.4471 0.4896 0.4513 0.5081 0.4356 0.5057 0.4513 0.5081 0.4593 0.5241 0.4453 0.5239 0.4356 0.5057 0.4453 0.5239 0.4105 0.5239 0.4453 0.5239 0.4356 0.5057 0.4513 0.5081 0.4471 0.4896 0.4356 0.5057 0.4314 0.4928 0.4356 0.5057 0.4105 0.5239 0.3896 0.5069 0.4314 0.4928 0.3896 0.5069 0.396 0.4954 0.3896 0.5069 0.4314 0.4928 0.4356 0.5057 0.396 0.4954 0.3896 0.5069 0.3104 0.5058 0.3896 0.5069 0.4105 0.5239 0.3162 0.5242 0.3104 0.5058 0.3162 0.5242 0.1535 0.5216 0.3162 0.5242 0.3104 0.5058 0.3896 0.5069 0.396 0.4954 0.3104 0.5058 0.3727 0.4895 0.3104 0.5058 0.1535 0.5216 0.2807 0.4967 0.3727 0.4895 0.2807 0.4967 0.3647 0.4772 0.2807 0.4967 0.3727 0.4895 0.3104 0.5058 0.3647 0.4772 0.2807 0.4967 0.3025 0.4828 0.2807 0.4967 0.1535 0.5216 0.2232 0.496 0.3025 0.4828 0.2232 0.496 0.2654 0.4804 0.2232 0.496 0.3025 0.4828 0.2807 0.4967 0.2654 0.4804 0.2232 0.496 0.2199 0.4851 0.2232 0.496 0.1535 0.5216 0.1636 0.4952 0.2199 0.4851 0.1636 0.4952 0.1884 0.4788 0.1636 0.4952 0.2199 0.4851 0.2232 0.496 0.1884 0.4788 0.1636 0.4952 0.1377 0.48 0.1636 0.4952 0.1535 0.5216 0.1075 0.491 0.1377 0.48 0.1075 0.491 0.1006 0.4697 0.1075 0.491 0.1377 0.48 0.1636 0.4952 0.1006 0.4697 0.1075 0.491 0.06884 0.4715 0.1075 0.491 0.1535 0.5216 0.06696 0.4958 0.06884 0.4715 0.06696 0.4958 0.03348 0.4713 0.06696 0.4958 0.06884 0.4715 0.1075 0.491 0.03348 0.4713 0.06696 0.4958 0.03326 0.4983 0.06696 0.4958 0.1535 0.5216 0.06332 0.519 0.03326 0.4983 0.06332 0.519 0.0314 0.5184 0.06332 0.519 0.03326 0.4983 0.06696 0.4958 0.0314 0.5184 0.06332 0.519 0.05456 0.5352 0.06332 0.519 0.1535 0.5216 0.08769 0.5399 0.05456 0.5352 0.08769 0.5399 0.07179 0.5516 0.08769 0.5399 0.05456 0.5352 0.06332 0.519 0.07179 0.5516 0.08769 0.5399 0.09046 0.5594 0.08769 0.5399 0.1535 0.5216 0.1088 0.5513 0.09046 0.5594 0.1088 0.5513 0.1024 0.5715 0.1088 0.5513 0.09046 0.5594 0.08769 0.5399 0.07179 0.5516 0.09046 0.5594 0.068 0.5668 0.09046 0.5594 0.1024 0.5715 0.07898 0.5775 0.068 0.5668 0.07898 0.5775 0.04965 0.5785 0.07898 0.5775 0.068 0.5668 0.09046 0.5594 0.07179 0.5516 0.068 0.5668 0.0546 0.5617 0.068 0.5668 0.04965 0.5785 0.04868 0.5714 0.0546 0.5617 0.04868 0.5714 0.04446 0.5673 0.04868 0.5714 0.0546 0.5617 0.068 0.5668 0.04446 0.5673 0.04868 0.5714 0.03792 0.5691 0.04868 0.5714 0.04965 0.5785 0.03784 0.5734 0.03792 0.5691 0.03784 0.5734 0.03311 0.569 0.03784 0.5734 0.03792 0.5691 0.04868 0.5714 0.03311 0.569 0.03784 0.5734 0.02668 0.5679 0.03784 0.5734 0.04965 0.5785 0.02907 0.5763 0.02668 0.5679 0.02907 0.5763 0.01675 0.5683 0.02907 0.5763 0.02668 0.5679 0.03784 0.5734 0.03311 0.569 0.02668 0.5679 0.02754 0.5616 0.02668 0.5679 0.01675 0.5683 0.01641 0.557 0.02754 0.5616 0.01641 0.557 0.02196 0.5461 0.01641 0.557 0.02754 0.5616 0.02668 0.5679 0.03311 0.569 0.02754 0.5616 0.03792 0.5691 0.02754 0.5616 0.02196 0.5461 0.03754 0.5595 0.03792 0.5691 0.03754 0.5595 0.04446 0.5673 0.03754 0.5595 0.03792 0.5691 0.02754 0.5616 0.04446 0.5673 0.03754 0.5595 0.0546 0.5617 0.03754 0.5595 0.02196 0.5461 0.04531 0.5475 0.0546 0.5617 0.04531 0.5475 0.07179 0.5516 0.04531 0.5475 0.0546 0.5617 0.03754 0.5595 0.07179 0.5516 0.04531 0.5475 0.05456 0.5352 0.04531 0.5475 0.02196 0.5461 0.02765 0.5321 0.05456 0.5352 0.02765 0.5321 0.0314 0.5184 0.02765 0.5321 0.05456 0.5352 0.04531 0.5475 0.0314 0.5184 0.02765 0.5321 0.01676 0.5167 0.02765 0.5321 0.02196 0.5461 0.01371 0.5295 0.01676 0.5167 0.01371 0.5295 0.01054 0.5146 0.01371 0.5295 0.01676 0.5167 0.02765 0.5321 0.01054 0.5146 0.01371 0.5295 0.007054 0.5305 0.01371 0.5295 0.02196 0.5461 0.009794 0.5438 0.007054 0.5305 0.009794 0.5438 0.002641 0.5474 0.009794 0.5438 0.007054 0.5305 0.01371 0.5295 0.002641 0.5474 0.009794 0.5438 0.008994 0.5574 0.009794 0.5438 0.02196 0.5461 0.01641 0.557 0.008994 0.5574 0.01641 0.557 0.01675 0.5683 0.01641 0.557 0.008994 0.5574 0.009794 0.5438 0.002641 0.5474 0.008994 0.5574 0.006126 0.5616 0.008994 0.5574 0.01675 0.5683 0.01067 0.5699 0.006126 0.5616 0.01067 0.5699 0.008154 0.5711 0.01067 0.5699 0.006126 0.5616 0.008994 0.5574 0.5231 0.5485 0.521 0.5397 0.5225 0.5385 0.521 0.5397 0.5187 0.5278 0.5211 0.5318 0.5225 0.5385 0.5211 0.5318 0.5223 0.5306 0.5211 0.5318 0.5225 0.5385 0.521 0.5397 0.5223 0.5306 0.5211 0.5318 0.5213 0.528 0.5211 0.5318 0.5187 0.5278 0.5206 0.5267 0.5213 0.528 0.5206 0.5267 0.5209 0.5269 0.5206 0.5267 0.5213 0.528 0.5211 0.5318 0.5209 0.5269 0.5206 0.5267 0.5211 0.5236 0.5206 0.5267 0.5187 0.5278 0.5204 0.5192 0.5211 0.5236 0.5204 0.5192 0.5215 0.5146 0.5204 0.5192 0.5211 0.5236 0.5206 0.5267 0.5215 0.5146 0.5204 0.5192 0.5204 0.509 0.5204 0.5192 0.5187 0.5278 0.5173 0.5147 0.5204 0.509 0.5173 0.5147 0.5171 0.504 0.5173 0.5147 0.5204 0.509 0.5204 0.5192 0.5215 0.5146 0.5204 0.509 0.5213 0.5042 0.5204 0.509 0.5171 0.504 0.5198 0.4987 0.5213 0.5042 0.5198 0.4987 0.5208 0.4933 0.5198 0.4987 0.5213 0.5042 0.5204 0.509 0.5208 0.4933 0.5198 0.4987 0.5192 0.488 0.5198 0.4987 0.5171 0.504 0.5166 0.4935 0.5192 0.488 0.5166 0.4935 0.5166 0.4842 0.5166 0.4935 0.5192 0.488 0.5198 0.4987 0.5166 0.4842 0.5166 0.4935 0.512 0.4856 0.5166 0.4935 0.5171 0.504 0.5106 0.497 0.512 0.4856 0.5106 0.497 0.5034 0.4867 0.5106 0.497 0.512 0.4856 0.5166 0.4935 0.5166 0.4842 0.512 0.4856 0.5148 0.475 0.512 0.4856 0.5034 0.4867 0.5093 0.4742 0.5148 0.475 0.5093 0.4742 0.5124 0.4628 0.5093 0.4742 0.5148 0.475 0.512 0.4856 0.5124 0.4628 0.5093 0.4742 0.5073 0.4611 0.5093 0.4742 0.5034 0.4867 0.5042 0.4712 0.5073 0.4611 0.5042 0.4712 0.5036 0.46 0.5042 0.4712 0.5073 0.4611 0.5093 0.4742 0.5036 0.46 0.5042 0.4712 0.4999 0.4656 0.5042 0.4712 0.5034 0.4867 0.4966 0.4796 0.4999 0.4656 0.4966 0.4796 0.4919 0.4713 0.4966 0.4796 0.4999 0.4656 0.5042 0.4712 0.5036 0.46 0.4999 0.4656 0.4993 0.454 0.4999 0.4656 0.4919 0.4713 0.4931 0.4591 0.4993 0.454 0.4931 0.4591 0.4921 0.4492 0.4931 0.4591 0.4993 0.454 0.4999 0.4656 0.5036 0.46 0.4993 0.454 0.5027 0.4497 0.4993 0.454 0.4921 0.4492 0.4951 0.4424 0.5027 0.4497 0.4951 0.4424 0.5006 0.4358 0.4951 0.4424 0.5027 0.4497 0.4993 0.454 0.5036 0.46 0.5027 0.4497 0.5073 0.4611 0.5027 0.4497 0.5006 0.4358 0.5077 0.4494 0.5073 0.4611 0.5077 0.4494 0.5124 0.4628 0.5077 0.4494 0.5073 0.4611 0.5027 0.4497 0.5124 0.4628 0.5077 0.4494 0.5141 0.4514 0.5077 0.4494 0.5006 0.4358 0.5098 0.438 0.5141 0.4514 0.5098 0.438 0.5161 0.4399 0.5098 0.438 0.5141 0.4514 0.5077 0.4494 0.5124 0.4628 0.5141 0.4514 0.5175 0.4644 0.5141 0.4514 0.5161 0.4399 0.5188 0.4518 0.5175 0.4644 0.5188 0.4518 0.5217 0.467 0.5188 0.4518 0.5175 0.4644 0.5141 0.4514 0.5124 0.4628 0.5175 0.4644 0.5148 0.475 0.5175 0.4644 0.5217 0.467 0.5188 0.4766 0.5148 0.475 0.5188 0.4766 0.5166 0.4842 0.5188 0.4766 0.5148 0.475 0.5175 0.4644 0.5166 0.4842 0.5188 0.4766 0.5192 0.488 0.5188 0.4766 0.5217 0.467 0.5209 0.4816 0.5192 0.488 0.5209 0.4816 0.5208 0.4933 0.5209 0.4816 0.5192 0.488 0.5188 0.4766 0.5208 0.4933 0.5209 0.4816 0.522 0.4899 0.5209 0.4816 0.5217 0.467 0.5223 0.4798 0.522 0.4899 0.5223 0.4798 0.5232 0.4882 0.5223 0.4798 0.522 0.4899 0.5209 0.4816 0.5208 0.4933 0.522 0.4899 0.5221 0.5011 0.522 0.4899 0.5232 0.4882 0.5231 0.4986 0.5221 0.5011 0.5231 0.4986 0.5232 0.5103 0.5231 0.4986 0.5221 0.5011 0.522 0.4899 0.5208 0.4933 0.5221 0.5011 0.5213 0.5042 0.5221 0.5011 0.5232 0.5103 0.5223 0.512 0.5213 0.5042 0.5223 0.512 0.5215 0.5146 0.5223 0.512 0.5213 0.5042 0.5221 0.5011 0.5215 0.5146 0.5223 0.512 0.522 0.5221 0.5223 0.512 0.5232 0.5103 0.5229 0.5217 0.522 0.5221 0.5229 0.5217 0.5223 0.5306 0.5229 0.5217 0.522 0.5221 0.5223 0.512 0.5215 0.5146 0.522 0.5221 0.5211 0.5236 0.522 0.5221 0.5223 0.5306 0.5213 0.528 0.5211 0.5236 0.5213 0.528 0.5209 0.5269 0.5213 0.528 0.5211 0.5236 0.522 0.5221 0.5232 0.5103 0.5238 0.5209 0.5229 0.5217 0.5238 0.5209 0.5241 0.5295 0.5234 0.5306 0.5229 0.5217 0.5234 0.5306 0.5223 0.5306 0.5234 0.5306 0.5229 0.5217 0.5238 0.5209 0.5223 0.5306 0.5234 0.5306 0.5232 0.5366 0.5234 0.5306 0.5241 0.5295 0.5239 0.5355 0.5232 0.5366 0.5239 0.5355 0.5237 0.539 0.5239 0.5355 0.5232 0.5366 0.5234 0.5306 0.09562 0.4107 0.1036 0.4013 0.1131 0.4133 0.1036 0.4013 0.1201 0.3926 0.1287 0.4021 0.1131 0.4133 0.1287 0.4021 0.1325 0.4127 0.1287 0.4021 0.1131 0.4133 0.1036 0.4013 0.09562 0.4107 0.1131 0.4133 0.09909 0.4242 0.1131 0.4133 0.1325 0.4127 0.1181 0.4246 0.09909 0.4242 0.1181 0.4246 0.1044 0.4382 0.1181 0.4246 0.09909 0.4242 0.1131 0.4133 0.1044 0.4382 0.1181 0.4246 0.1314 0.4325 0.1181 0.4246 0.1325 0.4127 0.1457 0.4197 0.1314 0.4325 0.1457 0.4197 0.1731 0.4272 0.1457 0.4197 0.1314 0.4325 0.1181 0.4246 0.1731 0.4272 0.1457 0.4197 0.17 0.4144 0.1457 0.4197 0.1325 0.4127 0.158 0.4094 0.17 0.4144 0.158 0.4094 0.1723 0.4082 0.158 0.4094 0.17 0.4144 0.1457 0.4197 0.1723 0.4082 0.158 0.4094 0.1765 0.4005 0.158 0.4094 0.1325 0.4127 0.1561 0.3992 0.1765 0.4005 0.1561 0.3992 0.2144 0.3835 0.1561 0.3992 0.1765 0.4005 0.158 0.4094 0.1731 0.4272 0.17 0.4144 0.1847 0.4172 0.17 0.4144 0.1723 0.4082 0.1805 0.4085 0.1847 0.4172 0.1805 0.4085 0.1889 0.4115 0.1805 0.4085 0.1847 0.4172 0.17 0.4144 0.1731 0.4272 0.1847 0.4172 0.2014 0.4282 0.1847 0.4172 0.1889 0.4115 0.2036 0.4199 0.2014 0.4282 0.2036 0.4199 0.241 0.4333 0.2036 0.4199 0.2014 0.4282 0.1847 0.4172 0.241 0.4333 0.2036 0.4199 0.2415 0.4188 0.2036 0.4199 0.1889 0.4115 0.2055 0.4105 0.2415 0.4188 0.2055 0.4105 0.2359 0.4103 0.2055 0.4105 0.2415 0.4188 0.2036 0.4199 0.2359 0.4103 0.2055 0.4105 0.2318 0.4009 0.2055 0.4105 0.1889 0.4115 0.192 0.401 0.2318 0.4009 0.192 0.401 0.2144 0.3835 0.192 0.401 0.2318 0.4009 0.2055 0.4105 0.2359 0.4103 0.2318 0.4009 0.2868 0.4108 0.2318 0.4009 0.2144 0.3835 0.3078 0.3973 0.2868 0.4108 0.3078 0.3973 0.3739 0.4138 0.3078 0.3973 0.2868 0.4108 0.2318 0.4009 0.3739 0.4138 0.3078 0.3973 0.3892 0.3968 0.3078 0.3973 0.2144 0.3835 0.3368 0.3838 0.3892 0.3968 0.3368 0.3838 0.4024 0.3851 0.3368 0.3838 0.3892 0.3968 0.3078 0.3973 0.3739 0.4138 0.3892 0.3968 0.4244 0.4075 0.3892 0.3968 0.4024 0.3851 0.4289 0.3929 0.4244 0.4075 0.4289 0.3929 0.4403 0.4026 0.4289 0.3929 0.4244 0.4075 0.3892 0.3968 0.3739 0.4138 0.4244 0.4075 0.4112 0.4252 0.4244 0.4075 0.4403 0.4026 0.4382 0.4172 0.4112 0.4252 0.4382 0.4172 0.4277 0.438 0.4382 0.4172 0.4112 0.4252 0.4244 0.4075 0.4277 0.438 0.4382 0.4172 0.4526 0.4281 0.4382 0.4172 0.4403 0.4026 0.4529 0.4092 0.4526 0.4281 0.4529 0.4092 0.4728 0.4213 0.4529 0.4092 0.4526 0.4281 0.4382 0.4172 0.4277 0.438 0.4526 0.4281 0.45 0.447 0.4526 0.4281 0.4728 0.4213 0.4683 0.4403 0.45 0.447 0.4683 0.4403 0.4657 0.4576 0.4683 0.4403 0.45 0.447 0.4526 0.4281 0.4657 0.4576 0.4683 0.4403 0.482 0.4512 0.4683 0.4403 0.4728 0.4213 0.4838 0.4391 0.482 0.4512 0.4838 0.4391 0.4921 0.4492 0.4838 0.4391 0.482 0.4512 0.4683 0.4403 0.4657 0.4576 0.482 0.4512 0.4825 0.4633 0.482 0.4512 0.4921 0.4492 0.4931 0.4591 0.4825 0.4633 0.4931 0.4591 0.4919 0.4713 0.4931 0.4591 0.4825 0.4633 0.482 0.4512 0.4657 0.4576 0.4825 0.4633 0.471 0.4703 0.4825 0.4633 0.4919 0.4713 0.4815 0.476 0.471 0.4703 0.4815 0.476 0.473 0.4788 0.4815 0.476 0.471 0.4703 0.4825 0.4633 0.4657 0.4576 0.471 0.4703 0.4549 0.4734 0.471 0.4703 0.473 0.4788 0.4624 0.482 0.4549 0.4734 0.4624 0.482 0.4471 0.4896 0.4624 0.482 0.4549 0.4734 0.471 0.4703 0.4657 0.4576 0.4549 0.4734 0.4466 0.4662 0.4549 0.4734 0.4471 0.4896 0.441 0.4811 0.4466 0.4662 0.441 0.4811 0.4338 0.4756 0.441 0.4811 0.4466 0.4662 0.4549 0.4734 0.4338 0.4756 0.441 0.4811 0.4244 0.4857 0.441 0.4811 0.4471 0.4896 0.4314 0.4928 0.4244 0.4857 0.4314 0.4928 0.396 0.4954 0.4314 0.4928 0.4244 0.4857 0.441 0.4811 0.4338 0.4756 0.4244 0.4857 0.4136 0.4754 0.4244 0.4857 0.396 0.4954 0.3727 0.4895 0.4136 0.4754 0.3727 0.4895 0.3647 0.4772 0.3727 0.4895 0.4136 0.4754 0.4244 0.4857 0.4338 0.4756 0.4136 0.4754 0.4315 0.46 0.4136 0.4754 0.3647 0.4772 0.4025 0.4595 0.4315 0.46 0.4025 0.4595 0.4277 0.438 0.4025 0.4595 0.4315 0.46 0.4136 0.4754 0.4338 0.4756 0.4315 0.46 0.4466 0.4662 0.4315 0.46 0.4277 0.438 0.45 0.447 0.4466 0.4662 0.45 0.447 0.4657 0.4576 0.45 0.447 0.4466 0.4662 0.4315 0.46 0.241 0.4333 0.2415 0.4188 0.3058 0.4257 0.2415 0.4188 0.2359 0.4103 0.2868 0.4108 0.3058 0.4257 0.2868 0.4108 0.3739 0.4138 0.2868 0.4108 0.3058 0.4257 0.2415 0.4188 0.241 0.4333 0.3058 0.4257 0.3029 0.4433 0.3058 0.4257 0.3739 0.4138 0.3595 0.4351 0.3029 0.4433 0.3595 0.4351 0.3431 0.4516 0.3595 0.4351 0.3029 0.4433 0.3058 0.4257 0.3431 0.4516 0.3595 0.4351 0.3862 0.4458 0.3595 0.4351 0.3739 0.4138 0.4112 0.4252 0.3862 0.4458 0.4112 0.4252 0.4277 0.438 0.4112 0.4252 0.3862 0.4458 0.3595 0.4351 0.3431 0.4516 0.3862 0.4458 0.3626 0.4625 0.3862 0.4458 0.4277 0.438 0.4025 0.4595 0.3626 0.4625 0.4025 0.4595 0.3647 0.4772 0.4025 0.4595 0.3626 0.4625 0.3862 0.4458 0.3431 0.4516 0.3626 0.4625 0.3209 0.4586 0.3626 0.4625 0.3647 0.4772 0.3373 0.4701 0.3209 0.4586 0.3373 0.4701 0.3063 0.4622 0.3373 0.4701 0.3209 0.4586 0.3626 0.4625 0.3063 0.4622 0.3373 0.4701 0.3001 0.4709 0.3373 0.4701 0.3647 0.4772 0.3025 0.4828 0.3001 0.4709 0.3025 0.4828 0.2654 0.4804 0.3025 0.4828 0.3001 0.4709 0.3373 0.4701 0.3063 0.4622 0.3001 0.4709 0.2719 0.4592 0.3001 0.4709 0.2654 0.4804 0.263 0.4681 0.2719 0.4592 0.263 0.4681 0.2455 0.4586 0.263 0.4681 0.2719 0.4592 0.3001 0.4709 0.2455 0.4586 0.263 0.4681 0.2393 0.4647 0.263 0.4681 0.2654 0.4804 0.2448 0.4739 0.2393 0.4647 0.2448 0.4739 0.2339 0.4694 0.2448 0.4739 0.2393 0.4647 0.263 0.4681 0.2339 0.4694 0.2448 0.4739 0.2229 0.4743 0.2448 0.4739 0.2654 0.4804 0.2199 0.4851 0.2229 0.4743 0.2199 0.4851 0.1884 0.4788 0.2199 0.4851 0.2229 0.4743 0.2448 0.4739 0.2339 0.4694 0.2229 0.4743 0.2256 0.4651 0.2229 0.4743 0.1884 0.4788 0.2113 0.4683 0.2256 0.4651 0.2113 0.4683 0.2175 0.4558 0.2113 0.4683 0.2256 0.4651 0.2229 0.4743 0.2339 0.4694 0.2256 0.4651 0.2393 0.4647 0.2256 0.4651 0.2175 0.4558 0.2295 0.4557 0.2393 0.4647 0.2295 0.4557 0.2455 0.4586 0.2295 0.4557 0.2393 0.4647 0.2256 0.4651 0.2455 0.4586 0.2295 0.4557 0.2421 0.4487 0.2295 0.4557 0.2175 0.4558 0.2199 0.443 0.2421 0.4487 0.2199 0.443 0.241 0.4333 0.2199 0.443 0.2421 0.4487 0.2295 0.4557 0.241 0.4333 0.2199 0.443 0.2014 0.4282 0.2199 0.443 0.2175 0.4558 0.2027 0.4409 0.2014 0.4282 0.2027 0.4409 0.1731 0.4272 0.2027 0.4409 0.2014 0.4282 0.2199 0.443 0.1731 0.4272 0.2027 0.4409 0.1932 0.4454 0.2027 0.4409 0.2175 0.4558 0.2056 0.4565 0.1932 0.4454 0.2056 0.4565 0.1992 0.4571 0.2056 0.4565 0.1932 0.4454 0.2027 0.4409 0.1992 0.4571 0.2056 0.4565 0.1992 0.4669 0.2056 0.4565 0.2175 0.4558 0.2113 0.4683 0.1992 0.4669 0.2113 0.4683 0.1884 0.4788 0.2113 0.4683 0.1992 0.4669 0.2056 0.4565 0.1992 0.4571 0.1992 0.4669 0.1919 0.4575 0.1992 0.4669 0.1884 0.4788 0.1819 0.4673 0.1919 0.4575 0.1819 0.4673 0.1802 0.4577 0.1819 0.4673 0.1919 0.4575 0.1992 0.4669 0.1992 0.4571 0.1919 0.4575 0.1932 0.4454 0.1919 0.4575 0.1802 0.4577 0.1759 0.4458 0.1932 0.4454 0.1759 0.4458 0.1731 0.4272 0.1759 0.4458 0.1932 0.4454 0.1919 0.4575 0.1731 0.4272 0.1759 0.4458 0.1454 0.4426 0.1759 0.4458 0.1802 0.4577 0.1606 0.457 0.1454 0.4426 0.1606 0.457 0.133 0.4564 0.1606 0.457 0.1454 0.4426 0.1759 0.4458 0.133 0.4564 0.1606 0.457 0.1523 0.4688 0.1606 0.457 0.1802 0.4577 0.1819 0.4673 0.1523 0.4688 0.1819 0.4673 0.1884 0.4788 0.1819 0.4673 0.1523 0.4688 0.1606 0.457 0.133 0.4564 0.1523 0.4688 0.1191 0.4638 0.1523 0.4688 0.1884 0.4788 0.1377 0.48 0.1191 0.4638 0.1377 0.48 0.1006 0.4697 0.1377 0.48 0.1191 0.4638 0.1523 0.4688 0.133 0.4564 0.1191 0.4638 0.1161 0.4483 0.1191 0.4638 0.1006 0.4697 0.09753 0.453 0.1161 0.4483 0.09753 0.453 0.1044 0.4382 0.09753 0.453 0.1161 0.4483 0.1191 0.4638 0.133 0.4564 0.1161 0.4483 0.1454 0.4426 0.1161 0.4483 0.1044 0.4382 0.1314 0.4325 0.1454 0.4426 0.1314 0.4325 0.1731 0.4272 0.1314 0.4325 0.1454 0.4426 0.1161 0.4483 0.2455 0.4586 0.2421 0.4487 0.2719 0.4592 0.2421 0.4487 0.241 0.4333 0.2767 0.4503 0.2719 0.4592 0.2767 0.4503 0.3063 0.4622 0.2767 0.4503 0.2719 0.4592 0.2421 0.4487 0.3063 0.4622 0.2767 0.4503 0.3209 0.4586 0.2767 0.4503 0.241 0.4333 0.3029 0.4433 0.3209 0.4586 0.3029 0.4433 0.3431 0.4516 0.3029 0.4433 0.3209 0.4586 0.2767 0.4503 0.1044 0.4382 0.09753 0.453 0.08475 0.4368 0.09753 0.453 0.1006 0.4697 0.07565 0.4521 0.08475 0.4368 0.07565 0.4521 0.05654 0.4309 0.07565 0.4521 0.08475 0.4368 0.09753 0.453 0.05654 0.4309 0.07565 0.4521 0.04589 0.4502 0.07565 0.4521 0.1006 0.4697 0.06884 0.4715 0.04589 0.4502 0.06884 0.4715 0.03348 0.4713 0.06884 0.4715 0.04589 0.4502 0.07565 0.4521 0.05654 0.4309 0.04589 0.4502 0.03038 0.4338 0.04589 0.4502 0.03348 0.4713 0.02159 0.4486 0.03038 0.4338 0.02159 0.4486 0.01284 0.435 0.02159 0.4486 0.03038 0.4338 0.04589 0.4502 0.01284 0.435 0.02159 0.4486 0.009416 0.4475 0.02159 0.4486 0.03348 0.4713 0.01481 0.4626 0.009416 0.4475 0.01481 0.4626 0.008234 0.4593 0.01481 0.4626 0.009416 0.4475 0.02159 0.4486 0.008234 0.4593 0.01481 0.4626 0.01014 0.4741 0.01481 0.4626 0.03348 0.4713 0.01761 0.4828 0.01014 0.4741 0.01761 0.4828 0.01194 0.4899 0.01761 0.4828 0.01014 0.4741 0.01481 0.4626 0.01194 0.4899 0.01761 0.4828 0.01776 0.5024 0.01761 0.4828 0.03348 0.4713 0.03326 0.4983 0.01776 0.5024 0.03326 0.4983 0.0314 0.5184 0.03326 0.4983 0.01776 0.5024 0.01761 0.4828 0.01194 0.4899 0.01776 0.5024 0.01148 0.5014 0.01776 0.5024 0.0314 0.5184 0.01676 0.5167 0.01148 0.5014 0.01676 0.5167 0.01054 0.5146 0.01676 0.5167 0.01148 0.5014 0.01776 0.5024 0.01194 0.4899 0.01148 0.5014 0.007337 0.4847 0.01148 0.5014 0.01054 0.5146 0.006618 0.4988 0.007337 0.4847 0.006618 0.4988 0.001953 0.4802 0.006618 0.4988 0.007337 0.4847 0.01148 0.5014 0.01194 0.4899 0.007337 0.4847 0.01014 0.4741 0.007337 0.4847 0.001953 0.4802 0.004997 0.467 0.01014 0.4741 0.004997 0.467 0.008234 0.4593 0.004997 0.467 0.01014 0.4741 0.007337 0.4847 0.09562 0.4107 0.09909 0.4242 0.07662 0.418 0.09909 0.4242 0.1044 0.4382 0.08475 0.4368 0.07662 0.418 0.08475 0.4368 0.05654 0.4309 0.08475 0.4368 0.07662 0.418 0.09909 0.4242 0.09562 0.4107 0.07662 0.418 0.07191 0.4012 0.07662 0.418 0.05654 0.4309 0.04652 0.409 0.07191 0.4012 0.04652 0.409 0.03804 0.3885 0.04652 0.409 0.07191 0.4012 0.07662 0.418 0.03804 0.3885 0.04652 0.409 0.02418 0.4033 0.04652 0.409 0.05654 0.4309 0.03209 0.4188 0.02418 0.4033 0.03209 0.4188 0.01922 0.4131 0.03209 0.4188 0.02418 0.4033 0.04652 0.409 0.01922 0.4131 0.03209 0.4188 0.0178 0.4235 0.03209 0.4188 0.05654 0.4309 0.03038 0.4338 0.0178 0.4235 0.03038 0.4338 0.01284 0.435 0.03038 0.4338 0.0178 0.4235 0.03209 0.4188 0.01922 0.4131 0.0178 0.4235 0.01062 0.4151 0.0178 0.4235 0.01284 0.435 0.006524 0.426 0.01062 0.4151 0.006524 0.426 0.002979 0.4156 0.006524 0.426 0.01062 0.4151 0.0178 0.4235 0.01922 0.4131 0.01062 0.4151 0.01421 0.4037 0.01062 0.4151 0.002979 0.4156 0.008667 0.4046 0.01421 0.4037 0.008667 0.4046 0.01197 0.3957 0.008667 0.4046 0.01421 0.4037 0.01062 0.4151 0.01922 0.4131 0.01421 0.4037 0.02418 0.4033 0.01421 0.4037 0.01197 0.3957 0.01639 0.3922 0.02418 0.4033 0.01639 0.3922 0.03804 0.3885 0.01639 0.3922 0.02418 0.4033 0.01421 0.4037 0.005875 0.6361 0.0046 0.6313 0.005719 0.6276 0.0046 0.6313 0.003799 0.6274 0.004246 0.6241 0.005719 0.6276 0.004246 0.6241 0.005009 0.6193 0.004246 0.6241 0.005719 0.6276 0.0046 0.6313 0.005875 0.6361 0.005719 0.6276 0.007421 0.6289 0.005719 0.6276 0.005009 0.6193 0.007207 0.6219 0.007421 0.6289 0.007207 0.6219 0.009684 0.6229 0.007207 0.6219 0.007421 0.6289 0.005719 0.6276 0.009684 0.6229 0.007207 0.6219 0.01007 0.6162 0.007207 0.6219 0.005009 0.6193 0.006538 0.6139 0.01007 0.6162 0.006538 0.6139 0.008463 0.6083 0.006538 0.6139 0.01007 0.6162 0.007207 0.6219 0.009684 0.6229 0.01007 0.6162 0.01397 0.6188 0.01007 0.6162 0.008463 0.6083 0.01353 0.6104 0.01397 0.6188 0.01353 0.6104 0.02182 0.6121 0.01353 0.6104 0.01397 0.6188 0.01007 0.6162 0.009684 0.6229 0.01397 0.6188 0.01038 0.6269 0.01397 0.6188 0.02182 0.6121 0.01548 0.624 0.01038 0.6269 0.01548 0.624 0.01087 0.6319 0.01548 0.624 0.01038 0.6269 0.01397 0.6188 0.009684 0.6229 0.01038 0.6269 0.007421 0.6289 0.01038 0.6269 0.01087 0.6319 0.007832 0.6354 0.007421 0.6289 0.007832 0.6354 0.005875 0.6361 0.007832 0.6354 0.007421 0.6289 0.01038 0.6269 0.005875 0.6361 0.007832 0.6354 0.007121 0.6449 0.007832 0.6354 0.01087 0.6319 0.01007 0.6415 0.007121 0.6449 0.01007 0.6415 0.009754 0.6562 0.01007 0.6415 0.007121 0.6449 0.007832 0.6354 0.005875 0.6361 0.007121 0.6449 0.005194 0.6439 0.007121 0.6449 0.009754 0.6562 0.005975 0.6525 0.005194 0.6439 0.005975 0.6525 0.004657 0.6491 0.005975 0.6525 0.005194 0.6439 0.007121 0.6449 0.004657 0.6491 0.005975 0.6525 0.003954 0.6556 0.005975 0.6525 0.009754 0.6562 0.005125 0.6628 0.003954 0.6556 0.005125 0.6628 0.002861 0.6672 0.005125 0.6628 0.003954 0.6556 0.005975 0.6525 0.002861 0.6672 0.005125 0.6628 0.003482 0.6733 0.005125 0.6628 0.009754 0.6562 0.005843 0.6689 0.003482 0.6733 0.005843 0.6689 0.004058 0.6797 0.005843 0.6689 0.003482 0.6733 0.005125 0.6628 0.002861 0.6672 0.003482 0.6733 0.002184 0.6788 0.003482 0.6733 0.004058 0.6797 0.002761 0.6831 0.002184 0.6788 0.002761 0.6831 0.002185 0.6878 0.002761 0.6831 0.002184 0.6788 0.003482 0.6733 0.002185 0.6878 0.002761 0.6831 0.002854 0.6919 0.002761 0.6831 0.004058 0.6797 0.003593 0.6894 0.002854 0.6919 0.003593 0.6894 0.003361 0.6963 0.003593 0.6894 0.002854 0.6919 0.002761 0.6831 0.002185 0.6878 0.002854 0.6919 0.002552 0.6955 0.002854 0.6919 0.003361 0.6963 0.002899 0.6993 0.002552 0.6955 0.002899 0.6993 0.002416 0.7019 0.002899 0.6993 0.002552 0.6955 0.002854 0.6919 0.002416 0.7019 0.002899 0.6993 0.00206 0.7059 0.002899 0.6993 0.003361 0.6963 0.003042 0.7025 0.00206 0.7059 0.003042 0.7025 0.001953 0.7097 0.003042 0.7025 0.00206 0.7059 0.002899 0.6993 0.001953 0.7097 0.003042 0.7025 0.003949 0.706 0.003042 0.7025 0.003361 0.6963 0.004442 0.6974 0.003949 0.706 0.004442 0.6974 0.008074 0.6998 0.004442 0.6974 0.003949 0.706 0.003042 0.7025 0.008074 0.6998 0.004442 0.6974 0.005197 0.6897 0.004442 0.6974 0.003361 0.6963 0.003593 0.6894 0.005197 0.6897 0.003593 0.6894 0.004058 0.6797 0.003593 0.6894 0.005197 0.6897 0.004442 0.6974 0.008074 0.6998 0.005197 0.6897 0.008634 0.6893 0.005197 0.6897 0.004058 0.6797 0.005746 0.6828 0.008634 0.6893 0.005746 0.6828 0.009334 0.6828 0.005746 0.6828 0.008634 0.6893 0.005197 0.6897 0.009334 0.6828 0.005746 0.6828 0.00877 0.6774 0.005746 0.6828 0.004058 0.6797 0.006212 0.6748 0.00877 0.6774 0.006212 0.6748 0.009005 0.6727 0.006212 0.6748 0.00877 0.6774 0.005746 0.6828 0.009005 0.6727 0.006212 0.6748 0.009622 0.6675 0.006212 0.6748 0.004058 0.6797 0.005843 0.6689 0.009622 0.6675 0.005843 0.6689 0.009754 0.6562 0.005843 0.6689 0.009622 0.6675 0.006212 0.6748 0.009005 0.6727 0.009622 0.6675 0.01338 0.6709 0.009622 0.6675 0.009754 0.6562 0.01604 0.6627 0.01338 0.6709 0.01604 0.6627 0.02115 0.6697 0.01604 0.6627 0.01338 0.6709 0.009622 0.6675 0.009005 0.6727 0.01338 0.6709 0.00877 0.6774 0.01338 0.6709 0.02115 0.6697 0.01472 0.677 0.00877 0.6774 0.01472 0.677 0.009334 0.6828 0.01472 0.677 0.00877 0.6774 0.01338 0.6709 0.009334 0.6828 0.01472 0.677 0.01455 0.6841 0.01472 0.677 0.02115 0.6697 0.02079 0.6783 0.01455 0.6841 0.02079 0.6783 0.02 0.6868 0.02079 0.6783 0.01455 0.6841 0.01472 0.677 0.009334 0.6828 0.01455 0.6841 0.008634 0.6893 0.01455 0.6841 0.02 0.6868 0.01497 0.6941 0.008634 0.6893 0.01497 0.6941 0.008074 0.6998 0.01497 0.6941 0.008634 0.6893 0.01455 0.6841 0.008074 0.6998 0.01497 0.6941 0.01526 0.7079 0.01497 0.6941 0.02 0.6868 0.02231 0.6987 0.01526 0.7079 0.02231 0.6987 0.02623 0.7191 0.02231 0.6987 0.01526 0.7079 0.01497 0.6941 0.02623 0.7191 0.02231 0.6987 0.03175 0.6979 0.02231 0.6987 0.02 0.6868 0.02471 0.6862 0.03175 0.6979 0.02471 0.6862 0.03063 0.6852 0.02471 0.6862 0.03175 0.6979 0.02231 0.6987 0.03063 0.6852 0.02471 0.6862 0.02588 0.6766 0.02471 0.6862 0.02 0.6868 0.02079 0.6783 0.02588 0.6766 0.02079 0.6783 0.02115 0.6697 0.02079 0.6783 0.02588 0.6766 0.02471 0.6862 0.03063 0.6852 0.02588 0.6766 0.03391 0.6778 0.02588 0.6766 0.02115 0.6697 0.02754 0.6688 0.03391 0.6778 0.02754 0.6688 0.03452 0.6706 0.02754 0.6688 0.03391 0.6778 0.02588 0.6766 0.03452 0.6706 0.02754 0.6688 0.02937 0.6618 0.02754 0.6688 0.02115 0.6697 0.02297 0.6606 0.02937 0.6618 0.02297 0.6606 0.02466 0.6519 0.02297 0.6606 0.02937 0.6618 0.02754 0.6688 0.02466 0.6519 0.02297 0.6606 0.01807 0.653 0.02297 0.6606 0.02115 0.6697 0.01604 0.6627 0.01807 0.653 0.01604 0.6627 0.009754 0.6562 0.01604 0.6627 0.01807 0.653 0.02297 0.6606 0.02466 0.6519 0.01807 0.653 0.02125 0.6426 0.01807 0.653 0.009754 0.6562 0.01523 0.6439 0.02125 0.6426 0.01523 0.6439 0.01942 0.6349 0.01523 0.6439 0.02125 0.6426 0.01807 0.653 0.01942 0.6349 0.01523 0.6439 0.01496 0.6331 0.01523 0.6439 0.009754 0.6562 0.01007 0.6415 0.01496 0.6331 0.01007 0.6415 0.01087 0.6319 0.01007 0.6415 0.01496 0.6331 0.01523 0.6439 0.01942 0.6349 0.01496 0.6331 0.02093 0.6255 0.01496 0.6331 0.01087 0.6319 0.01548 0.624 0.02093 0.6255 0.01548 0.624 0.02182 0.6121 0.01548 0.624 0.02093 0.6255 0.01496 0.6331 0.01942 0.6349 0.02093 0.6255 0.02422 0.6323 0.02093 0.6255 0.02182 0.6121 0.02956 0.6217 0.02422 0.6323 0.02956 0.6217 0.03128 0.6327 0.02956 0.6217 0.02422 0.6323 0.02093 0.6255 0.01942 0.6349 0.02422 0.6323 0.02125 0.6426 0.02422 0.6323 0.03128 0.6327 0.02695 0.6427 0.02125 0.6426 0.02695 0.6427 0.02466 0.6519 0.02695 0.6427 0.02125 0.6426 0.02422 0.6323 0.02466 0.6519 0.02695 0.6427 0.03165 0.6551 0.02695 0.6427 0.03128 0.6327 0.03429 0.6466 0.03165 0.6551 0.03429 0.6466 0.04188 0.6604 0.03429 0.6466 0.03165 0.6551 0.02695 0.6427 0.02466 0.6519 0.03165 0.6551 0.02937 0.6618 0.03165 0.6551 0.04188 0.6604 0.03895 0.6671 0.02937 0.6618 0.03895 0.6671 0.03452 0.6706 0.03895 0.6671 0.02937 0.6618 0.03165 0.6551 0.03452 0.6706 0.03895 0.6671 0.04582 0.6785 0.03895 0.6671 0.04188 0.6604 0.05329 0.6734 0.04582 0.6785 0.05329 0.6734 0.06521 0.6913 0.05329 0.6734 0.04582 0.6785 0.03895 0.6671 0.03452 0.6706 0.04582 0.6785 0.03391 0.6778 0.04582 0.6785 0.06521 0.6913 0.04301 0.6895 0.03391 0.6778 0.04301 0.6895 0.03063 0.6852 0.04301 0.6895 0.03391 0.6778 0.04582 0.6785 0.03063 0.6852 0.04301 0.6895 0.03175 0.6979 0.04301 0.6895 0.06521 0.6913 0.04761 0.707 0.03175 0.6979 0.04761 0.707 0.02623 0.7191 0.04761 0.707 0.03175 0.6979 0.04301 0.6895 0.02623 0.7191 0.04761 0.707 0.048 0.7264 0.04761 0.707 0.06521 0.6913 0.06559 0.7167 0.048 0.7264 0.06559 0.7167 0.06789 0.7393 0.06559 0.7167 0.048 0.7264 0.04761 0.707 0.06789 0.7393 0.06559 0.7167 0.07977 0.726 0.06559 0.7167 0.06521 0.6913 0.08358 0.7084 0.07977 0.726 0.08358 0.7084 0.1187 0.7196 0.08358 0.7084 0.07977 0.726 0.06559 0.7167 0.1187 0.7196 0.08358 0.7084 0.1294 0.7021 0.08358 0.7084 0.06521 0.6913 0.08711 0.693 0.1294 0.7021 0.08711 0.693 0.1185 0.6907 0.08711 0.693 0.1294 0.7021 0.08358 0.7084 0.1185 0.6907 0.08711 0.693 0.09017 0.6848 0.08711 0.693 0.06521 0.6913 0.07829 0.6834 0.09017 0.6848 0.07829 0.6834 0.08204 0.6805 0.07829 0.6834 0.09017 0.6848 0.08711 0.693 0.08204 0.6805 0.07829 0.6834 0.07699 0.6745 0.07829 0.6834 0.06521 0.6913 0.06744 0.6749 0.07699 0.6745 0.06744 0.6749 0.06813 0.6598 0.06744 0.6749 0.07699 0.6745 0.07829 0.6834 0.06813 0.6598 0.06744 0.6749 0.05497 0.6627 0.06744 0.6749 0.06521 0.6913 0.05329 0.6734 0.05497 0.6627 0.05329 0.6734 0.04188 0.6604 0.05329 0.6734 0.05497 0.6627 0.06744 0.6749 0.06813 0.6598 0.05497 0.6627 0.05525 0.6479 0.05497 0.6627 0.04188 0.6604 0.04422 0.6507 0.05525 0.6479 0.04422 0.6507 0.04724 0.642 0.04422 0.6507 0.05525 0.6479 0.05497 0.6627 0.06813 0.6598 0.05525 0.6479 0.06546 0.6369 0.05525 0.6479 0.04724 0.642 0.05212 0.6315 0.06546 0.6369 0.05212 0.6315 0.06161 0.6125 0.05212 0.6315 0.06546 0.6369 0.05525 0.6479 0.06813 0.6598 0.06546 0.6369 0.08059 0.6486 0.06546 0.6369 0.06161 0.6125 0.08137 0.628 0.08059 0.6486 0.08137 0.628 0.1215 0.642 0.08137 0.628 0.08059 0.6486 0.06546 0.6369 0.1215 0.642 0.08137 0.628 0.1262 0.6261 0.08137 0.628 0.06161 0.6125 0.08742 0.6121 0.1262 0.6261 0.08742 0.6121 0.1396 0.6123 0.08742 0.6121 0.1262 0.6261 0.08137 0.628 0.1396 0.6123 0.08742 0.6121 0.09426 0.6023 0.08742 0.6121 0.06161 0.6125 0.07862 0.6003 0.09426 0.6023 0.07862 0.6003 0.08634 0.5964 0.07862 0.6003 0.09426 0.6023 0.08742 0.6121 0.1396 0.6123 0.09426 0.6023 0.1244 0.6 0.09426 0.6023 0.08634 0.5964 0.09473 0.594 0.1244 0.6 0.09473 0.594 0.1283 0.5894 0.09473 0.594 0.1244 0.6 0.09426 0.6023 0.1396 0.6123 0.1244 0.6 0.1817 0.604 0.1244 0.6 0.1283 0.5894 0.1876 0.5943 0.1817 0.604 0.1876 0.5943 0.2404 0.5985 0.1876 0.5943 0.1817 0.604 0.1244 0.6 0.1396 0.6123 0.1817 0.604 0.2116 0.61 0.1817 0.604 0.2404 0.5985 0.2364 0.6052 0.2116 0.61 0.2364 0.6052 0.2468 0.6087 0.2364 0.6052 0.2116 0.61 0.1817 0.604 0.2468 0.6087 0.2364 0.6052 0.2657 0.6076 0.2364 0.6052 0.2404 0.5985 0.2649 0.6023 0.2657 0.6076 0.2649 0.6023 0.2756 0.6056 0.2649 0.6023 0.2657 0.6076 0.2364 0.6052 0.2756 0.6056 0.2649 0.6023 0.2916 0.6021 0.2649 0.6023 0.2404 0.5985 0.2863 0.5946 0.2916 0.6021 0.2863 0.5946 0.3274 0.5959 0.2863 0.5946 0.2916 0.6021 0.2649 0.6023 0.2756 0.6056 0.2916 0.6021 0.2916 0.6097 0.2916 0.6021 0.3274 0.5959 0.3342 0.6077 0.2916 0.6097 0.3342 0.6077 0.3151 0.6194 0.3342 0.6077 0.2916 0.6097 0.2916 0.6021 0.2756 0.6056 0.2916 0.6097 0.2657 0.6076 0.2916 0.6097 0.3151 0.6194 0.2639 0.6126 0.2657 0.6076 0.2639 0.6126 0.2468 0.6087 0.2639 0.6126 0.2657 0.6076 0.2916 0.6097 0.2468 0.6087 0.2639 0.6126 0.2116 0.61 0.2639 0.6126 0.3151 0.6194 0.2358 0.6186 0.2116 0.61 0.2358 0.6186 0.1396 0.6123 0.2358 0.6186 0.2116 0.61 0.2639 0.6126 0.1396 0.6123 0.2358 0.6186 0.2111 0.6276 0.2358 0.6186 0.3151 0.6194 0.2966 0.631 0.2111 0.6276 0.2966 0.631 0.2862 0.6413 0.2966 0.631 0.2111 0.6276 0.2358 0.6186 0.1396 0.6123 0.2111 0.6276 0.1262 0.6261 0.2111 0.6276 0.2862 0.6413 0.2038 0.64 0.1262 0.6261 0.2038 0.64 0.1215 0.642 0.2038 0.64 0.1262 0.6261 0.2111 0.6276 0.1215 0.642 0.2038 0.64 0.1982 0.6537 0.2038 0.64 0.2862 0.6413 0.2782 0.6521 0.1982 0.6537 0.2782 0.6521 0.2643 0.6613 0.2782 0.6521 0.1982 0.6537 0.2038 0.64 0.2643 0.6613 0.2782 0.6521 0.3086 0.6622 0.2782 0.6521 0.2862 0.6413 0.3207 0.6538 0.3086 0.6622 0.3207 0.6538 0.3282 0.6642 0.3207 0.6538 0.3086 0.6622 0.2782 0.6521 0.3282 0.6642 0.3207 0.6538 0.3444 0.6603 0.3207 0.6538 0.2862 0.6413 0.3346 0.6453 0.3444 0.6603 0.3346 0.6453 0.3815 0.6533 0.3346 0.6453 0.3444 0.6603 0.3207 0.6538 0.3815 0.6533 0.3346 0.6453 0.3582 0.6337 0.3346 0.6453 0.2862 0.6413 0.2966 0.631 0.3582 0.6337 0.2966 0.631 0.3151 0.6194 0.2966 0.631 0.3582 0.6337 0.3346 0.6453 0.3815 0.6533 0.3582 0.6337 0.4213 0.6313 0.3582 0.6337 0.3151 0.6194 0.3859 0.6186 0.4213 0.6313 0.3859 0.6186 0.4534 0.6143 0.3859 0.6186 0.4213 0.6313 0.3582 0.6337 0.4534 0.6143 0.3859 0.6186 0.3864 0.6039 0.3859 0.6186 0.3151 0.6194 0.3342 0.6077 0.3864 0.6039 0.3342 0.6077 0.3274 0.5959 0.3342 0.6077 0.3864 0.6039 0.3859 0.6186 0.4534 0.6143 0.3864 0.6039 0.4254 0.5993 0.3864 0.6039 0.3274 0.5959 0.3652 0.5913 0.4254 0.5993 0.3652 0.5913 0.4003 0.5866 0.3652 0.5913 0.4254 0.5993 0.3864 0.6039 0.4534 0.6143 0.4254 0.5993 0.4797 0.6045 0.4254 0.5993 0.4003 0.5866 0.4553 0.5918 0.4797 0.6045 0.4553 0.5918 0.4958 0.5946 0.4553 0.5918 0.4797 0.6045 0.4254 0.5993 0.4534 0.6143 0.4797 0.6045 0.4986 0.6158 0.4797 0.6045 0.4958 0.5946 0.5072 0.6064 0.4986 0.6158 0.5072 0.6064 0.5134 0.6174 0.5072 0.6064 0.4986 0.6158 0.4797 0.6045 0.4534 0.6143 0.4986 0.6158 0.4787 0.6263 0.4986 0.6158 0.5134 0.6174 0.5068 0.6257 0.4787 0.6263 0.5068 0.6257 0.4923 0.6351 0.5068 0.6257 0.4787 0.6263 0.4986 0.6158 0.4923 0.6351 0.5068 0.6257 0.5093 0.638 0.5068 0.6257 0.5134 0.6174 0.5156 0.6282 0.5093 0.638 0.5156 0.6282 0.5163 0.6418 0.5156 0.6282 0.5093 0.638 0.5068 0.6257 0.4923 0.6351 0.5093 0.638 0.4874 0.6505 0.5093 0.638 0.5163 0.6418 0.5101 0.6547 0.4874 0.6505 0.5101 0.6547 0.4896 0.6696 0.5101 0.6547 0.4874 0.6505 0.5093 0.638 0.4896 0.6696 0.5101 0.6547 0.513 0.6708 0.5101 0.6547 0.5163 0.6418 0.5184 0.6579 0.513 0.6708 0.5184 0.6579 0.5217 0.6737 0.5184 0.6579 0.513 0.6708 0.5101 0.6547 0.4896 0.6696 0.513 0.6708 0.4966 0.6842 0.513 0.6708 0.5217 0.6737 0.5166 0.6852 0.4966 0.6842 0.5166 0.6852 0.5048 0.6955 0.5166 0.6852 0.4966 0.6842 0.513 0.6708 0.5048 0.6955 0.5166 0.6852 0.5178 0.7022 0.5166 0.6852 0.5217 0.6737 0.5241 0.6912 0.5178 0.7022 0.5241 0.6912 0.5238 0.7127 0.5241 0.6912 0.5178 0.7022 0.5166 0.6852 0.5048 0.6955 0.5178 0.7022 0.5007 0.7107 0.5178 0.7022 0.5238 0.7127 0.5166 0.7202 0.5007 0.7107 0.5166 0.7202 0.5049 0.7278 0.5166 0.7202 0.5007 0.7107 0.5178 0.7022 0.5049 0.7278 0.5166 0.7202 0.5155 0.7341 0.5166 0.7202 0.5238 0.7127 0.5205 0.7307 0.5155 0.7341 0.5205 0.7307 0.5179 0.7422 0.5205 0.7307 0.5155 0.7341 0.5166 0.7202 0.5049 0.7278 0.5155 0.7341 0.5114 0.7396 0.5155 0.7341 0.5179 0.7422 0.515 0.7434 0.5114 0.7396 0.515 0.7434 0.5134 0.7451 0.515 0.7434 0.5114 0.7396 0.5155 0.7341 0.5134 0.7451 0.515 0.7434 0.5107 0.75 0.515 0.7434 0.5179 0.7422 0.5154 0.7511 0.5107 0.75 0.5154 0.7511 0.4979 0.7599 0.5154 0.7511 0.5107 0.75 0.515 0.7434 0.4979 0.7599 0.5154 0.7511 0.5156 0.7613 0.5154 0.7511 0.5179 0.7422 0.5187 0.7538 0.5156 0.7613 0.5187 0.7538 0.5187 0.7632 0.5187 0.7538 0.5156 0.7613 0.5154 0.7511 0.4979 0.7599 0.5156 0.7613 0.5108 0.7692 0.5156 0.7613 0.5187 0.7632 0.5168 0.7695 0.5108 0.7692 0.5168 0.7695 0.5152 0.7763 0.5168 0.7695 0.5108 0.7692 0.5156 0.7613 0.4979 0.7599 0.5108 0.7692 0.475 0.7712 0.5108 0.7692 0.5152 0.7763 0.5073 0.7779 0.475 0.7712 0.5073 0.7779 0.4679 0.7819 0.5073 0.7779 0.475 0.7712 0.5108 0.7692 0.003965 0.7215 0.002485 0.7149 0.006855 0.7122 0.002485 0.7149 0.001953 0.7097 0.003949 0.706 0.006855 0.7122 0.003949 0.706 0.008074 0.6998 0.003949 0.706 0.006855 0.7122 0.002485 0.7149 0.003965 0.7215 0.006855 0.7122 0.01168 0.7203 0.006855 0.7122 0.008074 0.6998 0.01526 0.7079 0.01168 0.7203 0.01526 0.7079 0.02623 0.7191 0.01526 0.7079 0.01168 0.7203 0.006855 0.7122 0.003965 0.7215 0.01168 0.7203 0.005955 0.7277 0.01168 0.7203 0.02623 0.7191 0.01273 0.7289 0.005955 0.7277 0.01273 0.7289 0.006321 0.7328 0.01273 0.7289 0.005955 0.7277 0.01168 0.7203 0.006321 0.7328 0.01273 0.7289 0.00863 0.7369 0.01273 0.7289 0.02623 0.7191 0.01639 0.7336 0.00863 0.7369 0.01639 0.7336 0.01056 0.7451 0.01639 0.7336 0.00863 0.7369 0.01273 0.7289 0.006321 0.7328 0.00863 0.7369 0.003572 0.7367 0.00863 0.7369 0.01056 0.7451 0.004714 0.7422 0.003572 0.7367 0.004714 0.7422 0.002162 0.7406 0.004714 0.7422 0.003572 0.7367 0.00863 0.7369 0.002162 0.7406 0.004714 0.7422 0.002922 0.7462 0.004714 0.7422 0.01056 0.7451 0.005406 0.7492 0.002922 0.7462 0.005406 0.7492 0.003657 0.7519 0.005406 0.7492 0.002922 0.7462 0.004714 0.7422 0.003657 0.7519 0.005406 0.7492 0.005045 0.7561 0.005406 0.7492 0.01056 0.7451 0.009132 0.7548 0.005045 0.7561 0.009132 0.7548 0.007784 0.761 0.009132 0.7548 0.005045 0.7561 0.005406 0.7492 0.02388 0.7627 0.01553 0.7545 0.0206 0.7526 0.01553 0.7545 0.01056 0.7451 0.01586 0.7475 0.0206 0.7526 0.01586 0.7475 0.01882 0.7475 0.01586 0.7475 0.0206 0.7526 0.01553 0.7545 0.01882 0.7475 0.01586 0.7475 0.01929 0.7423 0.01586 0.7475 0.01056 0.7451 0.01715 0.7393 0.01929 0.7423 0.01715 0.7393 0.02094 0.7371 0.01715 0.7393 0.01929 0.7423 0.01586 0.7475 0.02094 0.7371 0.01715 0.7393 0.0229 0.7322 0.01715 0.7393 0.01056 0.7451 0.01639 0.7336 0.0229 0.7322 0.01639 0.7336 0.02623 0.7191 0.01639 0.7336 0.0229 0.7322 0.01715 0.7393 0.02094 0.7371 0.0229 0.7322 0.02452 0.7377 0.0229 0.7322 0.02623 0.7191 0.03257 0.7327 0.02452 0.7377 0.03257 0.7327 0.03221 0.744 0.03257 0.7327 0.02452 0.7377 0.0229 0.7322 0.02094 0.7371 0.02452 0.7377 0.01929 0.7423 0.02452 0.7377 0.03221 0.744 0.02312 0.746 0.01929 0.7423 0.02312 0.746 0.01882 0.7475 0.02312 0.746 0.01929 0.7423 0.02452 0.7377 0.1085 0.7752 0.07403 0.7775 0.08021 0.759 0.07403 0.7775 0.0552 0.7748 0.06164 0.7594 0.08021 0.759 0.06164 0.7594 0.06789 0.7393 0.06164 0.7594 0.08021 0.759 0.07403 0.7775 0.1085 0.7752 0.08021 0.759 0.1147 0.7534 0.08021 0.759 0.06789 0.7393 0.0842 0.7444 0.1147 0.7534 0.0842 0.7444 0.1068 0.7423 0.0842 0.7444 0.1147 0.7534 0.08021 0.759 0.1068 0.7423 0.0842 0.7444 0.08796 0.7374 0.0842 0.7444 0.06789 0.7393 0.08039 0.7356 0.08796 0.7374 0.08039 0.7356 0.08431 0.7342 0.08039 0.7356 0.08796 0.7374 0.0842 0.7444 0.08431 0.7342 0.08039 0.7356 0.08802 0.7304 0.08039 0.7356 0.06789 0.7393 0.07977 0.726 0.08802 0.7304 0.07977 0.726 0.1187 0.7196 0.07977 0.726 0.08802 0.7304 0.08039 0.7356 0.08431 0.7342 0.08802 0.7304 0.09169 0.7334 0.08802 0.7304 0.1187 0.7196 0.1178 0.7295 0.09169 0.7334 0.1178 0.7295 0.1138 0.7332 0.1178 0.7295 0.09169 0.7334 0.08802 0.7304 0.08431 0.7342 0.09169 0.7334 0.08796 0.7374 0.09169 0.7334 0.1138 0.7332 0.1145 0.7365 0.08796 0.7374 0.1145 0.7365 0.1068 0.7423 0.1145 0.7365 0.08796 0.7374 0.09169 0.7334 0.1068 0.7423 0.1145 0.7365 0.16 0.7424 0.1145 0.7365 0.1138 0.7332 0.1612 0.7335 0.16 0.7424 0.1612 0.7335 0.2661 0.7375 0.1612 0.7335 0.16 0.7424 0.1145 0.7365 0.2661 0.7375 0.1612 0.7335 0.199 0.7243 0.1612 0.7335 0.1138 0.7332 0.1178 0.7295 0.199 0.7243 0.1178 0.7295 0.1187 0.7196 0.1178 0.7295 0.199 0.7243 0.1612 0.7335 0.2661 0.7375 0.199 0.7243 0.3054 0.7156 0.199 0.7243 0.1187 0.7196 0.2198 0.708 0.3054 0.7156 0.2198 0.708 0.3281 0.6921 0.2198 0.708 0.3054 0.7156 0.199 0.7243 0.3281 0.6921 0.2198 0.708 0.1962 0.6928 0.2198 0.708 0.1187 0.7196 0.1294 0.7021 0.1962 0.6928 0.1294 0.7021 0.1185 0.6907 0.1294 0.7021 0.1962 0.6928 0.2198 0.708 0.3281 0.6921 0.1962 0.6928 0.223 0.6831 0.1962 0.6928 0.1185 0.6907 0.1308 0.6836 0.223 0.6831 0.1308 0.6836 0.1336 0.6739 0.1308 0.6836 0.223 0.6831 0.1962 0.6928 0.1336 0.6739 0.1308 0.6836 0.08885 0.6778 0.1308 0.6836 0.1185 0.6907 0.09017 0.6848 0.08885 0.6778 0.09017 0.6848 0.08204 0.6805 0.09017 0.6848 0.08885 0.6778 0.1308 0.6836 0.1336 0.6739 0.08885 0.6778 0.08341 0.6664 0.08885 0.6778 0.08204 0.6805 0.07699 0.6745 0.08341 0.6664 0.07699 0.6745 0.06813 0.6598 0.07699 0.6745 0.08341 0.6664 0.08885 0.6778 0.1336 0.6739 0.08341 0.6664 0.12 0.659 0.08341 0.6664 0.06813 0.6598 0.08059 0.6486 0.12 0.659 0.08059 0.6486 0.1215 0.642 0.08059 0.6486 0.12 0.659 0.08341 0.6664 0.1336 0.6739 0.12 0.659 0.1993 0.6663 0.12 0.659 0.1215 0.642 0.1982 0.6537 0.1993 0.6663 0.1982 0.6537 0.2643 0.6613 0.1982 0.6537 0.1993 0.6663 0.12 0.659 0.1336 0.6739 0.1993 0.6663 0.2345 0.6753 0.1993 0.6663 0.2643 0.6613 0.2765 0.6691 0.2345 0.6753 0.2765 0.6691 0.288 0.6742 0.2765 0.6691 0.2345 0.6753 0.1993 0.6663 0.288 0.6742 0.2765 0.6691 0.3164 0.6711 0.2765 0.6691 0.2643 0.6613 0.3086 0.6622 0.3164 0.6711 0.3086 0.6622 0.3282 0.6642 0.3086 0.6622 0.3164 0.6711 0.2765 0.6691 0.288 0.6742 0.3164 0.6711 0.3013 0.6792 0.3164 0.6711 0.3282 0.6642 0.3413 0.6739 0.3013 0.6792 0.3413 0.6739 0.3281 0.6921 0.3413 0.6739 0.3013 0.6792 0.3164 0.6711 0.288 0.6742 0.3013 0.6792 0.2345 0.6753 0.3013 0.6792 0.3281 0.6921 0.223 0.6831 0.2345 0.6753 0.223 0.6831 0.1336 0.6739 0.223 0.6831 0.2345 0.6753 0.3013 0.6792 0.1085 0.7752 0.1147 0.7534 0.181 0.7552 0.1147 0.7534 0.1068 0.7423 0.16 0.7424 0.181 0.7552 0.16 0.7424 0.2661 0.7375 0.16 0.7424 0.181 0.7552 0.1147 0.7534 0.1085 0.7752 0.181 0.7552 0.1773 0.7675 0.181 0.7552 0.2661 0.7375 0.2402 0.7568 0.1773 0.7675 0.2402 0.7568 0.2223 0.767 0.2402 0.7568 0.1773 0.7675 0.181 0.7552 0.2223 0.767 0.2402 0.7568 0.2566 0.7669 0.2402 0.7568 0.2661 0.7375 0.3028 0.755 0.2566 0.7669 0.3028 0.755 0.3015 0.7729 0.3028 0.755 0.2566 0.7669 0.2402 0.7568 0.2223 0.767 0.2566 0.7669 0.2281 0.7746 0.2566 0.7669 0.3015 0.7729 0.2494 0.7793 0.2281 0.7746 0.2494 0.7793 0.23 0.7812 0.2494 0.7793 0.2281 0.7746 0.2566 0.7669 0.3282 0.6642 0.3444 0.6603 0.3413 0.6739 0.3444 0.6603 0.3815 0.6533 0.3675 0.6749 0.3413 0.6739 0.3675 0.6749 0.3281 0.6921 0.3675 0.6749 0.3413 0.6739 0.3444 0.6603 0.3281 0.6921 0.3675 0.6749 0.3879 0.6946 0.3675 0.6749 0.3815 0.6533 0.4021 0.6787 0.3879 0.6946 0.4021 0.6787 0.4274 0.7019 0.4021 0.6787 0.3879 0.6946 0.3675 0.6749 0.4274 0.7019 0.4021 0.6787 0.4525 0.6838 0.4021 0.6787 0.3815 0.6533 0.4412 0.6637 0.4525 0.6838 0.4412 0.6637 0.4896 0.6696 0.4412 0.6637 0.4525 0.6838 0.4021 0.6787 0.4896 0.6696 0.4412 0.6637 0.4874 0.6505 0.4412 0.6637 0.3815 0.6533 0.4506 0.6425 0.4874 0.6505 0.4506 0.6425 0.4923 0.6351 0.4506 0.6425 0.4874 0.6505 0.4412 0.6637 0.4923 0.6351 0.4506 0.6425 0.4787 0.6263 0.4506 0.6425 0.3815 0.6533 0.4213 0.6313 0.4787 0.6263 0.4213 0.6313 0.4534 0.6143 0.4213 0.6313 0.4787 0.6263 0.4506 0.6425 0.4274 0.7019 0.4525 0.6838 0.4738 0.6989 0.4525 0.6838 0.4896 0.6696 0.4966 0.6842 0.4738 0.6989 0.4966 0.6842 0.5048 0.6955 0.4966 0.6842 0.4738 0.6989 0.4525 0.6838 0.4274 0.7019 0.4738 0.6989 0.4736 0.7175 0.4738 0.6989 0.5048 0.6955 0.5007 0.7107 0.4736 0.7175 0.5007 0.7107 0.5049 0.7278 0.5007 0.7107 0.4736 0.7175 0.4738 0.6989 0.4274 0.7019 0.4736 0.7175 0.4528 0.7249 0.4736 0.7175 0.5049 0.7278 0.4935 0.7351 0.4528 0.7249 0.4935 0.7351 0.4634 0.7436 0.4935 0.7351 0.4528 0.7249 0.4736 0.7175 0.4634 0.7436 0.4935 0.7351 0.5058 0.746 0.4935 0.7351 0.5049 0.7278 0.5114 0.7396 0.5058 0.746 0.5114 0.7396 0.5134 0.7451 0.5114 0.7396 0.5058 0.746 0.4935 0.7351 0.4634 0.7436 0.5058 0.746 0.4753 0.7545 0.5058 0.746 0.5134 0.7451 0.5107 0.75 0.4753 0.7545 0.5107 0.75 0.4979 0.7599 0.5107 0.75 0.4753 0.7545 0.5058 0.746 0.4634 0.7436 0.4753 0.7545 0.3902 0.7567 0.4753 0.7545 0.4979 0.7599 0.42 0.7656 0.3902 0.7567 0.42 0.7656 0.3015 0.7729 0.42 0.7656 0.3902 0.7567 0.4753 0.7545 0.4634 0.7436 0.3902 0.7567 0.3767 0.7423 0.3902 0.7567 0.3015 0.7729 0.3028 0.755 0.3767 0.7423 0.3028 0.755 0.2661 0.7375 0.3028 0.755 0.3767 0.7423 0.3902 0.7567 0.4634 0.7436 0.3767 0.7423 0.42 0.7298 0.3767 0.7423 0.2661 0.7375 0.3645 0.7258 0.42 0.7298 0.3645 0.7258 0.3954 0.72 0.3645 0.7258 0.42 0.7298 0.3767 0.7423 0.3954 0.72 0.3645 0.7258 0.3743 0.7097 0.3645 0.7258 0.2661 0.7375 0.3054 0.7156 0.3743 0.7097 0.3054 0.7156 0.3281 0.6921 0.3054 0.7156 0.3743 0.7097 0.3645 0.7258 0.3954 0.72 0.3743 0.7097 0.4105 0.7137 0.3743 0.7097 0.3281 0.6921 0.3879 0.6946 0.4105 0.7137 0.3879 0.6946 0.4274 0.7019 0.3879 0.6946 0.4105 0.7137 0.3743 0.7097 0.3954 0.72 0.4105 0.7137 0.42 0.7298 0.4105 0.7137 0.4274 0.7019 0.4528 0.7249 0.42 0.7298 0.4528 0.7249 0.4634 0.7436 0.4528 0.7249 0.42 0.7298 0.4105 0.7137 0.2857 0.9025 0.2801 0.9166 0.2566 0.9093 0.2801 0.9166 0.2615 0.9277 0.2383 0.9209 0.2566 0.9093 0.2383 0.9209 0.2063 0.9141 0.2383 0.9209 0.2566 0.9093 0.2801 0.9166 0.2857 0.9025 0.2566 0.9093 0.2503 0.8949 0.2566 0.9093 0.2063 0.9141 0.2073 0.9017 0.2503 0.8949 0.2073 0.9017 0.1986 0.8884 0.2073 0.9017 0.2503 0.8949 0.2566 0.9093 0.1986 0.8884 0.2073 0.9017 0.131 0.8895 0.2073 0.9017 0.2063 0.9141 0.137 0.9033 0.131 0.8895 0.137 0.9033 0.04741 0.89 0.137 0.9033 0.131 0.8895 0.2073 0.9017 0.04741 0.89 0.137 0.9033 0.07814 0.9035 0.137 0.9033 0.2063 0.9141 0.138 0.9136 0.07814 0.9035 0.138 0.9136 0.08855 0.9119 0.138 0.9136 0.07814 0.9035 0.137 0.9033 0.08855 0.9119 0.138 0.9136 0.1049 0.9216 0.138 0.9136 0.2063 0.9141 0.1708 0.9236 0.1049 0.9216 0.1708 0.9236 0.1099 0.9329 0.1708 0.9236 0.1049 0.9216 0.138 0.9136 0.3343 0.9121 0.3271 0.919 0.3125 0.9066 0.3271 0.919 0.3251 0.9281 0.3063 0.9163 0.3125 0.9066 0.3063 0.9163 0.2857 0.9025 0.3063 0.9163 0.3125 0.9066 0.3271 0.919 0.3343 0.9121 0.3125 0.9066 0.3303 0.9008 0.3125 0.9066 0.2857 0.9025 0.3011 0.8915 0.3303 0.9008 0.3011 0.8915 0.333 0.8865 0.3011 0.8915 0.3303 0.9008 0.3125 0.9066 0.333 0.8865 0.3011 0.8915 0.3084 0.8769 0.3011 0.8915 0.2857 0.9025 0.2739 0.8849 0.3084 0.8769 0.2739 0.8849 0.2683 0.8692 0.2739 0.8849 0.3084 0.8769 0.3011 0.8915 0.2683 0.8692 0.2739 0.8849 0.2258 0.8789 0.2739 0.8849 0.2857 0.9025 0.2503 0.8949 0.2258 0.8789 0.2503 0.8949 0.1986 0.8884 0.2503 0.8949 0.2258 0.8789 0.2739 0.8849 0.2683 0.8692 0.2258 0.8789 0.1936 0.8643 0.2258 0.8789 0.1986 0.8884 0.1491 0.8744 0.1936 0.8643 0.1491 0.8744 0.1098 0.8494 0.1491 0.8744 0.1936 0.8643 0.2258 0.8789 0.1098 0.8494 0.1491 0.8744 0.0701 0.8737 0.1491 0.8744 0.1986 0.8884 0.131 0.8895 0.0701 0.8737 0.131 0.8895 0.04741 0.89 0.131 0.8895 0.0701 0.8737 0.1491 0.8744 0.1098 0.8494 0.0701 0.8737 0.03907 0.8586 0.0701 0.8737 0.04741 0.89 0.02498 0.874 0.03907 0.8586 0.02498 0.874 0.01782 0.8632 0.02498 0.874 0.03907 0.8586 0.0701 0.8737 0.01782 0.8632 0.02498 0.874 0.01276 0.8722 0.02498 0.874 0.04741 0.89 0.01479 0.8817 0.01276 0.8722 0.01479 0.8817 0.01129 0.8774 0.01479 0.8817 0.01276 0.8722 0.02498 0.874 0.01129 0.8774 0.01479 0.8817 0.008641 0.8819 0.01479 0.8817 0.04741 0.89 0.01345 0.8904 0.008641 0.8819 0.01345 0.8904 0.003435 0.8896 0.01345 0.8904 0.008641 0.8819 0.01479 0.8817 0.003435 0.8896 0.01345 0.8904 0.01322 0.8983 0.01345 0.8904 0.04741 0.89 0.03023 0.8985 0.01322 0.8983 0.03023 0.8985 0.02625 0.9045 0.03023 0.8985 0.01322 0.8983 0.01345 0.8904 0.02625 0.9045 0.03023 0.8985 0.05082 0.9074 0.03023 0.8985 0.04741 0.89 0.07814 0.9035 0.05082 0.9074 0.07814 0.9035 0.08855 0.9119 0.07814 0.9035 0.05082 0.9074 0.03023 0.8985 0.02625 0.9045 0.05082 0.9074 0.03383 0.9129 0.05082 0.9074 0.08855 0.9119 0.06177 0.9174 0.03383 0.9129 0.06177 0.9174 0.03861 0.9219 0.06177 0.9174 0.03383 0.9129 0.05082 0.9074 0.02625 0.9045 0.03383 0.9129 0.01751 0.9074 0.03383 0.9129 0.03861 0.9219 0.022 0.9181 0.01751 0.9074 0.022 0.9181 0.01284 0.9135 0.022 0.9181 0.01751 0.9074 0.03383 0.9129 0.02625 0.9045 0.01751 0.9074 0.01322 0.8983 0.01751 0.9074 0.01284 0.9135 0.008247 0.9035 0.01322 0.8983 0.008247 0.9035 0.003435 0.8896 0.008247 0.9035 0.01322 0.8983 0.01751 0.9074 0.01782 0.8632 0.01276 0.8722 0.01045 0.8612 0.01276 0.8722 0.01129 0.8774 0.008882 0.8726 0.01045 0.8612 0.008882 0.8726 0.005178 0.8604 0.008882 0.8726 0.01045 0.8612 0.01276 0.8722 0.01782 0.8632 0.01045 0.8612 0.01972 0.8485 0.01045 0.8612 0.005178 0.8604 0.009036 0.8431 0.01972 0.8485 0.009036 0.8431 0.01742 0.8257 0.009036 0.8431 0.01972 0.8485 0.01045 0.8612 0.01782 0.8632 0.01972 0.8485 0.03907 0.8586 0.01972 0.8485 0.01742 0.8257 0.04171 0.8379 0.03907 0.8586 0.04171 0.8379 0.1098 0.8494 0.04171 0.8379 0.03907 0.8586 0.01972 0.8485 0.1098 0.8494 0.04171 0.8379 0.06279 0.8233 0.04171 0.8379 0.01742 0.8257 0.03358 0.8166 0.06279 0.8233 0.03358 0.8166 0.04924 0.8043 0.03358 0.8166 0.06279 0.8233 0.04171 0.8379 0.04924 0.8043 0.03358 0.8166 0.02862 0.8017 0.03358 0.8166 0.01742 0.8257 0.01739 0.8068 0.02862 0.8017 0.01739 0.8068 0.01627 0.7936 0.01739 0.8068 0.02862 0.8017 0.03358 0.8166 0.01627 0.7936 0.01739 0.8068 0.01019 0.7961 0.01739 0.8068 0.01742 0.8257 0.01032 0.8082 0.01019 0.7961 0.01032 0.8082 0.007662 0.798 0.01032 0.8082 0.01019 0.7961 0.01739 0.8068 0.007662 0.798 0.01032 0.8082 0.006027 0.8052 0.01032 0.8082 0.01742 0.8257 0.007463 0.821 0.006027 0.8052 0.007463 0.821 0.001953 0.8165 0.007463 0.821 0.006027 0.8052 0.01032 0.8082 0.1098 0.8494 0.06279 0.8233 0.0945 0.8193 0.06279 0.8233 0.04924 0.8043 0.07862 0.8035 0.0945 0.8193 0.07862 0.8035 0.102 0.7968 0.07862 0.8035 0.0945 0.8193 0.06279 0.8233 0.1098 0.8494 0.0945 0.8193 0.1391 0.8237 0.0945 0.8193 0.102 0.7968 0.117 0.8068 0.1391 0.8237 0.117 0.8068 0.1651 0.808 0.117 0.8068 0.1391 0.8237 0.0945 0.8193 0.1098 0.8494 0.1391 0.8237 0.2119 0.8327 0.1391 0.8237 0.1651 0.808 0.2252 0.8157 0.2119 0.8327 0.2252 0.8157 0.317 0.8217 0.2252 0.8157 0.2119 0.8327 0.1391 0.8237 0.317 0.8217 0.2252 0.8157 0.2995 0.8086 0.2252 0.8157 0.1651 0.808 0.2448 0.8047 0.2995 0.8086 0.2448 0.8047 0.293 0.8034 0.2448 0.8047 0.2995 0.8086 0.2252 0.8157 0.317 0.8217 0.2995 0.8086 0.3487 0.8126 0.2995 0.8086 0.293 0.8034 0.3224 0.8039 0.3487 0.8126 0.3224 0.8039 0.3524 0.8061 0.3224 0.8039 0.3487 0.8126 0.2995 0.8086 0.317 0.8217 0.3487 0.8126 0.3884 0.8267 0.3487 0.8126 0.3524 0.8061 0.3893 0.8148 0.3884 0.8267 0.3893 0.8148 0.4314 0.8279 0.3893 0.8148 0.3884 0.8267 0.3487 0.8126 0.4314 0.8279 0.3893 0.8148 0.422 0.8071 0.3893 0.8148 0.3524 0.8061 0.3759 0.8008 0.422 0.8071 0.3759 0.8008 0.389 0.7879 0.3759 0.8008 0.422 0.8071 0.3893 0.8148 0.4314 0.8279 0.422 0.8071 0.4482 0.8091 0.422 0.8071 0.389 0.7879 0.4355 0.7902 0.4482 0.8091 0.4355 0.7902 0.4556 0.7902 0.4355 0.7902 0.4482 0.8091 0.422 0.8071 0.4314 0.8279 0.4482 0.8091 0.4571 0.8255 0.4482 0.8091 0.4556 0.7902 0.4662 0.805 0.4571 0.8255 0.4662 0.805 0.4761 0.8189 0.4662 0.805 0.4571 0.8255 0.4482 0.8091 0.4761 0.8189 0.4662 0.805 0.4852 0.8011 0.4662 0.805 0.4556 0.7902 0.475 0.7885 0.4852 0.8011 0.475 0.7885 0.497 0.7871 0.475 0.7885 0.4852 0.8011 0.4662 0.805 0.4761 0.8189 0.4852 0.8011 0.4898 0.8113 0.4852 0.8011 0.497 0.7871 0.4992 0.8016 0.4898 0.8113 0.4992 0.8016 0.4998 0.8129 0.4992 0.8016 0.4898 0.8113 0.4852 0.8011 0.4761 0.8189 0.4898 0.8113 0.4894 0.8255 0.4898 0.8113 0.4998 0.8129 0.4959 0.8226 0.4894 0.8255 0.4959 0.8226 0.4962 0.8309 0.4959 0.8226 0.4894 0.8255 0.4898 0.8113 0.4962 0.8309 0.4959 0.8226 0.5016 0.8358 0.4959 0.8226 0.4998 0.8129 0.5039 0.8273 0.5016 0.8358 0.5039 0.8273 0.5068 0.8393 0.5039 0.8273 0.5016 0.8358 0.4959 0.8226 0.5068 0.8393 0.5039 0.8273 0.5107 0.8336 0.5039 0.8273 0.4998 0.8129 0.5089 0.8201 0.5107 0.8336 0.5089 0.8201 0.5154 0.8285 0.5089 0.8201 0.5107 0.8336 0.5039 0.8273 0.5068 0.8393 0.5107 0.8336 0.5097 0.8438 0.5107 0.8336 0.5154 0.8285 0.514 0.8388 0.5097 0.8438 0.514 0.8388 0.5116 0.8463 0.514 0.8388 0.5097 0.8438 0.5107 0.8336 0.5116 0.8463 0.514 0.8388 0.5151 0.845 0.514 0.8388 0.5154 0.8285 0.5174 0.8364 0.5151 0.845 0.5174 0.8364 0.5177 0.8438 0.5174 0.8364 0.5151 0.845 0.514 0.8388 0.5177 0.8438 0.5174 0.8364 0.519 0.837 0.5174 0.8364 0.5154 0.8285 0.5183 0.8269 0.519 0.837 0.5183 0.8269 0.5198 0.8289 0.5183 0.8269 0.519 0.837 0.5174 0.8364 0.5198 0.8289 0.5183 0.8269 0.5188 0.8174 0.5183 0.8269 0.5154 0.8285 0.515 0.8168 0.5188 0.8174 0.515 0.8168 0.5165 0.8041 0.515 0.8168 0.5188 0.8174 0.5183 0.8269 0.5198 0.8289 0.5188 0.8174 0.5209 0.8207 0.5188 0.8174 0.5165 0.8041 0.5206 0.8106 0.5209 0.8207 0.5206 0.8106 0.5229 0.8154 0.5206 0.8106 0.5209 0.8207 0.5188 0.8174 0.5198 0.8289 0.5209 0.8207 0.5213 0.8299 0.5209 0.8207 0.5229 0.8154 0.5224 0.8246 0.5213 0.8299 0.5224 0.8246 0.5223 0.8315 0.5224 0.8246 0.5213 0.8299 0.5209 0.8207 0.5223 0.8315 0.5224 0.8246 0.5232 0.8285 0.5224 0.8246 0.5229 0.8154 0.5237 0.8213 0.5232 0.8285 0.5237 0.8213 0.5241 0.8264 0.5237 0.8213 0.5232 0.8285 0.5224 0.8246 0.4132 0.9152 0.3804 0.9254 0.3628 0.9133 0.3804 0.9254 0.36 0.9276 0.3477 0.9211 0.3628 0.9133 0.3477 0.9211 0.3343 0.9121 0.3477 0.9211 0.3628 0.9133 0.3804 0.9254 0.4132 0.9152 0.3628 0.9133 0.3694 0.9009 0.3628 0.9133 0.3343 0.9121 0.3303 0.9008 0.3694 0.9009 0.3303 0.9008 0.333 0.8865 0.3303 0.9008 0.3694 0.9009 0.3628 0.9133 0.4132 0.9152 0.3694 0.9009 0.4114 0.8976 0.3694 0.9009 0.333 0.8865 0.3823 0.8875 0.4114 0.8976 0.3823 0.8875 0.4136 0.8876 0.3823 0.8875 0.4114 0.8976 0.3694 0.9009 0.4136 0.8876 0.3823 0.8875 0.4138 0.8768 0.3823 0.8875 0.333 0.8865 0.3643 0.8743 0.4138 0.8768 0.3643 0.8743 0.3992 0.86 0.3643 0.8743 0.4138 0.8768 0.3823 0.8875 0.3992 0.86 0.3643 0.8743 0.3351 0.8657 0.3643 0.8743 0.333 0.8865 0.3084 0.8769 0.3351 0.8657 0.3084 0.8769 0.2683 0.8692 0.3084 0.8769 0.3351 0.8657 0.3643 0.8743 0.3992 0.86 0.3351 0.8657 0.338 0.8578 0.3351 0.8657 0.2683 0.8692 0.2953 0.8603 0.338 0.8578 0.2953 0.8603 0.3028 0.8564 0.2953 0.8603 0.338 0.8578 0.3351 0.8657 0.3028 0.8564 0.2953 0.8603 0.2758 0.8556 0.2953 0.8603 0.2683 0.8692 0.2458 0.8596 0.2758 0.8556 0.2458 0.8596 0.246 0.8555 0.2458 0.8596 0.2758 0.8556 0.2953 0.8603 0.246 0.8555 0.2458 0.8596 0.2035 0.8553 0.2458 0.8596 0.2683 0.8692 0.1936 0.8643 0.2035 0.8553 0.1936 0.8643 0.1098 0.8494 0.1936 0.8643 0.2035 0.8553 0.2458 0.8596 0.246 0.8555 0.2035 0.8553 0.2552 0.8525 0.2035 0.8553 0.1098 0.8494 0.2199 0.847 0.2552 0.8525 0.2199 0.847 0.2875 0.8484 0.2199 0.847 0.2552 0.8525 0.2035 0.8553 0.2875 0.8484 0.2199 0.847 0.2993 0.8387 0.2199 0.847 0.1098 0.8494 0.2119 0.8327 0.2993 0.8387 0.2119 0.8327 0.317 0.8217 0.2119 0.8327 0.2993 0.8387 0.2199 0.847 0.2875 0.8484 0.2993 0.8387 0.3464 0.8498 0.2993 0.8387 0.317 0.8217 0.3771 0.8394 0.3464 0.8498 0.3771 0.8394 0.3992 0.86 0.3771 0.8394 0.3464 0.8498 0.2993 0.8387 0.3992 0.86 0.3771 0.8394 0.4251 0.8458 0.3771 0.8394 0.317 0.8217 0.3884 0.8267 0.4251 0.8458 0.3884 0.8267 0.4314 0.8279 0.3884 0.8267 0.4251 0.8458 0.3771 0.8394 0.3992 0.86 0.4251 0.8458 0.4392 0.8653 0.4251 0.8458 0.4314 0.8279 0.4496 0.8479 0.4392 0.8653 0.4496 0.8479 0.4566 0.8706 0.4496 0.8479 0.4392 0.8653 0.4251 0.8458 0.4566 0.8706 0.4496 0.8479 0.4671 0.8431 0.4496 0.8479 0.4314 0.8279 0.4571 0.8255 0.4671 0.8431 0.4571 0.8255 0.4761 0.8189 0.4571 0.8255 0.4671 0.8431 0.4496 0.8479 0.4566 0.8706 0.4671 0.8431 0.4804 0.8594 0.4671 0.8431 0.4761 0.8189 0.4851 0.8395 0.4804 0.8594 0.4851 0.8395 0.5004 0.8567 0.4851 0.8395 0.4804 0.8594 0.4671 0.8431 0.5004 0.8567 0.4851 0.8395 0.4971 0.8399 0.4851 0.8395 0.4761 0.8189 0.4894 0.8255 0.4971 0.8399 0.4894 0.8255 0.4962 0.8309 0.4894 0.8255 0.4971 0.8399 0.4851 0.8395 0.5004 0.8567 0.4971 0.8399 0.5048 0.8466 0.4971 0.8399 0.4962 0.8309 0.5016 0.8358 0.5048 0.8466 0.5016 0.8358 0.5068 0.8393 0.5016 0.8358 0.5048 0.8466 0.4971 0.8399 0.5004 0.8567 0.5048 0.8466 0.5081 0.8516 0.5048 0.8466 0.5068 0.8393 0.5097 0.8438 0.5081 0.8516 0.5097 0.8438 0.5116 0.8463 0.5097 0.8438 0.5081 0.8516 0.5048 0.8466 0.5004 0.8567 0.5081 0.8516 0.5105 0.8605 0.5081 0.8516 0.5116 0.8463 0.5125 0.8528 0.5105 0.8605 0.5125 0.8528 0.5156 0.8603 0.5125 0.8528 0.5105 0.8605 0.5081 0.8516 0.5156 0.8603 0.5125 0.8528 0.5165 0.8518 0.5125 0.8528 0.5116 0.8463 0.5151 0.845 0.5165 0.8518 0.5151 0.845 0.5177 0.8438 0.5151 0.845 0.5165 0.8518 0.5125 0.8528 0.5156 0.8603 0.5165 0.8518 0.5188 0.8567 0.5165 0.8518 0.5177 0.8438 0.5189 0.8472 0.5188 0.8567 0.5189 0.8472 0.5205 0.8512 0.5189 0.8472 0.5188 0.8567 0.5165 0.8518 0.5205 0.8512 0.5189 0.8472 0.5201 0.8408 0.5189 0.8472 0.5177 0.8438 0.519 0.837 0.5201 0.8408 0.519 0.837 0.5198 0.8289 0.519 0.837 0.5201 0.8408 0.5189 0.8472 0.5205 0.8512 0.5201 0.8408 0.5215 0.8461 0.5201 0.8408 0.5198 0.8289 0.5211 0.8372 0.5215 0.8461 0.5211 0.8372 0.5224 0.843 0.5211 0.8372 0.5215 0.8461 0.5201 0.8408 0.5224 0.843 0.5211 0.8372 0.5222 0.8367 0.5211 0.8372 0.5198 0.8289 0.5213 0.8299 0.5222 0.8367 0.5213 0.8299 0.5223 0.8315 0.5213 0.8299 0.5222 0.8367 0.5211 0.8372 0.5224 0.843 0.5222 0.8367 0.5231 0.8407 0.5222 0.8367 0.5223 0.8315 0.523 0.835 0.5231 0.8407 0.523 0.835 0.5236 0.838 0.523 0.835 0.5231 0.8407 0.5222 0.8367 0.3028 0.8564 0.2758 0.8556 0.3039 0.8533 0.2758 0.8556 0.246 0.8555 0.2552 0.8525 0.3039 0.8533 0.2552 0.8525 0.2875 0.8484 0.2552 0.8525 0.3039 0.8533 0.2758 0.8556 0.3028 0.8564 0.3039 0.8533 0.338 0.8578 0.3039 0.8533 0.2875 0.8484 0.3464 0.8498 0.338 0.8578 0.3464 0.8498 0.3992 0.86 0.3464 0.8498 0.338 0.8578 0.3039 0.8533 0.4136 0.8876 0.4138 0.8768 0.4345 0.8836 0.4138 0.8768 0.3992 0.86 0.4392 0.8653 0.4345 0.8836 0.4392 0.8653 0.4566 0.8706 0.4392 0.8653 0.4345 0.8836 0.4138 0.8768 0.4136 0.8876 0.4345 0.8836 0.4114 0.8976 0.4345 0.8836 0.4566 0.8706 0.439 0.8956 0.4114 0.8976 0.439 0.8956 0.4132 0.9152 0.439 0.8956 0.4114 0.8976 0.4345 0.8836 0.4132 0.9152 0.439 0.8956 0.4448 0.907 0.439 0.8956 0.4566 0.8706 0.4575 0.8898 0.4448 0.907 0.4575 0.8898 0.4575 0.8998 0.4575 0.8898 0.4448 0.907 0.439 0.8956 0.4132 0.9152 0.4448 0.907 0.4406 0.9234 0.4448 0.907 0.4575 0.8998 0.458 0.9093 0.4406 0.9234 0.458 0.9093 0.4614 0.9239 0.458 0.9093 0.4406 0.9234 0.4448 0.907 0.4876 0.8835 0.4702 0.8926 0.4759 0.8767 0.4702 0.8926 0.4575 0.8998 0.4575 0.8898 0.4759 0.8767 0.4575 0.8898 0.4566 0.8706 0.4575 0.8898 0.4759 0.8767 0.4702 0.8926 0.4876 0.8835 0.4759 0.8767 0.4932 0.8699 0.4759 0.8767 0.4566 0.8706 0.4804 0.8594 0.4932 0.8699 0.4804 0.8594 0.5004 0.8567 0.4804 0.8594 0.4932 0.8699 0.4759 0.8767 0.4876 0.8835 0.4932 0.8699 0.4989 0.8782 0.4932 0.8699 0.5004 0.8567 0.5037 0.8706 0.4989 0.8782 0.5037 0.8706 0.5052 0.8788 0.5037 0.8706 0.4989 0.8782 0.4932 0.8699 0.4876 0.8835 0.4989 0.8782 0.4926 0.8913 0.4989 0.8782 0.5052 0.8788 0.5028 0.8867 0.4926 0.8913 0.5028 0.8867 0.4989 0.8977 0.5028 0.8867 0.4926 0.8913 0.4989 0.8782 0.4989 0.8977 0.5028 0.8867 0.5091 0.8954 0.5028 0.8867 0.5052 0.8788 0.5109 0.8869 0.5091 0.8954 0.5109 0.8869 0.5178 0.8973 0.5109 0.8869 0.5091 0.8954 0.5028 0.8867 0.4989 0.8977 0.5091 0.8954 0.5075 0.9023 0.5091 0.8954 0.5178 0.8973 0.5139 0.9032 0.5075 0.9023 0.5139 0.9032 0.5118 0.9074 0.5139 0.9032 0.5075 0.9023 0.5091 0.8954 0.5179 0.8791 0.5215 0.8865 0.5177 0.8873 0.5215 0.8865 0.5228 0.8905 0.5214 0.8926 0.5177 0.8873 0.5214 0.8926 0.5178 0.8973 0.5214 0.8926 0.5177 0.8873 0.5215 0.8865 0.5179 0.8791 0.5177 0.8873 0.5111 0.8784 0.5177 0.8873 0.5178 0.8973 0.5109 0.8869 0.5111 0.8784 0.5109 0.8869 0.5052 0.8788 0.5109 0.8869 0.5111 0.8784 0.5177 0.8873 0.5179 0.8791 0.5111 0.8784 0.5104 0.8693 0.5111 0.8784 0.5052 0.8788 0.5037 0.8706 0.5104 0.8693 0.5037 0.8706 0.5004 0.8567 0.5037 0.8706 0.5104 0.8693 0.5111 0.8784 0.5179 0.8791 0.5104 0.8693 0.5162 0.8692 0.5104 0.8693 0.5004 0.8567 0.5105 0.8605 0.5162 0.8692 0.5105 0.8605 0.5156 0.8603 0.5105 0.8605 0.5162 0.8692 0.5104 0.8693 0.5179 0.8791 0.5162 0.8692 0.5208 0.8744 0.5162 0.8692 0.5156 0.8603 0.5195 0.8657 0.5208 0.8744 0.5195 0.8657 0.5223 0.869 0.5195 0.8657 0.5208 0.8744 0.5162 0.8692 0.5223 0.869 0.5195 0.8657 0.5212 0.8602 0.5195 0.8657 0.5156 0.8603 0.5188 0.8567 0.5212 0.8602 0.5188 0.8567 0.5205 0.8512 0.5188 0.8567 0.5212 0.8602 0.5195 0.8657 0.5223 0.869 0.5212 0.8602 0.5228 0.8632 0.5212 0.8602 0.5205 0.8512 0.522 0.8547 0.5228 0.8632 0.522 0.8547 0.5228 0.8575 0.522 0.8547 0.5228 0.8632 0.5212 0.8602 0.5228 0.8575 0.522 0.8547 0.5226 0.8503 0.522 0.8547 0.5205 0.8512 0.5215 0.8461 0.5226 0.8503 0.5215 0.8461 0.5224 0.843 0.5215 0.8461 0.5226 0.8503 0.522 0.8547 0.2427 0.9583 0.2577 0.947 0.2586 0.9616 0.2577 0.947 0.2601 0.9382 0.2615 0.9515 0.2586 0.9616 0.2615 0.9515 0.2624 0.9641 0.2615 0.9515 0.2586 0.9616 0.2577 0.947 0.2427 0.9583 0.2586 0.9616 0.2539 0.9767 0.2586 0.9616 0.2624 0.9641 0.2602 0.9778 0.2539 0.9767 0.2602 0.9778 0.2565 0.9941 0.2602 0.9778 0.2539 0.9767 0.2586 0.9616 0.2427 0.9583 0.2539 0.9767 0.2296 0.9769 0.2539 0.9767 0.2565 0.9941 0.2446 0.9922 0.2296 0.9769 0.2446 0.9922 0.1977 0.9889 0.2446 0.9922 0.2296 0.9769 0.2539 0.9767 0.2427 0.9583 0.2296 0.9769 0.1931 0.9668 0.2296 0.9769 0.1977 0.9889 0.1706 0.9775 0.1931 0.9668 0.1706 0.9775 0.1457 0.97 0.1706 0.9775 0.1931 0.9668 0.2296 0.9769 0.2427 0.9583 0.1931 0.9668 0.1965 0.9579 0.1931 0.9668 0.1457 0.97 0.1539 0.964 0.1965 0.9579 0.1539 0.964 0.1611 0.9578 0.1539 0.964 0.1965 0.9579 0.1931 0.9668 0.1611 0.9578 0.1539 0.964 0.1346 0.96 0.1539 0.964 0.1457 0.97 0.1184 0.9677 0.1346 0.96 0.1184 0.9677 0.09881 0.9625 0.1184 0.9677 0.1346 0.96 0.1539 0.964 0.09881 0.9625 0.1184 0.9677 0.07295 0.9722 0.1184 0.9677 0.1457 0.97 0.1055 0.9753 0.07295 0.9722 0.1055 0.9753 0.0489 0.9789 0.1055 0.9753 0.07295 0.9722 0.1184 0.9677 0.0489 0.9789 0.1055 0.9753 0.113 0.9837 0.1055 0.9753 0.1457 0.97 0.1706 0.9775 0.113 0.9837 0.1706 0.9775 0.1977 0.9889 0.1706 0.9775 0.113 0.9837 0.1055 0.9753 0.0489 0.9789 0.113 0.9837 0.04305 0.9837 0.113 0.9837 0.1977 0.9889 0.1219 0.9915 0.04305 0.9837 0.1219 0.9915 0.02685 0.9884 0.1219 0.9915 0.04305 0.9837 0.113 0.9837 0.0489 0.9789 0.04305 0.9837 0.01336 0.9794 0.04305 0.9837 0.02685 0.9884 0.008101 0.9805 0.01336 0.9794 0.008101 0.9805 0.00615 0.9771 0.008101 0.9805 0.01336 0.9794 0.04305 0.9837 0.0489 0.9789 0.01336 0.9794 0.02926 0.9758 0.01336 0.9794 0.00615 0.9771 0.01167 0.9753 0.02926 0.9758 0.01167 0.9753 0.02602 0.9733 0.01167 0.9753 0.02926 0.9758 0.01336 0.9794 0.0489 0.9789 0.02926 0.9758 0.07295 0.9722 0.02926 0.9758 0.02602 0.9733 0.05317 0.9699 0.07295 0.9722 0.05317 0.9699 0.09881 0.9625 0.05317 0.9699 0.07295 0.9722 0.02926 0.9758 0.09881 0.9625 0.05317 0.9699 0.05092 0.9618 0.05317 0.9699 0.02602 0.9733 0.02581 0.9695 0.05092 0.9618 0.02581 0.9695 0.01963 0.964 0.02581 0.9695 0.05092 0.9618 0.05317 0.9699 0.01963 0.964 0.02581 0.9695 0.008989 0.9713 0.02581 0.9695 0.02602 0.9733 0.01167 0.9753 0.008989 0.9713 0.01167 0.9753 0.00615 0.9771 0.01167 0.9753 0.008989 0.9713 0.02581 0.9695 0.01963 0.964 0.008989 0.9713 0.006282 0.9655 0.008989 0.9713 0.00615 0.9771 0.004333 0.9747 0.006282 0.9655 0.004333 0.9747 0.001953 0.9708 0.004333 0.9747 0.006282 0.9655 0.008989 0.9713 0.3244 0.9775 0.2988 0.9854 0.2999 0.9681 0.2988 0.9854 0.2747 0.9928 0.2755 0.9781 0.2999 0.9681 0.2755 0.9781 0.2676 0.9593 0.2755 0.9781 0.2999 0.9681 0.2988 0.9854 0.3244 0.9775 0.2999 0.9681 0.3208 0.959 0.2999 0.9681 0.2676 0.9593 0.2874 0.9478 0.3208 0.959 0.2874 0.9478 0.3073 0.9382 0.2874 0.9478 0.3208 0.959 0.2999 0.9681 0.3244 0.9775 0.3208 0.959 0.3438 0.9647 0.3208 0.959 0.3073 0.9382 0.339 0.9478 0.3438 0.9647 0.339 0.9478 0.3566 0.9524 0.339 0.9478 0.3438 0.9647 0.3208 0.959 0.3244 0.9775 0.3438 0.9647 0.3534 0.9738 0.3438 0.9647 0.3566 0.9524 0.3613 0.9627 0.3534 0.9738 0.3613 0.9627 0.3926 0.9675 0.3613 0.9627 0.3534 0.9738 0.3438 0.9647 0.3926 0.9675 0.3613 0.9627 0.3688 0.9581 0.3613 0.9627 0.3566 0.9524 0.3647 0.9515 0.3688 0.9581 0.3647 0.9515 0.3681 0.95 0.3647 0.9515 0.3688 0.9581 0.3613 0.9627 0.409 0.9403 0.4021 0.9399 0.4071 0.9393 0.4021 0.9399 0.3978 0.9397 0.3993 0.9392 0.4071 0.9393 0.3993 0.9392 0.4033 0.9382 0.3993 0.9392 0.4071 0.9393 0.4021 0.9399 0.409 0.9403 0.4071 0.9393 0.4146 0.9397 0.4071 0.9393 0.4033 0.9382 0.4167 0.9389 0.4146 0.9397 0.4167 0.9389 0.4231 0.9394 0.4167 0.9389 0.4146 0.9397 0.4071 0.9393 0.4231 0.9394 0.4167 0.9389 0.4316 0.9388 0.4167 0.9389 0.4033 0.9382 0.4263 0.9383 0.4316 0.9388 0.4263 0.9383 0.4494 0.9382 0.4263 0.9383 0.4316 0.9388 0.4167 0.9389 0.4231 0.9394 0.4316 0.9388 0.4337 0.9396 0.4316 0.9388 0.4494 0.9382 0.443 0.9393 0.4337 0.9396 0.443 0.9393 0.4411 0.9401 0.443 0.9393 0.4337 0.9396 0.4316 0.9388 0.4411 0.9401 0.443 0.9393 0.4473 0.9402 0.443 0.9393 0.4494 0.9382 0.4524 0.9396 0.4473 0.9402 0.4524 0.9396 0.4533 0.9406 0.4524 0.9396 0.4473 0.9402 0.443 0.9393 0.4533 0.9406 0.4524 0.9396 0.4601 0.9404 0.4524 0.9396 0.4494 0.9382 0.4608 0.9395 0.4601 0.9404 0.4608 0.9395 0.4684 0.9405 0.4608 0.9395 0.4601 0.9404 0.4524 0.9396 0.4684 0.9405 0.4608 0.9395 0.4707 0.9399 0.4608 0.9395 0.4494 0.9382 0.4657 0.9389 0.4707 0.9399 0.4657 0.9389 0.473 0.9394 0.4657 0.9389 0.4707 0.9399 0.4608 0.9395 0.473 0.9394 0.4657 0.9389 0.476 0.939 0.4657 0.9389 0.4494 0.9382 0.4683 0.9383 0.476 0.939 0.4683 0.9383 0.483 0.9382 0.4683 0.9383 0.476 0.939 0.4657 0.9389 0.473 0.9394 0.476 0.939 0.4787 0.9399 0.476 0.939 0.483 0.9382 0.485 0.9396 0.4787 0.9399 0.485 0.9396 0.4849 0.9406 0.485 0.9396 0.4787 0.9399 0.476 0.939 0.4231 0.9394 0.4337 0.9396 0.4281 0.9402 0.4337 0.9396 0.4411 0.9401 0.436 0.9404 0.4281 0.9402 0.436 0.9404 0.4311 0.9408 0.436 0.9404 0.4281 0.9402 0.4337 0.9396 0.4231 0.9394 0.4281 0.9402 0.4209 0.9401 0.4281 0.9402 0.4311 0.9408 0.425 0.9407 0.4209 0.9401 0.425 0.9407 0.4207 0.9406 0.425 0.9407 0.4209 0.9401 0.4281 0.9402 0.4231 0.9394 0.4209 0.9401 0.4146 0.9397 0.4209 0.9401 0.4207 0.9406 0.4163 0.9405 0.4146 0.9397 0.4163 0.9405 0.409 0.9403 0.4163 0.9405 0.4146 0.9397 0.4209 0.9401 0.4063 0.9823 0.4015 0.9606 0.4054 0.9689 0.4015 0.9606 0.3978 0.946 0.4023 0.9569 0.4054 0.9689 0.4023 0.9569 0.4051 0.9642 0.4023 0.9569 0.4054 0.9689 0.4015 0.9606 0.4063 0.9823 0.4054 0.9689 0.4081 0.979 0.4054 0.9689 0.4051 0.9642 0.4069 0.9698 0.4081 0.979 0.4069 0.9698 0.409 0.9767 0.4069 0.9698 0.4081 0.979 0.4054 0.9689 0.4063 0.9823 0.4081 0.979 0.4093 0.991 0.4081 0.979 0.409 0.9767 0.4102 0.9881 0.4093 0.991 0.4102 0.9881 0.4108 0.9954 0.4102 0.9881 0.4093 0.991 0.4081 0.979 0.416 0.9543 0.421 0.951 0.4196 0.9642 0.421 0.951 0.4246 0.946 0.4264 0.9544 0.4196 0.9642 0.4264 0.9544 0.4189 0.9928 0.4264 0.9544 0.4196 0.9642 0.421 0.951 0.4331 0.9483 0.4332 0.9542 0.4327 0.9477 0.4332 0.9542 0.4333 0.9625 0.4327 0.957 0.4327 0.9477 0.4327 0.957 0.4321 0.946 0.4327 0.957 0.4327 0.9477 0.4332 0.9542 0.4321 0.946 0.4327 0.957 0.4322 0.9575 0.4327 0.957 0.4333 0.9625 0.4331 0.9685 0.4322 0.9575 0.4331 0.9685 0.4316 0.9741 0.4331 0.9685 0.4322 0.9575 0.4327 0.957 0.4316 0.9741 0.4331 0.9685 0.4335 0.978 0.4331 0.9685 0.4333 0.9625 0.4338 0.9692 0.4335 0.978 0.4338 0.9692 0.4342 0.9761 0.4338 0.9692 0.4335 0.978 0.4331 0.9685 0.4316 0.9741 0.4335 0.978 0.4328 0.9856 0.4335 0.978 0.4342 0.9761 0.4339 0.9846 0.4328 0.9856 0.4339 0.9846 0.4331 0.9928 0.4339 0.9846 0.4328 0.9856 0.4335 0.978 0.4796 0.946 0.4836 0.9687 0.466 0.9644 0.4836 0.9687 0.4837 0.9889 0.4693 0.9806 0.466 0.9644 0.4693 0.9806 0.4546 0.9772 0.4693 0.9806 0.466 0.9644 0.4836 0.9687 0.4796 0.946 0.466 0.9644 0.4587 0.9497 0.466 0.9644 0.4546 0.9772 0.4501 0.9667 0.4587 0.9497 0.4501 0.9667 0.4395 0.9594 0.4501 0.9667 0.4587 0.9497 0.466 0.9644 0.4395 0.9952 0.4398 0.9941 0.4413 0.9967 0.4398 0.9941 0.4404 0.9954 0.4409 0.9958 0.4413 0.9967 0.4409 0.9958 0.4421 0.9967 0.4409 0.9958 0.4413 0.9967 0.4398 0.9941 0.4494 0.9941 0.4496 0.9952 0.4487 0.9946 0.4496 0.9952 0.4499 0.9967 0.4488 0.9964 0.4487 0.9946 0.4488 0.9964 0.4473 0.9953 0.4488 0.9964 0.4487 0.9946 0.4496 0.9952 0.4551 0.9941 0.4567 0.9947 0.4556 0.9958 0.4567 0.9947 0.4577 0.9955 0.4568 0.9964 0.4556 0.9958 0.4568 0.9964 0.456 0.9967 0.4568 0.9964 0.4556 0.9958 0.4567 0.9947 0.4642 0.9967 0.4634 0.9956 0.4653 0.9954 0.4634 0.9956 0.4629 0.9947 0.4641 0.9941 0.4653 0.9954 0.4641 0.9941 0.4655 0.9945 0.4641 0.9941 0.4653 0.9954 0.4634 0.9956 0.4733 0.9942 0.4728 0.9948 0.4729 0.9941 0.4728 0.9948 0.4722 0.996 0.4707 0.9967 0.4729 0.9941 0.4707 0.9967 0.4712 0.9942 0.4707 0.9967 0.4729 0.9941 0.4728 0.9948 0.4811 0.9967 0.4794 0.9965 0.4808 0.9954 0.4794 0.9965 0.4785 0.9953 0.4798 0.9946 0.4808 0.9954 0.4798 0.9946 0.4808 0.9941 0.4798 0.9946 0.4808 0.9954 0.4794 0.9965 0.4926 0.9794 0.4925 0.9843 0.492 0.9735 0.4925 0.9843 0.4921 0.9967 0.4916 0.9775 0.492 0.9735 0.4916 0.9775 0.4906 0.9582 0.4916 0.9775 0.492 0.9735 0.4925 0.9843 0.4926 0.9794 0.492 0.9735 0.4927 0.9739 0.492 0.9735 0.4906 0.9582 0.492 0.9654 0.4927 0.9739 0.492 0.9654 0.4928 0.9679 0.492 0.9654 0.4927 0.9739 0.492 0.9735 0.4928 0.9679 0.492 0.9654 0.4926 0.9627 0.492 0.9654 0.4906 0.9582 0.4918 0.9593 0.4926 0.9627 0.4918 0.9593 0.4924 0.9598 0.4918 0.9593 0.4926 0.9627 0.492 0.9654 0.4924 0.9598 0.4918 0.9593 0.4921 0.957 0.4918 0.9593 0.4906 0.9582 0.4912 0.9534 0.4921 0.957 0.4912 0.9534 0.4918 0.9528 0.4912 0.9534 0.4921 0.957 0.4918 0.9593 0.4918 0.9528 0.4912 0.9534 0.4912 0.9473 0.4912 0.9534 0.4906 0.9582 0.4902 0.9463 0.4912 0.9473 0.4902 0.9463 0.4904 0.9382 0.4902 0.9463 0.4912 0.9473 0.4912 0.9534 0.498 0.9568 0.5065 0.9472 0.5091 0.9608 0.5065 0.9472 0.5228 0.9382 0.5196 0.9557 0.5091 0.9608 0.5196 0.9557 0.5175 0.9654 0.5196 0.9557 0.5091 0.9608 0.5065 0.9472 0.498 0.9568 0.5091 0.9608 0.5046 0.9697 0.5091 0.9608 0.5175 0.9654 0.516 0.9735 0.5046 0.9697 0.516 0.9735 0.5149 0.9824 0.516 0.9735 0.5046 0.9697 0.5091 0.9608 0.5254 0.9876 0.5038 0.9902 0.5083 0.9896 0.5038 0.9902 0.498 0.9889 0.5021 0.9892 0.5083 0.9896 0.5021 0.9892 0.5048 0.9893 0.5021 0.9892 0.5083 0.9896 0.5038 0.9902 0.5634 0.4971 0.5484 0.4966 0.5522 0.4879 0.5484 0.4966 0.5306 0.4994 0.5328 0.488 0.5522 0.4879 0.5328 0.488 0.5337 0.4717 0.5328 0.488 0.5522 0.4879 0.5484 0.4966 0.5634 0.4971 0.5522 0.4879 0.5741 0.4941 0.5522 0.4879 0.5337 0.4717 0.5671 0.4809 0.5741 0.4941 0.5671 0.4809 0.5917 0.4888 0.5671 0.4809 0.5741 0.4941 0.5522 0.4879 0.5917 0.4888 0.5671 0.4809 0.5919 0.4712 0.5671 0.4809 0.5337 0.4717 0.5649 0.4627 0.5919 0.4712 0.5649 0.4627 0.5927 0.4504 0.5649 0.4627 0.5919 0.4712 0.5671 0.4809 0.5927 0.4504 0.5649 0.4627 0.5662 0.4453 0.5649 0.4627 0.5337 0.4717 0.5417 0.4518 0.5662 0.4453 0.5417 0.4518 0.5476 0.4392 0.5417 0.4518 0.5662 0.4453 0.5649 0.4627 0.5927 0.4504 0.5662 0.4453 0.5822 0.4309 0.5662 0.4453 0.5476 0.4392 0.5604 0.4278 0.5822 0.4309 0.5604 0.4278 0.5718 0.4013 0.5604 0.4278 0.5822 0.4309 0.5662 0.4453 0.5927 0.4504 0.5822 0.4309 0.6026 0.4306 0.5822 0.4309 0.5718 0.4013 0.5907 0.3922 0.6026 0.4306 0.5907 0.3922 0.611 0.3946 0.5907 0.3922 0.6026 0.4306 0.5822 0.4309 0.611 0.3946 0.5907 0.3922 0.5975 0.3187 0.5907 0.3922 0.5718 0.4013 0.574 0.3357 0.5975 0.3187 0.574 0.3357 0.5752 0.2133 0.574 0.3357 0.5975 0.3187 0.5907 0.3922 0.611 0.3946 0.5975 0.3187 0.6192 0.3354 0.5975 0.3187 0.5752 0.2133 0.6074 0.2568 0.6192 0.3354 0.6074 0.2568 0.626 0.2826 0.6074 0.2568 0.6192 0.3354 0.5975 0.3187 0.626 0.2826 0.6074 0.2568 0.6197 0.2368 0.6074 0.2568 0.5752 0.2133 0.6042 0.2021 0.6197 0.2368 0.6042 0.2021 0.6217 0.1957 0.6042 0.2021 0.6197 0.2368 0.6074 0.2568 0.6217 0.1957 0.6042 0.2021 0.6138 0.1579 0.6042 0.2021 0.5752 0.2133 0.5927 0.1649 0.6138 0.1579 0.5927 0.1649 0.6052 0.1229 0.5927 0.1649 0.6138 0.1579 0.6042 0.2021 0.6052 0.1229 0.5927 0.1649 0.5818 0.1242 0.5927 0.1649 0.5752 0.2133 0.5687 0.15 0.5818 0.1242 0.5687 0.15 0.5617 0.119 0.5687 0.15 0.5818 0.1242 0.5927 0.1649 0.5617 0.119 0.5687 0.15 0.5472 0.1277 0.5687 0.15 0.5752 0.2133 0.5516 0.155 0.5472 0.1277 0.5516 0.155 0.5322 0.1315 0.5516 0.155 0.5472 0.1277 0.5687 0.15 0.611 0.3946 0.6184 0.4281 0.6026 0.4306 0.6184 0.4281 0.6218 0.4365 0.6128 0.4421 0.6026 0.4306 0.6128 0.4421 0.5927 0.4504 0.6128 0.4421 0.6026 0.4306 0.6184 0.4281 0.5927 0.4504 0.6128 0.4421 0.6134 0.4577 0.6128 0.4421 0.6218 0.4365 0.6264 0.4442 0.6134 0.4577 0.6264 0.4442 0.6384 0.4612 0.6264 0.4442 0.6134 0.4577 0.6128 0.4421 0.5927 0.4504 0.6134 0.4577 0.5919 0.4712 0.6134 0.4577 0.6384 0.4612 0.6122 0.477 0.5919 0.4712 0.6122 0.477 0.5917 0.4888 0.6122 0.477 0.5919 0.4712 0.6134 0.4577 0.5917 0.4888 0.6122 0.477 0.6052 0.4934 0.6122 0.477 0.6384 0.4612 0.6237 0.4841 0.6052 0.4934 0.6237 0.4841 0.6154 0.501 0.6237 0.4841 0.6052 0.4934 0.6122 0.477 0.6154 0.501 0.6237 0.4841 0.633 0.4932 0.6237 0.4841 0.6384 0.4612 0.6419 0.4806 0.633 0.4932 0.6419 0.4806 0.6492 0.4915 0.6419 0.4806 0.633 0.4932 0.6237 0.4841 0.6388 0.519 0.6306 0.5201 0.6341 0.5185 0.6306 0.5201 0.6176 0.5215 0.621 0.5198 0.6341 0.5185 0.621 0.5198 0.6271 0.5178 0.621 0.5198 0.6341 0.5185 0.6306 0.5201 0.6271 0.5178 0.621 0.5198 0.6139 0.5188 0.621 0.5198 0.6176 0.5215 0.609 0.5209 0.6139 0.5188 0.609 0.5209 0.6018 0.5199 0.609 0.5209 0.6139 0.5188 0.621 0.5198 0.6271 0.5178 0.6139 0.5188 0.6191 0.5162 0.6139 0.5188 0.6018 0.5199 0.6059 0.5176 0.6191 0.5162 0.6059 0.5176 0.6101 0.5143 0.6059 0.5176 0.6191 0.5162 0.6139 0.5188 0.6101 0.5143 0.6059 0.5176 0.5971 0.5168 0.6059 0.5176 0.6018 0.5199 0.5931 0.519 0.5971 0.5168 0.5931 0.519 0.5831 0.5182 0.5931 0.519 0.5971 0.5168 0.6059 0.5176 0.5831 0.5182 0.5931 0.519 0.5813 0.5201 0.5931 0.519 0.6018 0.5199 0.5906 0.5206 0.5813 0.5201 0.5906 0.5206 0.5808 0.5211 0.5906 0.5206 0.5813 0.5201 0.5931 0.519 0.5831 0.5182 0.5813 0.5201 0.5711 0.5196 0.5813 0.5201 0.5808 0.5211 0.5715 0.5211 0.5711 0.5196 0.5715 0.5211 0.5599 0.5209 0.5715 0.5211 0.5711 0.5196 0.5813 0.5201 0.5831 0.5182 0.5711 0.5196 0.5707 0.5169 0.5711 0.5196 0.5599 0.5209 0.5606 0.5182 0.5707 0.5169 0.5606 0.5182 0.559 0.5131 0.5606 0.5182 0.5707 0.5169 0.5711 0.5196 0.5831 0.5182 0.5707 0.5169 0.5801 0.5156 0.5707 0.5169 0.559 0.5131 0.5723 0.5132 0.5801 0.5156 0.5723 0.5132 0.5819 0.512 0.5723 0.5132 0.5801 0.5156 0.5707 0.5169 0.5819 0.512 0.5723 0.5132 0.5809 0.5085 0.5723 0.5132 0.559 0.5131 0.5705 0.5084 0.5809 0.5085 0.5705 0.5084 0.581 0.5047 0.5705 0.5084 0.5809 0.5085 0.5723 0.5132 0.581 0.5047 0.5705 0.5084 0.5741 0.5021 0.5705 0.5084 0.559 0.5131 0.5612 0.5044 0.5741 0.5021 0.5612 0.5044 0.5634 0.4971 0.5612 0.5044 0.5741 0.5021 0.5705 0.5084 0.581 0.5047 0.5741 0.5021 0.5879 0.4993 0.5741 0.5021 0.5634 0.4971 0.5741 0.4941 0.5879 0.4993 0.5741 0.4941 0.5917 0.4888 0.5741 0.4941 0.5879 0.4993 0.5741 0.5021 0.581 0.5047 0.5879 0.4993 0.594 0.5028 0.5879 0.4993 0.5917 0.4888 0.6052 0.4934 0.594 0.5028 0.6052 0.4934 0.6154 0.501 0.6052 0.4934 0.594 0.5028 0.5879 0.4993 0.581 0.5047 0.594 0.5028 0.5809 0.5085 0.594 0.5028 0.6154 0.501 0.5936 0.5075 0.5809 0.5085 0.5936 0.5075 0.5819 0.512 0.5936 0.5075 0.5809 0.5085 0.594 0.5028 0.5819 0.512 0.5936 0.5075 0.5896 0.5128 0.5936 0.5075 0.6154 0.501 0.6015 0.5093 0.5896 0.5128 0.6015 0.5093 0.5954 0.5133 0.6015 0.5093 0.5896 0.5128 0.5936 0.5075 0.5954 0.5133 0.6015 0.5093 0.6013 0.5134 0.6015 0.5093 0.6154 0.501 0.613 0.5092 0.6013 0.5134 0.613 0.5092 0.6101 0.5143 0.613 0.5092 0.6013 0.5134 0.6015 0.5093 0.5954 0.5133 0.6013 0.5134 0.5904 0.5159 0.6013 0.5134 0.6101 0.5143 0.5971 0.5168 0.5904 0.5159 0.5971 0.5168 0.5831 0.5182 0.5971 0.5168 0.5904 0.5159 0.6013 0.5134 0.5954 0.5133 0.5904 0.5159 0.5896 0.5128 0.5904 0.5159 0.5831 0.5182 0.5801 0.5156 0.5896 0.5128 0.5801 0.5156 0.5819 0.512 0.5801 0.5156 0.5896 0.5128 0.5904 0.5159 0.5617 0.119 0.5482 0.1026 0.567 0.08597 0.5482 0.1026 0.5349 0.09457 0.5485 0.07087 0.567 0.08597 0.5485 0.07087 0.5679 0.03701 0.5485 0.07087 0.567 0.08597 0.5482 0.1026 0.5617 0.119 0.567 0.08597 0.5818 0.1242 0.567 0.08597 0.5679 0.03701 0.5902 0.07874 0.5818 0.1242 0.5902 0.07874 0.6052 0.1229 0.5902 0.07874 0.5818 0.1242 0.567 0.08597 0.6052 0.1229 0.5902 0.07874 0.6139 0.06789 0.5902 0.07874 0.5679 0.03701 0.5959 0.03568 0.6139 0.06789 0.5959 0.03568 0.6176 0.02752 0.5959 0.03568 0.6139 0.06789 0.5902 0.07874 0.6176 0.02752 0.5959 0.03568 0.5985 0.01532 0.5959 0.03568 0.5679 0.03701 0.5798 0.01663 0.5985 0.01532 0.5798 0.01663 0.5837 0.01155 0.5798 0.01663 0.5985 0.01532 0.5959 0.03568 0.5837 0.01155 0.5798 0.01663 0.5705 0.01159 0.5798 0.01663 0.5679 0.03701 0.5623 0.01536 0.5705 0.01159 0.5623 0.01536 0.5578 0.01094 0.5623 0.01536 0.5705 0.01159 0.5798 0.01663 0.5837 0.01155 0.5705 0.01159 0.5778 0.008751 0.5705 0.01159 0.5578 0.01094 0.5622 0.008449 0.5778 0.008751 0.5622 0.008449 0.5689 0.005814 0.5622 0.008449 0.5778 0.008751 0.5705 0.01159 0.5689 0.005814 0.5622 0.008449 0.5525 0.003907 0.5622 0.008449 0.5578 0.01094 0.5457 0.00764 0.5525 0.003907 0.5457 0.00764 0.5332 0.001953 0.5457 0.00764 0.5525 0.003907 0.5622 0.008449 0.5689 0.005814 0.585 0.004092 0.5778 0.008751 0.585 0.004092 0.6095 0.00198 0.5957 0.008198 0.5778 0.008751 0.5957 0.008198 0.5837 0.01155 0.5957 0.008198 0.5778 0.008751 0.585 0.004092 0.5837 0.01155 0.5957 0.008198 0.5985 0.01532 0.5957 0.008198 0.6095 0.00198 0.6165 0.01042 0.5985 0.01532 0.6165 0.01042 0.6176 0.02752 0.6165 0.01042 0.5985 0.01532 0.5957 0.008198 0.6176 0.02752 0.6165 0.01042 0.6358 0.01613 0.6165 0.01042 0.6095 0.00198 0.634 0.005409 0.6358 0.01613 0.634 0.005409 0.6517 0.009888 0.634 0.005409 0.6358 0.01613 0.6165 0.01042 0.672 0.352 0.6651 0.3197 0.6819 0.3211 0.6651 0.3197 0.6569 0.2824 0.6723 0.2595 0.6819 0.3211 0.6723 0.2595 0.6914 0.2525 0.6723 0.2595 0.6819 0.3211 0.6651 0.3197 0.672 0.352 0.6819 0.3211 0.6834 0.3634 0.6819 0.3211 0.6914 0.2525 0.6987 0.3403 0.6834 0.3634 0.6987 0.3403 0.6972 0.3771 0.6987 0.3403 0.6834 0.3634 0.6819 0.3211 0.672 0.352 0.6834 0.3634 0.6658 0.3752 0.6834 0.3634 0.6972 0.3771 0.6776 0.3834 0.6658 0.3752 0.6776 0.3834 0.6594 0.388 0.6776 0.3834 0.6658 0.3752 0.6834 0.3634 0.6594 0.388 0.6776 0.3834 0.6754 0.3913 0.6776 0.3834 0.6972 0.3771 0.6919 0.388 0.6754 0.3913 0.6919 0.388 0.6895 0.3924 0.6919 0.388 0.6754 0.3913 0.6776 0.3834 0.6594 0.388 0.6754 0.3913 0.6634 0.3971 0.6754 0.3913 0.6895 0.3924 0.6822 0.3978 0.6634 0.3971 0.6822 0.3978 0.675 0.4056 0.6822 0.3978 0.6634 0.3971 0.6754 0.3913 0.6914 0.2525 0.6755 0.1677 0.6864 0.1284 0.6755 0.1677 0.6605 0.1181 0.6707 0.07344 0.6864 0.1284 0.6707 0.07344 0.6822 0.04109 0.6707 0.07344 0.6864 0.1284 0.6755 0.1677 0.6914 0.2525 0.6864 0.1284 0.7038 0.1747 0.6864 0.1284 0.6822 0.04109 0.6968 0.07493 0.7038 0.1747 0.6968 0.07493 0.7133 0.07908 0.6968 0.07493 0.7038 0.1747 0.6864 0.1284 0.7133 0.07908 0.6968 0.07493 0.706 0.04692 0.6968 0.07493 0.6822 0.04109 0.6983 0.03862 0.706 0.04692 0.6983 0.03862 0.707 0.04063 0.6983 0.03862 0.706 0.04692 0.6968 0.07493 0.707 0.04063 0.6983 0.03862 0.7075 0.03498 0.6983 0.03862 0.6822 0.04109 0.6964 0.01827 0.7075 0.03498 0.6964 0.01827 0.716 0.001953 0.6964 0.01827 0.7075 0.03498 0.6983 0.03862 0.707 0.04063 0.7075 0.03498 0.7112 0.04096 0.7075 0.03498 0.716 0.001953 0.7168 0.03528 0.7112 0.04096 0.7168 0.03528 0.7149 0.0413 0.7168 0.03528 0.7112 0.04096 0.7075 0.03498 0.7149 0.0413 0.7168 0.03528 0.7234 0.0381 0.7168 0.03528 0.716 0.001953 0.7311 0.008806 0.7234 0.0381 0.7311 0.008806 0.7377 0.02656 0.7311 0.008806 0.7234 0.0381 0.7168 0.03528 0.7149 0.0413 0.7234 0.0381 0.7159 0.04572 0.7234 0.0381 0.7377 0.02656 0.7261 0.04825 0.7159 0.04572 0.7261 0.04825 0.7133 0.07908 0.7261 0.04825 0.7159 0.04572 0.7234 0.0381 0.7133 0.07908 0.7261 0.04825 0.7299 0.09915 0.7261 0.04825 0.7377 0.02656 0.7372 0.04827 0.7299 0.09915 0.7372 0.04827 0.7438 0.1029 0.7372 0.04827 0.7299 0.09915 0.7261 0.04825 0.7133 0.07908 0.7299 0.09915 0.7229 0.204 0.7299 0.09915 0.7438 0.1029 0.7392 0.2141 0.7229 0.204 0.7392 0.2141 0.7369 0.3463 0.7392 0.2141 0.7229 0.204 0.7299 0.09915 0.7133 0.07908 0.7229 0.204 0.7038 0.1747 0.7229 0.204 0.7369 0.3463 0.7127 0.2969 0.7038 0.1747 0.7127 0.2969 0.6914 0.2525 0.7127 0.2969 0.7038 0.1747 0.7229 0.204 0.6914 0.2525 0.7127 0.2969 0.6987 0.3403 0.7127 0.2969 0.7369 0.3463 0.7152 0.3681 0.6987 0.3403 0.7152 0.3681 0.6972 0.3771 0.7152 0.3681 0.6987 0.3403 0.7127 0.2969 0.6972 0.3771 0.7152 0.3681 0.7097 0.386 0.7152 0.3681 0.7369 0.3463 0.7265 0.385 0.7097 0.386 0.7265 0.385 0.717 0.3889 0.7265 0.385 0.7097 0.386 0.7152 0.3681 0.717 0.3889 0.7265 0.385 0.7291 0.3911 0.7265 0.385 0.7369 0.3463 0.7433 0.3874 0.7291 0.3911 0.7433 0.3874 0.7441 0.3942 0.7433 0.3874 0.7291 0.3911 0.7265 0.385 0.717 0.3889 0.7291 0.3911 0.7132 0.3935 0.7291 0.3911 0.7441 0.3942 0.7265 0.3977 0.7132 0.3935 0.7265 0.3977 0.7091 0.4017 0.7265 0.3977 0.7132 0.3935 0.7291 0.3911 0.717 0.3889 0.7132 0.3935 0.7032 0.3902 0.7132 0.3935 0.7091 0.4017 0.6976 0.3964 0.7032 0.3902 0.6976 0.3964 0.6895 0.3924 0.6976 0.3964 0.7032 0.3902 0.7132 0.3935 0.717 0.3889 0.7032 0.3902 0.7097 0.386 0.7032 0.3902 0.6895 0.3924 0.6919 0.388 0.7097 0.386 0.6919 0.388 0.6972 0.3771 0.6919 0.388 0.7097 0.386 0.7032 0.3902 0.7149 0.0413 0.7159 0.04572 0.7118 0.04296 0.7159 0.04572 0.7133 0.07908 0.7112 0.04668 0.7118 0.04296 0.7112 0.04668 0.711 0.04388 0.7112 0.04668 0.7118 0.04296 0.7159 0.04572 0.711 0.04388 0.7112 0.04668 0.7101 0.04317 0.7112 0.04668 0.7133 0.07908 0.706 0.04692 0.7101 0.04317 0.706 0.04692 0.707 0.04063 0.706 0.04692 0.7101 0.04317 0.7112 0.04668 0.711 0.04388 0.7101 0.04317 0.7118 0.04296 0.7101 0.04317 0.707 0.04063 0.7112 0.04096 0.7118 0.04296 0.7112 0.04096 0.7149 0.0413 0.7112 0.04096 0.7118 0.04296 0.7101 0.04317 0.9799 0.07784 0.9825 0.08315 0.9821 0.08527 0.9825 0.08315 0.9844 0.08635 0.985 0.09069 0.9821 0.08527 0.985 0.09069 0.986 0.09669 0.985 0.09069 0.9821 0.08527 0.9825 0.08315 0.9799 0.07784 0.9821 0.08527 0.9774 0.07519 0.9821 0.08527 0.986 0.09669 0.9803 0.08586 0.9774 0.07519 0.9803 0.08586 0.9636 0.06624 0.9803 0.08586 0.9774 0.07519 0.9821 0.08527 0.9799 0.07784 0.9774 0.07519 0.9779 0.0713 0.9774 0.07519 0.9636 0.06624 0.9746 0.06695 0.9779 0.0713 0.9746 0.06695 0.9765 0.0672 0.9746 0.06695 0.9779 0.0713 0.9774 0.07519 0.9765 0.0672 0.9746 0.06695 0.974 0.06336 0.9746 0.06695 0.9636 0.06624 0.9706 0.06061 0.974 0.06336 0.9706 0.06061 0.9697 0.05728 0.9706 0.06061 0.974 0.06336 0.9746 0.06695 0.9619 0.0477 0.964 0.04924 0.9638 0.05248 0.964 0.04924 0.9657 0.05042 0.9677 0.05588 0.9638 0.05248 0.9677 0.05588 0.9636 0.06624 0.9677 0.05588 0.9638 0.05248 0.964 0.04924 0.9619 0.0477 0.9638 0.05248 0.9582 0.04495 0.9638 0.05248 0.9636 0.06624 0.9509 0.04506 0.9582 0.04495 0.9509 0.04506 0.947 0.03614 0.9509 0.04506 0.9582 0.04495 0.9638 0.05248 0.9619 0.0477 0.9582 0.04495 0.9594 0.04387 0.9582 0.04495 0.947 0.03614 0.9538 0.03855 0.9594 0.04387 0.9538 0.03855 0.9563 0.03977 0.9538 0.03855 0.9594 0.04387 0.9582 0.04495 0.9563 0.03977 0.9538 0.03855 0.9499 0.03338 0.9538 0.03855 0.947 0.03614 0.9443 0.03016 0.9499 0.03338 0.9443 0.03016 0.9414 0.02564 0.9443 0.03016 0.9499 0.03338 0.9538 0.03855 0.9414 0.02564 0.9443 0.03016 0.9317 0.0202 0.9443 0.03016 0.947 0.03614 0.9299 0.02287 0.9317 0.0202 0.9299 0.02287 0.9162 0.01224 0.9299 0.02287 0.9317 0.0202 0.9443 0.03016 0.9162 0.01224 0.9299 0.02287 0.9082 0.01312 0.9299 0.02287 0.947 0.03614 0.9267 0.02736 0.9082 0.01312 0.9267 0.02736 0.8972 0.01511 0.9267 0.02736 0.9082 0.01312 0.9299 0.02287 0.8972 0.01511 0.9267 0.02736 0.9209 0.03563 0.9267 0.02736 0.947 0.03614 0.9509 0.04506 0.9209 0.03563 0.9509 0.04506 0.9636 0.06624 0.9509 0.04506 0.9209 0.03563 0.9267 0.02736 0.8972 0.01511 0.9209 0.03563 0.8782 0.02028 0.9209 0.03563 0.9636 0.06624 0.9092 0.05577 0.8782 0.02028 0.9092 0.05577 0.8382 0.0331 0.9092 0.05577 0.8782 0.02028 0.9209 0.03563 0.8382 0.0331 0.9092 0.05577 0.9114 0.1045 0.9092 0.05577 0.9636 0.06624 0.954 0.1035 0.9114 0.1045 0.954 0.1035 0.9623 0.1563 0.954 0.1035 0.9114 0.1045 0.9092 0.05577 0.9623 0.1563 0.954 0.1035 0.9772 0.1294 0.954 0.1035 0.9636 0.06624 0.9776 0.09866 0.9772 0.1294 0.9776 0.09866 0.9845 0.1123 0.9776 0.09866 0.9772 0.1294 0.954 0.1035 0.9845 0.1123 0.9776 0.09866 0.9849 0.09939 0.9776 0.09866 0.9636 0.06624 0.9803 0.08586 0.9849 0.09939 0.9803 0.08586 0.986 0.09669 0.9803 0.08586 0.9849 0.09939 0.9776 0.09866 0.9845 0.1123 0.9849 0.09939 0.9868 0.1066 0.9849 0.09939 0.986 0.09669 0.9873 0.1047 0.9868 0.1066 0.9873 0.1047 0.9874 0.1075 0.9873 0.1047 0.9868 0.1066 0.9849 0.09939 0.9845 0.1123 0.9868 0.1066 0.9868 0.1125 0.9868 0.1066 0.9874 0.1075 0.9874 0.1097 0.9868 0.1125 0.9874 0.1097 0.9876 0.1139 0.9874 0.1097 0.9868 0.1125 0.9868 0.1066 0.9845 0.1123 0.9868 0.1125 0.9859 0.1238 0.9868 0.1125 0.9876 0.1139 0.987 0.1212 0.9859 0.1238 0.987 0.1212 0.9864 0.1329 0.987 0.1212 0.9859 0.1238 0.9868 0.1125 0.9845 0.1123 0.9859 0.1238 0.9836 0.1345 0.9859 0.1238 0.9864 0.1329 0.9854 0.139 0.9836 0.1345 0.9854 0.139 0.9833 0.1493 0.9854 0.139 0.9836 0.1345 0.9859 0.1238 0.9845 0.1123 0.9836 0.1345 0.9772 0.1294 0.9836 0.1345 0.9833 0.1493 0.979 0.1533 0.9772 0.1294 0.979 0.1533 0.9623 0.1563 0.979 0.1533 0.9772 0.1294 0.9836 0.1345 0.9623 0.1563 0.979 0.1533 0.9758 0.1676 0.979 0.1533 0.9833 0.1493 0.9803 0.1601 0.9758 0.1676 0.9803 0.1601 0.9781 0.1674 0.9803 0.1601 0.9758 0.1676 0.979 0.1533 0.9781 0.1674 0.9803 0.1601 0.981 0.1611 0.9803 0.1601 0.9833 0.1493 0.983 0.1553 0.981 0.1611 0.983 0.1553 0.9827 0.158 0.983 0.1553 0.981 0.1611 0.9803 0.1601 0.9827 0.158 0.983 0.1553 0.9842 0.1544 0.983 0.1553 0.9833 0.1493 0.985 0.1492 0.9842 0.1544 0.985 0.1492 0.9855 0.1501 0.985 0.1492 0.9842 0.1544 0.983 0.1553 0.8886 0.004124 0.9001 0.006993 0.8899 0.006601 0.9001 0.006993 0.9162 0.01224 0.9082 0.01312 0.8899 0.006601 0.9082 0.01312 0.8972 0.01511 0.9082 0.01312 0.8899 0.006601 0.9001 0.006993 0.8886 0.004124 0.8899 0.006601 0.8801 0.00379 0.8899 0.006601 0.8972 0.01511 0.8767 0.00749 0.8801 0.00379 0.8767 0.00749 0.8698 0.004329 0.8767 0.00749 0.8801 0.00379 0.8899 0.006601 0.8698 0.004329 0.8767 0.00749 0.8577 0.00971 0.8767 0.00749 0.8972 0.01511 0.8782 0.02028 0.8577 0.00971 0.8782 0.02028 0.8382 0.0331 0.8782 0.02028 0.8577 0.00971 0.8767 0.00749 0.8698 0.004329 0.8577 0.00971 0.8573 0.004875 0.8577 0.00971 0.8382 0.0331 0.8446 0.009065 0.8573 0.004875 0.8446 0.009065 0.8497 0.004788 0.8446 0.009065 0.8573 0.004875 0.8577 0.00971 0.8698 0.004329 0.8573 0.004875 0.8655 0.00258 0.8573 0.004875 0.8497 0.004788 0.8559 0.002988 0.8655 0.00258 0.8559 0.002988 0.8607 0.001953 0.8559 0.002988 0.8655 0.00258 0.8573 0.004875 0.838 0.007098 0.8432 0.006042 0.8347 0.01096 0.8432 0.006042 0.8497 0.004788 0.8446 0.009065 0.8347 0.01096 0.8446 0.009065 0.8382 0.0331 0.8446 0.009065 0.8347 0.01096 0.8432 0.006042 0.838 0.007098 0.8347 0.01096 0.8291 0.01007 0.8347 0.01096 0.8382 0.0331 0.8225 0.01495 0.8291 0.01007 0.8225 0.01495 0.8183 0.0135 0.8225 0.01495 0.8291 0.01007 0.8347 0.01096 0.838 0.007098 0.8291 0.01007 0.8352 0.006723 0.8291 0.01007 0.8183 0.0135 0.8251 0.01005 0.8352 0.006723 0.8251 0.01005 0.8308 0.007315 0.8251 0.01005 0.8352 0.006723 0.8291 0.01007 0.7709 0.09217 0.7569 0.08538 0.7682 0.07522 0.7569 0.08538 0.7553 0.08379 0.7571 0.0802 0.7682 0.07522 0.7571 0.0802 0.7649 0.06895 0.7571 0.0802 0.7682 0.07522 0.7569 0.08538 0.7709 0.09217 0.7682 0.07522 0.8054 0.077 0.7682 0.07522 0.7649 0.06895 0.7888 0.05221 0.8054 0.077 0.7888 0.05221 0.8382 0.0331 0.7888 0.05221 0.8054 0.077 0.7682 0.07522 0.8382 0.0331 0.7888 0.05221 0.8002 0.03233 0.7888 0.05221 0.7649 0.06895 0.7801 0.04918 0.8002 0.03233 0.7801 0.04918 0.788 0.03497 0.7801 0.04918 0.8002 0.03233 0.7888 0.05221 0.788 0.03497 0.7801 0.04918 0.7785 0.04565 0.7801 0.04918 0.7649 0.06895 0.7691 0.05918 0.7785 0.04565 0.7691 0.05918 0.7741 0.04988 0.7691 0.05918 0.7785 0.04565 0.7801 0.04918 0.788 0.03497 0.7785 0.04565 0.7822 0.03941 0.7785 0.04565 0.7741 0.04988 0.7794 0.0425 0.7822 0.03941 0.7794 0.0425 0.781 0.04036 0.7794 0.0425 0.7822 0.03941 0.7785 0.04565 0.7741 0.04988 0.7691 0.05918 0.7662 0.06116 0.7691 0.05918 0.7649 0.06895 0.7606 0.07049 0.7662 0.06116 0.7606 0.07049 0.7607 0.06894 0.7606 0.07049 0.7662 0.06116 0.7691 0.05918 0.7741 0.04988 0.7662 0.06116 0.7717 0.05156 0.7662 0.06116 0.7607 0.06894 0.7647 0.06165 0.7717 0.05156 0.7647 0.06165 0.7697 0.0529 0.7647 0.06165 0.7717 0.05156 0.7662 0.06116 0.8078 0.01656 0.8109 0.01571 0.8068 0.01728 0.8109 0.01571 0.8183 0.0135 0.8119 0.01641 0.8068 0.01728 0.8119 0.01641 0.8045 0.01952 0.8119 0.01641 0.8068 0.01728 0.8109 0.01571 0.8045 0.01952 0.8119 0.01641 0.812 0.02034 0.8119 0.01641 0.8183 0.0135 0.8225 0.01495 0.812 0.02034 0.8225 0.01495 0.8382 0.0331 0.8225 0.01495 0.812 0.02034 0.8119 0.01641 0.8045 0.01952 0.812 0.02034 0.7995 0.02518 0.812 0.02034 0.8382 0.0331 0.8002 0.03233 0.7995 0.02518 0.8002 0.03233 0.788 0.03497 0.8002 0.03233 0.7995 0.02518 0.812 0.02034 0.8045 0.01952 0.7995 0.02518 0.7989 0.02264 0.7995 0.02518 0.788 0.03497 0.794 0.02726 0.7989 0.02264 0.794 0.02726 0.7968 0.02343 0.794 0.02726 0.7989 0.02264 0.7995 0.02518 0.7968 0.02343 0.794 0.02726 0.794 0.02634 0.794 0.02726 0.788 0.03497 0.7905 0.03013 0.794 0.02634 0.7905 0.03013 0.7924 0.02777 0.7905 0.03013 0.794 0.02634 0.794 0.02726 0.7924 0.02777 0.7905 0.03013 0.7893 0.03017 0.7905 0.03013 0.788 0.03497 0.7873 0.03284 0.7893 0.03017 0.7873 0.03284 0.7874 0.03168 0.7873 0.03284 0.7893 0.03017 0.7905 0.03013 0.8045 0.01952 0.7989 0.02264 0.8013 0.02006 0.7989 0.02264 0.7968 0.02343 0.7991 0.02139 0.8013 0.02006 0.7991 0.02139 0.8002 0.02041 0.7991 0.02139 0.8013 0.02006 0.7989 0.02264 0.8002 0.02041 0.7991 0.02139 0.7991 0.02102 0.7991 0.02139 0.7968 0.02343 0.7982 0.02166 0.7991 0.02102 0.7982 0.02166 0.7986 0.02125 0.7982 0.02166 0.7991 0.02102 0.7991 0.02139 0.9303 0.2172 0.9326 0.2184 0.9267 0.2218 0.9326 0.2184 0.9363 0.2168 0.9299 0.221 0.9267 0.2218 0.9299 0.221 0.9237 0.2248 0.9299 0.221 0.9267 0.2218 0.9326 0.2184 0.9303 0.2172 0.9267 0.2218 0.9241 0.22 0.9267 0.2218 0.9237 0.2248 0.9219 0.2244 0.9241 0.22 0.9219 0.2244 0.921 0.2221 0.9219 0.2244 0.9241 0.22 0.9267 0.2218 0.921 0.2221 0.9219 0.2244 0.919 0.2232 0.9219 0.2244 0.9237 0.2248 0.919 0.2265 0.919 0.2232 0.919 0.2265 0.9169 0.2251 0.919 0.2265 0.919 0.2232 0.9219 0.2244 0.9169 0.2251 0.919 0.2265 0.9155 0.2282 0.919 0.2265 0.9237 0.2248 0.9189 0.2276 0.9155 0.2282 0.9189 0.2276 0.9123 0.2308 0.9189 0.2276 0.9155 0.2282 0.919 0.2265 0.9169 0.2251 0.9155 0.2282 0.9131 0.2254 0.9155 0.2282 0.9123 0.2308 0.9094 0.2305 0.9131 0.2254 0.9094 0.2305 0.9014 0.2288 0.9094 0.2305 0.9131 0.2254 0.9155 0.2282 0.9014 0.2288 0.9094 0.2305 0.8987 0.234 0.9094 0.2305 0.9123 0.2308 0.9026 0.2343 0.8987 0.234 0.9026 0.2343 0.894 0.2368 0.9026 0.2343 0.8987 0.234 0.9094 0.2305 0.9014 0.2288 0.8987 0.234 0.8851 0.2337 0.8987 0.234 0.894 0.2368 0.8877 0.2371 0.8851 0.2337 0.8877 0.2371 0.8764 0.2373 0.8877 0.2371 0.8851 0.2337 0.8987 0.234 0.9014 0.2288 0.8851 0.2337 0.8772 0.2275 0.8851 0.2337 0.8764 0.2373 0.8632 0.2337 0.8772 0.2275 0.8632 0.2337 0.8435 0.2296 0.8632 0.2337 0.8772 0.2275 0.8851 0.2337 0.8435 0.2296 0.8632 0.2337 0.8504 0.2346 0.8632 0.2337 0.8764 0.2373 0.8642 0.2368 0.8504 0.2346 0.8642 0.2368 0.8581 0.2369 0.8642 0.2368 0.8504 0.2346 0.8632 0.2337 0.8581 0.2369 0.8642 0.2368 0.8655 0.2381 0.8642 0.2368 0.8764 0.2373 0.8722 0.2385 0.8655 0.2381 0.8722 0.2385 0.8689 0.2389 0.8722 0.2385 0.8655 0.2381 0.8642 0.2368 0.8581 0.2369 0.8655 0.2381 0.8598 0.238 0.8655 0.2381 0.8689 0.2389 0.8635 0.2387 0.8598 0.238 0.8635 0.2387 0.8597 0.2385 0.8635 0.2387 0.8598 0.238 0.8655 0.2381 0.8581 0.2369 0.8598 0.238 0.8548 0.2377 0.8598 0.238 0.8597 0.2385 0.8568 0.2385 0.8548 0.2377 0.8568 0.2385 0.8531 0.2384 0.8568 0.2385 0.8548 0.2377 0.8598 0.238 0.8581 0.2369 0.8548 0.2377 0.8496 0.2362 0.8548 0.2377 0.8531 0.2384 0.8496 0.2376 0.8496 0.2362 0.8496 0.2376 0.845 0.2361 0.8496 0.2376 0.8496 0.2362 0.8548 0.2377 0.8581 0.2369 0.8496 0.2362 0.8504 0.2346 0.8496 0.2362 0.845 0.2361 0.8412 0.234 0.8504 0.2346 0.8412 0.234 0.8435 0.2296 0.8412 0.234 0.8504 0.2346 0.8496 0.2362 0.8435 0.2296 0.8412 0.234 0.8353 0.2325 0.8412 0.234 0.845 0.2361 0.8407 0.235 0.8353 0.2325 0.8407 0.235 0.8378 0.2342 0.8407 0.235 0.8353 0.2325 0.8412 0.234 0.8435 0.2296 0.8353 0.2325 0.8296 0.2297 0.8353 0.2325 0.8378 0.2342 0.8333 0.2327 0.8296 0.2297 0.8333 0.2327 0.8278 0.2312 0.8333 0.2327 0.8296 0.2297 0.8353 0.2325 0.8435 0.2296 0.8296 0.2297 0.8349 0.2229 0.8296 0.2297 0.8278 0.2312 0.8215 0.2265 0.8349 0.2229 0.8215 0.2265 0.8096 0.2146 0.8215 0.2265 0.8349 0.2229 0.8296 0.2297 0.8096 0.2146 0.8215 0.2265 0.8119 0.2231 0.8215 0.2265 0.8278 0.2312 0.8201 0.229 0.8119 0.2231 0.8201 0.229 0.8109 0.2252 0.8201 0.229 0.8119 0.2231 0.8215 0.2265 0.8096 0.2146 0.8119 0.2231 0.8016 0.2159 0.8119 0.2231 0.8109 0.2252 0.8029 0.2186 0.8016 0.2159 0.8029 0.2186 0.7933 0.211 0.8029 0.2186 0.8016 0.2159 0.8119 0.2231 0.9781 0.1674 0.981 0.1611 0.9804 0.1651 0.981 0.1611 0.9827 0.158 0.982 0.1615 0.9804 0.1651 0.982 0.1615 0.9815 0.164 0.982 0.1615 0.9804 0.1651 0.981 0.1611 0.9781 0.1674 0.9804 0.1651 0.9783 0.1694 0.9804 0.1651 0.9815 0.164 0.9805 0.1664 0.9783 0.1694 0.9805 0.1664 0.9786 0.1704 0.9805 0.1664 0.9783 0.1694 0.9804 0.1651 0.9781 0.1674 0.9783 0.1694 0.9762 0.1729 0.9783 0.1694 0.9786 0.1704 0.9764 0.1739 0.9762 0.1729 0.9764 0.1739 0.9747 0.1768 0.9764 0.1739 0.9762 0.1729 0.9783 0.1694 0.9781 0.1674 0.9762 0.1729 0.9751 0.1738 0.9762 0.1729 0.9747 0.1768 0.9738 0.1777 0.9751 0.1738 0.9738 0.1777 0.9717 0.18 0.9738 0.1777 0.9751 0.1738 0.9762 0.1729 0.9717 0.18 0.9738 0.1777 0.9694 0.1843 0.9738 0.1777 0.9747 0.1768 0.9722 0.1812 0.9694 0.1843 0.9722 0.1812 0.968 0.187 0.9722 0.1812 0.9694 0.1843 0.9738 0.1777 0.9717 0.18 0.9694 0.1843 0.9654 0.1878 0.9694 0.1843 0.968 0.187 0.963 0.1925 0.9654 0.1878 0.963 0.1925 0.9549 0.1995 0.963 0.1925 0.9654 0.1878 0.9694 0.1843 0.9717 0.18 0.9654 0.1878 0.9704 0.1776 0.9654 0.1878 0.9549 0.1995 0.9574 0.186 0.9704 0.1776 0.9574 0.186 0.9623 0.1563 0.9574 0.186 0.9704 0.1776 0.9654 0.1878 0.9717 0.18 0.9704 0.1776 0.9751 0.1738 0.9704 0.1776 0.9623 0.1563 0.9758 0.1676 0.9751 0.1738 0.9758 0.1676 0.9781 0.1674 0.9758 0.1676 0.9751 0.1738 0.9704 0.1776 0.7897 0.2075 0.7863 0.2053 0.7874 0.2052 0.7863 0.2053 0.7853 0.2045 0.7844 0.2034 0.7874 0.2052 0.7844 0.2034 0.782 0.2003 0.7844 0.2034 0.7874 0.2052 0.7863 0.2053 0.7897 0.2075 0.7874 0.2052 0.7959 0.2111 0.7874 0.2052 0.782 0.2003 0.7916 0.2066 0.7959 0.2111 0.7916 0.2066 0.8096 0.2146 0.7916 0.2066 0.7959 0.2111 0.7874 0.2052 0.8096 0.2146 0.7916 0.2066 0.7885 0.2022 0.7916 0.2066 0.782 0.2003 0.7812 0.1981 0.7885 0.2022 0.7812 0.1981 0.7797 0.1958 0.7812 0.1981 0.7885 0.2022 0.7916 0.2066 0.7797 0.1958 0.7812 0.1981 0.7744 0.1916 0.7812 0.1981 0.782 0.2003 0.7752 0.1936 0.7744 0.1916 0.7752 0.1936 0.7708 0.1883 0.7752 0.1936 0.7744 0.1916 0.7812 0.1981 0.7797 0.1958 0.7744 0.1916 0.7779 0.1927 0.7744 0.1916 0.7708 0.1883 0.7707 0.1861 0.7779 0.1927 0.7707 0.1861 0.7737 0.1861 0.7707 0.1861 0.7779 0.1927 0.7744 0.1916 0.7737 0.1861 0.7707 0.1861 0.7672 0.1792 0.7707 0.1861 0.7708 0.1883 0.7671 0.1821 0.7672 0.1792 0.7671 0.1821 0.763 0.1749 0.7671 0.1821 0.7672 0.1792 0.7707 0.1861 0.7737 0.1861 0.7672 0.1792 0.7745 0.1809 0.7672 0.1792 0.763 0.1749 0.7647 0.1718 0.7745 0.1809 0.7647 0.1718 0.7791 0.1719 0.7647 0.1718 0.7745 0.1809 0.7672 0.1792 0.7791 0.1719 0.7647 0.1718 0.7628 0.1635 0.7647 0.1718 0.763 0.1749 0.7608 0.1688 0.7628 0.1635 0.7608 0.1688 0.7582 0.1616 0.7608 0.1688 0.7628 0.1635 0.7647 0.1718 0.7791 0.1719 0.7628 0.1635 0.7799 0.1585 0.7628 0.1635 0.7582 0.1616 0.7584 0.1514 0.7799 0.1585 0.7584 0.1514 0.7625 0.1362 0.7584 0.1514 0.7799 0.1585 0.7628 0.1635 0.7625 0.1362 0.7584 0.1514 0.7527 0.1402 0.7584 0.1514 0.7582 0.1616 0.7542 0.1508 0.7527 0.1402 0.7542 0.1508 0.7511 0.1419 0.7542 0.1508 0.7527 0.1402 0.7584 0.1514 0.7625 0.1362 0.7527 0.1402 0.7511 0.1302 0.7527 0.1402 0.7511 0.1419 0.7499 0.1348 0.7511 0.1302 0.7499 0.1348 0.7493 0.1293 0.7499 0.1348 0.7511 0.1302 0.7527 0.1402 0.7625 0.1362 0.7511 0.1302 0.7515 0.1222 0.7511 0.1302 0.7493 0.1293 0.7495 0.1239 0.7515 0.1222 0.7495 0.1239 0.75 0.1176 0.7495 0.1239 0.7515 0.1222 0.7511 0.1302 0.7625 0.1362 0.7515 0.1222 0.7546 0.1175 0.7515 0.1222 0.75 0.1176 0.7513 0.113 0.7546 0.1175 0.7513 0.113 0.7525 0.1076 0.7513 0.113 0.7546 0.1175 0.7515 0.1222 0.7625 0.1362 0.7546 0.1175 0.7759 0.1287 0.7546 0.1175 0.7525 0.1076 0.7581 0.1114 0.7759 0.1287 0.7581 0.1114 0.7765 0.1219 0.7581 0.1114 0.7759 0.1287 0.7546 0.1175 0.7765 0.1219 0.7581 0.1114 0.7769 0.1182 0.7581 0.1114 0.7525 0.1076 0.7561 0.1052 0.7769 0.1182 0.7561 0.1052 0.7711 0.1116 0.7561 0.1052 0.7769 0.1182 0.7581 0.1114 0.7711 0.1116 0.7561 0.1052 0.7562 0.1014 0.7561 0.1052 0.7525 0.1076 0.7526 0.1028 0.7562 0.1014 0.7526 0.1028 0.7529 0.0988 0.7526 0.1028 0.7562 0.1014 0.7561 0.1052 0.7711 0.1116 0.7562 0.1014 0.7775 0.1094 0.7562 0.1014 0.7529 0.0988 0.7565 0.09593 0.7775 0.1094 0.7565 0.09593 0.7709 0.09217 0.7565 0.09593 0.7775 0.1094 0.7562 0.1014 0.7711 0.1116 0.7775 0.1094 0.8127 0.1356 0.7775 0.1094 0.7709 0.09217 0.8236 0.1221 0.8127 0.1356 0.8236 0.1221 0.8918 0.1891 0.8236 0.1221 0.8127 0.1356 0.7775 0.1094 0.8918 0.1891 0.8236 0.1221 0.8693 0.1148 0.8236 0.1221 0.7709 0.09217 0.8054 0.077 0.8693 0.1148 0.8054 0.077 0.8382 0.0331 0.8054 0.077 0.8693 0.1148 0.8236 0.1221 0.8918 0.1891 0.8693 0.1148 0.9287 0.1645 0.8693 0.1148 0.8382 0.0331 0.9114 0.1045 0.9287 0.1645 0.9114 0.1045 0.9623 0.1563 0.9114 0.1045 0.9287 0.1645 0.8693 0.1148 0.8918 0.1891 0.9287 0.1645 0.9404 0.1969 0.9287 0.1645 0.9623 0.1563 0.9574 0.186 0.9404 0.1969 0.9574 0.186 0.9549 0.1995 0.9574 0.186 0.9404 0.1969 0.9287 0.1645 0.8918 0.1891 0.9404 0.1969 0.9343 0.2055 0.9404 0.1969 0.9549 0.1995 0.9463 0.2049 0.9343 0.2055 0.9463 0.2049 0.9429 0.2079 0.9463 0.2049 0.9343 0.2055 0.9404 0.1969 0.9429 0.2079 0.9463 0.2049 0.9468 0.2082 0.9463 0.2049 0.9549 0.1995 0.9507 0.2059 0.9468 0.2082 0.9507 0.2059 0.9474 0.2092 0.9507 0.2059 0.9468 0.2082 0.9463 0.2049 0.9429 0.2079 0.9468 0.2082 0.9424 0.2111 0.9468 0.2082 0.9474 0.2092 0.9434 0.2117 0.9424 0.2111 0.9434 0.2117 0.9405 0.2134 0.9434 0.2117 0.9424 0.2111 0.9468 0.2082 0.9429 0.2079 0.9424 0.2111 0.9364 0.2115 0.9424 0.2111 0.9405 0.2134 0.9369 0.2149 0.9364 0.2115 0.9369 0.2149 0.9303 0.2172 0.9369 0.2149 0.9364 0.2115 0.9424 0.2111 0.9429 0.2079 0.9364 0.2115 0.9343 0.2055 0.9364 0.2115 0.9303 0.2172 0.9257 0.2116 0.9343 0.2055 0.9257 0.2116 0.8918 0.1891 0.9257 0.2116 0.9343 0.2055 0.9364 0.2115 0.8918 0.1891 0.9257 0.2116 0.9192 0.216 0.9257 0.2116 0.9303 0.2172 0.9241 0.22 0.9192 0.216 0.9241 0.22 0.921 0.2221 0.9241 0.22 0.9192 0.216 0.9257 0.2116 0.8918 0.1891 0.9192 0.216 0.9149 0.218 0.9192 0.216 0.921 0.2221 0.919 0.2232 0.9149 0.218 0.919 0.2232 0.9169 0.2251 0.919 0.2232 0.9149 0.218 0.9192 0.216 0.8918 0.1891 0.9149 0.218 0.901 0.2191 0.9149 0.218 0.9169 0.2251 0.9131 0.2254 0.901 0.2191 0.9131 0.2254 0.9014 0.2288 0.9131 0.2254 0.901 0.2191 0.9149 0.218 0.8918 0.1891 0.901 0.2191 0.8689 0.218 0.901 0.2191 0.9014 0.2288 0.8772 0.2275 0.8689 0.218 0.8772 0.2275 0.8435 0.2296 0.8772 0.2275 0.8689 0.218 0.901 0.2191 0.8918 0.1891 0.8689 0.218 0.8444 0.2066 0.8689 0.218 0.8435 0.2296 0.8349 0.2229 0.8444 0.2066 0.8349 0.2229 0.8096 0.2146 0.8349 0.2229 0.8444 0.2066 0.8689 0.218 0.8918 0.1891 0.8444 0.2066 0.8229 0.1808 0.8444 0.2066 0.8096 0.2146 0.8023 0.1925 0.8229 0.1808 0.8023 0.1925 0.7791 0.1719 0.8023 0.1925 0.8229 0.1808 0.8444 0.2066 0.7791 0.1719 0.8023 0.1925 0.7745 0.1809 0.8023 0.1925 0.8096 0.2146 0.7866 0.1959 0.7745 0.1809 0.7866 0.1959 0.7737 0.1861 0.7866 0.1959 0.7745 0.1809 0.8023 0.1925 0.7737 0.1861 0.7866 0.1959 0.7779 0.1927 0.7866 0.1959 0.8096 0.2146 0.7885 0.2022 0.7779 0.1927 0.7885 0.2022 0.7797 0.1958 0.7885 0.2022 0.7779 0.1927 0.7866 0.1959 0.7765 0.1219 0.7769 0.1182 0.8121 0.1433 0.7769 0.1182 0.7711 0.1116 0.8127 0.1356 0.8121 0.1433 0.8127 0.1356 0.8918 0.1891 0.8127 0.1356 0.8121 0.1433 0.7769 0.1182 0.7765 0.1219 0.8121 0.1433 0.7759 0.1287 0.8121 0.1433 0.8918 0.1891 0.8124 0.1577 0.7759 0.1287 0.8124 0.1577 0.7625 0.1362 0.8124 0.1577 0.7759 0.1287 0.8121 0.1433 0.7625 0.1362 0.8124 0.1577 0.7799 0.1585 0.8124 0.1577 0.8918 0.1891 0.8229 0.1808 0.7799 0.1585 0.8229 0.1808 0.7791 0.1719 0.8229 0.1808 0.7799 0.1585 0.8124 0.1577 0.9164 0.266 0.9252 0.2551 0.9398 0.2542 0.9252 0.2551 0.936 0.2446 0.9463 0.2449 0.9398 0.2542 0.9463 0.2449 0.9522 0.2453 0.9463 0.2449 0.9398 0.2542 0.9252 0.2551 0.9164 0.266 0.9398 0.2542 0.938 0.2647 0.9398 0.2542 0.9522 0.2453 0.9517 0.2535 0.938 0.2647 0.9517 0.2535 0.9547 0.2678 0.9517 0.2535 0.938 0.2647 0.9398 0.2542 0.9164 0.266 0.938 0.2647 0.9237 0.2724 0.938 0.2647 0.9547 0.2678 0.9373 0.2759 0.9237 0.2724 0.9373 0.2759 0.9224 0.2818 0.9373 0.2759 0.9237 0.2724 0.938 0.2647 0.9224 0.2818 0.9373 0.2759 0.9293 0.2898 0.9373 0.2759 0.9547 0.2678 0.9436 0.285 0.9293 0.2898 0.9436 0.285 0.9318 0.2998 0.9436 0.285 0.9293 0.2898 0.9373 0.2759 0.9318 0.2998 0.9436 0.285 0.9454 0.295 0.9436 0.285 0.9547 0.2678 0.9531 0.2843 0.9454 0.295 0.9531 0.2843 0.952 0.2941 0.9531 0.2843 0.9454 0.295 0.9436 0.285 0.952 0.2941 0.9531 0.2843 0.958 0.2888 0.9531 0.2843 0.9547 0.2678 0.963 0.2766 0.958 0.2888 0.963 0.2766 0.9653 0.2841 0.963 0.2766 0.958 0.2888 0.9531 0.2843 0.9653 0.2841 0.963 0.2766 0.9738 0.2747 0.963 0.2766 0.9547 0.2678 0.9711 0.2655 0.9738 0.2747 0.9711 0.2655 0.985 0.2637 0.9711 0.2655 0.9738 0.2747 0.963 0.2766 0.952 0.2941 0.958 0.2888 0.9546 0.2989 0.958 0.2888 0.9653 0.2841 0.9615 0.2944 0.9546 0.2989 0.9615 0.2944 0.9566 0.3032 0.9615 0.2944 0.9546 0.2989 0.958 0.2888 0.952 0.2941 0.9546 0.2989 0.9482 0.301 0.9546 0.2989 0.9566 0.3032 0.9497 0.3052 0.9482 0.301 0.9497 0.3052 0.9434 0.3059 0.9497 0.3052 0.9482 0.301 0.9546 0.2989 0.952 0.2941 0.9482 0.301 0.9454 0.295 0.9482 0.301 0.9434 0.3059 0.9392 0.3037 0.9454 0.295 0.9392 0.3037 0.9318 0.2998 0.9392 0.3037 0.9454 0.295 0.9482 0.301 0.9318 0.2998 0.9392 0.3037 0.9254 0.3091 0.9392 0.3037 0.9434 0.3059 0.934 0.3097 0.9254 0.3091 0.934 0.3097 0.9224 0.3147 0.934 0.3097 0.9254 0.3091 0.9392 0.3037 0.9318 0.2998 0.9254 0.3091 0.9123 0.3092 0.9254 0.3091 0.9224 0.3147 0.9109 0.3149 0.9123 0.3092 0.9109 0.3149 0.8928 0.3142 0.9109 0.3149 0.9123 0.3092 0.9254 0.3091 0.9318 0.2998 0.9123 0.3092 0.9143 0.3028 0.9123 0.3092 0.8928 0.3142 0.8964 0.308 0.9143 0.3028 0.8964 0.308 0.8998 0.3032 0.8964 0.308 0.9143 0.3028 0.9123 0.3092 0.9318 0.2998 0.9143 0.3028 0.9293 0.2898 0.9143 0.3028 0.8998 0.3032 0.9122 0.2947 0.9293 0.2898 0.9122 0.2947 0.9224 0.2818 0.9122 0.2947 0.9293 0.2898 0.9143 0.3028 0.9224 0.2818 0.9122 0.2947 0.9065 0.2871 0.9122 0.2947 0.8998 0.3032 0.8952 0.2962 0.9065 0.2871 0.8952 0.2962 0.8916 0.2884 0.8952 0.2962 0.9065 0.2871 0.9122 0.2947 0.8916 0.2884 0.8952 0.2962 0.88 0.2916 0.8952 0.2962 0.8998 0.3032 0.8847 0.3009 0.88 0.2916 0.8847 0.3009 0.8644 0.293 0.8847 0.3009 0.88 0.2916 0.8952 0.2962 0.8644 0.293 0.8847 0.3009 0.878 0.3063 0.8847 0.3009 0.8998 0.3032 0.8964 0.308 0.878 0.3063 0.8964 0.308 0.8928 0.3142 0.8964 0.308 0.878 0.3063 0.8847 0.3009 0.8644 0.293 0.878 0.3063 0.8602 0.3074 0.878 0.3063 0.8928 0.3142 0.8713 0.3154 0.8602 0.3074 0.8713 0.3154 0.8538 0.3184 0.8713 0.3154 0.8602 0.3074 0.878 0.3063 0.8644 0.293 0.8602 0.3074 0.8498 0.3013 0.8602 0.3074 0.8538 0.3184 0.844 0.3124 0.8498 0.3013 0.844 0.3124 0.8344 0.306 0.844 0.3124 0.8498 0.3013 0.8602 0.3074 0.8344 0.306 0.844 0.3124 0.8277 0.3147 0.844 0.3124 0.8538 0.3184 0.8379 0.321 0.8277 0.3147 0.8379 0.321 0.8218 0.3207 0.8379 0.321 0.8277 0.3147 0.844 0.3124 0.8344 0.306 0.8277 0.3147 0.8173 0.306 0.8277 0.3147 0.8218 0.3207 0.8121 0.3133 0.8173 0.306 0.8121 0.3133 0.8022 0.3031 0.8121 0.3133 0.8173 0.306 0.8277 0.3147 0.8022 0.3031 0.8121 0.3133 0.7991 0.3101 0.8121 0.3133 0.8218 0.3207 0.8082 0.3182 0.7991 0.3101 0.8082 0.3182 0.7974 0.3161 0.8082 0.3182 0.7991 0.3101 0.8121 0.3133 0.8022 0.3031 0.7991 0.3101 0.7888 0.2994 0.7991 0.3101 0.7974 0.3161 0.7868 0.3073 0.7888 0.2994 0.7868 0.3073 0.7733 0.2962 0.7868 0.3073 0.7888 0.2994 0.7991 0.3101 0.8022 0.3031 0.7888 0.2994 0.7927 0.2899 0.7888 0.2994 0.7733 0.2962 0.7785 0.2863 0.7927 0.2899 0.7785 0.2863 0.7826 0.2727 0.7785 0.2863 0.7927 0.2899 0.7888 0.2994 0.7826 0.2727 0.7785 0.2863 0.7669 0.2743 0.7785 0.2863 0.7733 0.2962 0.7628 0.2838 0.7669 0.2743 0.7628 0.2838 0.7539 0.2743 0.7628 0.2838 0.7669 0.2743 0.7785 0.2863 0.7539 0.2743 0.7628 0.2838 0.7501 0.2802 0.7628 0.2838 0.7733 0.2962 0.7584 0.2899 0.7501 0.2802 0.7584 0.2899 0.7493 0.2854 0.7584 0.2899 0.7501 0.2802 0.7628 0.2838 0.7826 0.2727 0.7793 0.2582 0.7912 0.2679 0.7793 0.2582 0.7743 0.245 0.7873 0.2576 0.7912 0.2679 0.7873 0.2576 0.7981 0.2656 0.7873 0.2576 0.7912 0.2679 0.7793 0.2582 0.7826 0.2727 0.7912 0.2679 0.7969 0.2806 0.7912 0.2679 0.7981 0.2656 0.8032 0.2742 0.7969 0.2806 0.8032 0.2742 0.8109 0.285 0.8032 0.2742 0.7969 0.2806 0.7912 0.2679 0.8109 0.285 0.8032 0.2742 0.8178 0.2774 0.8032 0.2742 0.7981 0.2656 0.8108 0.2701 0.8178 0.2774 0.8108 0.2701 0.8266 0.2739 0.8108 0.2701 0.8178 0.2774 0.8032 0.2742 0.8109 0.285 0.8178 0.2774 0.8257 0.2818 0.8178 0.2774 0.8266 0.2739 0.8311 0.2768 0.8257 0.2818 0.8311 0.2768 0.8377 0.2792 0.8311 0.2768 0.8257 0.2818 0.8178 0.2774 0.8377 0.2792 0.8311 0.2768 0.8378 0.2749 0.8311 0.2768 0.8266 0.2739 0.8341 0.2732 0.8378 0.2749 0.8341 0.2732 0.8328 0.2675 0.8341 0.2732 0.8378 0.2749 0.8311 0.2768 0.8377 0.2792 0.8378 0.2749 0.8437 0.278 0.8378 0.2749 0.8328 0.2675 0.84 0.2738 0.8437 0.278 0.84 0.2738 0.847 0.2769 0.84 0.2738 0.8437 0.278 0.8378 0.2749 0.8377 0.2792 0.8437 0.278 0.8487 0.2839 0.8437 0.278 0.847 0.2769 0.8541 0.2819 0.8487 0.2839 0.8541 0.2819 0.8644 0.293 0.8541 0.2819 0.8487 0.2839 0.8437 0.278 0.8644 0.293 0.8541 0.2819 0.8672 0.2842 0.8541 0.2819 0.847 0.2769 0.8576 0.2784 0.8672 0.2842 0.8576 0.2784 0.8698 0.2791 0.8576 0.2784 0.8672 0.2842 0.8541 0.2819 0.8644 0.293 0.8672 0.2842 0.88 0.2916 0.8672 0.2842 0.8698 0.2791 0.8795 0.2843 0.88 0.2916 0.8795 0.2843 0.8916 0.2884 0.8795 0.2843 0.88 0.2916 0.8672 0.2842 0.8916 0.2884 0.8795 0.2843 0.8894 0.2822 0.8795 0.2843 0.8698 0.2791 0.8811 0.279 0.8894 0.2822 0.8811 0.279 0.8889 0.278 0.8811 0.279 0.8894 0.2822 0.8795 0.2843 0.8916 0.2884 0.8894 0.2822 0.8996 0.2822 0.8894 0.2822 0.8889 0.278 0.8953 0.2783 0.8996 0.2822 0.8953 0.2783 0.9028 0.2771 0.8953 0.2783 0.8996 0.2822 0.8894 0.2822 0.9028 0.2771 0.8953 0.2783 0.8994 0.2747 0.8953 0.2783 0.8889 0.278 0.8924 0.2756 0.8994 0.2747 0.8924 0.2756 0.8961 0.2739 0.8924 0.2756 0.8994 0.2747 0.8953 0.2783 0.9028 0.2771 0.8994 0.2747 0.9096 0.2729 0.8994 0.2747 0.8961 0.2739 0.9016 0.2718 0.9096 0.2729 0.9016 0.2718 0.9164 0.266 0.9016 0.2718 0.9096 0.2729 0.8994 0.2747 0.9028 0.2771 0.9096 0.2729 0.9116 0.2782 0.9096 0.2729 0.9164 0.266 0.9237 0.2724 0.9116 0.2782 0.9237 0.2724 0.9224 0.2818 0.9237 0.2724 0.9116 0.2782 0.9096 0.2729 0.9028 0.2771 0.9116 0.2782 0.8996 0.2822 0.9116 0.2782 0.9224 0.2818 0.9065 0.2871 0.8996 0.2822 0.9065 0.2871 0.8916 0.2884 0.9065 0.2871 0.8996 0.2822 0.9116 0.2782 0.8022 0.3031 0.7927 0.2899 0.8056 0.2941 0.7927 0.2899 0.7826 0.2727 0.7969 0.2806 0.8056 0.2941 0.7969 0.2806 0.8109 0.285 0.7969 0.2806 0.8056 0.2941 0.7927 0.2899 0.8022 0.3031 0.8056 0.2941 0.8173 0.306 0.8056 0.2941 0.8109 0.285 0.8214 0.2971 0.8173 0.306 0.8214 0.2971 0.8344 0.306 0.8214 0.2971 0.8173 0.306 0.8056 0.2941 0.8344 0.306 0.8214 0.2971 0.8378 0.2968 0.8214 0.2971 0.8109 0.285 0.8272 0.2896 0.8378 0.2968 0.8272 0.2896 0.8384 0.291 0.8272 0.2896 0.8378 0.2968 0.8214 0.2971 0.8384 0.291 0.8272 0.2896 0.838 0.2855 0.8272 0.2896 0.8109 0.285 0.8257 0.2818 0.838 0.2855 0.8257 0.2818 0.8377 0.2792 0.8257 0.2818 0.838 0.2855 0.8272 0.2896 0.8384 0.291 0.838 0.2855 0.8483 0.2915 0.838 0.2855 0.8377 0.2792 0.8487 0.2839 0.8483 0.2915 0.8487 0.2839 0.8644 0.293 0.8487 0.2839 0.8483 0.2915 0.838 0.2855 0.8384 0.291 0.8483 0.2915 0.8378 0.2968 0.8483 0.2915 0.8644 0.293 0.8498 0.3013 0.8378 0.2968 0.8498 0.3013 0.8344 0.306 0.8498 0.3013 0.8378 0.2968 0.8483 0.2915 0.7826 0.2727 0.7669 0.2743 0.7669 0.2636 0.7669 0.2743 0.7539 0.2743 0.7546 0.2661 0.7669 0.2636 0.7546 0.2661 0.7543 0.2575 0.7546 0.2661 0.7669 0.2636 0.7669 0.2743 0.7826 0.2727 0.7669 0.2636 0.7707 0.2569 0.7669 0.2636 0.7543 0.2575 0.7606 0.2531 0.7707 0.2569 0.7606 0.2531 0.7597 0.2441 0.7606 0.2531 0.7707 0.2569 0.7669 0.2636 0.8954 0.3406 0.9086 0.3401 0.9083 0.3461 0.9086 0.3401 0.9173 0.3415 0.9148 0.3437 0.9083 0.3461 0.9148 0.3437 0.9144 0.3479 0.9148 0.3437 0.9083 0.3461 0.9086 0.3401 0.8954 0.3406 0.9083 0.3461 0.9035 0.3551 0.9083 0.3461 0.9144 0.3479 0.914 0.3552 0.9035 0.3551 0.914 0.3552 0.915 0.3712 0.914 0.3552 0.9035 0.3551 0.9083 0.3461 0.8954 0.3406 0.9035 0.3551 0.8901 0.3515 0.9035 0.3551 0.915 0.3712 0.8998 0.3667 0.8901 0.3515 0.8998 0.3667 0.8834 0.3638 0.8998 0.3667 0.8901 0.3515 0.9035 0.3551 0.8834 0.3638 0.8998 0.3667 0.8977 0.3771 0.8998 0.3667 0.915 0.3712 0.9119 0.3827 0.8977 0.3771 0.9119 0.3827 0.9101 0.39 0.9119 0.3827 0.8977 0.3771 0.8998 0.3667 0.8834 0.3638 0.8977 0.3771 0.8867 0.3758 0.8977 0.3771 0.9101 0.39 0.8968 0.3844 0.8867 0.3758 0.8968 0.3844 0.8865 0.3817 0.8968 0.3844 0.8867 0.3758 0.8977 0.3771 0.8834 0.3638 0.8867 0.3758 0.8794 0.373 0.8867 0.3758 0.8865 0.3817 0.8812 0.3781 0.8794 0.373 0.8812 0.3781 0.8778 0.3777 0.8812 0.3781 0.8794 0.373 0.8867 0.3758 0.8778 0.3777 0.8812 0.3781 0.878 0.3798 0.8812 0.3781 0.8865 0.3817 0.8805 0.3809 0.878 0.3798 0.8805 0.3809 0.8772 0.3803 0.8805 0.3809 0.878 0.3798 0.8812 0.3781 0.8778 0.3777 0.878 0.3798 0.8752 0.3795 0.878 0.3798 0.8772 0.3803 0.875 0.3802 0.8752 0.3795 0.875 0.3802 0.8735 0.3801 0.875 0.3802 0.8752 0.3795 0.878 0.3798 0.8778 0.3777 0.8752 0.3795 0.8748 0.3761 0.8752 0.3795 0.8735 0.3801 0.8721 0.379 0.8748 0.3761 0.8721 0.379 0.867 0.3747 0.8721 0.379 0.8748 0.3761 0.8752 0.3795 0.8778 0.3777 0.8748 0.3761 0.8794 0.373 0.8748 0.3761 0.867 0.3747 0.873 0.3686 0.8794 0.373 0.873 0.3686 0.8834 0.3638 0.873 0.3686 0.8794 0.373 0.8748 0.3761 0.8834 0.3638 0.873 0.3686 0.8684 0.3577 0.873 0.3686 0.867 0.3747 0.8607 0.366 0.8684 0.3577 0.8607 0.366 0.8507 0.356 0.8607 0.366 0.8684 0.3577 0.873 0.3686 0.8507 0.356 0.8607 0.366 0.847 0.3658 0.8607 0.366 0.867 0.3747 0.8535 0.3716 0.847 0.3658 0.8535 0.3716 0.8427 0.3704 0.8535 0.3716 0.847 0.3658 0.8607 0.366 0.8427 0.3704 0.8535 0.3716 0.8446 0.3736 0.8535 0.3716 0.867 0.3747 0.8565 0.376 0.8446 0.3736 0.8565 0.376 0.8468 0.3761 0.8565 0.376 0.8446 0.3736 0.8535 0.3716 0.7771 0.3875 0.7628 0.3877 0.7782 0.3805 0.7628 0.3877 0.7494 0.3845 0.7688 0.3788 0.7782 0.3805 0.7688 0.3788 0.7866 0.3719 0.7688 0.3788 0.7782 0.3805 0.7628 0.3877 0.7771 0.3875 0.7782 0.3805 0.7874 0.3805 0.7782 0.3805 0.7866 0.3719 0.7921 0.3757 0.7874 0.3805 0.7921 0.3757 0.7969 0.377 0.7921 0.3757 0.7874 0.3805 0.7782 0.3805 0.7969 0.377 0.7921 0.3757 0.8046 0.3738 0.7921 0.3757 0.7866 0.3719 0.8022 0.3698 0.8046 0.3738 0.8022 0.3698 0.8146 0.3706 0.8022 0.3698 0.8046 0.3738 0.7921 0.3757 0.7969 0.377 0.8046 0.3738 0.8059 0.3758 0.8046 0.3738 0.8146 0.3706 0.8141 0.3734 0.8059 0.3758 0.8141 0.3734 0.8146 0.3753 0.8141 0.3734 0.8059 0.3758 0.8046 0.3738 0.8146 0.3753 0.8141 0.3734 0.8211 0.3742 0.8141 0.3734 0.8146 0.3706 0.8202 0.3724 0.8211 0.3742 0.8202 0.3724 0.8242 0.3733 0.8202 0.3724 0.8211 0.3742 0.8141 0.3734 0.8242 0.3733 0.8202 0.3724 0.8239 0.3722 0.8202 0.3724 0.8146 0.3706 0.8219 0.3714 0.8239 0.3722 0.8219 0.3714 0.8245 0.3718 0.8219 0.3714 0.8239 0.3722 0.8202 0.3724 0.8242 0.3733 0.8239 0.3722 0.8274 0.3731 0.8239 0.3722 0.8245 0.3718 0.8267 0.3718 0.8274 0.3731 0.8267 0.3718 0.8306 0.3723 0.8267 0.3718 0.8274 0.3731 0.8239 0.3722 0.8306 0.3723 0.8267 0.3718 0.8302 0.3708 0.8267 0.3718 0.8245 0.3718 0.8258 0.371 0.8302 0.3708 0.8258 0.371 0.8298 0.3681 0.8258 0.371 0.8302 0.3708 0.8267 0.3718 0.8298 0.3681 0.8258 0.371 0.8223 0.3684 0.8258 0.371 0.8245 0.3718 0.8219 0.3714 0.8223 0.3684 0.8219 0.3714 0.8146 0.3706 0.8219 0.3714 0.8223 0.3684 0.8258 0.371 0.8298 0.3681 0.8223 0.3684 0.8262 0.3618 0.8223 0.3684 0.8146 0.3706 0.8144 0.3643 0.8262 0.3618 0.8144 0.3643 0.8164 0.3545 0.8144 0.3643 0.8262 0.3618 0.8223 0.3684 0.8164 0.3545 0.8144 0.3643 0.8019 0.3631 0.8144 0.3643 0.8146 0.3706 0.8022 0.3698 0.8019 0.3631 0.8022 0.3698 0.7866 0.3719 0.8022 0.3698 0.8019 0.3631 0.8144 0.3643 0.8164 0.3545 0.8019 0.3631 0.8011 0.3558 0.8019 0.3631 0.7866 0.3719 0.7904 0.3637 0.8011 0.3558 0.7904 0.3637 0.7927 0.3581 0.7904 0.3637 0.8011 0.3558 0.8019 0.3631 0.7927 0.3581 0.7904 0.3637 0.7855 0.3604 0.7904 0.3637 0.7866 0.3719 0.7776 0.3697 0.7855 0.3604 0.7776 0.3697 0.7753 0.3626 0.7776 0.3697 0.7855 0.3604 0.7904 0.3637 0.7927 0.3581 0.7855 0.3604 0.7952 0.3517 0.7855 0.3604 0.7753 0.3626 0.7858 0.3516 0.7952 0.3517 0.7858 0.3516 0.7983 0.341 0.7858 0.3516 0.7952 0.3517 0.7855 0.3604 0.7927 0.3581 0.7952 0.3517 0.8011 0.3558 0.7952 0.3517 0.7983 0.341 0.8085 0.3461 0.8011 0.3558 0.8085 0.3461 0.8164 0.3545 0.8085 0.3461 0.8011 0.3558 0.7952 0.3517 0.8164 0.3545 0.8085 0.3461 0.8242 0.3438 0.8085 0.3461 0.7983 0.341 0.8143 0.3367 0.8242 0.3438 0.8143 0.3367 0.8331 0.3341 0.8143 0.3367 0.8242 0.3438 0.8085 0.3461 0.8331 0.3341 0.8143 0.3367 0.8209 0.3297 0.8143 0.3367 0.7983 0.341 0.8061 0.3321 0.8209 0.3297 0.8061 0.3321 0.8137 0.3266 0.8061 0.3321 0.8209 0.3297 0.8143 0.3367 0.8137 0.3266 0.8061 0.3321 0.8028 0.3269 0.8061 0.3321 0.7983 0.341 0.7937 0.3339 0.8028 0.3269 0.7937 0.3339 0.7912 0.3266 0.7937 0.3339 0.8028 0.3269 0.8061 0.3321 0.7912 0.3266 0.7937 0.3339 0.7828 0.3343 0.7937 0.3339 0.7983 0.341 0.7854 0.3419 0.7828 0.3343 0.7854 0.3419 0.7732 0.3418 0.7854 0.3419 0.7828 0.3343 0.7937 0.3339 0.7732 0.3418 0.7854 0.3419 0.7757 0.3515 0.7854 0.3419 0.7983 0.341 0.7858 0.3516 0.7757 0.3515 0.7858 0.3516 0.7753 0.3626 0.7858 0.3516 0.7757 0.3515 0.7854 0.3419 0.7732 0.3418 0.7757 0.3515 0.7649 0.3505 0.7757 0.3515 0.7753 0.3626 0.7652 0.3612 0.7649 0.3505 0.7652 0.3612 0.7563 0.3585 0.7652 0.3612 0.7649 0.3505 0.7757 0.3515 0.7732 0.3418 0.7649 0.3505 0.7598 0.3454 0.7649 0.3505 0.7563 0.3585 0.7525 0.3526 0.7598 0.3454 0.7525 0.3526 0.7493 0.3491 0.7525 0.3526 0.7598 0.3454 0.7649 0.3505 0.8306 0.3723 0.8302 0.3708 0.8356 0.3716 0.8302 0.3708 0.8298 0.3681 0.8366 0.3685 0.8356 0.3716 0.8366 0.3685 0.8427 0.3704 0.8366 0.3685 0.8356 0.3716 0.8302 0.3708 0.8427 0.3704 0.8366 0.3685 0.847 0.3658 0.8366 0.3685 0.8298 0.3681 0.8376 0.3624 0.847 0.3658 0.8376 0.3624 0.8507 0.356 0.8376 0.3624 0.847 0.3658 0.8366 0.3685 0.8507 0.356 0.8376 0.3624 0.8333 0.3533 0.8376 0.3624 0.8298 0.3681 0.8262 0.3618 0.8333 0.3533 0.8262 0.3618 0.8164 0.3545 0.8262 0.3618 0.8333 0.3533 0.8376 0.3624 0.8507 0.356 0.8333 0.3533 0.8425 0.3439 0.8333 0.3533 0.8164 0.3545 0.8242 0.3438 0.8425 0.3439 0.8242 0.3438 0.8331 0.3341 0.8242 0.3438 0.8425 0.3439 0.8333 0.3533 0.8507 0.356 0.8425 0.3439 0.8617 0.3458 0.8425 0.3439 0.8331 0.3341 0.8543 0.3357 0.8617 0.3458 0.8543 0.3357 0.8704 0.3387 0.8543 0.3357 0.8617 0.3458 0.8425 0.3439 0.8704 0.3387 0.8543 0.3357 0.8674 0.3317 0.8543 0.3357 0.8331 0.3341 0.8504 0.3287 0.8674 0.3317 0.8504 0.3287 0.865 0.3262 0.8504 0.3287 0.8674 0.3317 0.8543 0.3357 0.8704 0.3387 0.8674 0.3317 0.8814 0.3391 0.8674 0.3317 0.865 0.3262 0.8797 0.3316 0.8814 0.3391 0.8797 0.3316 0.8954 0.3406 0.8797 0.3316 0.8814 0.3391 0.8674 0.3317 0.8704 0.3387 0.8814 0.3391 0.8772 0.3484 0.8814 0.3391 0.8954 0.3406 0.8901 0.3515 0.8772 0.3484 0.8901 0.3515 0.8834 0.3638 0.8901 0.3515 0.8772 0.3484 0.8814 0.3391 0.8704 0.3387 0.8772 0.3484 0.8617 0.3458 0.8772 0.3484 0.8834 0.3638 0.8684 0.3577 0.8617 0.3458 0.8684 0.3577 0.8507 0.356 0.8684 0.3577 0.8617 0.3458 0.8772 0.3484 0.7606 0.4012 0.7608 0.3999 0.7724 0.4018 0.7608 0.3999 0.7568 0.398 0.7739 0.4004 0.7724 0.4018 0.7739 0.4004 0.7876 0.403 0.7739 0.4004 0.7724 0.4018 0.7608 0.3999 0.7876 0.403 0.7739 0.4004 0.7901 0.4015 0.7739 0.4004 0.7568 0.398 0.7766 0.399 0.7901 0.4015 0.7766 0.399 0.7923 0.4001 0.7766 0.399 0.7901 0.4015 0.7739 0.4004 0.7923 0.4001 0.7766 0.399 0.7791 0.3979 0.7766 0.399 0.7568 0.398 0.767 0.3972 0.7791 0.3979 0.767 0.3972 0.7704 0.3966 0.767 0.3972 0.7791 0.3979 0.7766 0.399 0.7704 0.3966 0.767 0.3972 0.761 0.3959 0.767 0.3972 0.7568 0.398 0.7538 0.3964 0.761 0.3959 0.7538 0.3964 0.7493 0.3952 0.7538 0.3964 0.761 0.3959 0.767 0.3972 0.8262 0.3952 0.8193 0.3986 0.8181 0.3982 0.8193 0.3986 0.8129 0.4013 0.8121 0.4009 0.8181 0.3982 0.8121 0.4009 0.8111 0.4007 0.8121 0.4009 0.8181 0.3982 0.8193 0.3986 0.8111 0.4007 0.8121 0.4009 0.8067 0.4023 0.8121 0.4009 0.8129 0.4013 0.8076 0.4024 0.8067 0.4023 0.8076 0.4024 0.8048 0.4028 0.8076 0.4024 0.8067 0.4023 0.8121 0.4009 0.8111 0.4007 0.8067 0.4023 0.8062 0.4015 0.8067 0.4023 0.8048 0.4028 0.8026 0.403 0.8062 0.4015 0.8026 0.403 0.7975 0.4029 0.8026 0.403 0.8062 0.4015 0.8067 0.4023 0.8587 0.4032 0.8555 0.404 0.8495 0.4018 0.8555 0.404 0.8543 0.4043 0.8512 0.4033 0.8495 0.4018 0.8512 0.4033 0.8457 0.4015 0.8512 0.4033 0.8495 0.4018 0.8555 0.404 0.8587 0.4032 0.8495 0.4018 0.844 0.3995 0.8495 0.4018 0.8457 0.4015 0.8407 0.3992 0.844 0.3995 0.8407 0.3992 0.8314 0.3952 0.8407 0.3992 0.844 0.3995 0.8495 0.4018 0.8314 0.3952 0.8407 0.3992 0.8345 0.3974 0.8407 0.3992 0.8457 0.4015 0.84 0.3998 0.8345 0.3974 0.84 0.3998 0.8365 0.3987 0.84 0.3998 0.8345 0.3974 0.8407 0.3992 0.8718 0.3999 0.8773 0.3982 0.8702 0.4014 0.8773 0.3982 0.8913 0.3952 0.8766 0.3996 0.8702 0.4014 0.8766 0.3996 0.8641 0.4043 0.8766 0.3996 0.8702 0.4014 0.8773 0.3982 0.8718 0.3999 0.8702 0.4014 0.868 0.4016 0.8702 0.4014 0.8641 0.4043 0.8639 0.4036 0.868 0.4016 0.8639 0.4036 0.8647 0.4027 0.8639 0.4036 0.868 0.4016 0.8702 0.4014 0.9087 0.3957 0.9125 0.3966 0.9065 0.3962 0.9125 0.3966 0.9173 0.3978 0.9107 0.3973 0.9065 0.3962 0.9107 0.3973 0.9029 0.3969 0.9107 0.3973 0.9065 0.3962 0.9125 0.3966 0.9087 0.3957 0.9065 0.3962 0.9021 0.3954 0.9065 0.3962 0.9029 0.3969 0.8998 0.3959 0.9021 0.3954 0.8998 0.3959 0.8965 0.3952 0.8998 0.3959 0.9021 0.3954 0.9065 0.3962 0.8991 0.403 0.8987 0.4036 0.8984 0.4032 0.8987 0.4036 0.8972 0.4056 0.8965 0.4044 0.8984 0.4032 0.8965 0.4044 0.8965 0.4032 0.8965 0.4044 0.8984 0.4032 0.8987 0.4036 0.9225 0.3288 0.9274 0.3282 0.9341 0.331 0.9274 0.3282 0.926 0.3262 0.9358 0.3292 0.9341 0.331 0.9358 0.3292 0.9442 0.3321 0.9358 0.3292 0.9341 0.331 0.9274 0.3282 0.9225 0.3288 0.9341 0.331 0.9289 0.3331 0.9341 0.331 0.9442 0.3321 0.9401 0.3342 0.9289 0.3331 0.9401 0.3342 0.9352 0.3379 0.9401 0.3342 0.9289 0.3331 0.9341 0.331 0.9352 0.3379 0.9401 0.3342 0.9475 0.3364 0.9401 0.3342 0.9442 0.3321 0.95 0.3343 0.9475 0.3364 0.95 0.3343 0.955 0.3355 0.95 0.3343 0.9475 0.3364 0.9401 0.3342 0.955 0.3355 0.95 0.3343 0.9595 0.3354 0.95 0.3343 0.9442 0.3321 0.9556 0.334 0.9595 0.3354 0.9556 0.334 0.9655 0.3357 0.9556 0.334 0.9595 0.3354 0.95 0.3343 0.9225 0.3653 0.9238 0.3555 0.9361 0.3629 0.9238 0.3555 0.9247 0.3431 0.9384 0.3522 0.9361 0.3629 0.9384 0.3522 0.9499 0.3583 0.9384 0.3522 0.9361 0.3629 0.9238 0.3555 0.9225 0.3653 0.9361 0.3629 0.9361 0.3691 0.9361 0.3629 0.9499 0.3583 0.9475 0.3654 0.9361 0.3691 0.9475 0.3654 0.9466 0.3689 0.9475 0.3654 0.9361 0.3691 0.9361 0.3629 0.9432 0.3743 0.946 0.3787 0.934 0.3822 0.946 0.3787 0.9499 0.3828 0.9388 0.3874 0.934 0.3822 0.9388 0.3874 0.9234 0.3926 0.9388 0.3874 0.934 0.3822 0.946 0.3787 0.9432 0.3743 0.934 0.3822 0.9334 0.377 0.934 0.3822 0.9234 0.3926 0.9225 0.3852 0.9334 0.377 0.9225 0.3852 0.9237 0.38 0.9225 0.3852 0.9334 0.377 0.934 0.3822 0.9367 0.401 0.9281 0.3998 0.9308 0.3995 0.9281 0.3998 0.9225 0.3989 0.9232 0.3988 0.9308 0.3995 0.9232 0.3988 0.9226 0.3978 0.9232 0.3988 0.9308 0.3995 0.9281 0.3998 0.9367 0.401 0.9308 0.3995 0.9378 0.4 0.9308 0.3995 0.9226 0.3978 0.9314 0.3978 0.9378 0.4 0.9314 0.3978 0.9387 0.3983 0.9314 0.3978 0.9378 0.4 0.9308 0.3995 0.9367 0.401 0.9378 0.4 0.9447 0.4016 0.9378 0.4 0.9387 0.3983 0.9443 0.4002 0.9447 0.4016 0.9443 0.4002 0.9499 0.4017 0.9443 0.4002 0.9447 0.4016 0.9378 0.4 0.9573 0.3505 0.9577 0.3613 0.9564 0.3542 0.9577 0.3613 0.9574 0.3704 0.9563 0.3607 0.9564 0.3542 0.9563 0.3607 0.9557 0.3555 0.9563 0.3607 0.9564 0.3542 0.9577 0.3613 0.9573 0.3505 0.9564 0.3542 0.9562 0.3469 0.9564 0.3542 0.9557 0.3555 0.9553 0.3511 0.9562 0.3469 0.9553 0.3511 0.9551 0.3431 0.9553 0.3511 0.9562 0.3469 0.9564 0.3542 0.9567 0.3757 0.9574 0.3829 0.9567 0.3868 0.9574 0.3829 0.9577 0.3879 0.9571 0.3894 0.9567 0.3868 0.9571 0.3894 0.9566 0.3915 0.9571 0.3894 0.9567 0.3868 0.9574 0.3829 0.9567 0.3757 0.9567 0.3868 0.9559 0.3903 0.9567 0.3868 0.9566 0.3915 0.9562 0.3946 0.9559 0.3903 0.9562 0.3946 0.9551 0.4017 0.9562 0.3946 0.9559 0.3903 0.9567 0.3868 0.9551 0.4017 0.9562 0.3946 0.9562 0.4005 0.9562 0.3946 0.9566 0.3915 0.9567 0.3952 0.9562 0.4005 0.9567 0.3952 0.957 0.3987 0.9567 0.3952 0.9562 0.4005 0.9562 0.3946 0.9707 0.3338 0.986 0.3289 0.9858 0.3394 0.986 0.3289 0.9965 0.3262 0.9958 0.334 0.9858 0.3394 0.9958 0.334 0.9967 0.3405 0.9958 0.334 0.9858 0.3394 0.986 0.3289 0.979 0.3462 0.9849 0.3459 0.9762 0.3469 0.9849 0.3459 0.9954 0.3457 0.9857 0.3467 0.9762 0.3469 0.9857 0.3467 0.9707 0.3483 0.9857 0.3467 0.9762 0.3469 0.9849 0.3459 0.9907 0.3535 0.9933 0.3542 0.9842 0.355 0.9933 0.3542 0.9954 0.3549 0.9857 0.3558 0.9842 0.355 0.9857 0.3558 0.977 0.356 0.9857 0.3558 0.9842 0.355 0.9933 0.3542 0.9907 0.3535 0.9842 0.355 0.9827 0.3545 0.9842 0.355 0.977 0.356 0.9796 0.3551 0.9827 0.3545 0.9796 0.3551 0.9803 0.3547 0.9796 0.3551 0.9827 0.3545 0.9842 0.355 0.9803 0.3547 0.9796 0.3551 0.9789 0.3546 0.9796 0.3551 0.977 0.356 0.9754 0.3553 0.9789 0.3546 0.9754 0.3553 0.9724 0.3539 0.9754 0.3553 0.9789 0.3546 0.9796 0.3551 0.9724 0.3539 0.9754 0.3553 0.9715 0.3555 0.9754 0.3553 0.977 0.356 0.973 0.356 0.9715 0.3555 0.973 0.356 0.9707 0.3561 0.973 0.356 0.9715 0.3555 0.9754 0.3553 0.974 0.3613 0.9841 0.3678 0.9717 0.3709 0.9841 0.3678 0.9941 0.3759 0.9824 0.3793 0.9717 0.3709 0.9824 0.3793 0.9707 0.3809 0.9824 0.3793 0.9717 0.3709 0.9841 0.3678 0.9723 0.3961 0.9718 0.3925 0.9735 0.3965 0.9718 0.3925 0.9707 0.3861 0.9731 0.3914 0.9735 0.3965 0.9731 0.3914 0.9745 0.3961 0.9731 0.3914 0.9735 0.3965 0.9718 0.3925 0.9723 0.3961 0.9735 0.3965 0.9735 0.3995 0.9735 0.3965 0.9745 0.3961 0.9752 0.4007 0.9735 0.3995 0.9752 0.4007 0.9763 0.4056 0.9752 0.4007 0.9735 0.3995 0.9735 0.3965 0.9763 0.4056 0.9752 0.4007 0.9768 0.4043 0.9752 0.4007 0.9745 0.3961 0.9756 0.3989 0.9768 0.4043 0.9756 0.3989 0.9772 0.4031 0.9756 0.3989 0.9768 0.4043 0.9752 0.4007 0.9967 0.39 0.9904 0.3899 0.9957 0.3882 0.9904 0.3899 0.9824 0.3899 0.99 0.3879 0.9957 0.3882 0.99 0.3879 0.9958 0.3861 0.99 0.3879 0.9957 0.3882 0.9904 0.3899 0.9824 0.3964 0.9936 0.3956 0.9913 0.3967 0.9936 0.3956 0.9967 0.3952 0.9949 0.396 0.9913 0.3967 0.9949 0.396 0.9922 0.3969 0.9949 0.396 0.9913 0.3967 0.9936 0.3956 0.9824 0.3964 0.9913 0.3967 0.9858 0.3972 0.9913 0.3967 0.9922 0.3969 0.9895 0.3974 0.9858 0.3972 0.9895 0.3974 0.9849 0.3978 0.9895 0.3974 0.9858 0.3972 0.9913 0.3967 0.8216 0.4187 0.8808 0.4401 0.8237 0.4409 0.8808 0.4401 0.9215 0.4604 0.8586 0.4571 0.8237 0.4409 0.8586 0.4571 0.8204 0.4581 0.8586 0.4571 0.8237 0.4409 0.8808 0.4401 0.8204 0.4581 0.8586 0.4571 0.8289 0.473 0.8586 0.4571 0.9215 0.4604 0.8772 0.4752 0.8289 0.473 0.8772 0.4752 0.8296 0.4882 0.8772 0.4752 0.8289 0.473 0.8586 0.4571 0.8296 0.4882 0.8772 0.4752 0.8806 0.491 0.8772 0.4752 0.9215 0.4604 0.9355 0.4793 0.8806 0.491 0.9355 0.4793 0.9341 0.4941 0.9355 0.4793 0.8806 0.491 0.8772 0.4752 0.8296 0.4882 0.803 0.483 0.8289 0.473 0.803 0.483 0.7898 0.4744 0.8041 0.4682 0.8289 0.473 0.8041 0.4682 0.8204 0.4581 0.8041 0.4682 0.8289 0.473 0.803 0.483 0.8204 0.4581 0.8041 0.4682 0.8008 0.4507 0.8041 0.4682 0.7898 0.4744 0.7899 0.4599 0.8008 0.4507 0.7899 0.4599 0.7884 0.4447 0.7899 0.4599 0.8008 0.4507 0.8041 0.4682 0.7884 0.4447 0.7899 0.4599 0.7776 0.4481 0.7899 0.4599 0.7898 0.4744 0.7754 0.4626 0.7776 0.4481 0.7754 0.4626 0.759 0.4478 0.7754 0.4626 0.7776 0.4481 0.7899 0.4599 0.7884 0.4447 0.7776 0.4481 0.7828 0.4315 0.7776 0.4481 0.759 0.4478 0.7672 0.4329 0.7828 0.4315 0.7672 0.4329 0.7771 0.4207 0.7672 0.4329 0.7828 0.4315 0.7776 0.4481 0.7771 0.4207 0.7672 0.4329 0.76 0.4185 0.7672 0.4329 0.759 0.4478 0.7433 0.4303 0.76 0.4185 0.7433 0.4303 0.7343 0.413 0.7433 0.4303 0.76 0.4185 0.7672 0.4329 0.7343 0.413 0.7433 0.4303 0.7188 0.4241 0.7433 0.4303 0.759 0.4478 0.733 0.4413 0.7188 0.4241 0.733 0.4413 0.7069 0.4337 0.733 0.4413 0.7188 0.4241 0.7433 0.4303 0.7343 0.413 0.7188 0.4241 0.7115 0.4112 0.7188 0.4241 0.7069 0.4337 0.704 0.4183 0.7115 0.4112 0.704 0.4183 0.7035 0.4108 0.704 0.4183 0.7115 0.4112 0.7188 0.4241 0.7643 0.4997 0.7254 0.5033 0.7332 0.4928 0.7254 0.5033 0.6991 0.5028 0.707 0.4955 0.7332 0.4928 0.707 0.4955 0.7105 0.4867 0.707 0.4955 0.7332 0.4928 0.7254 0.5033 0.7643 0.4997 0.7332 0.4928 0.7575 0.4837 0.7332 0.4928 0.7105 0.4867 0.7281 0.4787 0.7575 0.4837 0.7281 0.4787 0.745 0.4677 0.7281 0.4787 0.7575 0.4837 0.7332 0.4928 0.7643 0.4997 0.7575 0.4837 0.7829 0.4863 0.7575 0.4837 0.745 0.4677 0.7708 0.4733 0.7829 0.4863 0.7708 0.4733 0.7898 0.4744 0.7708 0.4733 0.7829 0.4863 0.7575 0.4837 0.7898 0.4744 0.7708 0.4733 0.7754 0.4626 0.7708 0.4733 0.745 0.4677 0.7534 0.4584 0.7754 0.4626 0.7534 0.4584 0.759 0.4478 0.7534 0.4584 0.7754 0.4626 0.7708 0.4733 0.759 0.4478 0.7534 0.4584 0.733 0.4413 0.7534 0.4584 0.745 0.4677 0.7263 0.451 0.733 0.4413 0.7263 0.451 0.7069 0.4337 0.7263 0.451 0.733 0.4413 0.7534 0.4584 0.7069 0.4337 0.7263 0.451 0.703 0.4477 0.7263 0.451 0.745 0.4677 0.7171 0.4624 0.703 0.4477 0.7171 0.4624 0.6923 0.4594 0.7171 0.4624 0.703 0.4477 0.7263 0.451 0.6923 0.4594 0.7171 0.4624 0.7034 0.4743 0.7171 0.4624 0.745 0.4677 0.7281 0.4787 0.7034 0.4743 0.7281 0.4787 0.7105 0.4867 0.7281 0.4787 0.7034 0.4743 0.7171 0.4624 0.6923 0.4594 0.7034 0.4743 0.6873 0.4739 0.7034 0.4743 0.7105 0.4867 0.6943 0.4844 0.6873 0.4739 0.6943 0.4844 0.6838 0.4826 0.6943 0.4844 0.6873 0.4739 0.7034 0.4743 0.6923 0.4594 0.6873 0.4739 0.6772 0.4693 0.6873 0.4739 0.6838 0.4826 0.6754 0.48 0.6772 0.4693 0.6754 0.48 0.6653 0.4828 0.6754 0.48 0.6772 0.4693 0.6873 0.4739 0.6923 0.4594 0.6772 0.4693 0.6752 0.4566 0.6772 0.4693 0.6653 0.4828 0.667 0.4658 0.6752 0.4566 0.667 0.4658 0.6645 0.4514 0.667 0.4658 0.6752 0.4566 0.6772 0.4693 0.6645 0.4514 0.667 0.4658 0.6621 0.4629 0.667 0.4658 0.6653 0.4828 0.6623 0.4725 0.6621 0.4629 0.6623 0.4725 0.6613 0.4683 0.6623 0.4725 0.6621 0.4629 0.667 0.4658 0.6613 0.4683 0.6623 0.4725 0.6607 0.4728 0.6623 0.4725 0.6653 0.4828 0.6613 0.4799 0.6607 0.4728 0.6613 0.4799 0.6599 0.4774 0.6613 0.4799 0.6607 0.4728 0.6623 0.4725 0.6613 0.4683 0.6607 0.4728 0.66 0.4656 0.6607 0.4728 0.6599 0.4774 0.6589 0.4719 0.66 0.4656 0.6589 0.4719 0.6569 0.4639 0.6589 0.4719 0.66 0.4656 0.6607 0.4728 0.6613 0.4683 0.66 0.4656 0.6621 0.4629 0.66 0.4656 0.6569 0.4639 0.6601 0.4572 0.6621 0.4629 0.6601 0.4572 0.6645 0.4514 0.6601 0.4572 0.6621 0.4629 0.66 0.4656 0.6645 0.4514 0.6601 0.4572 0.6602 0.4488 0.6601 0.4572 0.6569 0.4639 0.6581 0.4512 0.6602 0.4488 0.6581 0.4512 0.6586 0.4461 0.6581 0.4512 0.6602 0.4488 0.6601 0.4572 0.6645 0.4514 0.6602 0.4488 0.6622 0.4408 0.6602 0.4488 0.6586 0.4461 0.6595 0.4405 0.6622 0.4408 0.6595 0.4405 0.661 0.4344 0.6595 0.4405 0.6622 0.4408 0.6602 0.4488 0.6645 0.4514 0.6622 0.4408 0.6652 0.4389 0.6622 0.4408 0.661 0.4344 0.6635 0.4326 0.6652 0.4389 0.6635 0.4326 0.6655 0.4298 0.6635 0.4326 0.6652 0.4389 0.6622 0.4408 0.6645 0.4514 0.6652 0.4389 0.6696 0.4459 0.6652 0.4389 0.6655 0.4298 0.6671 0.4358 0.6696 0.4459 0.6671 0.4358 0.6713 0.4422 0.6671 0.4358 0.6696 0.4459 0.6652 0.4389 0.6645 0.4514 0.6696 0.4459 0.6752 0.4566 0.6696 0.4459 0.6713 0.4422 0.6791 0.4498 0.6752 0.4566 0.6791 0.4498 0.6923 0.4594 0.6791 0.4498 0.6752 0.4566 0.6696 0.4459 0.6923 0.4594 0.6791 0.4498 0.6883 0.4472 0.6791 0.4498 0.6713 0.4422 0.6776 0.4423 0.6883 0.4472 0.6776 0.4423 0.6841 0.4395 0.6776 0.4423 0.6883 0.4472 0.6791 0.4498 0.6923 0.4594 0.6883 0.4472 0.703 0.4477 0.6883 0.4472 0.6841 0.4395 0.6926 0.4376 0.703 0.4477 0.6926 0.4376 0.7069 0.4337 0.6926 0.4376 0.703 0.4477 0.6883 0.4472 0.66 0.4893 0.6586 0.4854 0.66 0.4833 0.6586 0.4854 0.6578 0.4814 0.6586 0.479 0.66 0.4833 0.6586 0.479 0.6599 0.4774 0.6586 0.479 0.66 0.4833 0.6586 0.4854 0.66 0.4893 0.66 0.4833 0.6616 0.4867 0.66 0.4833 0.6599 0.4774 0.6613 0.4799 0.6616 0.4867 0.6613 0.4799 0.6653 0.4828 0.6613 0.4799 0.6616 0.4867 0.66 0.4833 0.66 0.4893 0.6616 0.4867 0.6616 0.4922 0.6616 0.4867 0.6653 0.4828 0.6629 0.4914 0.6616 0.4922 0.6629 0.4914 0.6625 0.4944 0.6629 0.4914 0.6616 0.4922 0.6616 0.4867 0.6625 0.4944 0.6629 0.4914 0.6629 0.4972 0.6629 0.4914 0.6653 0.4828 0.6648 0.4955 0.6629 0.4972 0.6648 0.4955 0.6639 0.5032 0.6648 0.4955 0.6629 0.4972 0.6629 0.4914 0.6678 0.5109 0.6748 0.5094 0.671 0.5111 0.6748 0.5094 0.6803 0.5085 0.6769 0.5099 0.671 0.5111 0.6769 0.5099 0.6722 0.5118 0.6769 0.5099 0.671 0.5111 0.6748 0.5094 0.6678 0.5109 0.671 0.5111 0.6664 0.5124 0.671 0.5111 0.6722 0.5118 0.667 0.5133 0.6664 0.5124 0.667 0.5133 0.6629 0.5144 0.667 0.5133 0.6664 0.5124 0.671 0.5111 0.6678 0.5109 0.6664 0.5124 0.6624 0.5129 0.6664 0.5124 0.6629 0.5144 0.6606 0.5144 0.6624 0.5129 0.6606 0.5144 0.6569 0.515 0.6606 0.5144 0.6624 0.5129 0.6664 0.5124 0.696 0.5163 0.6919 0.5136 0.7033 0.5142 0.6919 0.5136 0.6855 0.5085 0.7011 0.5097 0.7033 0.5142 0.7011 0.5097 0.7077 0.5112 0.7011 0.5097 0.7033 0.5142 0.6919 0.5136 0.7337 0.5085 0.7317 0.5099 0.7233 0.5109 0.7317 0.5099 0.7322 0.5107 0.7238 0.5117 0.7233 0.5109 0.7238 0.5117 0.7129 0.5124 0.7238 0.5117 0.7233 0.5109 0.7317 0.5099 0.7337 0.5085 0.7233 0.5109 0.7238 0.5101 0.7233 0.5109 0.7129 0.5124 0.7184 0.511 0.7238 0.5101 0.7184 0.511 0.7201 0.5104 0.7184 0.511 0.7238 0.5101 0.7233 0.5109 0.7134 0.5189 0.7167 0.5185 0.713 0.5194 0.7167 0.5185 0.7221 0.5183 0.7171 0.5192 0.713 0.5194 0.7171 0.5192 0.7129 0.5202 0.7171 0.5192 0.713 0.5194 0.7167 0.5185 0.7129 0.5202 0.7171 0.5192 0.7164 0.5199 0.7171 0.5192 0.7221 0.5183 0.7207 0.519 0.7164 0.5199 0.7207 0.519 0.7193 0.5196 0.7207 0.519 0.7164 0.5199 0.7171 0.5192 0.7193 0.5196 0.7207 0.519 0.7236 0.519 0.7207 0.519 0.7221 0.5183 0.7256 0.5184 0.7236 0.519 0.7256 0.5184 0.7298 0.5184 0.7256 0.5184 0.7236 0.519 0.7207 0.519 0.7298 0.5184 0.7256 0.5184 0.7308 0.5179 0.7256 0.5184 0.7221 0.5183 0.7277 0.5178 0.7308 0.5179 0.7277 0.5178 0.7311 0.5176 0.7277 0.5178 0.7308 0.5179 0.7256 0.5184 0.7407 0.5085 0.7446 0.5187 0.7408 0.5189 0.7446 0.5187 0.7467 0.5215 0.7442 0.521 0.7408 0.5189 0.7442 0.521 0.7389 0.5196 0.7442 0.521 0.7408 0.5189 0.7446 0.5187 0.7546 0.5085 0.7542 0.5128 0.7535 0.5142 0.7542 0.5128 0.7541 0.5146 0.7533 0.517 0.7535 0.5142 0.7533 0.517 0.752 0.5215 0.7533 0.517 0.7535 0.5142 0.7542 0.5128 0.7618 0.5144 0.7618 0.5155 0.7612 0.5126 0.7618 0.5155 0.762 0.5178 0.7611 0.5144 0.7612 0.5126 0.7611 0.5144 0.7598 0.5085 0.7611 0.5144 0.7612 0.5126 0.7618 0.5155 0.7598 0.5085 0.7611 0.5144 0.76 0.5123 0.7611 0.5144 0.762 0.5178 0.7615 0.5181 0.76 0.5123 0.7615 0.5181 0.7609 0.5209 0.7615 0.5181 0.76 0.5123 0.7611 0.5144 0.7609 0.5209 0.7615 0.5181 0.762 0.5213 0.7615 0.5181 0.762 0.5178 0.7622 0.52 0.762 0.5213 0.7622 0.52 0.7624 0.5215 0.7622 0.52 0.762 0.5213 0.7615 0.5181 0.7676 0.5215 0.7679 0.5177 0.7685 0.5184 0.7679 0.5177 0.7683 0.5132 0.769 0.5138 0.7685 0.5184 0.769 0.5138 0.7694 0.5146 0.769 0.5138 0.7685 0.5184 0.7679 0.5177 0.7694 0.5146 0.769 0.5138 0.7698 0.5112 0.769 0.5138 0.7683 0.5132 0.7695 0.51 0.7698 0.5112 0.7695 0.51 0.7702 0.5085 0.7695 0.51 0.7698 0.5112 0.769 0.5138 0.778 0.5085 0.7773 0.5139 0.7768 0.5102 0.7773 0.5139 0.7774 0.5215 0.7758 0.5162 0.7768 0.5102 0.7758 0.5162 0.7754 0.5123 0.7758 0.5162 0.7768 0.5102 0.7773 0.5139 0.7848 0.5152 0.784 0.5184 0.7851 0.5123 0.784 0.5184 0.7832 0.5215 0.7845 0.5134 0.7851 0.5123 0.7845 0.5134 0.7855 0.5085 0.7845 0.5134 0.7851 0.5123 0.784 0.5184 0.7848 0.5152 0.7851 0.5123 0.7855 0.5113 0.7851 0.5123 0.7855 0.5085 0.7858 0.5093 0.7855 0.5113 0.7858 0.5093 0.7858 0.5099 0.7858 0.5093 0.7855 0.5113 0.7851 0.5123 0.8002 0.5093 0.8022 0.5094 0.7979 0.5098 0.8022 0.5094 0.8079 0.5093 0.8012 0.51 0.7979 0.5098 0.8012 0.51 0.791 0.5111 0.8012 0.51 0.7979 0.5098 0.8022 0.5094 0.8002 0.5093 0.7979 0.5098 0.7991 0.5089 0.7979 0.5098 0.791 0.5111 0.7961 0.5092 0.7991 0.5089 0.7961 0.5092 0.7984 0.5085 0.7961 0.5092 0.7991 0.5089 0.7979 0.5098 0.7974 0.5189 0.7953 0.518 0.8004 0.5183 0.7953 0.518 0.791 0.5163 0.7985 0.5164 0.8004 0.5183 0.7985 0.5164 0.8066 0.5171 0.7985 0.5164 0.8004 0.5183 0.7953 0.518 0.8142 0.5202 0.814 0.5194 0.8149 0.5157 0.814 0.5194 0.8132 0.5196 0.8148 0.5125 0.8149 0.5157 0.8148 0.5125 0.8158 0.5085 0.8148 0.5125 0.8149 0.5157 0.814 0.5194 0.8228 0.5085 0.8234 0.5114 0.8225 0.5131 0.8234 0.5114 0.8236 0.5124 0.8229 0.5143 0.8225 0.5131 0.8229 0.5143 0.821 0.5202 0.8229 0.5143 0.8225 0.5131 0.8234 0.5114 0.8288 0.5133 0.8344 0.5122 0.8312 0.5133 0.8344 0.5122 0.8444 0.5085 0.8405 0.5122 0.8312 0.5133 0.8405 0.5122 0.8328 0.5137 0.8405 0.5122 0.8312 0.5133 0.8344 0.5122 0.854 0.5108 0.8524 0.51 0.8595 0.5119 0.8524 0.51 0.8496 0.5085 0.8562 0.5102 0.8595 0.5119 0.8562 0.5102 0.8645 0.5123 0.8562 0.5102 0.8595 0.5119 0.8524 0.51 0.854 0.5108 0.8595 0.5119 0.8584 0.5121 0.8595 0.5119 0.8645 0.5123 0.8652 0.5134 0.8584 0.5121 0.8652 0.5134 0.8625 0.5137 0.8652 0.5134 0.8584 0.5121 0.8595 0.5119 0.8704 0.5085 0.8752 0.5089 0.8774 0.5097 0.8752 0.5089 0.8811 0.5096 0.8828 0.5103 0.8774 0.5097 0.8828 0.5103 0.8861 0.5111 0.8828 0.5103 0.8774 0.5097 0.8752 0.5089 0.8861 0.5163 0.8823 0.518 0.8762 0.5173 0.8823 0.518 0.878 0.5189 0.8743 0.5184 0.8762 0.5173 0.8743 0.5184 0.8704 0.518 0.8743 0.5184 0.8762 0.5173 0.8823 0.518 0.9056 0.511 0.9001 0.511 0.9033 0.5101 0.9001 0.511 0.8913 0.5111 0.8957 0.5102 0.9033 0.5101 0.8957 0.5102 0.8995 0.5085 0.8957 0.5102 0.9033 0.5101 0.9001 0.511 0.902 0.5171 0.905 0.5179 0.8998 0.5172 0.905 0.5179 0.9056 0.5189 0.9006 0.5178 0.8998 0.5172 0.9006 0.5178 0.8976 0.5172 0.9006 0.5178 0.8998 0.5172 0.905 0.5179 0.902 0.5171 0.8998 0.5172 0.8961 0.5165 0.8998 0.5172 0.8976 0.5172 0.895 0.5168 0.8961 0.5165 0.895 0.5168 0.8913 0.5163 0.895 0.5168 0.8961 0.5165 0.8998 0.5172 0.9108 0.5189 0.912 0.5124 0.9134 0.5157 0.912 0.5124 0.9112 0.5085 0.9121 0.511 0.9134 0.5157 0.9121 0.511 0.9131 0.5132 0.9121 0.511 0.9134 0.5157 0.912 0.5124 0.9186 0.5176 0.9192 0.5167 0.9193 0.5181 0.9192 0.5167 0.9211 0.5085 0.9212 0.5182 0.9193 0.5181 0.9212 0.5182 0.92 0.5189 0.9212 0.5182 0.9193 0.5181 0.9192 0.5167 0.9264 0.509 0.9324 0.5085 0.9293 0.5111 0.9324 0.5085 0.9355 0.5085 0.9349 0.5094 0.9293 0.5111 0.9349 0.5094 0.935 0.5101 0.9349 0.5094 0.9293 0.5111 0.9324 0.5085 0.9352 0.5189 0.9318 0.5181 0.9355 0.5185 0.9318 0.5181 0.9264 0.5167 0.9303 0.5165 0.9355 0.5185 0.9303 0.5165 0.9352 0.5163 0.9303 0.5165 0.9355 0.5185 0.9318 0.5181 0.9408 0.4116 0.9422 0.4111 0.9461 0.4125 0.9422 0.4111 0.9437 0.4108 0.9473 0.4119 0.9461 0.4125 0.9473 0.4119 0.9512 0.4134 0.9473 0.4119 0.9461 0.4125 0.9422 0.4111 0.9478 0.4212 0.9445 0.4199 0.9497 0.4204 0.9445 0.4199 0.9408 0.4189 0.9464 0.4186 0.9497 0.4204 0.9464 0.4186 0.9512 0.4195 0.9464 0.4186 0.9497 0.4204 0.9445 0.4199 0.9512 0.4288 0.9466 0.429 0.9489 0.4277 0.9466 0.429 0.9408 0.4289 0.9438 0.4279 0.9489 0.4277 0.9438 0.4279 0.947 0.4264 0.9438 0.4279 0.9489 0.4277 0.9466 0.429 0.9512 0.4342 0.9484 0.4358 0.9459 0.4345 0.9484 0.4358 0.9458 0.4368 0.9425 0.4359 0.9459 0.4345 0.9425 0.4359 0.9408 0.435 0.9425 0.4359 0.9459 0.4345 0.9484 0.4358 0.9512 0.4447 0.946 0.444 0.9492 0.4433 0.946 0.444 0.9438 0.4436 0.9447 0.443 0.9492 0.4433 0.9447 0.443 0.9463 0.4421 0.9447 0.443 0.9492 0.4433 0.946 0.444 0.9463 0.4421 0.9447 0.443 0.9424 0.4426 0.9447 0.443 0.9438 0.4436 0.9423 0.4433 0.9424 0.4426 0.9423 0.4433 0.9408 0.4431 0.9423 0.4433 0.9424 0.4426 0.9447 0.443 0.9408 0.4499 0.9452 0.4507 0.9436 0.4511 0.9452 0.4507 0.9499 0.4517 0.9494 0.4523 0.9436 0.4511 0.9494 0.4523 0.9475 0.4525 0.9494 0.4523 0.9436 0.4511 0.9452 0.4507 0.9408 0.4586 0.9443 0.4581 0.9442 0.4595 0.9443 0.4581 0.9499 0.4577 0.9477 0.4592 0.9442 0.4595 0.9477 0.4592 0.9471 0.4603 0.9477 0.4592 0.9442 0.4595 0.9443 0.4581 0.9486 0.467 0.9441 0.4678 0.947 0.4667 0.9441 0.4678 0.9408 0.4681 0.9429 0.4672 0.947 0.4667 0.9429 0.4672 0.9456 0.4655 0.9429 0.4672 0.947 0.4667 0.9441 0.4678 0.9408 0.4738 0.9458 0.4733 0.9446 0.4748 0.9458 0.4733 0.9486 0.4734 0.948 0.4745 0.9446 0.4748 0.948 0.4745 0.9475 0.4759 0.948 0.4745 0.9446 0.4748 0.9458 0.4733 0.9408 0.4738 0.9446 0.4748 0.9419 0.4751 0.9446 0.4748 0.9475 0.4759 0.9445 0.4758 0.9419 0.4751 0.9445 0.4758 0.9427 0.4758 0.9445 0.4758 0.9419 0.4751 0.9446 0.4748 0.9437 0.4837 0.9441 0.4823 0.9465 0.482 0.9441 0.4823 0.9443 0.4819 0.9458 0.4816 0.9465 0.482 0.9458 0.4816 0.9486 0.4812 0.9458 0.4816 0.9465 0.482 0.9441 0.4823 0.9486 0.4812 0.9458 0.4816 0.9469 0.4811 0.9458 0.4816 0.9443 0.4819 0.9443 0.4816 0.9469 0.4811 0.9443 0.4816 0.9439 0.4813 0.9443 0.4816 0.9469 0.4811 0.9458 0.4816 0.9439 0.4813 0.9443 0.4816 0.9426 0.4817 0.9443 0.4816 0.9443 0.4819 0.9429 0.482 0.9426 0.4817 0.9429 0.482 0.9408 0.482 0.9429 0.482 0.9426 0.4817 0.9443 0.4816 0.9439 0.4813 0.9426 0.4817 0.9421 0.4815 0.9426 0.4817 0.9408 0.482 0.9415 0.4816 0.9421 0.4815 0.9415 0.4816 0.9417 0.4815 0.9415 0.4816 0.9421 0.4815 0.9426 0.4817 0.9486 0.4903 0.9458 0.491 0.9458 0.4898 0.9458 0.491 0.9436 0.4915 0.9424 0.491 0.9458 0.4898 0.9424 0.491 0.9408 0.4889 0.9424 0.491 0.9458 0.4898 0.9458 0.491 0.9408 0.4973 0.9418 0.4972 0.9426 0.4977 0.9418 0.4972 0.9448 0.4967 0.947 0.4974 0.9426 0.4977 0.947 0.4974 0.9486 0.4993 0.947 0.4974 0.9426 0.4977 0.9418 0.4972 0.9432 0.5072 0.9418 0.506 0.9454 0.5072 0.9418 0.506 0.9408 0.5046 0.9443 0.5058 0.9454 0.5072 0.9443 0.5058 0.9473 0.5067 0.9443 0.5058 0.9454 0.5072 0.9418 0.506 0.9473 0.5147 0.9424 0.515 0.944 0.5135 0.9424 0.515 0.9408 0.5147 0.942 0.5133 0.944 0.5135 0.942 0.5133 0.9422 0.5124 0.942 0.5133 0.944 0.5135 0.9424 0.515 0.9616 0.4108 0.9607 0.4117 0.96 0.4112 0.9607 0.4117 0.959 0.4134 0.9576 0.413 0.96 0.4112 0.9576 0.413 0.9564 0.411 0.9576 0.413 0.96 0.4112 0.9607 0.4117 0.9616 0.4191 0.96 0.4196 0.961 0.4189 0.96 0.4196 0.9564 0.4212 0.9586 0.4194 0.961 0.4189 0.9586 0.4194 0.9603 0.4186 0.9586 0.4194 0.961 0.4189 0.96 0.4196 0.9591 0.4286 0.9576 0.4278 0.9592 0.4281 0.9576 0.4278 0.9564 0.4268 0.9572 0.4267 0.9592 0.4281 0.9572 0.4267 0.9592 0.4264 0.9572 0.4267 0.9592 0.4281 0.9576 0.4278 0.9591 0.4286 0.9592 0.4281 0.9605 0.4289 0.9592 0.4281 0.9592 0.4264 0.9609 0.4283 0.9605 0.4289 0.9609 0.4283 0.9616 0.429 0.9609 0.4283 0.9605 0.4289 0.9592 0.4281 0.9564 0.4342 0.9592 0.4351 0.9571 0.4358 0.9592 0.4351 0.9603 0.4352 0.9591 0.4358 0.9571 0.4358 0.9591 0.4358 0.9568 0.4368 0.9591 0.4358 0.9571 0.4358 0.9592 0.4351 0.9564 0.4421 0.9586 0.4436 0.9567 0.4429 0.9586 0.4436 0.9603 0.4447 0.959 0.4444 0.9567 0.4429 0.959 0.4444 0.9569 0.4438 0.959 0.4444 0.9567 0.4429 0.9586 0.4436 0.96 0.4525 0.9576 0.4524 0.9592 0.4517 0.9576 0.4524 0.9564 0.4521 0.9573 0.4514 0.9592 0.4517 0.9573 0.4514 0.9603 0.4499 0.9573 0.4514 0.9592 0.4517 0.9576 0.4524 0.5938 0.561 0.5958 0.5495 0.6153 0.5616 0.5958 0.5495 0.6029 0.5413 0.6162 0.5518 0.6153 0.5616 0.6162 0.5518 0.6284 0.5602 0.6162 0.5518 0.6153 0.5616 0.5958 0.5495 0.5938 0.561 0.6153 0.5616 0.6255 0.5748 0.6153 0.5616 0.6284 0.5602 0.6484 0.5695 0.6255 0.5748 0.6484 0.5695 0.6738 0.5856 0.6484 0.5695 0.6255 0.5748 0.6153 0.5616 0.6738 0.5856 0.6484 0.5695 0.684 0.567 0.6484 0.5695 0.6284 0.5602 0.6487 0.5571 0.684 0.567 0.6487 0.5571 0.6813 0.545 0.6487 0.5571 0.684 0.567 0.6484 0.5695 0.6738 0.5856 0.684 0.567 0.706 0.5765 0.684 0.567 0.6813 0.545 0.7085 0.5558 0.706 0.5765 0.7085 0.5558 0.7292 0.5619 0.7085 0.5558 0.706 0.5765 0.684 0.567 0.6738 0.5856 0.706 0.5765 0.6988 0.5983 0.706 0.5765 0.7292 0.5619 0.716 0.5876 0.6988 0.5983 0.716 0.5876 0.7092 0.6089 0.716 0.5876 0.6988 0.5983 0.706 0.5765 0.7092 0.6089 0.716 0.5876 0.7219 0.6009 0.716 0.5876 0.7292 0.5619 0.7314 0.5832 0.7219 0.6009 0.7314 0.5832 0.7329 0.5971 0.7314 0.5832 0.7219 0.6009 0.716 0.5876 0.7329 0.5971 0.7314 0.5832 0.7449 0.5875 0.7314 0.5832 0.7292 0.5619 0.7467 0.5717 0.7449 0.5875 0.7467 0.5717 0.7648 0.5813 0.7467 0.5717 0.7449 0.5875 0.7314 0.5832 0.7329 0.5971 0.7449 0.5875 0.738 0.6029 0.7449 0.5875 0.7648 0.5813 0.7508 0.5971 0.738 0.6029 0.7508 0.5971 0.7411 0.6098 0.7508 0.5971 0.738 0.6029 0.7449 0.5875 0.7411 0.6098 0.7508 0.5971 0.7509 0.6108 0.7508 0.5971 0.7648 0.5813 0.7623 0.6 0.7509 0.6108 0.7623 0.6 0.7599 0.6134 0.7623 0.6 0.7509 0.6108 0.7508 0.5971 0.5409 0.6019 0.5536 0.5969 0.5803 0.6103 0.5536 0.5969 0.5585 0.5855 0.6047 0.6032 0.5803 0.6103 0.6047 0.6032 0.6303 0.6204 0.6047 0.6032 0.5803 0.6103 0.5536 0.5969 0.6303 0.6204 0.6047 0.6032 0.6635 0.6052 0.6047 0.6032 0.5585 0.5855 0.6198 0.5894 0.6635 0.6052 0.6198 0.5894 0.6738 0.5856 0.6198 0.5894 0.6635 0.6052 0.6047 0.6032 0.6303 0.6204 0.6635 0.6052 0.6875 0.6178 0.6635 0.6052 0.6738 0.5856 0.6988 0.5983 0.6875 0.6178 0.6988 0.5983 0.7092 0.6089 0.6988 0.5983 0.6875 0.6178 0.6635 0.6052 0.6738 0.5856 0.6198 0.5894 0.6255 0.5748 0.6198 0.5894 0.5585 0.5855 0.5816 0.5735 0.6255 0.5748 0.5816 0.5735 0.5938 0.561 0.5816 0.5735 0.6255 0.5748 0.6198 0.5894 0.5938 0.561 0.5816 0.5735 0.5639 0.5587 0.5816 0.5735 0.5585 0.5855 0.5468 0.5707 0.5639 0.5587 0.5468 0.5707 0.5306 0.5601 0.5468 0.5707 0.5639 0.5587 0.5816 0.5735 0.5938 0.561 0.5639 0.5587 0.5751 0.5461 0.5639 0.5587 0.5306 0.5601 0.5491 0.5462 0.5751 0.5461 0.5491 0.5462 0.5546 0.5302 0.5491 0.5462 0.5751 0.5461 0.5639 0.5587 0.7292 0.5619 0.7258 0.5426 0.7439 0.5412 0.7258 0.5426 0.7253 0.5317 0.7379 0.5286 0.7439 0.5412 0.7379 0.5286 0.7552 0.5267 0.7379 0.5286 0.7439 0.5412 0.7258 0.5426 0.7292 0.5619 0.7439 0.5412 0.7509 0.55 0.7439 0.5412 0.7552 0.5267 0.7601 0.5373 0.7509 0.55 0.7601 0.5373 0.7665 0.5465 0.7601 0.5373 0.7509 0.55 0.7439 0.5412 0.7292 0.5619 0.7509 0.55 0.7504 0.56 0.7509 0.55 0.7665 0.5465 0.7608 0.5543 0.7504 0.56 0.7608 0.5543 0.7601 0.5595 0.7608 0.5543 0.7504 0.56 0.7509 0.55 0.7292 0.5619 0.7504 0.56 0.7467 0.5717 0.7504 0.56 0.7601 0.5595 0.7607 0.5657 0.7467 0.5717 0.7607 0.5657 0.7648 0.5813 0.7607 0.5657 0.7467 0.5717 0.7504 0.56 0.7648 0.5813 0.7607 0.5657 0.7705 0.5665 0.7607 0.5657 0.7601 0.5595 0.7668 0.5591 0.7705 0.5665 0.7668 0.5591 0.7723 0.5595 0.7668 0.5591 0.7705 0.5665 0.7607 0.5657 0.7723 0.5595 0.7668 0.5591 0.7699 0.5539 0.7668 0.5591 0.7601 0.5595 0.7608 0.5543 0.7699 0.5539 0.7608 0.5543 0.7665 0.5465 0.7608 0.5543 0.7699 0.5539 0.7668 0.5591 0.7723 0.5595 0.7699 0.5539 0.7757 0.5585 0.7699 0.5539 0.7665 0.5465 0.775 0.5525 0.7757 0.5585 0.775 0.5525 0.7793 0.5584 0.775 0.5525 0.7757 0.5585 0.7699 0.5539 0.7723 0.5595 0.7757 0.5585 0.7766 0.5652 0.7757 0.5585 0.7793 0.5584 0.7804 0.5642 0.7766 0.5652 0.7804 0.5642 0.781 0.571 0.7804 0.5642 0.7766 0.5652 0.7757 0.5585 0.7723 0.5595 0.7766 0.5652 0.7705 0.5665 0.7766 0.5652 0.781 0.571 0.7757 0.5732 0.7705 0.5665 0.7757 0.5732 0.7648 0.5813 0.7757 0.5732 0.7705 0.5665 0.7766 0.5652 0.7648 0.5813 0.7757 0.5732 0.7758 0.5825 0.7757 0.5732 0.781 0.571 0.7804 0.5775 0.7758 0.5825 0.7804 0.5775 0.78 0.5844 0.7804 0.5775 0.7758 0.5825 0.7757 0.5732 0.78 0.5844 0.7804 0.5775 0.7827 0.5833 0.7804 0.5775 0.781 0.571 0.7835 0.5761 0.7827 0.5833 0.7835 0.5761 0.7848 0.5829 0.7835 0.5761 0.7827 0.5833 0.7804 0.5775 0.7848 0.5829 0.7835 0.5761 0.7849 0.573 0.7835 0.5761 0.781 0.571 0.7835 0.5686 0.7849 0.573 0.7835 0.5686 0.7848 0.5652 0.7835 0.5686 0.7849 0.573 0.7835 0.5761 0.7848 0.5652 0.7835 0.5686 0.7829 0.5612 0.7835 0.5686 0.781 0.571 0.7804 0.5642 0.7829 0.5612 0.7804 0.5642 0.7793 0.5584 0.7804 0.5642 0.7829 0.5612 0.7835 0.5686 0.7848 0.5652 0.7829 0.5612 0.7853 0.5581 0.7829 0.5612 0.7793 0.5584 0.7813 0.5535 0.7853 0.5581 0.7813 0.5535 0.7852 0.5466 0.7813 0.5535 0.7853 0.5581 0.7829 0.5612 0.7848 0.5652 0.7853 0.5581 0.7861 0.5674 0.7853 0.5581 0.7852 0.5466 0.7874 0.5589 0.7861 0.5674 0.7874 0.5589 0.7877 0.5702 0.7874 0.5589 0.7861 0.5674 0.7853 0.5581 0.7848 0.5652 0.7861 0.5674 0.7849 0.573 0.7861 0.5674 0.7877 0.5702 0.7862 0.5768 0.7849 0.573 0.7862 0.5768 0.7848 0.5829 0.7862 0.5768 0.7849 0.573 0.7861 0.5674 0.7848 0.5829 0.7862 0.5768 0.7867 0.5845 0.7862 0.5768 0.7877 0.5702 0.7877 0.5789 0.7867 0.5845 0.7877 0.5789 0.7878 0.5839 0.7877 0.5789 0.7867 0.5845 0.7862 0.5768 0.7848 0.5829 0.7867 0.5845 0.7861 0.5925 0.7867 0.5845 0.7878 0.5839 0.7879 0.5896 0.7861 0.5925 0.7879 0.5896 0.7879 0.6004 0.7879 0.5896 0.7861 0.5925 0.7867 0.5845 0.7848 0.5829 0.7861 0.5925 0.7839 0.592 0.7861 0.5925 0.7879 0.6004 0.7851 0.6015 0.7839 0.592 0.7851 0.6015 0.7826 0.6014 0.7851 0.6015 0.7839 0.592 0.7861 0.5925 0.791 0.5631 0.7903 0.5692 0.7895 0.5657 0.7903 0.5692 0.7901 0.5783 0.789 0.5743 0.7895 0.5657 0.789 0.5743 0.7877 0.5702 0.789 0.5743 0.7895 0.5657 0.7903 0.5692 0.791 0.5631 0.7895 0.5657 0.7901 0.5567 0.7895 0.5657 0.7877 0.5702 0.7888 0.5594 0.7901 0.5567 0.7888 0.5594 0.7897 0.5518 0.7888 0.5594 0.7901 0.5567 0.7895 0.5657 0.7897 0.5518 0.7888 0.5594 0.7887 0.5503 0.7888 0.5594 0.7877 0.5702 0.7874 0.5589 0.7887 0.5503 0.7874 0.5589 0.7852 0.5466 0.7874 0.5589 0.7887 0.5503 0.7888 0.5594 0.7897 0.5518 0.7887 0.5503 0.79 0.5454 0.7887 0.5503 0.7852 0.5466 0.7888 0.5416 0.79 0.5454 0.7888 0.5416 0.7901 0.5398 0.7888 0.5416 0.79 0.5454 0.7887 0.5503 0.7897 0.5518 0.79 0.5454 0.7905 0.5493 0.79 0.5454 0.7901 0.5398 0.7907 0.5429 0.7905 0.5493 0.7907 0.5429 0.791 0.547 0.7907 0.5429 0.7905 0.5493 0.79 0.5454 0.5475 0.6752 0.5467 0.666 0.5636 0.6626 0.5467 0.666 0.5481 0.6548 0.5631 0.6528 0.5636 0.6626 0.5631 0.6528 0.5798 0.6488 0.5631 0.6528 0.5636 0.6626 0.5467 0.666 0.5475 0.6752 0.5636 0.6626 0.5681 0.674 0.5636 0.6626 0.5798 0.6488 0.584 0.6595 0.5681 0.674 0.584 0.6595 0.5913 0.6727 0.584 0.6595 0.5681 0.674 0.5636 0.6626 0.5913 0.6727 0.584 0.6595 0.6011 0.6561 0.584 0.6595 0.5798 0.6488 0.5945 0.6454 0.6011 0.6561 0.5945 0.6454 0.61 0.64 0.5945 0.6454 0.6011 0.6561 0.584 0.6595 0.61 0.64 0.5945 0.6454 0.5991 0.6369 0.5945 0.6454 0.5798 0.6488 0.5893 0.6397 0.5991 0.6369 0.5893 0.6397 0.5938 0.6361 0.5893 0.6397 0.5991 0.6369 0.5945 0.6454 0.5743 0.7064 0.5687 0.701 0.5855 0.6969 0.5687 0.701 0.5592 0.6931 0.5807 0.6914 0.5855 0.6969 0.5807 0.6914 0.5954 0.69 0.5807 0.6914 0.5855 0.6969 0.5687 0.701 0.5954 0.69 0.5807 0.6914 0.5926 0.6839 0.5807 0.6914 0.5592 0.6931 0.5749 0.6838 0.5926 0.6839 0.5749 0.6838 0.5913 0.6727 0.5749 0.6838 0.5926 0.6839 0.5807 0.6914 0.5913 0.6727 0.5749 0.6838 0.5681 0.674 0.5749 0.6838 0.5592 0.6931 0.5535 0.6835 0.5681 0.674 0.5535 0.6835 0.5475 0.6752 0.5535 0.6835 0.5681 0.674 0.5749 0.6838 0.5475 0.6752 0.5535 0.6835 0.5383 0.6819 0.5535 0.6835 0.5592 0.6931 0.5419 0.6884 0.5383 0.6819 0.5419 0.6884 0.5344 0.6853 0.5419 0.6884 0.5383 0.6819 0.5535 0.6835 0.5475 0.6752 0.5383 0.6819 0.5359 0.6763 0.5383 0.6819 0.5344 0.6853 0.5308 0.683 0.5359 0.6763 0.5308 0.683 0.5306 0.679 0.5308 0.683 0.5359 0.6763 0.5383 0.6819 0.6107 0.6813 0.6025 0.6854 0.6032 0.6781 0.6025 0.6854 0.5954 0.69 0.5926 0.6839 0.6032 0.6781 0.5926 0.6839 0.5913 0.6727 0.5926 0.6839 0.6032 0.6781 0.6025 0.6854 0.6107 0.6813 0.6032 0.6781 0.6174 0.6739 0.6032 0.6781 0.5913 0.6727 0.6086 0.6667 0.6174 0.6739 0.6086 0.6667 0.629 0.6634 0.6086 0.6667 0.6174 0.6739 0.6032 0.6781 0.629 0.6634 0.6086 0.6667 0.6179 0.6525 0.6086 0.6667 0.5913 0.6727 0.6011 0.6561 0.6179 0.6525 0.6011 0.6561 0.61 0.64 0.6011 0.6561 0.6179 0.6525 0.6086 0.6667 0.629 0.6634 0.6179 0.6525 0.6391 0.6503 0.6179 0.6525 0.61 0.64 0.629 0.6402 0.6391 0.6503 0.629 0.6402 0.6488 0.6392 0.629 0.6402 0.6391 0.6503 0.6179 0.6525 0.6488 0.6392 0.629 0.6402 0.6392 0.6319 0.629 0.6402 0.61 0.64 0.6241 0.6315 0.6392 0.6319 0.6241 0.6315 0.6359 0.6257 0.6241 0.6315 0.6392 0.6319 0.629 0.6402 0.6402 0.6791 0.6246 0.6798 0.6363 0.6728 0.6246 0.6798 0.6107 0.6813 0.6174 0.6739 0.6363 0.6728 0.6174 0.6739 0.629 0.6634 0.6174 0.6739 0.6363 0.6728 0.6246 0.6798 0.6402 0.6791 0.6363 0.6728 0.6528 0.6751 0.6363 0.6728 0.629 0.6634 0.6493 0.6688 0.6528 0.6751 0.6493 0.6688 0.6633 0.6734 0.6493 0.6688 0.6528 0.6751 0.6363 0.6728 0.6633 0.6734 0.6493 0.6688 0.6687 0.6685 0.6493 0.6688 0.629 0.6634 0.653 0.6601 0.6687 0.6685 0.653 0.6601 0.6777 0.6594 0.653 0.6601 0.6687 0.6685 0.6493 0.6688 0.6777 0.6594 0.653 0.6601 0.6606 0.6487 0.653 0.6601 0.629 0.6634 0.6391 0.6503 0.6606 0.6487 0.6391 0.6503 0.6488 0.6392 0.6391 0.6503 0.6606 0.6487 0.653 0.6601 0.6777 0.6594 0.6606 0.6487 0.6767 0.6454 0.6606 0.6487 0.6488 0.6392 0.6644 0.6375 0.6767 0.6454 0.6644 0.6375 0.6772 0.6347 0.6644 0.6375 0.6767 0.6454 0.6606 0.6487 0.6772 0.6347 0.6644 0.6375 0.6676 0.6299 0.6644 0.6375 0.6488 0.6392 0.6548 0.6313 0.6676 0.6299 0.6548 0.6313 0.6609 0.627 0.6548 0.6313 0.6676 0.6299 0.6644 0.6375 0.6969 0.6787 0.6793 0.6757 0.6897 0.671 0.6793 0.6757 0.6633 0.6734 0.6687 0.6685 0.6897 0.671 0.6687 0.6685 0.6777 0.6594 0.6687 0.6685 0.6897 0.671 0.6793 0.6757 0.6969 0.6787 0.6897 0.671 0.7057 0.6746 0.6897 0.671 0.6777 0.6594 0.6993 0.6647 0.7057 0.6746 0.6993 0.6647 0.7175 0.6708 0.6993 0.6647 0.7057 0.6746 0.6897 0.671 0.6969 0.6787 0.7057 0.6746 0.7082 0.6811 0.7057 0.6746 0.7175 0.6708 0.7147 0.6789 0.7082 0.6811 0.7147 0.6789 0.7132 0.6825 0.7147 0.6789 0.7082 0.6811 0.7057 0.6746 0.7132 0.6825 0.7147 0.6789 0.7187 0.6845 0.7147 0.6789 0.7175 0.6708 0.7254 0.6813 0.7187 0.6845 0.7254 0.6813 0.7301 0.6896 0.7254 0.6813 0.7187 0.6845 0.7147 0.6789 0.7301 0.6896 0.7254 0.6813 0.7395 0.6887 0.7254 0.6813 0.7175 0.6708 0.7356 0.6771 0.7395 0.6887 0.7356 0.6771 0.7531 0.6894 0.7356 0.6771 0.7395 0.6887 0.7254 0.6813 0.7531 0.6894 0.7356 0.6771 0.749 0.6709 0.7356 0.6771 0.7175 0.6708 0.7312 0.6631 0.749 0.6709 0.7312 0.6631 0.7443 0.6567 0.7312 0.6631 0.749 0.6709 0.7356 0.6771 0.7443 0.6567 0.7312 0.6631 0.7256 0.6513 0.7312 0.6631 0.7175 0.6708 0.7116 0.6577 0.7256 0.6513 0.7116 0.6577 0.7066 0.6465 0.7116 0.6577 0.7256 0.6513 0.7312 0.6631 0.7066 0.6465 0.7116 0.6577 0.6928 0.6525 0.7116 0.6577 0.7175 0.6708 0.6993 0.6647 0.6928 0.6525 0.6993 0.6647 0.6777 0.6594 0.6993 0.6647 0.6928 0.6525 0.7116 0.6577 0.7066 0.6465 0.6928 0.6525 0.6904 0.6408 0.6928 0.6525 0.6777 0.6594 0.6767 0.6454 0.6904 0.6408 0.6767 0.6454 0.6772 0.6347 0.6767 0.6454 0.6904 0.6408 0.6928 0.6525 0.7066 0.6465 0.6904 0.6408 0.7051 0.6377 0.6904 0.6408 0.6772 0.6347 0.6916 0.6323 0.7051 0.6377 0.6916 0.6323 0.7063 0.6317 0.6916 0.6323 0.7051 0.6377 0.6904 0.6408 0.7066 0.6465 0.7051 0.6377 0.7206 0.6431 0.7051 0.6377 0.7063 0.6317 0.7193 0.637 0.7206 0.6431 0.7193 0.637 0.7322 0.6421 0.7193 0.637 0.7206 0.6431 0.7051 0.6377 0.7066 0.6465 0.7206 0.6431 0.7256 0.6513 0.7206 0.6431 0.7322 0.6421 0.7371 0.6477 0.7256 0.6513 0.7371 0.6477 0.7443 0.6567 0.7371 0.6477 0.7256 0.6513 0.7206 0.6431 0.7443 0.6567 0.7371 0.6477 0.7522 0.6529 0.7371 0.6477 0.7322 0.6421 0.7449 0.6463 0.7522 0.6529 0.7449 0.6463 0.7559 0.651 0.7449 0.6463 0.7522 0.6529 0.7371 0.6477 0.5567 0.7508 0.5599 0.7467 0.5629 0.7472 0.5599 0.7467 0.5646 0.7414 0.5677 0.7418 0.5629 0.7472 0.5677 0.7418 0.5711 0.7421 0.5677 0.7418 0.5629 0.7472 0.5599 0.7467 0.5567 0.7508 0.5629 0.7472 0.5604 0.7515 0.5629 0.7472 0.5711 0.7421 0.569 0.7464 0.5604 0.7515 0.569 0.7464 0.5637 0.7543 0.569 0.7464 0.5604 0.7515 0.5629 0.7472 0.5567 0.7508 0.5604 0.7515 0.5549 0.7536 0.5604 0.7515 0.5637 0.7543 0.5569 0.7554 0.5549 0.7536 0.5569 0.7554 0.553 0.7561 0.5569 0.7554 0.5549 0.7536 0.5604 0.7515 0.553 0.7561 0.5569 0.7554 0.5517 0.7593 0.5569 0.7554 0.5637 0.7543 0.554 0.7615 0.5517 0.7593 0.554 0.7615 0.5482 0.7651 0.554 0.7615 0.5517 0.7593 0.5569 0.7554 0.5482 0.7651 0.554 0.7615 0.5461 0.7715 0.554 0.7615 0.5637 0.7543 0.5546 0.7665 0.5461 0.7715 0.5546 0.7665 0.545 0.7779 0.5546 0.7665 0.5461 0.7715 0.554 0.7615 0.5482 0.7651 0.5461 0.7715 0.5429 0.7722 0.5461 0.7715 0.545 0.7779 0.5394 0.7816 0.5429 0.7722 0.5394 0.7816 0.5381 0.7803 0.5394 0.7816 0.5429 0.7722 0.5461 0.7715 0.5381 0.7803 0.5394 0.7816 0.5349 0.7907 0.5394 0.7816 0.545 0.7779 0.5407 0.7878 0.5349 0.7907 0.5407 0.7878 0.5343 0.8051 0.5407 0.7878 0.5349 0.7907 0.5394 0.7816 0.5343 0.8051 0.5407 0.7878 0.548 0.7924 0.5407 0.7878 0.545 0.7779 0.554 0.7748 0.548 0.7924 0.554 0.7748 0.5721 0.783 0.554 0.7748 0.548 0.7924 0.5407 0.7878 0.5721 0.783 0.554 0.7748 0.5677 0.7579 0.554 0.7748 0.545 0.7779 0.5546 0.7665 0.5677 0.7579 0.5546 0.7665 0.5637 0.7543 0.5546 0.7665 0.5677 0.7579 0.554 0.7748 0.5721 0.783 0.5677 0.7579 0.5806 0.7458 0.5677 0.7579 0.5637 0.7543 0.5761 0.7445 0.5806 0.7458 0.5761 0.7445 0.5886 0.7333 0.5761 0.7445 0.5806 0.7458 0.5677 0.7579 0.5886 0.7333 0.5761 0.7445 0.5793 0.738 0.5761 0.7445 0.5637 0.7543 0.569 0.7464 0.5793 0.738 0.569 0.7464 0.5711 0.7421 0.569 0.7464 0.5793 0.738 0.5761 0.7445 0.5886 0.7333 0.5793 0.738 0.5878 0.731 0.5793 0.738 0.5711 0.7421 0.5784 0.7357 0.5878 0.731 0.5784 0.7357 0.5862 0.7285 0.5784 0.7357 0.5878 0.731 0.5793 0.738 0.5886 0.7333 0.5878 0.731 0.5932 0.7287 0.5878 0.731 0.5862 0.7285 0.5928 0.7279 0.5932 0.7287 0.5928 0.7279 0.5947 0.7278 0.5928 0.7279 0.5932 0.7287 0.5878 0.731 0.7139 0.9029 0.7087 0.9109 0.6988 0.9126 0.7087 0.9109 0.7051 0.916 0.6979 0.9194 0.6988 0.9126 0.6979 0.9194 0.6861 0.9241 0.6979 0.9194 0.6988 0.9126 0.7087 0.9109 0.7139 0.9029 0.6988 0.9126 0.7018 0.9007 0.6988 0.9126 0.6861 0.9241 0.6854 0.9126 0.7018 0.9007 0.6854 0.9126 0.6828 0.8783 0.6854 0.9126 0.7018 0.9007 0.6988 0.9126 0.6828 0.8783 0.6854 0.9126 0.6734 0.9162 0.6854 0.9126 0.6861 0.9241 0.6769 0.9261 0.6734 0.9162 0.6769 0.9261 0.6713 0.9275 0.6769 0.9261 0.6734 0.9162 0.6854 0.9126 0.6828 0.8783 0.6734 0.9162 0.6536 0.9104 0.6734 0.9162 0.6713 0.9275 0.6639 0.9252 0.6536 0.9104 0.6639 0.9252 0.6462 0.9235 0.6639 0.9252 0.6536 0.9104 0.6734 0.9162 0.6828 0.8783 0.6536 0.9104 0.6209 0.881 0.6536 0.9104 0.6462 0.9235 0.6194 0.9118 0.6209 0.881 0.6194 0.9118 0.5785 0.8935 0.6194 0.9118 0.6209 0.881 0.6536 0.9104 0.5785 0.8935 0.6194 0.9118 0.5973 0.9163 0.6194 0.9118 0.6462 0.9235 0.6282 0.9265 0.5973 0.9163 0.6282 0.9265 0.6121 0.9303 0.6282 0.9265 0.5973 0.9163 0.6194 0.9118 0.5785 0.8935 0.5973 0.9163 0.5776 0.9093 0.5973 0.9163 0.6121 0.9303 0.5905 0.9198 0.5776 0.9093 0.5905 0.9198 0.5809 0.915 0.5905 0.9198 0.5776 0.9093 0.5973 0.9163 0.5809 0.915 0.5905 0.9198 0.5869 0.9208 0.5905 0.9198 0.6121 0.9303 0.5955 0.9261 0.5869 0.9208 0.5955 0.9261 0.5898 0.9241 0.5955 0.9261 0.5869 0.9208 0.5905 0.9198 0.5809 0.915 0.5869 0.9208 0.5804 0.9176 0.5869 0.9208 0.5898 0.9241 0.5859 0.9227 0.5804 0.9176 0.5859 0.9227 0.5819 0.9217 0.5859 0.9227 0.5804 0.9176 0.5869 0.9208 0.5809 0.915 0.5804 0.9176 0.5734 0.9109 0.5804 0.9176 0.5819 0.9217 0.5756 0.9169 0.5734 0.9109 0.5756 0.9169 0.5672 0.9093 0.5756 0.9169 0.5734 0.9109 0.5804 0.9176 0.5809 0.915 0.5734 0.9109 0.5776 0.9093 0.5734 0.9109 0.5672 0.9093 0.566 0.9025 0.5776 0.9093 0.566 0.9025 0.5785 0.8935 0.566 0.9025 0.5776 0.9093 0.5734 0.9109 0.5785 0.8935 0.566 0.9025 0.558 0.8929 0.566 0.9025 0.5672 0.9093 0.5589 0.9003 0.558 0.8929 0.5589 0.9003 0.5521 0.8918 0.5589 0.9003 0.558 0.8929 0.566 0.9025 0.5785 0.8935 0.558 0.8929 0.5602 0.8737 0.558 0.8929 0.5521 0.8918 0.5523 0.8848 0.5602 0.8737 0.5523 0.8848 0.5549 0.8701 0.5523 0.8848 0.5602 0.8737 0.558 0.8929 0.5549 0.8701 0.5523 0.8848 0.5534 0.8679 0.5523 0.8848 0.5521 0.8918 0.5498 0.8842 0.5534 0.8679 0.5498 0.8842 0.5508 0.8728 0.5498 0.8842 0.5534 0.8679 0.5523 0.8848 0.5549 0.8701 0.5534 0.8679 0.5614 0.8425 0.5534 0.8679 0.5508 0.8728 0.5577 0.8397 0.5614 0.8425 0.5577 0.8397 0.5721 0.783 0.5577 0.8397 0.5614 0.8425 0.5534 0.8679 0.5549 0.8701 0.5614 0.8425 0.5602 0.8737 0.5614 0.8425 0.5721 0.783 0.5819 0.8462 0.5602 0.8737 0.5819 0.8462 0.5785 0.8935 0.5819 0.8462 0.5602 0.8737 0.5614 0.8425 0.5785 0.8935 0.5819 0.8462 0.6209 0.881 0.5819 0.8462 0.5721 0.783 0.6175 0.825 0.6209 0.881 0.6175 0.825 0.6828 0.8783 0.6175 0.825 0.6209 0.881 0.5819 0.8462 0.6828 0.8783 0.6175 0.825 0.6468 0.7996 0.6175 0.825 0.5721 0.783 0.6055 0.7687 0.6468 0.7996 0.6055 0.7687 0.624 0.7484 0.6055 0.7687 0.6468 0.7996 0.6175 0.825 0.624 0.7484 0.6055 0.7687 0.6005 0.7418 0.6055 0.7687 0.5721 0.783 0.5892 0.7469 0.6005 0.7418 0.5892 0.7469 0.5939 0.7386 0.5892 0.7469 0.6005 0.7418 0.6055 0.7687 0.5939 0.7386 0.5892 0.7469 0.5912 0.7379 0.5892 0.7469 0.5721 0.783 0.5848 0.744 0.5912 0.7379 0.5848 0.744 0.5911 0.736 0.5848 0.744 0.5912 0.7379 0.5892 0.7469 0.5911 0.736 0.5848 0.744 0.5897 0.7356 0.5848 0.744 0.5721 0.783 0.5806 0.7458 0.5897 0.7356 0.5806 0.7458 0.5886 0.7333 0.5806 0.7458 0.5897 0.7356 0.5848 0.744 0.5911 0.736 0.5897 0.7356 0.5961 0.7324 0.5897 0.7356 0.5886 0.7333 0.5956 0.7301 0.5961 0.7324 0.5956 0.7301 0.6018 0.7287 0.5956 0.7301 0.5961 0.7324 0.5897 0.7356 0.6018 0.7287 0.5956 0.7301 0.5996 0.7269 0.5956 0.7301 0.5886 0.7333 0.5954 0.7279 0.5996 0.7269 0.5954 0.7279 0.598 0.7258 0.5954 0.7279 0.5996 0.7269 0.5956 0.7301 0.6018 0.7287 0.5996 0.7269 0.6059 0.7248 0.5996 0.7269 0.598 0.7258 0.6013 0.7244 0.6059 0.7248 0.6013 0.7244 0.6069 0.7215 0.6013 0.7244 0.6059 0.7248 0.5996 0.7269 0.6018 0.7287 0.6059 0.7248 0.6105 0.7256 0.6059 0.7248 0.6069 0.7215 0.6158 0.7207 0.6105 0.7256 0.6158 0.7207 0.6226 0.722 0.6158 0.7207 0.6105 0.7256 0.6059 0.7248 0.6226 0.722 0.6158 0.7207 0.6303 0.7169 0.6158 0.7207 0.6069 0.7215 0.6169 0.717 0.6303 0.7169 0.6169 0.717 0.6318 0.7131 0.6169 0.717 0.6303 0.7169 0.6158 0.7207 0.6226 0.722 0.6303 0.7169 0.6402 0.7205 0.6303 0.7169 0.6318 0.7131 0.648 0.7153 0.6402 0.7205 0.648 0.7153 0.6649 0.7212 0.648 0.7153 0.6402 0.7205 0.6303 0.7169 0.6649 0.7212 0.648 0.7153 0.6618 0.7152 0.648 0.7153 0.6318 0.7131 0.6479 0.7116 0.6618 0.7152 0.6479 0.7116 0.6607 0.7117 0.6479 0.7116 0.6618 0.7152 0.648 0.7153 0.6649 0.7212 0.6618 0.7152 0.6737 0.7196 0.6618 0.7152 0.6607 0.7117 0.6686 0.7154 0.6737 0.7196 0.6686 0.7154 0.6748 0.7188 0.6686 0.7154 0.6737 0.7196 0.6618 0.7152 0.6748 0.7188 0.6686 0.7154 0.6765 0.7174 0.6686 0.7154 0.6607 0.7117 0.6694 0.7122 0.6765 0.7174 0.6694 0.7122 0.6783 0.7142 0.6694 0.7122 0.6765 0.7174 0.6686 0.7154 0.6748 0.7188 0.6765 0.7174 0.6849 0.7233 0.6765 0.7174 0.6783 0.7142 0.6895 0.7212 0.6849 0.7233 0.6895 0.7212 0.7012 0.7301 0.6895 0.7212 0.6849 0.7233 0.6765 0.7174 0.6748 0.7188 0.6849 0.7233 0.6737 0.7196 0.6849 0.7233 0.7012 0.7301 0.6887 0.7277 0.6737 0.7196 0.6887 0.7277 0.6649 0.7212 0.6887 0.7277 0.6737 0.7196 0.6849 0.7233 0.6649 0.7212 0.6887 0.7277 0.6831 0.7354 0.6887 0.7277 0.7012 0.7301 0.7064 0.7379 0.6831 0.7354 0.7064 0.7379 0.7097 0.7593 0.7064 0.7379 0.6831 0.7354 0.6887 0.7277 0.7097 0.7593 0.7064 0.7379 0.7196 0.7464 0.7064 0.7379 0.7012 0.7301 0.7125 0.7353 0.7196 0.7464 0.7125 0.7353 0.7203 0.7413 0.7125 0.7353 0.7196 0.7464 0.7064 0.7379 0.7097 0.7593 0.7196 0.7464 0.7287 0.7608 0.7196 0.7464 0.7203 0.7413 0.7294 0.7535 0.7287 0.7608 0.7294 0.7535 0.7383 0.7679 0.7294 0.7535 0.7287 0.7608 0.7196 0.7464 0.7097 0.7593 0.7287 0.7608 0.7309 0.7753 0.7287 0.7608 0.7383 0.7679 0.7376 0.7745 0.7309 0.7753 0.7376 0.7745 0.7391 0.7838 0.7376 0.7745 0.7309 0.7753 0.7287 0.7608 0.7391 0.7838 0.7376 0.7745 0.7427 0.7833 0.7376 0.7745 0.7383 0.7679 0.7432 0.778 0.7427 0.7833 0.7432 0.778 0.745 0.7828 0.7432 0.778 0.7427 0.7833 0.7376 0.7745 0.7391 0.7838 0.7427 0.7833 0.7446 0.7934 0.7427 0.7833 0.745 0.7828 0.7469 0.7883 0.7446 0.7934 0.7469 0.7883 0.7498 0.8007 0.7469 0.7883 0.7446 0.7934 0.7427 0.7833 0.7391 0.7838 0.7446 0.7934 0.7391 0.7957 0.7446 0.7934 0.7498 0.8007 0.7463 0.8095 0.7391 0.7957 0.7463 0.8095 0.7368 0.8166 0.7463 0.8095 0.7391 0.7957 0.7446 0.7934 0.7368 0.8166 0.7463 0.8095 0.74 0.8311 0.7463 0.8095 0.7498 0.8007 0.7507 0.8177 0.74 0.8311 0.7507 0.8177 0.7459 0.8363 0.7507 0.8177 0.74 0.8311 0.7463 0.8095 0.7368 0.8166 0.74 0.8311 0.7185 0.8374 0.74 0.8311 0.7459 0.8363 0.7252 0.8556 0.7185 0.8374 0.7252 0.8556 0.6828 0.8783 0.7252 0.8556 0.7185 0.8374 0.74 0.8311 0.6828 0.8783 0.7252 0.8556 0.7224 0.8711 0.7252 0.8556 0.7459 0.8363 0.7404 0.8527 0.7224 0.8711 0.7404 0.8527 0.7411 0.8638 0.7404 0.8527 0.7224 0.8711 0.7252 0.8556 0.6828 0.8783 0.7224 0.8711 0.7158 0.884 0.7224 0.8711 0.7411 0.8638 0.7314 0.8764 0.7158 0.884 0.7314 0.8764 0.7282 0.8832 0.7314 0.8764 0.7158 0.884 0.7224 0.8711 0.7282 0.8832 0.7314 0.8764 0.7336 0.8825 0.7314 0.8764 0.7411 0.8638 0.7391 0.8754 0.7336 0.8825 0.7391 0.8754 0.7347 0.8852 0.7391 0.8754 0.7336 0.8825 0.7314 0.8764 0.7282 0.8832 0.7336 0.8825 0.7296 0.8866 0.7336 0.8825 0.7347 0.8852 0.7305 0.8882 0.7296 0.8866 0.7305 0.8882 0.7286 0.8892 0.7305 0.8882 0.7296 0.8866 0.7336 0.8825 0.7282 0.8832 0.7296 0.8866 0.7232 0.8886 0.7296 0.8866 0.7286 0.8892 0.7271 0.8906 0.7232 0.8886 0.7271 0.8906 0.7222 0.8931 0.7271 0.8906 0.7232 0.8886 0.7296 0.8866 0.7282 0.8832 0.7232 0.8886 0.7158 0.884 0.7232 0.8886 0.7222 0.8931 0.7105 0.8924 0.7158 0.884 0.7105 0.8924 0.6828 0.8783 0.7105 0.8924 0.7158 0.884 0.7232 0.8886 0.6828 0.8783 0.7105 0.8924 0.7018 0.9007 0.7105 0.8924 0.7222 0.8931 0.718 0.8967 0.7018 0.9007 0.718 0.8967 0.7139 0.9029 0.718 0.8967 0.7018 0.9007 0.7105 0.8924 0.7097 0.7593 0.7309 0.7753 0.7242 0.7983 0.7309 0.7753 0.7391 0.7838 0.7391 0.7957 0.7242 0.7983 0.7391 0.7957 0.7368 0.8166 0.7391 0.7957 0.7242 0.7983 0.7309 0.7753 0.7097 0.7593 0.7242 0.7983 0.6929 0.8083 0.7242 0.7983 0.7368 0.8166 0.7185 0.8374 0.6929 0.8083 0.7185 0.8374 0.6828 0.8783 0.7185 0.8374 0.6929 0.8083 0.7242 0.7983 0.7097 0.7593 0.6929 0.8083 0.667 0.7604 0.6929 0.8083 0.6828 0.8783 0.6468 0.7996 0.667 0.7604 0.6468 0.7996 0.624 0.7484 0.6468 0.7996 0.667 0.7604 0.6929 0.8083 0.7097 0.7593 0.667 0.7604 0.6831 0.7354 0.667 0.7604 0.624 0.7484 0.6489 0.7317 0.6831 0.7354 0.6489 0.7317 0.6649 0.7212 0.6489 0.7317 0.6831 0.7354 0.667 0.7604 0.6649 0.7212 0.6489 0.7317 0.6402 0.7205 0.6489 0.7317 0.624 0.7484 0.6238 0.7291 0.6402 0.7205 0.6238 0.7291 0.6226 0.722 0.6238 0.7291 0.6402 0.7205 0.6489 0.7317 0.6226 0.722 0.6238 0.7291 0.6113 0.7289 0.6238 0.7291 0.624 0.7484 0.608 0.7351 0.6113 0.7289 0.608 0.7351 0.6026 0.7332 0.608 0.7351 0.6113 0.7289 0.6238 0.7291 0.6026 0.7332 0.608 0.7351 0.5981 0.7358 0.608 0.7351 0.624 0.7484 0.6005 0.7418 0.5981 0.7358 0.6005 0.7418 0.5939 0.7386 0.6005 0.7418 0.5981 0.7358 0.608 0.7351 0.6026 0.7332 0.5981 0.7358 0.5963 0.7342 0.5981 0.7358 0.5939 0.7386 0.5912 0.7379 0.5963 0.7342 0.5912 0.7379 0.5911 0.736 0.5912 0.7379 0.5963 0.7342 0.5981 0.7358 0.6026 0.7332 0.5963 0.7342 0.6029 0.7308 0.5963 0.7342 0.5911 0.736 0.5961 0.7324 0.6029 0.7308 0.5961 0.7324 0.6018 0.7287 0.5961 0.7324 0.6029 0.7308 0.5963 0.7342 0.6026 0.7332 0.6029 0.7308 0.6113 0.7289 0.6029 0.7308 0.6018 0.7287 0.6105 0.7256 0.6113 0.7289 0.6105 0.7256 0.6226 0.722 0.6105 0.7256 0.6113 0.7289 0.6029 0.7308 0.5721 0.783 0.5577 0.8397 0.5558 0.8363 0.5577 0.8397 0.5508 0.8728 0.5507 0.8637 0.5558 0.8363 0.5507 0.8637 0.5496 0.8624 0.5507 0.8637 0.5558 0.8363 0.5577 0.8397 0.5496 0.8624 0.5507 0.8637 0.5458 0.8751 0.5507 0.8637 0.5508 0.8728 0.5464 0.8791 0.5458 0.8751 0.5464 0.8791 0.5413 0.8736 0.5464 0.8791 0.5458 0.8751 0.5507 0.8637 0.5496 0.8624 0.5458 0.8751 0.5488 0.8595 0.5458 0.8751 0.5413 0.8736 0.5438 0.8686 0.5488 0.8595 0.5438 0.8686 0.5475 0.8551 0.5438 0.8686 0.5488 0.8595 0.5458 0.8751 0.5496 0.8624 0.5488 0.8595 0.5558 0.8363 0.5488 0.8595 0.5475 0.8551 0.5538 0.8294 0.5558 0.8363 0.5538 0.8294 0.5721 0.783 0.5538 0.8294 0.5558 0.8363 0.5488 0.8595 0.5721 0.783 0.5538 0.8294 0.5499 0.8128 0.5538 0.8294 0.5475 0.8551 0.5452 0.8463 0.5499 0.8128 0.5452 0.8463 0.5403 0.8363 0.5452 0.8463 0.5499 0.8128 0.5538 0.8294 0.5403 0.8363 0.5452 0.8463 0.5393 0.8579 0.5452 0.8463 0.5475 0.8551 0.5438 0.8686 0.5393 0.8579 0.5438 0.8686 0.5413 0.8736 0.5438 0.8686 0.5393 0.8579 0.5452 0.8463 0.5403 0.8363 0.5393 0.8579 0.5345 0.8413 0.5393 0.8579 0.5413 0.8736 0.5347 0.8575 0.5345 0.8413 0.5347 0.8575 0.5306 0.8433 0.5347 0.8575 0.5345 0.8413 0.5393 0.8579 0.5403 0.8363 0.5345 0.8413 0.5385 0.8181 0.5345 0.8413 0.5306 0.8433 0.5309 0.8276 0.5385 0.8181 0.5309 0.8276 0.5343 0.8051 0.5309 0.8276 0.5385 0.8181 0.5345 0.8413 0.5403 0.8363 0.5385 0.8181 0.5499 0.8128 0.5385 0.8181 0.5343 0.8051 0.548 0.7924 0.5499 0.8128 0.548 0.7924 0.5721 0.783 0.548 0.7924 0.5499 0.8128 0.5385 0.8181 0.9874 0.5691 0.9914 0.5748 0.9706 0.5769 0.9914 0.5748 0.9941 0.5799 0.9742 0.5835 0.9706 0.5769 0.9742 0.5835 0.9512 0.5844 0.9742 0.5835 0.9706 0.5769 0.9914 0.5748 0.9874 0.5691 0.9706 0.5769 0.9665 0.5688 0.9706 0.5769 0.9512 0.5844 0.9488 0.5753 0.9665 0.5688 0.9488 0.5753 0.9496 0.5675 0.9488 0.5753 0.9665 0.5688 0.9706 0.5769 0.9874 0.5691 0.9665 0.5688 0.9829 0.5598 0.9665 0.5688 0.9496 0.5675 0.9631 0.5595 0.9829 0.5598 0.9631 0.5595 0.9775 0.5477 0.9631 0.5595 0.9829 0.5598 0.9665 0.5688 0.9775 0.5477 0.9631 0.5595 0.9593 0.5529 0.9631 0.5595 0.9496 0.5675 0.9463 0.5614 0.9593 0.5529 0.9463 0.5614 0.9465 0.5559 0.9463 0.5614 0.9593 0.5529 0.9631 0.5595 0.9465 0.5559 0.9463 0.5614 0.9323 0.5635 0.9463 0.5614 0.9496 0.5675 0.934 0.5702 0.9323 0.5635 0.934 0.5702 0.9142 0.572 0.934 0.5702 0.9323 0.5635 0.9463 0.5614 0.9142 0.572 0.934 0.5702 0.9319 0.579 0.934 0.5702 0.9496 0.5675 0.9488 0.5753 0.9319 0.579 0.9488 0.5753 0.9512 0.5844 0.9488 0.5753 0.9319 0.579 0.934 0.5702 0.9142 0.572 0.9319 0.579 0.9197 0.5833 0.9319 0.579 0.9512 0.5844 0.9339 0.587 0.9197 0.5833 0.9339 0.587 0.9248 0.5884 0.9339 0.587 0.9197 0.5833 0.9319 0.579 0.9248 0.5884 0.9339 0.587 0.9293 0.5924 0.9339 0.587 0.9512 0.5844 0.9426 0.5925 0.9293 0.5924 0.9426 0.5925 0.9325 0.5977 0.9426 0.5925 0.9293 0.5924 0.9339 0.587 0.9248 0.5884 0.9293 0.5924 0.9155 0.5896 0.9293 0.5924 0.9325 0.5977 0.9172 0.5961 0.9155 0.5896 0.9172 0.5961 0.8975 0.5917 0.9172 0.5961 0.9155 0.5896 0.9293 0.5924 0.8975 0.5917 0.9172 0.5961 0.9006 0.5999 0.9172 0.5961 0.9325 0.5977 0.9178 0.6023 0.9006 0.5999 0.9178 0.6023 0.9002 0.6061 0.9178 0.6023 0.9006 0.5999 0.9172 0.5961 0.8975 0.5917 0.9006 0.5999 0.88 0.5966 0.9006 0.5999 0.9002 0.6061 0.882 0.6025 0.88 0.5966 0.882 0.6025 0.8667 0.5992 0.882 0.6025 0.88 0.5966 0.9006 0.5999 0.8975 0.5917 0.88 0.5966 0.8729 0.5895 0.88 0.5966 0.8667 0.5992 0.8598 0.5945 0.8729 0.5895 0.8598 0.5945 0.8496 0.5866 0.8598 0.5945 0.8729 0.5895 0.88 0.5966 0.8496 0.5866 0.8598 0.5945 0.8432 0.5938 0.8598 0.5945 0.8667 0.5992 0.8526 0.599 0.8432 0.5938 0.8526 0.599 0.8377 0.5982 0.8526 0.599 0.8432 0.5938 0.8598 0.5945 0.8496 0.5866 0.8432 0.5938 0.8317 0.5858 0.8432 0.5938 0.8377 0.5982 0.8269 0.5922 0.8317 0.5858 0.8269 0.5922 0.8136 0.5828 0.8269 0.5922 0.8317 0.5858 0.8432 0.5938 0.8136 0.5828 0.8269 0.5922 0.808 0.5892 0.8269 0.5922 0.8377 0.5982 0.8196 0.5953 0.808 0.5892 0.8196 0.5953 0.8023 0.5924 0.8196 0.5953 0.808 0.5892 0.8269 0.5922 0.9577 0.5402 0.9753 0.5346 0.9713 0.5417 0.9753 0.5346 0.9875 0.5267 0.9843 0.5355 0.9713 0.5417 0.9843 0.5355 0.9775 0.5477 0.9843 0.5355 0.9713 0.5417 0.9753 0.5346 0.9577 0.5402 0.9713 0.5417 0.9584 0.5448 0.9713 0.5417 0.9775 0.5477 0.9635 0.5468 0.9584 0.5448 0.9635 0.5468 0.9546 0.5471 0.9635 0.5468 0.9584 0.5448 0.9713 0.5417 0.9546 0.5471 0.9635 0.5468 0.9535 0.5499 0.9635 0.5468 0.9775 0.5477 0.9593 0.5529 0.9535 0.5499 0.9593 0.5529 0.9465 0.5559 0.9593 0.5529 0.9535 0.5499 0.9635 0.5468 0.9546 0.5471 0.9535 0.5499 0.9474 0.5495 0.9535 0.5499 0.9465 0.5559 0.9449 0.5525 0.9474 0.5495 0.9449 0.5525 0.943 0.5515 0.9449 0.5525 0.9474 0.5495 0.9535 0.5499 0.943 0.5515 0.9449 0.5525 0.9388 0.5541 0.9449 0.5525 0.9465 0.5559 0.9368 0.5576 0.9388 0.5541 0.9368 0.5576 0.9311 0.5579 0.9368 0.5576 0.9388 0.5541 0.9449 0.5525 0.9311 0.5579 0.9368 0.5576 0.9235 0.5628 0.9368 0.5576 0.9465 0.5559 0.9323 0.5635 0.9235 0.5628 0.9323 0.5635 0.9142 0.572 0.9323 0.5635 0.9235 0.5628 0.9368 0.5576 0.9311 0.5579 0.9235 0.5628 0.9218 0.5597 0.9235 0.5628 0.9142 0.572 0.9113 0.5638 0.9218 0.5597 0.9113 0.5638 0.9123 0.5595 0.9113 0.5638 0.9218 0.5597 0.9235 0.5628 0.9311 0.5579 0.9218 0.5597 0.9328 0.5555 0.9218 0.5597 0.9123 0.5595 0.9231 0.5566 0.9328 0.5555 0.9231 0.5566 0.9334 0.5514 0.9231 0.5566 0.9328 0.5555 0.9218 0.5597 0.9311 0.5579 0.9328 0.5555 0.9388 0.5541 0.9328 0.5555 0.9334 0.5514 0.9412 0.5517 0.9388 0.5541 0.9412 0.5517 0.943 0.5515 0.9412 0.5517 0.9388 0.5541 0.9328 0.5555 0.943 0.5515 0.9412 0.5517 0.9474 0.5495 0.9412 0.5517 0.9334 0.5514 0.9477 0.5483 0.9474 0.5495 0.9477 0.5483 0.9546 0.5471 0.9477 0.5483 0.9474 0.5495 0.9412 0.5517 0.9546 0.5471 0.9477 0.5483 0.9584 0.5448 0.9477 0.5483 0.9334 0.5514 0.9411 0.5449 0.9584 0.5448 0.9411 0.5449 0.9577 0.5402 0.9411 0.5449 0.9584 0.5448 0.9477 0.5483 0.9248 0.5884 0.9155 0.5896 0.9197 0.5833 0.9155 0.5896 0.8975 0.5917 0.904 0.5826 0.9197 0.5833 0.904 0.5826 0.9142 0.572 0.904 0.5826 0.9197 0.5833 0.9155 0.5896 0.9142 0.572 0.904 0.5826 0.895 0.5742 0.904 0.5826 0.8975 0.5917 0.8857 0.5829 0.895 0.5742 0.8857 0.5829 0.8787 0.5749 0.8857 0.5829 0.895 0.5742 0.904 0.5826 0.8787 0.5749 0.8857 0.5829 0.8653 0.5816 0.8857 0.5829 0.8975 0.5917 0.8729 0.5895 0.8653 0.5816 0.8729 0.5895 0.8496 0.5866 0.8729 0.5895 0.8653 0.5816 0.8857 0.5829 0.8787 0.5749 0.8653 0.5816 0.8625 0.5742 0.8653 0.5816 0.8496 0.5866 0.8476 0.5774 0.8625 0.5742 0.8476 0.5774 0.8486 0.5704 0.8476 0.5774 0.8625 0.5742 0.8653 0.5816 0.8486 0.5704 0.8476 0.5774 0.8343 0.5693 0.8476 0.5774 0.8496 0.5866 0.8334 0.5773 0.8343 0.5693 0.8334 0.5773 0.8234 0.5683 0.8334 0.5773 0.8343 0.5693 0.8476 0.5774 0.8234 0.5683 0.8334 0.5773 0.8199 0.5749 0.8334 0.5773 0.8496 0.5866 0.8317 0.5858 0.8199 0.5749 0.8317 0.5858 0.8136 0.5828 0.8317 0.5858 0.8199 0.5749 0.8334 0.5773 0.8234 0.5683 0.8199 0.5749 0.8131 0.5635 0.8199 0.5749 0.8136 0.5828 0.8055 0.57 0.8131 0.5635 0.8055 0.57 0.7962 0.5553 0.8055 0.57 0.8131 0.5635 0.8199 0.5749 0.8234 0.5683 0.8131 0.5635 0.824 0.5608 0.8131 0.5635 0.7962 0.5553 0.8152 0.5546 0.824 0.5608 0.8152 0.5546 0.8306 0.5547 0.8152 0.5546 0.824 0.5608 0.8131 0.5635 0.8306 0.5547 0.8152 0.5546 0.8214 0.5491 0.8152 0.5546 0.7962 0.5553 0.8082 0.5466 0.8214 0.5491 0.8082 0.5466 0.8159 0.5436 0.8082 0.5466 0.8214 0.5491 0.8152 0.5546 0.8306 0.5547 0.8214 0.5491 0.8292 0.5493 0.8214 0.5491 0.8159 0.5436 0.8245 0.5455 0.8292 0.5493 0.8245 0.5455 0.8316 0.5456 0.8245 0.5455 0.8292 0.5493 0.8214 0.5491 0.8306 0.5547 0.8292 0.5493 0.8365 0.5531 0.8292 0.5493 0.8316 0.5456 0.837 0.5479 0.8365 0.5531 0.837 0.5479 0.8455 0.5523 0.837 0.5479 0.8365 0.5531 0.8292 0.5493 0.8306 0.5547 0.8365 0.5531 0.8455 0.5576 0.8365 0.5531 0.8455 0.5523 0.8487 0.557 0.8455 0.5576 0.8487 0.557 0.8539 0.5594 0.8487 0.557 0.8455 0.5576 0.8365 0.5531 0.8539 0.5594 0.8487 0.557 0.8593 0.5597 0.8487 0.557 0.8455 0.5523 0.8581 0.5567 0.8593 0.5597 0.8581 0.5567 0.8663 0.5592 0.8581 0.5567 0.8593 0.5597 0.8487 0.557 0.8539 0.5594 0.8593 0.5597 0.8564 0.5608 0.8593 0.5597 0.8663 0.5592 0.8645 0.5615 0.8564 0.5608 0.8645 0.5615 0.8579 0.5628 0.8645 0.5615 0.8564 0.5608 0.8593 0.5597 0.8539 0.5594 0.8564 0.5608 0.8455 0.5576 0.8564 0.5608 0.8579 0.5628 0.8465 0.5604 0.8455 0.5576 0.8465 0.5604 0.8306 0.5547 0.8465 0.5604 0.8455 0.5576 0.8564 0.5608 0.8306 0.5547 0.8465 0.5604 0.838 0.563 0.8465 0.5604 0.8579 0.5628 0.853 0.5653 0.838 0.563 0.853 0.5653 0.8486 0.5704 0.853 0.5653 0.838 0.563 0.8465 0.5604 0.8306 0.5547 0.838 0.563 0.824 0.5608 0.838 0.563 0.8486 0.5704 0.8343 0.5693 0.824 0.5608 0.8343 0.5693 0.8234 0.5683 0.8343 0.5693 0.824 0.5608 0.838 0.563 0.8975 0.5605 0.9022 0.5576 0.9046 0.5604 0.9022 0.5576 0.9047 0.5567 0.9068 0.5575 0.9046 0.5604 0.9068 0.5575 0.9123 0.5595 0.9068 0.5575 0.9046 0.5604 0.9022 0.5576 0.8975 0.5605 0.9046 0.5604 0.9015 0.566 0.9046 0.5604 0.9123 0.5595 0.9113 0.5638 0.9015 0.566 0.9113 0.5638 0.9142 0.572 0.9113 0.5638 0.9015 0.566 0.9046 0.5604 0.8975 0.5605 0.9015 0.566 0.8897 0.5673 0.9015 0.566 0.9142 0.572 0.895 0.5742 0.8897 0.5673 0.895 0.5742 0.8787 0.5749 0.895 0.5742 0.8897 0.5673 0.9015 0.566 0.8975 0.5605 0.8897 0.5673 0.8877 0.5627 0.8897 0.5673 0.8787 0.5749 0.8768 0.5687 0.8877 0.5627 0.8768 0.5687 0.8766 0.5643 0.8768 0.5687 0.8877 0.5627 0.8897 0.5673 0.8766 0.5643 0.8768 0.5687 0.8639 0.5685 0.8768 0.5687 0.8787 0.5749 0.8625 0.5742 0.8639 0.5685 0.8625 0.5742 0.8486 0.5704 0.8625 0.5742 0.8639 0.5685 0.8768 0.5687 0.8766 0.5643 0.8639 0.5685 0.8657 0.5642 0.8639 0.5685 0.8486 0.5704 0.853 0.5653 0.8657 0.5642 0.853 0.5653 0.8579 0.5628 0.853 0.5653 0.8657 0.5642 0.8639 0.5685 0.8766 0.5643 0.8657 0.5642 0.8732 0.5611 0.8657 0.5642 0.8579 0.5628 0.8645 0.5615 0.8732 0.5611 0.8645 0.5615 0.8663 0.5592 0.8645 0.5615 0.8732 0.5611 0.8657 0.5642 0.8766 0.5643 0.8732 0.5611 0.8838 0.5601 0.8732 0.5611 0.8663 0.5592 0.8729 0.5578 0.8838 0.5601 0.8729 0.5578 0.883 0.5557 0.8729 0.5578 0.8838 0.5601 0.8732 0.5611 0.8766 0.5643 0.8838 0.5601 0.8877 0.5627 0.8838 0.5601 0.883 0.5557 0.8927 0.5587 0.8877 0.5627 0.8927 0.5587 0.8975 0.5605 0.8927 0.5587 0.8877 0.5627 0.8838 0.5601 0.8975 0.5605 0.8927 0.5587 0.8982 0.5577 0.8927 0.5587 0.883 0.5557 0.8908 0.5546 0.8982 0.5577 0.8908 0.5546 0.8968 0.5553 0.8908 0.5546 0.8982 0.5577 0.8927 0.5587</float_array>
                    <technique_common>
                        <accessor count="15360" source="#shape0-lib-map-array" stride="2">
                            <param name="U" type="float"/>
                            <param name="V" type="float"/>
                        </accessor>
                    </technique_common>
                </source>
                <vertices id="shape0-lib-vertices">
                    <input semantic="POSITION" source="#shape0-lib-positions"/>
                </vertices>
                <triangles count="5120" material="material0">
                    <input offset="0" semantic="VERTEX" source="#shape0-lib-vertices"/>
                    <input offset="1" semantic="NORMAL" source="#shape0-lib-normals"/>
                    <input offset="2" semantic="TEXCOORD" source="#shape0-lib-map"/>
                    <p>151 0 0 642 0 1 644 0 2 642 1 3 629 1 4 643 1 5 644 2 6 643 2 7 400 2 8 643 3 9 644 3 10 642 3 11 151 4 12 644 4 13 646 4 14 644 5 15 400 5 16 645 5 17 646 6 18 645 6 19 271 6 20 645 7 21 646 7 22 644 7 23 271 8 24 645 8 25 648 8 26 645 9 27 400 9 28 647 9 29 648 10 30 647 10 31 376 10 32 647 11 33 648 11 34 645 11 35 271 12 36 648 12 37 650 12 38 648 13 39 376 13 40 649 13 41 650 14 42 649 14 43 217 14 44 649 15 45 650 15 46 648 15 47 217 16 48 649 16 49 652 16 50 649 17 51 376 17 52 651 17 53 652 18 54 651 18 55 576 18 56 651 19 57 652 19 58 649 19 59 217 20 60 652 20 61 654 20 62 652 21 63 576 21 64 653 21 65 654 22 66 653 22 67 203 22 68 653 23 69 654 23 70 652 23 71 217 24 72 654 24 73 656 24 74 654 25 75 203 25 76 655 25 77 656 26 78 655 26 79 31 26 80 655 27 81 656 27 82 654 27 83 217 28 84 656 28 85 650 28 86 656 29 87 31 29 88 657 29 89 650 30 90 657 30 91 271 30 92 657 31 93 650 31 94 656 31 95 271 32 96 657 32 97 659 32 98 657 33 99 31 33 100 658 33 101 659 34 102 658 34 103 558 34 104 658 35 105 659 35 106 657 35 107 558 36 108 658 36 109 661 36 110 658 37 111 31 37 112 660 37 113 661 38 114 660 38 115 204 38 116 660 39 117 661 39 118 658 39 119 204 40 120 660 40 121 662 40 122 660 41 123 31 41 124 655 41 125 662 42 126 655 42 127 203 42 128 655 43 129 662 43 130 660 43 131 204 44 132 662 44 133 664 44 134 662 45 135 203 45 136 663 45 137 664 46 138 663 46 139 628 46 140 663 47 141 664 47 142 662 47 143 204 48 144 664 48 145 666 48 146 664 49 147 628 49 148 665 49 149 666 50 150 665 50 151 355 50 152 665 51 153 666 51 154 664 51 155 204 52 156 666 52 157 661 52 158 666 53 159 355 53 160 667 53 161 661 54 162 667 54 163 558 54 164 667 55 165 661 55 166 666 55 167 558 56 168 667 56 169 669 56 170 667 57 171 355 57 172 668 57 173 669 58 174 668 58 175 79 58 176 668 59 177 669 59 178 667 59 179 79 60 180 668 60 181 671 60 182 668 61 183 355 61 184 670 61 185 671 62 186 670 62 187 32 62 188 670 63 189 671 63 190 668 63 191 79 64 192 671 64 193 673 64 194 671 65 195 32 65 196 672 65 197 673 66 198 672 66 199 85 66 200 672 67 201 673 67 202 671 67 203 79 68 204 673 68 205 675 68 206 673 69 207 85 69 208 674 69 209 675 70 210 674 70 211 377 70 212 674 71 213 675 71 214 673 71 215 377 72 216 674 72 217 677 72 218 674 73 219 85 73 220 676 73 221 677 74 222 676 74 223 227 74 224 676 75 225 677 75 226 674 75 227 377 76 228 677 76 229 679 76 230 677 77 231 227 77 232 678 77 233 679 78 234 678 78 235 226 78 236 678 79 237 679 79 238 677 79 239 377 80 240 679 80 241 681 80 242 679 81 243 226 81 244 680 81 245 681 82 246 680 82 247 78 82 248 680 83 249 681 83 250 679 83 251 377 84 252 681 84 253 675 84 254 681 85 255 78 85 256 682 85 257 675 86 258 682 86 259 79 86 260 682 87 261 675 87 262 681 87 263 79 88 264 682 88 265 684 88 266 682 89 267 78 89 268 683 89 269 684 90 270 683 90 271 150 90 272 683 91 273 684 91 274 682 91 275 150 92 276 683 92 277 686 92 278 683 93 279 78 93 280 685 93 281 686 94 282 685 94 283 258 94 284 685 95 285 686 95 286 683 95 287 258 96 288 685 96 289 688 96 290 685 97 291 78 97 292 687 97 293 688 98 294 687 98 295 289 98 296 687 99 297 688 99 298 685 99 299 258 100 300 688 100 301 690 100 302 688 101 303 289 101 304 689 101 305 690 102 306 689 102 307 337 102 308 689 103 309 690 103 310 688 103 311 337 104 312 689 104 313 692 104 314 689 105 315 289 105 316 691 105 317 692 106 318 691 106 319 429 106 320 691 107 321 692 107 322 689 107 323 337 108 324 692 108 325 694 108 326 692 109 327 429 109 328 693 109 329 694 110 330 693 110 331 341 110 332 693 111 333 694 111 334 692 111 335 341 112 336 693 112 337 696 112 338 693 113 339 429 113 340 695 113 341 696 114 342 695 114 343 118 114 344 695 115 345 696 115 346 693 115 347 341 116 348 696 116 349 698 116 350 696 117 351 118 117 352 697 117 353 698 118 354 697 118 355 575 118 356 697 119 357 698 119 358 696 119 359 575 120 360 697 120 361 700 120 362 697 121 363 118 121 364 699 121 365 700 122 366 699 122 367 477 122 368 699 123 369 700 123 370 697 123 371 161 124 372 701 124 373 703 124 374 701 125 375 555 125 376 702 125 377 703 126 378 702 126 379 575 126 380 702 127 381 703 127 382 701 127 383 575 128 384 702 128 385 705 128 386 702 129 387 555 129 388 704 129 389 705 130 390 704 130 391 418 130 392 704 131 393 705 131 394 702 131 395 575 132 396 705 132 397 698 132 398 705 133 399 418 133 400 706 133 401 698 134 402 706 134 403 341 134 404 706 135 405 698 135 406 705 135 407 341 136 408 706 136 409 694 136 410 706 137 411 418 137 412 707 137 413 694 138 414 707 138 415 337 138 416 707 139 417 694 139 418 706 139 419 337 140 420 707 140 421 709 140 422 707 141 423 418 141 424 708 141 425 709 142 426 708 142 427 201 142 428 708 143 429 709 143 430 707 143 431 337 144 432 709 144 433 690 144 434 709 145 435 201 145 436 710 145 437 690 146 438 710 146 439 258 146 440 710 147 441 690 147 442 709 147 443 258 148 444 710 148 445 712 148 446 710 149 447 201 149 448 711 149 449 712 150 450 711 150 451 442 150 452 711 151 453 712 151 454 710 151 455 442 152 456 711 152 457 714 152 458 711 153 459 201 153 460 713 153 461 714 154 462 713 154 463 600 154 464 713 155 465 714 155 466 711 155 467 600 156 468 713 156 469 715 156 470 713 157 471 201 157 472 708 157 473 715 158 474 708 158 475 418 158 476 708 159 477 715 159 478 713 159 479 600 160 480 715 160 481 716 160 482 715 161 483 418 161 484 704 161 485 716 162 486 704 162 487 555 162 488 704 163 489 716 163 490 715 163 491 600 164 492 716 164 493 718 164 494 716 165 495 555 165 496 717 165 497 718 166 498 717 166 499 441 166 500 717 167 501 718 167 502 716 167 503 441 168 504 717 168 505 720 168 506 717 169 507 555 169 508 719 169 509 720 170 510 719 170 511 374 170 512 719 171 513 720 171 514 717 171 515 441 172 516 720 172 517 722 172 518 720 173 519 374 173 520 721 173 521 722 174 522 721 174 523 84 174 524 721 175 525 722 175 526 720 175 527 441 176 528 722 176 529 724 176 530 722 177 531 84 177 532 723 177 533 724 178 534 723 178 535 482 178 536 723 179 537 724 179 538 722 179 539 441 180 540 724 180 541 726 180 542 724 181 543 482 181 544 725 181 545 726 182 546 725 182 547 443 182 548 725 183 549 726 183 550 724 183 551 441 184 552 726 184 553 718 184 554 726 185 555 443 185 556 727 185 557 718 186 558 727 186 559 600 186 560 727 187 561 718 187 562 726 187 563 600 188 564 727 188 565 729 188 566 727 189 567 443 189 568 728 189 569 729 190 570 728 190 571 154 190 572 728 191 573 729 191 574 727 191 575 600 192 576 729 192 577 714 192 578 729 193 579 154 193 580 730 193 581 714 194 582 730 194 583 442 194 584 730 195 585 714 195 586 729 195 587 442 196 588 730 196 589 732 196 590 730 197 591 154 197 592 731 197 593 732 198 594 731 198 595 483 198 596 731 199 597 732 199 598 730 199 599 442 200 600 732 200 601 712 200 602 732 201 603 483 201 604 733 201 605 712 202 606 733 202 607 258 202 608 733 203 609 712 203 610 732 203 611 258 204 612 733 204 613 686 204 614 733 205 615 483 205 616 734 205 617 686 206 618 734 206 619 150 206 620 734 207 621 686 207 622 733 207 623 150 208 624 734 208 625 736 208 626 734 209 627 483 209 628 735 209 629 736 210 630 735 210 631 257 210 632 735 211 633 736 211 634 734 211 635 257 212 636 735 212 637 738 212 638 735 213 639 483 213 640 737 213 641 738 214 642 737 214 643 322 214 644 737 215 645 738 215 646 735 215 647 322 216 648 737 216 649 739 216 650 737 217 651 483 217 652 731 217 653 739 218 654 731 218 655 154 218 656 731 219 657 739 219 658 737 219 659 322 220 660 739 220 661 741 220 662 739 221 663 154 221 664 740 221 665 741 222 666 740 222 667 484 222 668 740 223 669 741 223 670 739 223 671 484 224 672 740 224 673 743 224 674 740 225 675 154 225 676 742 225 677 743 226 678 742 226 679 77 226 680 742 227 681 743 227 682 740 227 683 77 228 684 742 228 685 745 228 686 742 229 687 154 229 688 744 229 689 745 230 690 744 230 691 486 230 692 744 231 693 745 231 694 742 231 695 486 232 696 744 232 697 746 232 698 744 233 699 154 233 700 728 233 701 746 234 702 728 234 703 443 234 704 728 235 705 746 235 706 744 235 707 486 236 708 746 236 709 748 236 710 746 237 711 443 237 712 747 237 713 748 238 714 747 238 715 378 238 716 747 239 717 748 239 718 746 239 719 378 240 720 747 240 721 749 240 722 747 241 723 443 241 724 725 241 725 749 242 726 725 242 727 482 242 728 725 243 729 749 243 730 747 243 731 378 244 732 749 244 733 751 244 734 749 245 735 482 245 736 750 245 737 751 246 738 750 246 739 533 246 740 750 247 741 751 247 742 749 247 743 378 248 744 751 248 745 753 248 746 751 249 747 533 249 748 752 249 749 753 250 750 752 250 751 82 250 752 752 251 753 753 251 754 751 251 755 378 252 756 753 252 757 755 252 758 753 253 759 82 253 760 754 253 761 755 254 762 754 254 763 287 254 764 754 255 765 755 255 766 753 255 767 378 256 768 755 256 769 757 256 770 755 257 771 287 257 772 756 257 773 757 258 774 756 258 775 286 258 776 756 259 777 757 259 778 755 259 779 378 260 780 757 260 781 748 260 782 757 261 783 286 261 784 758 261 785 748 262 786 758 262 787 486 262 788 758 263 789 748 263 790 757 263 791 486 264 792 758 264 793 760 264 794 758 265 795 286 265 796 759 265 797 760 266 798 759 266 799 444 266 800 759 267 801 760 267 802 758 267 803 444 268 804 759 268 805 762 268 806 759 269 807 286 269 808 761 269 809 762 270 810 761 270 811 218 270 812 761 271 813 762 271 814 759 271 815 444 272 816 763 272 817 765 272 818 763 273 819 525 273 820 764 273 821 765 274 822 764 274 823 602 274 824 764 275 825 765 275 826 763 275 827 444 276 828 765 276 829 760 276 830 765 277 831 602 277 832 766 277 833 760 278 834 766 278 835 486 278 836 766 279 837 760 279 838 765 279 839 486 280 840 766 280 841 768 280 842 766 281 843 602 281 844 767 281 845 768 282 846 767 282 847 485 282 848 767 283 849 768 283 850 766 283 851 485 284 852 767 284 853 770 284 854 767 285 855 602 285 856 769 285 857 770 286 858 769 286 859 561 286 860 769 287 861 770 287 862 767 287 863 485 288 864 770 288 865 772 288 866 770 289 867 561 289 868 771 289 869 772 290 870 771 290 871 560 290 872 771 291 873 772 291 874 770 291 875 560 292 876 771 292 877 774 292 878 771 293 879 561 293 880 773 293 881 774 294 882 773 294 883 445 294 884 773 295 885 774 295 886 771 295 887 488 296 888 775 296 889 777 296 890 775 297 891 382 297 892 776 297 893 777 298 894 776 298 895 432 298 896 776 299 897 777 299 898 775 299 899 488 300 900 777 300 901 779 300 902 777 301 903 432 301 904 778 301 905 779 302 906 778 302 907 72 302 908 778 303 909 779 303 910 777 303 911 488 304 912 779 304 913 781 304 914 779 305 915 72 305 916 780 305 917 781 306 918 780 306 919 419 306 920 780 307 921 781 307 922 779 307 923 419 308 924 780 308 925 783 308 926 780 309 927 72 309 928 782 309 929 783 310 930 782 310 931 182 310 932 782 311 933 783 311 934 780 311 935 419 312 936 783 312 937 785 312 938 783 313 939 182 313 940 784 313 941 785 314 942 784 314 943 485 314 944 784 315 945 785 315 946 783 315 947 485 316 948 784 316 949 768 316 950 784 317 951 182 317 952 786 317 953 768 318 954 786 318 955 486 318 956 786 319 957 768 319 958 784 319 959 486 320 960 786 320 961 745 320 962 786 321 963 182 321 964 787 321 965 745 322 966 787 322 967 77 322 968 787 323 969 745 323 970 786 323 971 77 324 972 787 324 973 743 324 974 787 325 975 182 325 976 788 325 977 743 326 978 788 326 979 484 326 980 788 327 981 743 327 982 787 327 983 484 328 984 788 328 985 789 328 986 788 329 987 182 329 988 782 329 989 789 330 990 782 330 991 72 330 992 782 331 993 789 331 994 788 331 995 484 332 996 789 332 997 790 332 998 789 333 999 72 333 1000 778 333 1001 790 334 1002 778 334 1003 432 334 1004 778 335 1005 790 335 1006 789 335 1007 484 336 1008 790 336 1009 741 336 1010 790 337 1011 432 337 1012 791 337 1013 741 338 1014 791 338 1015 322 338 1016 791 339 1017 741 339 1018 790 339 1019 322 340 1020 791 340 1021 793 340 1022 791 341 1023 432 341 1024 792 341 1025 793 342 1026 792 342 1027 568 342 1028 792 343 1029 793 343 1030 791 343 1031 322 344 1032 793 344 1033 738 344 1034 793 345 1035 568 345 1036 794 345 1037 738 346 1038 794 346 1039 257 346 1040 794 347 1041 738 347 1042 793 347 1043 257 348 1044 794 348 1045 796 348 1046 794 349 1047 568 349 1048 795 349 1049 796 350 1050 795 350 1051 603 350 1052 795 351 1053 796 351 1054 794 351 1055 603 352 1056 795 352 1057 798 352 1058 795 353 1059 568 353 1060 797 353 1061 798 354 1062 797 354 1063 387 354 1064 797 355 1065 798 355 1066 795 355 1067 387 356 1068 797 356 1069 800 356 1070 797 357 1071 568 357 1072 799 357 1073 800 358 1074 799 358 1075 65 358 1076 799 359 1077 800 359 1078 797 359 1079 603 360 1080 798 360 1081 802 360 1082 798 361 1083 387 361 1084 801 361 1085 802 362 1086 801 362 1087 386 362 1088 801 363 1089 802 363 1090 798 363 1091 603 364 1092 802 364 1093 804 364 1094 802 365 1095 386 365 1096 803 365 1097 804 366 1098 803 366 1099 336 366 1100 803 367 1101 804 367 1102 802 367 1103 336 368 1104 803 368 1105 806 368 1106 803 369 1107 386 369 1108 805 369 1109 806 370 1110 805 370 1111 141 370 1112 805 371 1113 806 371 1114 803 371 1115 141 372 1116 805 372 1117 808 372 1118 805 373 1119 386 373 1120 807 373 1121 808 374 1122 807 374 1123 67 374 1124 807 375 1125 808 375 1126 805 375 1127 141 376 1128 808 376 1129 810 376 1130 808 377 1131 67 377 1132 809 377 1133 810 378 1134 809 378 1135 282 378 1136 809 379 1137 810 379 1138 808 379 1139 282 380 1140 809 380 1141 812 380 1142 809 381 1143 67 381 1144 811 381 1145 812 382 1146 811 382 1147 194 382 1148 811 383 1149 812 383 1150 809 383 1151 282 384 1152 812 384 1153 814 384 1154 812 385 1155 194 385 1156 813 385 1157 814 386 1158 813 386 1159 142 386 1160 813 387 1161 814 387 1162 812 387 1163 142 388 1164 813 388 1165 816 388 1166 813 389 1167 194 389 1168 815 389 1169 816 390 1170 815 390 1171 585 390 1172 815 391 1173 816 391 1174 813 391 1175 142 392 1176 816 392 1177 818 392 1178 816 393 1179 585 393 1180 817 393 1181 818 394 1182 817 394 1183 107 394 1184 817 395 1185 818 395 1186 816 395 1187 142 396 1188 818 396 1189 820 396 1190 818 397 1191 107 397 1192 819 397 1193 820 398 1194 819 398 1195 567 398 1196 819 399 1197 820 399 1198 818 399 1199 142 400 1200 820 400 1201 822 400 1202 820 401 1203 567 401 1204 821 401 1205 822 402 1206 821 402 1207 139 402 1208 821 403 1209 822 403 1210 820 403 1211 139 404 1212 821 404 1213 824 404 1214 821 405 1215 567 405 1216 823 405 1217 824 406 1218 823 406 1219 566 406 1220 823 407 1221 824 407 1222 821 407 1223 139 408 1224 824 408 1225 826 408 1226 824 409 1227 566 409 1228 825 409 1229 826 410 1230 825 410 1231 151 410 1232 825 411 1233 826 411 1234 824 411 1235 139 412 1236 826 412 1237 828 412 1238 826 413 1239 151 413 1240 827 413 1241 828 414 1242 827 414 1243 140 414 1244 827 415 1245 828 415 1246 826 415 1247 139 416 1248 828 416 1249 822 416 1250 828 417 1251 140 417 1252 829 417 1253 822 418 1254 829 418 1255 142 418 1256 829 419 1257 822 419 1258 828 419 1259 142 420 1260 829 420 1261 831 420 1262 829 421 1263 140 421 1264 830 421 1265 831 422 1266 830 422 1267 307 422 1268 830 423 1269 831 423 1270 829 423 1271 307 424 1272 830 424 1273 833 424 1274 830 425 1275 140 425 1276 832 425 1277 833 426 1278 832 426 1279 222 426 1280 832 427 1281 833 427 1282 830 427 1283 222 428 1284 832 428 1285 835 428 1286 832 429 1287 140 429 1288 834 429 1289 835 430 1290 834 430 1291 225 430 1292 834 431 1293 835 431 1294 832 431 1295 225 432 1296 834 432 1297 836 432 1298 834 433 1299 140 433 1300 827 433 1301 836 434 1302 827 434 1303 151 434 1304 827 435 1305 836 435 1306 834 435 1307 225 436 1308 836 436 1309 837 436 1310 836 437 1311 151 437 1312 646 437 1313 837 438 1314 646 438 1315 271 438 1316 646 439 1317 837 439 1318 836 439 1319 225 440 1320 837 440 1321 838 440 1322 837 441 1323 271 441 1324 659 441 1325 838 442 1326 659 442 1327 558 442 1328 659 443 1329 838 443 1330 837 443 1331 225 444 1332 838 444 1333 839 444 1334 838 445 1335 558 445 1336 669 445 1337 839 446 1338 669 446 1339 79 446 1340 669 447 1341 839 447 1342 838 447 1343 225 448 1344 839 448 1345 841 448 1346 839 449 1347 79 449 1348 840 449 1349 841 450 1350 840 450 1351 381 450 1352 840 451 1353 841 451 1354 839 451 1355 225 452 1356 841 452 1357 835 452 1358 841 453 1359 381 453 1360 842 453 1361 835 454 1362 842 454 1363 222 454 1364 842 455 1365 835 455 1366 841 455 1367 222 456 1368 842 456 1369 844 456 1370 842 457 1371 381 457 1372 843 457 1373 844 458 1374 843 458 1375 559 458 1376 843 459 1377 844 459 1378 842 459 1379 222 460 1380 844 460 1381 833 460 1382 844 461 1383 559 461 1384 845 461 1385 833 462 1386 845 462 1387 307 462 1388 845 463 1389 833 463 1390 844 463 1391 307 464 1392 845 464 1393 847 464 1394 845 465 1395 559 465 1396 846 465 1397 847 466 1398 846 466 1399 304 466 1400 846 467 1401 847 467 1402 845 467 1403 307 468 1404 847 468 1405 831 468 1406 847 469 1407 304 469 1408 848 469 1409 831 470 1410 848 470 1411 142 470 1412 848 471 1413 831 471 1414 847 471 1415 142 472 1416 848 472 1417 814 472 1418 848 473 1419 304 473 1420 849 473 1421 814 474 1422 849 474 1423 282 474 1424 849 475 1425 814 475 1426 848 475 1427 282 476 1428 849 476 1429 810 476 1430 849 477 1431 304 477 1432 850 477 1433 810 478 1434 850 478 1435 141 478 1436 850 479 1437 810 479 1438 849 479 1439 141 480 1440 850 480 1441 852 480 1442 850 481 1443 304 481 1444 851 481 1445 852 482 1446 851 482 1447 184 482 1448 851 483 1449 852 483 1450 850 483 1451 184 484 1452 851 484 1453 853 484 1454 851 485 1455 304 485 1456 846 485 1457 853 486 1458 846 486 1459 559 486 1460 846 487 1461 853 487 1462 851 487 1463 184 488 1464 853 488 1465 854 488 1466 853 489 1467 559 489 1468 843 489 1469 854 490 1470 843 490 1471 381 490 1472 843 491 1473 854 491 1474 853 491 1475 184 492 1476 854 492 1477 856 492 1478 854 493 1479 381 493 1480 855 493 1481 856 494 1482 855 494 1483 152 494 1484 855 495 1485 856 495 1486 854 495 1487 152 496 1488 855 496 1489 857 496 1490 855 497 1491 381 497 1492 840 497 1493 857 498 1494 840 498 1495 79 498 1496 840 499 1497 857 499 1498 855 499 1499 152 500 1500 857 500 1501 859 500 1502 857 501 1503 79 501 1504 858 501 1505 859 502 1506 858 502 1507 76 502 1508 858 503 1509 859 503 1510 857 503 1511 76 504 1512 858 504 1513 860 504 1514 858 505 1515 79 505 1516 684 505 1517 860 506 1518 684 506 1519 150 506 1520 684 507 1521 860 507 1522 858 507 1523 76 508 1524 860 508 1525 861 508 1526 860 509 1527 150 509 1528 736 509 1529 861 510 1530 736 510 1531 257 510 1532 736 511 1533 861 511 1534 860 511 1535 76 512 1536 861 512 1537 862 512 1538 861 513 1539 257 513 1540 796 513 1541 862 514 1542 796 514 1543 603 514 1544 796 515 1545 862 515 1546 861 515 1547 76 516 1548 862 516 1549 864 516 1550 862 517 1551 603 517 1552 863 517 1553 864 518 1554 863 518 1555 184 518 1556 863 519 1557 864 519 1558 862 519 1559 76 520 1560 864 520 1561 859 520 1562 864 521 1563 184 521 1564 856 521 1565 859 522 1566 856 522 1567 152 522 1568 856 523 1569 859 523 1570 864 523 1571 603 524 1572 804 524 1573 863 524 1574 804 525 1575 336 525 1576 865 525 1577 863 526 1578 865 526 1579 184 526 1580 865 527 1581 863 527 1582 804 527 1583 184 528 1584 865 528 1585 852 528 1586 865 529 1587 336 529 1588 806 529 1589 852 530 1590 806 530 1591 141 530 1592 806 531 1593 852 531 1594 865 531 1595 32 532 1596 670 532 1597 867 532 1598 670 533 1599 355 533 1600 866 533 1601 867 534 1602 866 534 1603 186 534 1604 866 535 1605 867 535 1606 670 535 1607 186 536 1608 866 536 1609 868 536 1610 866 537 1611 355 537 1612 665 537 1613 868 538 1614 665 538 1615 628 538 1616 665 539 1617 868 539 1618 866 539 1619 186 540 1620 868 540 1621 870 540 1622 868 541 1623 628 541 1624 869 541 1625 870 542 1626 869 542 1627 30 542 1628 869 543 1629 870 543 1630 868 543 1631 30 544 1632 869 544 1633 872 544 1634 869 545 1635 628 545 1636 871 545 1637 872 546 1638 871 546 1639 86 546 1640 871 547 1641 872 547 1642 869 547 1643 30 548 1644 872 548 1645 870 548 1646 872 549 1647 86 549 1648 873 549 1649 870 550 1650 873 550 1651 186 550 1652 873 551 1653 870 551 1654 872 551 1655 186 552 1656 873 552 1657 867 552 1658 873 553 1659 86 553 1660 874 553 1661 867 554 1662 874 554 1663 32 554 1664 874 555 1665 867 555 1666 873 555 1667 411 556 1668 875 556 1669 877 556 1670 875 557 1671 126 557 1672 876 557 1673 877 558 1674 876 558 1675 3 558 1676 876 559 1677 877 559 1678 875 559 1679 3 560 1680 876 560 1681 879 560 1682 876 561 1683 126 561 1684 878 561 1685 879 562 1686 878 562 1687 96 562 1688 878 563 1689 879 563 1690 876 563 1691 96 564 1692 878 564 1693 881 564 1694 878 565 1695 126 565 1696 880 565 1697 881 566 1698 880 566 1699 97 566 1700 880 567 1701 881 567 1702 878 567 1703 97 568 1704 880 568 1705 883 568 1706 880 569 1707 126 569 1708 882 569 1709 883 570 1710 882 570 1711 95 570 1712 882 571 1713 883 571 1714 880 571 1715 95 572 1716 882 572 1717 885 572 1718 882 573 1719 126 573 1720 884 573 1721 885 574 1722 884 574 1723 573 574 1724 884 575 1725 885 575 1726 882 575 1727 95 576 1728 885 576 1729 887 576 1730 885 577 1731 573 577 1732 886 577 1733 887 578 1734 886 578 1735 94 578 1736 886 579 1737 887 579 1738 885 579 1739 95 580 1740 888 580 1741 883 580 1742 888 581 1743 45 581 1744 889 581 1745 883 582 1746 889 582 1747 97 582 1748 889 583 1749 883 583 1750 888 583 1751 97 584 1752 889 584 1753 891 584 1754 889 585 1755 45 585 1756 890 585 1757 891 586 1758 890 586 1759 588 586 1760 890 587 1761 891 587 1762 889 587 1763 97 588 1764 891 588 1765 881 588 1766 891 589 1767 588 589 1768 892 589 1769 881 590 1770 892 590 1771 96 590 1772 892 591 1773 881 591 1774 891 591 1775 96 592 1776 892 592 1777 894 592 1778 892 593 1779 588 593 1780 893 593 1781 894 594 1782 893 594 1783 635 594 1784 893 595 1785 894 595 1786 892 595 1787 635 596 1788 893 596 1789 896 596 1790 893 597 1791 588 597 1792 895 597 1793 896 598 1794 895 598 1795 209 598 1796 895 599 1797 896 599 1798 893 599 1799 209 600 1800 895 600 1801 898 600 1802 895 601 1803 588 601 1804 897 601 1805 898 602 1806 897 602 1807 102 602 1808 897 603 1809 898 603 1810 895 603 1811 102 604 1812 897 604 1813 900 604 1814 897 605 1815 588 605 1816 899 605 1817 900 606 1818 899 606 1819 403 606 1820 899 607 1821 900 607 1822 897 607 1823 403 608 1824 899 608 1825 901 608 1826 899 609 1827 588 609 1828 890 609 1829 901 610 1830 890 610 1831 45 610 1832 890 611 1833 901 611 1834 899 611 1835 403 612 1836 901 612 1837 903 612 1838 901 613 1839 45 613 1840 902 613 1841 903 614 1842 902 614 1843 589 614 1844 902 615 1845 903 615 1846 901 615 1847 403 616 1848 903 616 1849 905 616 1850 903 617 1851 589 617 1852 904 617 1853 905 618 1854 904 618 1855 15 618 1856 904 619 1857 905 619 1858 903 619 1859 403 620 1860 905 620 1861 900 620 1862 905 621 1863 15 621 1864 906 621 1865 900 622 1866 906 622 1867 102 622 1868 906 623 1869 900 623 1870 905 623 1871 102 624 1872 906 624 1873 908 624 1874 906 625 1875 15 625 1876 907 625 1877 908 626 1878 907 626 1879 540 626 1880 907 627 1881 908 627 1882 906 627 1883 102 628 1884 908 628 1885 898 628 1886 908 629 1887 540 629 1888 909 629 1889 898 630 1890 909 630 1891 209 630 1892 909 631 1893 898 631 1894 908 631 1895 209 632 1896 909 632 1897 911 632 1898 909 633 1899 540 633 1900 910 633 1901 911 634 1902 910 634 1903 16 634 1904 910 635 1905 911 635 1906 909 635 1907 209 636 1908 911 636 1909 913 636 1910 911 637 1911 16 637 1912 912 637 1913 913 638 1914 912 638 1915 469 638 1916 912 639 1917 913 639 1918 911 639 1919 469 640 1920 912 640 1921 915 640 1922 912 641 1923 16 641 1924 914 641 1925 915 642 1926 914 642 1927 433 642 1928 914 643 1929 915 643 1930 912 643 1931 469 644 1932 915 644 1933 917 644 1934 915 645 1935 433 645 1936 916 645 1937 917 646 1938 916 646 1939 503 646 1940 916 647 1941 917 647 1942 915 647 1943 469 648 1944 917 648 1945 919 648 1946 917 649 1947 503 649 1948 918 649 1949 919 650 1950 918 650 1951 180 650 1952 918 651 1953 919 651 1954 917 651 1955 469 652 1956 919 652 1957 921 652 1958 919 653 1959 180 653 1960 920 653 1961 921 654 1962 920 654 1963 105 654 1964 920 655 1965 921 655 1966 919 655 1967 105 656 1968 920 656 1969 923 656 1970 920 657 1971 180 657 1972 922 657 1973 923 658 1974 922 658 1975 103 658 1976 922 659 1977 923 659 1978 920 659 1979 105 660 1980 923 660 1981 925 660 1982 923 661 1983 103 661 1984 924 661 1985 925 662 1986 924 662 1987 587 662 1988 924 663 1989 925 663 1990 923 663 1991 587 664 1992 924 664 1993 927 664 1994 924 665 1995 103 665 1996 926 665 1997 927 666 1998 926 666 1999 210 666 2000 926 667 2001 927 667 2002 924 667 2003 210 668 2004 926 668 2005 929 668 2006 926 669 2007 103 669 2008 928 669 2009 929 670 2010 928 670 2011 66 670 2012 928 671 2013 929 671 2014 926 671 2015 635 672 2016 896 672 2017 930 672 2018 896 673 2019 209 673 2020 913 673 2021 930 674 2022 913 674 2023 469 674 2024 913 675 2025 930 675 2026 896 675 2027 635 676 2028 930 676 2029 932 676 2030 930 677 2031 469 677 2032 931 677 2033 932 678 2034 931 678 2035 468 678 2036 931 679 2037 932 679 2038 930 679 2039 468 680 2040 931 680 2041 933 680 2042 931 681 2043 469 681 2044 921 681 2045 933 682 2046 921 682 2047 105 682 2048 921 683 2049 933 683 2050 931 683 2051 468 684 2052 933 684 2053 935 684 2054 933 685 2055 105 685 2056 934 685 2057 935 686 2058 934 686 2059 10 686 2060 934 687 2061 935 687 2062 933 687 2063 10 688 2064 934 688 2065 936 688 2066 934 689 2067 105 689 2068 925 689 2069 936 690 2070 925 690 2071 587 690 2072 925 691 2073 936 691 2074 934 691 2075 10 692 2076 936 692 2077 938 692 2078 936 693 2079 587 693 2080 937 693 2081 938 694 2082 937 694 2083 208 694 2084 937 695 2085 938 695 2086 936 695 2087 208 696 2088 937 696 2089 940 696 2090 937 697 2091 587 697 2092 939 697 2093 940 698 2094 939 698 2095 407 698 2096 939 699 2097 940 699 2098 937 699 2099 407 700 2100 939 700 2101 942 700 2102 939 701 2103 587 701 2104 941 701 2105 942 702 2106 941 702 2107 505 702 2108 941 703 2109 942 703 2110 939 703 2111 505 704 2112 941 704 2113 944 704 2114 941 705 2115 587 705 2116 943 705 2117 944 706 2118 943 706 2119 12 706 2120 943 707 2121 944 707 2122 941 707 2123 12 708 2124 943 708 2125 945 708 2126 943 709 2127 587 709 2128 927 709 2129 945 710 2130 927 710 2131 210 710 2132 927 711 2133 945 711 2134 943 711 2135 12 712 2136 945 712 2137 947 712 2138 945 713 2139 210 713 2140 946 713 2141 947 714 2142 946 714 2143 11 714 2144 946 715 2145 947 715 2146 945 715 2147 11 716 2148 946 716 2149 949 716 2150 946 717 2151 210 717 2152 948 717 2153 949 718 2154 948 718 2155 104 718 2156 948 719 2157 949 719 2158 946 719 2159 104 720 2160 948 720 2161 951 720 2162 948 721 2163 210 721 2164 950 721 2165 951 722 2166 950 722 2167 571 722 2168 950 723 2169 951 723 2170 948 723 2171 571 724 2172 950 724 2173 953 724 2174 950 725 2175 210 725 2176 952 725 2177 953 726 2178 952 726 2179 64 726 2180 952 727 2181 953 727 2182 950 727 2183 635 728 2184 932 728 2185 954 728 2186 932 729 2187 468 729 2188 935 729 2189 954 730 2190 935 730 2191 10 730 2192 935 731 2193 954 731 2194 932 731 2195 635 732 2196 954 732 2197 894 732 2198 954 733 2199 10 733 2200 955 733 2201 894 734 2202 955 734 2203 96 734 2204 955 735 2205 894 735 2206 954 735 2207 96 736 2208 955 736 2209 957 736 2210 955 737 2211 10 737 2212 956 737 2213 957 738 2214 956 738 2215 474 738 2216 956 739 2217 957 739 2218 955 739 2219 474 740 2220 956 740 2221 958 740 2222 956 741 2223 10 741 2224 938 741 2225 958 742 2226 938 742 2227 208 742 2228 938 743 2229 958 743 2230 956 743 2231 474 744 2232 958 744 2233 960 744 2234 958 745 2235 208 745 2236 959 745 2237 960 746 2238 959 746 2239 176 746 2240 959 747 2241 960 747 2242 958 747 2243 176 748 2244 959 748 2245 961 748 2246 959 749 2247 208 749 2248 940 749 2249 961 750 2250 940 750 2251 407 750 2252 940 751 2253 961 751 2254 959 751 2255 176 752 2256 961 752 2257 963 752 2258 961 753 2259 407 753 2260 962 753 2261 963 754 2262 962 754 2263 527 754 2264 962 755 2265 963 755 2266 961 755 2267 527 756 2268 962 756 2269 964 756 2270 962 757 2271 407 757 2272 942 757 2273 964 758 2274 942 758 2275 505 758 2276 942 759 2277 964 759 2278 962 759 2279 527 760 2280 964 760 2281 966 760 2282 964 761 2283 505 761 2284 965 761 2285 966 762 2286 965 762 2287 7 762 2288 965 763 2289 966 763 2290 964 763 2291 7 764 2292 965 764 2293 967 764 2294 965 765 2295 505 765 2296 944 765 2297 967 766 2298 944 766 2299 12 766 2300 944 767 2301 967 767 2302 965 767 2303 7 768 2304 967 768 2305 969 768 2306 967 769 2307 12 769 2308 968 769 2309 969 770 2310 968 770 2311 99 770 2312 968 771 2313 969 771 2314 967 771 2315 99 772 2316 968 772 2317 971 772 2318 968 773 2319 12 773 2320 970 773 2321 971 774 2322 970 774 2323 343 774 2324 970 775 2325 971 775 2326 968 775 2327 343 776 2328 970 776 2329 973 776 2330 970 777 2331 12 777 2332 972 777 2333 973 778 2334 972 778 2335 211 778 2336 972 779 2337 973 779 2338 970 779 2339 211 780 2340 972 780 2341 974 780 2342 972 781 2343 12 781 2344 947 781 2345 974 782 2346 947 782 2347 11 782 2348 947 783 2349 974 783 2350 972 783 2351 211 784 2352 974 784 2353 975 784 2354 974 785 2355 11 785 2356 949 785 2357 975 786 2358 949 786 2359 104 786 2360 949 787 2361 975 787 2362 974 787 2363 3 788 2364 879 788 2365 976 788 2366 879 789 2367 96 789 2368 957 789 2369 976 790 2370 957 790 2371 474 790 2372 957 791 2373 976 791 2374 879 791 2375 3 792 2376 976 792 2377 978 792 2378 976 793 2379 474 793 2380 977 793 2381 978 794 2382 977 794 2383 345 794 2384 977 795 2385 978 795 2386 976 795 2387 345 796 2388 977 796 2389 979 796 2390 977 797 2391 474 797 2392 960 797 2393 979 798 2394 960 798 2395 176 798 2396 960 799 2397 979 799 2398 977 799 2399 345 800 2400 979 800 2401 981 800 2402 979 801 2403 176 801 2404 980 801 2405 981 802 2406 980 802 2407 357 802 2408 980 803 2409 981 803 2410 979 803 2411 357 804 2412 980 804 2413 983 804 2414 980 805 2415 176 805 2416 982 805 2417 983 806 2418 982 806 2419 7 806 2420 982 807 2421 983 807 2422 980 807 2423 7 808 2424 982 808 2425 966 808 2426 982 809 2427 176 809 2428 963 809 2429 966 810 2430 963 810 2431 527 810 2432 963 811 2433 966 811 2434 982 811 2435 211 812 2436 984 812 2437 973 812 2438 984 813 2439 467 813 2440 985 813 2441 973 814 2442 985 814 2443 343 814 2444 985 815 2445 973 815 2446 984 815 2447 343 816 2448 985 816 2449 987 816 2450 985 817 2451 467 817 2452 986 817 2453 987 818 2454 986 818 2455 326 818 2456 986 819 2457 987 819 2458 985 819 2459 326 820 2460 986 820 2461 989 820 2462 986 821 2463 467 821 2464 988 821 2465 989 822 2466 988 822 2467 402 822 2468 988 823 2469 989 823 2470 986 823 2471 326 824 2472 989 824 2473 991 824 2474 989 825 2475 402 825 2476 990 825 2477 991 826 2478 990 826 2479 266 826 2480 990 827 2481 991 827 2482 989 827 2483 326 828 2484 991 828 2485 993 828 2486 991 829 2487 266 829 2488 992 829 2489 993 830 2490 992 830 2491 106 830 2492 992 831 2493 993 831 2494 991 831 2495 106 832 2496 992 832 2497 995 832 2498 992 833 2499 266 833 2500 994 833 2501 995 834 2502 994 834 2503 17 834 2504 994 835 2505 995 835 2506 992 835 2507 106 836 2508 995 836 2509 997 836 2510 995 837 2511 17 837 2512 996 837 2513 997 838 2514 996 838 2515 264 838 2516 996 839 2517 997 839 2518 995 839 2519 106 840 2520 997 840 2521 999 840 2522 997 841 2523 264 841 2524 998 841 2525 999 842 2526 998 842 2527 466 842 2528 998 843 2529 999 843 2530 997 843 2531 466 844 2532 998 844 2533 1001 844 2534 998 845 2535 264 845 2536 1000 845 2537 1001 846 2538 1000 846 2539 265 846 2540 1000 847 2541 1001 847 2542 998 847 2543 265 848 2544 1000 848 2545 1003 848 2546 1000 849 2547 264 849 2548 1002 849 2549 1003 850 2550 1002 850 2551 18 850 2552 1002 851 2553 1003 851 2554 1000 851 2555 98 852 2556 1004 852 2557 1006 852 2558 1004 853 2559 472 853 2560 1005 853 2561 1006 854 2562 1005 854 2563 327 854 2564 1005 855 2565 1006 855 2566 1004 855 2567 98 856 2568 1006 856 2569 1008 856 2570 1006 857 2571 327 857 2572 1007 857 2573 1008 858 2574 1007 858 2575 99 858 2576 1007 859 2577 1008 859 2578 1006 859 2579 98 860 2580 1008 860 2581 1009 860 2582 1008 861 2583 99 861 2584 971 861 2585 1009 862 2586 971 862 2587 343 862 2588 971 863 2589 1009 863 2590 1008 863 2591 98 864 2592 1009 864 2593 1011 864 2594 1009 865 2595 343 865 2596 1010 865 2597 1011 866 2598 1010 866 2599 303 866 2600 1010 867 2601 1011 867 2602 1009 867 2603 303 868 2604 1010 868 2605 1013 868 2606 1010 869 2607 343 869 2608 1012 869 2609 1013 870 2610 1012 870 2611 473 870 2612 1012 871 2613 1013 871 2614 1010 871 2615 473 872 2616 1012 872 2617 1014 872 2618 1012 873 2619 343 873 2620 987 873 2621 1014 874 2622 987 874 2623 326 874 2624 987 875 2625 1014 875 2626 1012 875 2627 473 876 2628 1014 876 2629 1015 876 2630 1014 877 2631 326 877 2632 993 877 2633 1015 878 2634 993 878 2635 106 878 2636 993 879 2637 1015 879 2638 1014 879 2639 473 880 2640 1015 880 2641 1016 880 2642 1015 881 2643 106 881 2644 999 881 2645 1016 882 2646 999 882 2647 466 882 2648 999 883 2649 1016 883 2650 1015 883 2651 543 884 2652 1017 884 2653 1019 884 2654 1017 885 2655 324 885 2656 1018 885 2657 1019 886 2658 1018 886 2659 98 886 2660 1018 887 2661 1019 887 2662 1017 887 2663 543 888 2664 1019 888 2665 1020 888 2666 1019 889 2667 98 889 2668 1011 889 2669 1020 890 2670 1011 890 2671 303 890 2672 1011 891 2673 1020 891 2674 1019 891 2675 543 892 2676 1020 892 2677 1022 892 2678 1020 893 2679 303 893 2680 1021 893 2681 1022 894 2682 1021 894 2683 542 894 2684 1021 895 2685 1022 895 2686 1020 895 2687 543 896 2688 1022 896 2689 1024 896 2690 1022 897 2691 542 897 2692 1023 897 2693 1024 898 2694 1023 898 2695 207 898 2696 1023 899 2697 1024 899 2698 1022 899 2699 100 900 2700 1025 900 2701 1026 900 2702 1025 901 2703 303 901 2704 1013 901 2705 1026 902 2706 1013 902 2707 473 902 2708 1013 903 2709 1026 903 2710 1025 903 2711 100 904 2712 1026 904 2713 1028 904 2714 1026 905 2715 473 905 2716 1027 905 2717 1028 906 2718 1027 906 2719 526 906 2720 1027 907 2721 1028 907 2722 1026 907 2723 526 908 2724 1027 908 2725 1030 908 2726 1027 909 2727 473 909 2728 1029 909 2729 1030 910 2730 1029 910 2731 302 910 2732 1029 911 2733 1030 911 2734 1027 911 2735 542 912 2736 1021 912 2737 1032 912 2738 1021 913 2739 303 913 2740 1031 913 2741 1032 914 2742 1031 914 2743 263 914 2744 1031 915 2745 1032 915 2746 1021 915 2747 542 916 2748 1032 916 2749 1034 916 2750 1032 917 2751 263 917 2752 1033 917 2753 1034 918 2754 1033 918 2755 406 918 2756 1033 919 2757 1034 919 2758 1032 919 2759 542 920 2760 1034 920 2761 1036 920 2762 1034 921 2763 406 921 2764 1035 921 2765 1036 922 2766 1035 922 2767 177 922 2768 1035 923 2769 1036 923 2770 1034 923 2771 401 924 2772 1037 924 2773 1039 924 2774 1037 925 2775 461 925 2776 1038 925 2777 1039 926 2778 1038 926 2779 308 926 2780 1038 927 2781 1039 927 2782 1037 927 2783 401 928 2784 1039 928 2785 1041 928 2786 1039 929 2787 308 929 2788 1040 929 2789 1041 930 2790 1040 930 2791 501 930 2792 1040 931 2793 1041 931 2794 1039 931 2795 501 932 2796 1040 932 2797 1043 932 2798 1040 933 2799 308 933 2800 1042 933 2801 1043 934 2802 1042 934 2803 23 934 2804 1042 935 2805 1043 935 2806 1040 935 2807 23 936 2808 1042 936 2809 1045 936 2810 1042 937 2811 308 937 2812 1044 937 2813 1045 938 2814 1044 938 2815 510 938 2816 1044 939 2817 1045 939 2818 1042 939 2819 23 940 2820 1045 940 2821 1047 940 2822 1045 941 2823 510 941 2824 1046 941 2825 1047 942 2826 1046 942 2827 339 942 2828 1046 943 2829 1047 943 2830 1045 943 2831 339 944 2832 1046 944 2833 1049 944 2834 1046 945 2835 510 945 2836 1048 945 2837 1049 946 2838 1048 946 2839 487 946 2840 1048 947 2841 1049 947 2842 1046 947 2843 339 948 2844 1049 948 2845 1051 948 2846 1049 949 2847 487 949 2848 1050 949 2849 1051 950 2850 1050 950 2851 464 950 2852 1050 951 2853 1051 951 2854 1049 951 2855 339 952 2856 1051 952 2857 1053 952 2858 1051 953 2859 464 953 2860 1052 953 2861 1053 954 2862 1052 954 2863 238 954 2864 1052 955 2865 1053 955 2866 1051 955 2867 339 956 2868 1053 956 2869 1055 956 2870 1053 957 2871 238 957 2872 1054 957 2873 1055 958 2874 1054 958 2875 501 958 2876 1054 959 2877 1055 959 2878 1053 959 2879 339 960 2880 1055 960 2881 1047 960 2882 1055 961 2883 501 961 2884 1043 961 2885 1047 962 2886 1043 962 2887 23 962 2888 1043 963 2889 1047 963 2890 1055 963 2891 359 964 2892 1056 964 2893 1058 964 2894 1056 965 2895 52 965 2896 1057 965 2897 1058 966 2898 1057 966 2899 314 966 2900 1057 967 2901 1058 967 2902 1056 967 2903 359 968 2904 1058 968 2905 1060 968 2906 1058 969 2907 314 969 2908 1059 969 2909 1060 970 2910 1059 970 2911 390 970 2912 1059 971 2913 1060 971 2914 1058 971 2915 359 972 2916 1060 972 2917 1062 972 2918 1060 973 2919 390 973 2920 1061 973 2921 1062 974 2922 1061 974 2923 519 974 2924 1061 975 2925 1062 975 2926 1060 975 2927 519 976 2928 1061 976 2929 1064 976 2930 1061 977 2931 390 977 2932 1063 977 2933 1064 978 2934 1063 978 2935 358 978 2936 1063 979 2937 1064 979 2938 1061 979 2939 358 980 2940 1063 980 2941 1066 980 2942 1063 981 2943 390 981 2944 1065 981 2945 1066 982 2946 1065 982 2947 136 982 2948 1065 983 2949 1066 983 2950 1063 983 2951 136 984 2952 1065 984 2953 1068 984 2954 1065 985 2955 390 985 2956 1067 985 2957 1068 986 2958 1067 986 2959 135 986 2960 1067 987 2961 1068 987 2962 1065 987 2963 135 988 2964 1067 988 2965 1070 988 2966 1067 989 2967 390 989 2968 1069 989 2969 1070 990 2970 1069 990 2971 63 990 2972 1069 991 2973 1070 991 2974 1067 991 2975 135 992 2976 1070 992 2977 1072 992 2978 1070 993 2979 63 993 2980 1071 993 2981 1072 994 2982 1071 994 2983 137 994 2984 1071 995 2985 1072 995 2986 1070 995 2987 137 996 2988 1071 996 2989 1074 996 2990 1071 997 2991 63 997 2992 1073 997 2993 1074 998 2994 1073 998 2995 128 998 2996 1073 999 2997 1074 999 2998 1071 999 2999 137 1000 3000 1074 1000 3001 1076 1000 3002 1074 1001 3003 128 1001 3004 1075 1001 3005 1076 1002 3006 1075 1002 3007 134 1002 3008 1075 1003 3009 1076 1003 3010 1074 1003 3011 134 1004 3012 1075 1004 3013 1078 1004 3014 1075 1005 3015 128 1005 3016 1077 1005 3017 1078 1006 3018 1077 1006 3019 334 1006 3020 1077 1007 3021 1078 1007 3022 1075 1007 3023 334 1008 3024 1077 1008 3025 1080 1008 3026 1077 1009 3027 128 1009 3028 1079 1009 3029 1080 1010 3030 1079 1010 3031 424 1010 3032 1079 1011 3033 1080 1011 3034 1077 1011 3035 334 1012 3036 1080 1012 3037 1082 1012 3038 1080 1013 3039 424 1013 3040 1081 1013 3041 1082 1014 3042 1081 1014 3043 425 1014 3044 1081 1015 3045 1082 1015 3046 1080 1015 3047 334 1016 3048 1082 1016 3049 1084 1016 3050 1082 1017 3051 425 1017 3052 1083 1017 3053 1084 1018 3054 1083 1018 3055 496 1018 3056 1083 1019 3057 1084 1019 3058 1082 1019 3059 334 1020 3060 1084 1020 3061 1086 1020 3062 1084 1021 3063 496 1021 3064 1085 1021 3065 1086 1022 3066 1085 1022 3067 452 1022 3068 1085 1023 3069 1086 1023 3070 1084 1023 3071 452 1024 3072 1085 1024 3073 1088 1024 3074 1085 1025 3075 496 1025 3076 1087 1025 3077 1088 1026 3078 1087 1026 3079 536 1026 3080 1087 1027 3081 1088 1027 3082 1085 1027 3083 452 1028 3084 1088 1028 3085 1090 1028 3086 1088 1029 3087 536 1029 3088 1089 1029 3089 1090 1030 3090 1089 1030 3091 134 1030 3092 1089 1031 3093 1090 1031 3094 1088 1031 3095 452 1032 3096 1090 1032 3097 1086 1032 3098 1090 1033 3099 134 1033 3100 1078 1033 3101 1086 1034 3102 1078 1034 3103 334 1034 3104 1078 1035 3105 1086 1035 3106 1090 1035 3107 315 1036 3108 1091 1036 3109 1093 1036 3110 1091 1037 3111 359 1037 3112 1092 1037 3113 1093 1038 3114 1092 1038 3115 335 1038 3116 1092 1039 3117 1093 1039 3118 1091 1039 3119 335 1040 3120 1092 1040 3121 1095 1040 3122 1092 1041 3123 359 1041 3124 1094 1041 3125 1095 1042 3126 1094 1042 3127 256 1042 3128 1094 1043 3129 1095 1043 3130 1092 1043 3131 256 1044 3132 1094 1044 3133 1096 1044 3134 1094 1045 3135 359 1045 3136 1062 1045 3137 1096 1046 3138 1062 1046 3139 519 1046 3140 1062 1047 3141 1096 1047 3142 1094 1047 3143 256 1048 3144 1096 1048 3145 1097 1048 3146 1096 1049 3147 519 1049 3148 1064 1049 3149 1097 1050 3150 1064 1050 3151 358 1050 3152 1064 1051 3153 1097 1051 3154 1096 1051 3155 256 1052 3156 1097 1052 3157 1099 1052 3158 1097 1053 3159 358 1053 3160 1098 1053 3161 1099 1054 3162 1098 1054 3163 281 1054 3164 1098 1055 3165 1099 1055 3166 1097 1055 3167 281 1056 3168 1098 1056 3169 1101 1056 3170 1098 1057 3171 358 1057 3172 1100 1057 3173 1101 1058 3174 1100 1058 3175 388 1058 3176 1100 1059 3177 1101 1059 3178 1098 1059 3179 388 1060 3180 1100 1060 3181 1102 1060 3182 1100 1061 3183 358 1061 3184 1066 1061 3185 1102 1062 3186 1066 1062 3187 136 1062 3188 1066 1063 3189 1102 1063 3190 1100 1063 3191 388 1064 3192 1102 1064 3193 1104 1064 3194 1102 1065 3195 136 1065 3196 1103 1065 3197 1104 1066 3198 1103 1066 3199 331 1066 3200 1103 1067 3201 1104 1067 3202 1102 1067 3203 331 1068 3204 1103 1068 3205 1106 1068 3206 1103 1069 3207 136 1069 3208 1105 1069 3209 1106 1070 3210 1105 1070 3211 569 1070 3212 1105 1071 3213 1106 1071 3214 1103 1071 3215 569 1072 3216 1105 1072 3217 1108 1072 3218 1105 1073 3219 136 1073 3220 1107 1073 3221 1108 1074 3222 1107 1074 3223 280 1074 3224 1107 1075 3225 1108 1075 3226 1105 1075 3227 280 1076 3228 1107 1076 3229 1109 1076 3230 1107 1077 3231 136 1077 3232 1068 1077 3233 1109 1078 3234 1068 1078 3235 135 1078 3236 1068 1079 3237 1109 1079 3238 1107 1079 3239 280 1080 3240 1109 1080 3241 1110 1080 3242 1109 1081 3243 135 1081 3244 1072 1081 3245 1110 1082 3246 1072 1082 3247 137 1082 3248 1072 1083 3249 1110 1083 3250 1109 1083 3251 280 1084 3252 1110 1084 3253 1112 1084 3254 1110 1085 3255 137 1085 3256 1111 1085 3257 1112 1086 3258 1111 1086 3259 570 1086 3260 1111 1087 3261 1112 1087 3262 1110 1087 3263 570 1088 3264 1111 1088 3265 1113 1088 3266 1111 1089 3267 137 1089 3268 1076 1089 3269 1113 1090 3270 1076 1090 3271 134 1090 3272 1076 1091 3273 1113 1091 3274 1111 1091 3275 570 1092 3276 1113 1092 3277 1115 1092 3278 1113 1093 3279 134 1093 3280 1114 1093 3281 1115 1094 3282 1114 1094 3283 133 1094 3284 1114 1095 3285 1115 1095 3286 1113 1095 3287 133 1096 3288 1114 1096 3289 1117 1096 3290 1114 1097 3291 134 1097 3292 1116 1097 3293 1117 1098 3294 1116 1098 3295 325 1098 3296 1116 1099 3297 1117 1099 3298 1114 1099 3299 325 1100 3300 1116 1100 3301 1119 1100 3302 1116 1101 3303 134 1101 3304 1118 1101 3305 1119 1102 3306 1118 1102 3307 197 1102 3308 1118 1103 3309 1119 1103 3310 1116 1103 3311 197 1104 3312 1118 1104 3313 1121 1104 3314 1118 1105 3315 134 1105 3316 1120 1105 3317 1121 1106 3318 1120 1106 3319 489 1106 3320 1120 1107 3321 1121 1107 3322 1118 1107 3323 489 1108 3324 1120 1108 3325 1123 1108 3326 1120 1109 3327 134 1109 3328 1122 1109 3329 1123 1110 3330 1122 1110 3331 586 1110 3332 1122 1111 3333 1123 1111 3334 1120 1111 3335 586 1112 3336 1122 1112 3337 1125 1112 3338 1122 1113 3339 134 1113 3340 1124 1113 3341 1125 1114 3342 1124 1114 3343 131 1114 3344 1124 1115 3345 1125 1115 3346 1122 1115 3347 131 1116 3348 1124 1116 3349 1127 1116 3350 1124 1117 3351 134 1117 3352 1126 1117 3353 1127 1118 3354 1126 1118 3355 62 1118 3356 1126 1119 3357 1127 1119 3358 1124 1119 3359 62 1120 3360 1126 1120 3361 1128 1120 3362 1126 1121 3363 134 1121 3364 1089 1121 3365 1128 1122 3366 1089 1122 3367 536 1122 3368 1089 1123 3369 1128 1123 3370 1126 1123 3371 62 1124 3372 1128 1124 3373 1130 1124 3374 1128 1125 3375 536 1125 3376 1129 1125 3377 1130 1126 3378 1129 1126 3379 254 1126 3380 1129 1127 3381 1130 1127 3382 1128 1127 3383 62 1128 3384 1130 1128 3385 1132 1128 3386 1130 1129 3387 254 1129 3388 1131 1129 3389 1132 1130 3390 1131 1130 3391 48 1130 3392 1131 1131 3393 1132 1131 3394 1130 1131 3395 48 1132 3396 1131 1132 3397 1134 1132 3398 1131 1133 3399 254 1133 3400 1133 1133 3401 1134 1134 3402 1133 1134 3403 391 1134 3404 1133 1135 3405 1134 1135 3406 1131 1135 3407 391 1136 3408 1133 1136 3409 1136 1136 3410 1133 1137 3411 254 1137 3412 1135 1137 3413 1136 1138 3414 1135 1138 3415 49 1138 3416 1135 1139 3417 1136 1139 3418 1133 1139 3419 391 1140 3420 1136 1140 3421 1138 1140 3422 1136 1141 3423 49 1141 3424 1137 1141 3425 1138 1142 3426 1137 1142 3427 613 1142 3428 1137 1143 3429 1138 1143 3430 1136 1143 3431 391 1144 3432 1138 1144 3433 1134 1144 3434 1138 1145 3435 613 1145 3436 1139 1145 3437 1134 1146 3438 1139 1146 3439 48 1146 3440 1139 1147 3441 1134 1147 3442 1138 1147 3443 48 1148 3444 1139 1148 3445 1132 1148 3446 1139 1149 3447 613 1149 3448 1140 1149 3449 1132 1150 3450 1140 1150 3451 62 1150 3452 1140 1151 3453 1132 1151 3454 1139 1151 3455 62 1152 3456 1140 1152 3457 1127 1152 3458 1140 1153 3459 613 1153 3460 1141 1153 3461 1127 1154 3462 1141 1154 3463 131 1154 3464 1141 1155 3465 1127 1155 3466 1140 1155 3467 131 1156 3468 1141 1156 3469 1143 1156 3470 1141 1157 3471 613 1157 3472 1142 1157 3473 1143 1158 3474 1142 1158 3475 132 1158 3476 1142 1159 3477 1143 1159 3478 1141 1159 3479 132 1160 3480 1142 1160 3481 1145 1160 3482 1142 1161 3483 613 1161 3484 1144 1161 3485 1145 1162 3486 1144 1162 3487 61 1162 3488 1144 1163 3489 1145 1163 3490 1142 1163 3491 61 1164 3492 1144 1164 3493 1146 1164 3494 1144 1165 3495 613 1165 3496 1137 1165 3497 1146 1166 3498 1137 1166 3499 49 1166 3500 1137 1167 3501 1146 1167 3502 1144 1167 3503 61 1168 3504 1146 1168 3505 1148 1168 3506 1146 1169 3507 49 1169 3508 1147 1169 3509 1148 1170 3510 1147 1170 3511 221 1170 3512 1147 1171 3513 1148 1171 3514 1146 1171 3515 335 1172 3516 1095 1172 3517 1150 1172 3518 1095 1173 3519 256 1173 3520 1149 1173 3521 1150 1174 3522 1149 1174 3523 414 1174 3524 1149 1175 3525 1150 1175 3526 1095 1175 3527 414 1176 3528 1149 1176 3529 1152 1176 3530 1149 1177 3531 256 1177 3532 1151 1177 3533 1152 1178 3534 1151 1178 3535 612 1178 3536 1151 1179 3537 1152 1179 3538 1149 1179 3539 612 1180 3540 1151 1180 3541 1154 1180 3542 1151 1181 3543 256 1181 3544 1153 1181 3545 1154 1182 3546 1153 1182 3547 301 1182 3548 1153 1183 3549 1154 1183 3550 1151 1183 3551 301 1184 3552 1153 1184 3553 1155 1184 3554 1153 1185 3555 256 1185 3556 1099 1185 3557 1155 1186 3558 1099 1186 3559 281 1186 3560 1099 1187 3561 1155 1187 3562 1153 1187 3563 301 1188 3564 1155 1188 3565 1157 1188 3566 1155 1189 3567 281 1189 3568 1156 1189 3569 1157 1190 3570 1156 1190 3571 329 1190 3572 1156 1191 3573 1157 1191 3574 1155 1191 3575 329 1192 3576 1156 1192 3577 1159 1192 3578 1156 1193 3579 281 1193 3580 1158 1193 3581 1159 1194 3582 1158 1194 3583 138 1194 3584 1158 1195 3585 1159 1195 3586 1156 1195 3587 138 1196 3588 1158 1196 3589 1160 1196 3590 1158 1197 3591 281 1197 3592 1101 1197 3593 1160 1198 3594 1101 1198 3595 388 1198 3596 1101 1199 3597 1160 1199 3598 1158 1199 3599 138 1200 3600 1160 1200 3601 1162 1200 3602 1160 1201 3603 388 1201 3604 1161 1201 3605 1162 1202 3606 1161 1202 3607 214 1202 3608 1161 1203 3609 1162 1203 3610 1160 1203 3611 214 1204 3612 1161 1204 3613 1164 1204 3614 1161 1205 3615 388 1205 3616 1163 1205 3617 1164 1206 3618 1163 1206 3619 630 1206 3620 1163 1207 3621 1164 1207 3622 1161 1207 3623 630 1208 3624 1163 1208 3625 1165 1208 3626 1163 1209 3627 388 1209 3628 1104 1209 3629 1165 1210 3630 1104 1210 3631 331 1210 3632 1104 1211 3633 1165 1211 3634 1163 1211 3635 630 1212 3636 1165 1212 3637 1167 1212 3638 1165 1213 3639 331 1213 3640 1166 1213 3641 1167 1214 3642 1166 1214 3643 446 1214 3644 1166 1215 3645 1167 1215 3646 1165 1215 3647 630 1216 3648 1167 1216 3649 1169 1216 3650 1167 1217 3651 446 1217 3652 1168 1217 3653 1169 1218 3654 1168 1218 3655 401 1218 3656 1168 1219 3657 1169 1219 3658 1167 1219 3659 630 1220 3660 1169 1220 3661 1164 1220 3662 1169 1221 3663 401 1221 3664 1170 1221 3665 1164 1222 3666 1170 1222 3667 214 1222 3668 1170 1223 3669 1164 1223 3670 1169 1223 3671 214 1224 3672 1170 1224 3673 1171 1224 3674 1170 1225 3675 401 1225 3676 1041 1225 3677 1171 1226 3678 1041 1226 3679 501 1226 3680 1041 1227 3681 1171 1227 3682 1170 1227 3683 214 1228 3684 1171 1228 3685 1172 1228 3686 1171 1229 3687 501 1229 3688 1054 1229 3689 1172 1230 3690 1054 1230 3691 238 1230 3692 1054 1231 3693 1172 1231 3694 1171 1231 3695 214 1232 3696 1172 1232 3697 1162 1232 3698 1172 1233 3699 238 1233 3700 1173 1233 3701 1162 1234 3702 1173 1234 3703 138 1234 3704 1173 1235 3705 1162 1235 3706 1172 1235 3707 138 1236 3708 1173 1236 3709 1159 1236 3710 1173 1237 3711 238 1237 3712 1174 1237 3713 1159 1238 3714 1174 1238 3715 329 1238 3716 1174 1239 3717 1159 1239 3718 1173 1239 3719 329 1240 3720 1174 1240 3721 1176 1240 3722 1174 1241 3723 238 1241 3724 1175 1241 3725 1176 1242 3726 1175 1242 3727 369 1242 3728 1175 1243 3729 1176 1243 3730 1174 1243 3731 329 1244 3732 1176 1244 3733 1178 1244 3734 1176 1245 3735 369 1245 3736 1177 1245 3737 1178 1246 3738 1177 1246 3739 517 1246 3740 1177 1247 3741 1178 1247 3742 1176 1247 3743 329 1248 3744 1178 1248 3745 1157 1248 3746 1178 1249 3747 517 1249 3748 1179 1249 3749 1157 1250 3750 1179 1250 3751 301 1250 3752 1179 1251 3753 1157 1251 3754 1178 1251 3755 301 1252 3756 1179 1252 3757 1181 1252 3758 1179 1253 3759 517 1253 3760 1180 1253 3761 1181 1254 3762 1180 1254 3763 414 1254 3764 1180 1255 3765 1181 1255 3766 1179 1255 3767 301 1256 3768 1181 1256 3769 1154 1256 3770 1181 1257 3771 414 1257 3772 1152 1257 3773 1154 1258 3774 1152 1258 3775 612 1258 3776 1152 1259 3777 1154 1259 3778 1181 1259 3779 517 1260 3780 1182 1260 3781 1180 1260 3782 1182 1261 3783 479 1261 3784 1183 1261 3785 1180 1262 3786 1183 1262 3787 414 1262 3788 1183 1263 3789 1180 1263 3790 1182 1263 3791 414 1264 3792 1183 1264 3793 1185 1264 3794 1183 1265 3795 479 1265 3796 1184 1265 3797 1185 1266 3798 1184 1266 3799 597 1266 3800 1184 1267 3801 1185 1267 3802 1183 1267 3803 583 1268 3804 1186 1268 3805 1188 1268 3806 1186 1269 3807 379 1269 3808 1187 1269 3809 1188 1270 3810 1187 1270 3811 346 1270 3812 1187 1271 3813 1188 1271 3814 1186 1271 3815 583 1272 3816 1188 1272 3817 1190 1272 3818 1188 1273 3819 346 1273 3820 1189 1273 3821 1190 1274 3822 1189 1274 3823 447 1274 3824 1189 1275 3825 1190 1275 3826 1188 1275 3827 447 1276 3828 1189 1276 3829 1192 1276 3830 1189 1277 3831 346 1277 3832 1191 1277 3833 1192 1278 3834 1191 1278 3835 310 1278 3836 1191 1279 3837 1192 1279 3838 1189 1279 3839 310 1280 3840 1191 1280 3841 1194 1280 3842 1191 1281 3843 346 1281 3844 1193 1281 3845 1194 1282 3846 1193 1282 3847 215 1282 3848 1193 1283 3849 1194 1283 3850 1191 1283 3851 215 1284 3852 1193 1284 3853 1196 1284 3854 1193 1285 3855 346 1285 3856 1195 1285 3857 1196 1286 3858 1195 1286 3859 25 1286 3860 1195 1287 3861 1196 1287 3862 1193 1287 3863 310 1288 3864 1194 1288 3865 1198 1288 3866 1194 1289 3867 215 1289 3868 1197 1289 3869 1198 1290 3870 1197 1290 3871 631 1290 3872 1197 1291 3873 1198 1291 3874 1194 1291 3875 310 1292 3876 1198 1292 3877 1200 1292 3878 1198 1293 3879 631 1293 3880 1199 1293 3881 1200 1294 3882 1199 1294 3883 284 1294 3884 1199 1295 3885 1200 1295 3886 1198 1295 3887 284 1296 3888 1199 1296 3889 1202 1296 3890 1199 1297 3891 631 1297 3892 1201 1297 3893 1202 1298 3894 1201 1298 3895 306 1298 3896 1201 1299 3897 1202 1299 3898 1199 1299 3899 306 1300 3900 1201 1300 3901 1204 1300 3902 1201 1301 3903 631 1301 3904 1203 1301 3905 1204 1302 3906 1203 1302 3907 25 1302 3908 1203 1303 3909 1204 1303 3910 1201 1303 3911 306 1304 3912 1204 1304 3913 1206 1304 3914 1204 1305 3915 25 1305 3916 1205 1305 3917 1206 1306 3918 1205 1306 3919 19 1306 3920 1205 1307 3921 1206 1307 3922 1204 1307 3923 19 1308 3924 1205 1308 3925 1208 1308 3926 1205 1309 3927 25 1309 3928 1207 1309 3929 1208 1310 3930 1207 1310 3931 153 1310 3932 1207 1311 3933 1208 1311 3934 1205 1311 3935 19 1312 3936 1208 1312 3937 1210 1312 3938 1208 1313 3939 153 1313 3940 1209 1313 3941 1210 1314 3942 1209 1314 3943 584 1314 3944 1209 1315 3945 1210 1315 3946 1208 1315 3947 19 1316 3948 1210 1316 3949 1212 1316 3950 1210 1317 3951 584 1317 3952 1211 1317 3953 1212 1318 3954 1211 1318 3955 20 1318 3956 1211 1319 3957 1212 1319 3958 1210 1319 3959 20 1320 3960 1211 1320 3961 1214 1320 3962 1211 1321 3963 584 1321 3964 1213 1321 3965 1214 1322 3966 1213 1322 3967 562 1322 3968 1213 1323 3969 1214 1323 3970 1211 1323 3971 20 1324 3972 1214 1324 3973 1216 1324 3974 1214 1325 3975 562 1325 3976 1215 1325 3977 1216 1326 3978 1215 1326 3979 148 1326 3980 1215 1327 3981 1216 1327 3982 1214 1327 3983 148 1328 3984 1215 1328 3985 1218 1328 3986 1215 1329 3987 562 1329 3988 1217 1329 3989 1218 1330 3990 1217 1330 3991 446 1330 3992 1217 1331 3993 1218 1331 3994 1215 1331 3995 148 1332 3996 1218 1332 3997 1219 1332 3998 1218 1333 3999 446 1333 4000 1166 1333 4001 1219 1334 4002 1166 1334 4003 331 1334 4004 1166 1335 4005 1219 1335 4006 1218 1335 4007 148 1336 4008 1219 1336 4009 1220 1336 4010 1219 1337 4011 331 1337 4012 1106 1337 4013 1220 1338 4014 1106 1338 4015 569 1338 4016 1106 1339 4017 1220 1339 4018 1219 1339 4019 148 1340 4020 1220 1340 4021 1221 1340 4022 1220 1341 4023 569 1341 4024 1108 1341 4025 1221 1342 4026 1108 1342 4027 280 1342 4028 1108 1343 4029 1221 1343 4030 1220 1343 4031 148 1344 4032 1221 1344 4033 1223 1344 4034 1221 1345 4035 280 1345 4036 1222 1345 4037 1223 1346 4038 1222 1346 4039 534 1346 4040 1222 1347 4041 1223 1347 4042 1221 1347 4043 534 1348 4044 1222 1348 4045 1224 1348 4046 1222 1349 4047 280 1349 4048 1112 1349 4049 1224 1350 4050 1112 1350 4051 570 1350 4052 1112 1351 4053 1224 1351 4054 1222 1351 4055 534 1352 4056 1224 1352 4057 1225 1352 4058 1224 1353 4059 570 1353 4060 1115 1353 4061 1225 1354 4062 1115 1354 4063 133 1354 4064 1115 1355 4065 1225 1355 4066 1224 1355 4067 534 1356 4068 1225 1356 4069 1227 1356 4070 1225 1357 4071 133 1357 4072 1226 1357 4073 1227 1358 4074 1226 1358 4075 20 1358 4076 1226 1359 4077 1227 1359 4078 1225 1359 4079 534 1360 4080 1227 1360 4081 1223 1360 4082 1227 1361 4083 20 1361 4084 1216 1361 4085 1223 1362 4086 1216 1362 4087 148 1362 4088 1216 1363 4089 1223 1363 4090 1227 1363 4091 284 1364 4092 1202 1364 4093 1228 1364 4094 1202 1365 4095 306 1365 4096 1206 1365 4097 1228 1366 4098 1206 1366 4099 19 1366 4100 1206 1367 4101 1228 1367 4102 1202 1367 4103 284 1368 4104 1228 1368 4105 1230 1368 4106 1228 1369 4107 19 1369 4108 1229 1369 4109 1230 1370 4110 1229 1370 4111 71 1370 4112 1229 1371 4113 1230 1371 4114 1228 1371 4115 71 1372 4116 1229 1372 4117 1231 1372 4118 1229 1373 4119 19 1373 4120 1212 1373 4121 1231 1374 4122 1212 1374 4123 20 1374 4124 1212 1375 4125 1231 1375 4126 1229 1375 4127 71 1376 4128 1231 1376 4129 1232 1376 4130 1231 1377 4131 20 1377 4132 1226 1377 4133 1232 1378 4134 1226 1378 4135 133 1378 4136 1226 1379 4137 1232 1379 4138 1231 1379 4139 71 1380 4140 1232 1380 4141 1234 1380 4142 1232 1381 4143 133 1381 4144 1233 1381 4145 1234 1382 4146 1233 1382 4147 604 1382 4148 1233 1383 4149 1234 1383 4150 1232 1383 4151 604 1384 4152 1233 1384 4153 1235 1384 4154 1233 1385 4155 133 1385 4156 1117 1385 4157 1235 1386 4158 1117 1386 4159 325 1386 4160 1117 1387 4161 1235 1387 4162 1233 1387 4163 604 1388 4164 1235 1388 4165 1237 1388 4166 1235 1389 4167 325 1389 4168 1236 1389 4169 1237 1390 4170 1236 1390 4171 605 1390 4172 1236 1391 4173 1237 1391 4174 1235 1391 4175 605 1392 4176 1236 1392 4177 1239 1392 4178 1236 1393 4179 325 1393 4180 1238 1393 4181 1239 1394 4182 1238 1394 4183 352 1394 4184 1238 1395 4185 1239 1395 4186 1236 1395 4187 352 1396 4188 1238 1396 4189 1240 1396 4190 1238 1397 4191 325 1397 4192 1119 1397 4193 1240 1398 4194 1119 1398 4195 197 1398 4196 1119 1399 4197 1240 1399 4198 1238 1399 4199 352 1400 4200 1240 1400 4201 1242 1400 4202 1240 1401 4203 197 1401 4204 1241 1401 4205 1242 1402 4206 1241 1402 4207 70 1402 4208 1241 1403 4209 1242 1403 4210 1240 1403 4211 352 1404 4212 1242 1404 4213 1239 1404 4214 1242 1405 4215 70 1405 4216 1243 1405 4217 1239 1406 4218 1243 1406 4219 605 1406 4220 1243 1407 4221 1239 1407 4222 1242 1407 4223 605 1408 4224 1243 1408 4225 1245 1408 4226 1243 1409 4227 70 1409 4228 1244 1409 4229 1245 1410 4230 1244 1410 4231 284 1410 4232 1244 1411 4233 1245 1411 4234 1243 1411 4235 284 1412 4236 1244 1412 4237 1200 1412 4238 1244 1413 4239 70 1413 4240 1246 1413 4241 1200 1414 4242 1246 1414 4243 310 1414 4244 1246 1415 4245 1200 1415 4246 1244 1415 4247 310 1416 4248 1246 1416 4249 1248 1416 4250 1246 1417 4251 70 1417 4252 1247 1417 4253 1248 1418 4254 1247 1418 4255 212 1418 4256 1247 1419 4257 1248 1419 4258 1246 1419 4259 212 1420 4260 1247 1420 4261 1249 1420 4262 1247 1421 4263 70 1421 4264 1241 1421 4265 1249 1422 4266 1241 1422 4267 197 1422 4268 1241 1423 4269 1249 1423 4270 1247 1423 4271 212 1424 4272 1249 1424 4273 1251 1424 4274 1249 1425 4275 197 1425 4276 1250 1425 4277 1251 1426 4278 1250 1426 4279 69 1426 4280 1250 1427 4281 1251 1427 4282 1249 1427 4283 212 1428 4284 1251 1428 4285 1248 1428 4286 1251 1429 4287 69 1429 4288 1252 1429 4289 1248 1430 4290 1252 1430 4291 310 1430 4292 1252 1431 4293 1248 1431 4294 1251 1431 4295 310 1432 4296 1252 1432 4297 1254 1432 4298 1252 1433 4299 69 1433 4300 1253 1433 4301 1254 1434 4302 1253 1434 4303 267 1434 4304 1253 1435 4305 1254 1435 4306 1252 1435 4307 267 1436 4308 1253 1436 4309 1255 1436 4310 1253 1437 4311 69 1437 4312 1250 1437 4313 1255 1438 4314 1250 1438 4315 197 1438 4316 1250 1439 4317 1255 1439 4318 1253 1439 4319 267 1440 4320 1255 1440 4321 1256 1440 4322 1255 1441 4323 197 1441 4324 1121 1441 4325 1256 1442 4326 1121 1442 4327 489 1442 4328 1121 1443 4329 1256 1443 4330 1255 1443 4331 267 1444 4332 1256 1444 4333 1258 1444 4334 1256 1445 4335 489 1445 4336 1257 1445 4337 1258 1446 4338 1257 1446 4339 447 1446 4340 1257 1447 4341 1258 1447 4342 1256 1447 4343 267 1448 4344 1258 1448 4345 1254 1448 4346 1258 1449 4347 447 1449 4348 1192 1449 4349 1254 1450 4350 1192 1450 4351 310 1450 4352 1192 1451 4353 1254 1451 4354 1258 1451 4355 605 1452 4356 1245 1452 4357 1237 1452 4358 1245 1453 4359 284 1453 4360 1259 1453 4361 1237 1454 4362 1259 1454 4363 604 1454 4364 1259 1455 4365 1237 1455 4366 1245 1455 4367 604 1456 4368 1259 1456 4369 1234 1456 4370 1259 1457 4371 284 1457 4372 1230 1457 4373 1234 1458 4374 1230 1458 4375 71 1458 4376 1230 1459 4377 1234 1459 4378 1259 1459 4379 447 1460 4380 1257 1460 4381 1261 1460 4382 1257 1461 4383 489 1461 4384 1260 1461 4385 1261 1462 4386 1260 1462 4387 563 1462 4388 1260 1463 4389 1261 1463 4390 1257 1463 4391 563 1464 4392 1260 1464 4393 1262 1464 4394 1260 1465 4395 489 1465 4396 1123 1465 4397 1262 1466 4398 1123 1466 4399 586 1466 4400 1123 1467 4401 1262 1467 4402 1260 1467 4403 563 1468 4404 1262 1468 4405 1264 1468 4406 1262 1469 4407 586 1469 4408 1263 1469 4409 1264 1470 4410 1263 1470 4411 502 1470 4412 1263 1471 4413 1264 1471 4414 1262 1471 4415 502 1472 4416 1263 1472 4417 1266 1472 4418 1263 1473 4419 586 1473 4420 1265 1473 4421 1266 1474 4422 1265 1474 4423 564 1474 4424 1265 1475 4425 1266 1475 4426 1263 1475 4427 564 1476 4428 1265 1476 4429 1268 1476 4430 1265 1477 4431 586 1477 4432 1267 1477 4433 1268 1478 4434 1267 1478 4435 389 1478 4436 1267 1479 4437 1268 1479 4438 1265 1479 4439 389 1480 4440 1267 1480 4441 1269 1480 4442 1267 1481 4443 586 1481 4444 1125 1481 4445 1269 1482 4446 1125 1482 4447 131 1482 4448 1125 1483 4449 1269 1483 4450 1267 1483 4451 389 1484 4452 1269 1484 4453 1270 1484 4454 1269 1485 4455 131 1485 4456 1143 1485 4457 1270 1486 4458 1143 1486 4459 132 1486 4460 1143 1487 4461 1270 1487 4462 1269 1487 4463 389 1488 4464 1270 1488 4465 1272 1488 4466 1270 1489 4467 132 1489 4468 1271 1489 4469 1272 1490 4470 1271 1490 4471 68 1490 4472 1271 1491 4473 1272 1491 4474 1270 1491 4475 389 1492 4476 1272 1492 4477 1268 1492 4478 1272 1493 4479 68 1493 4480 1273 1493 4481 1268 1494 4482 1273 1494 4483 564 1494 4484 1273 1495 4485 1268 1495 4486 1272 1495 4487 583 1496 4488 1190 1496 4489 1274 1496 4490 1190 1497 4491 447 1497 4492 1261 1497 4493 1274 1498 4494 1261 1498 4495 563 1498 4496 1261 1499 4497 1274 1499 4498 1190 1499 4499 583 1500 4500 1274 1500 4501 1276 1500 4502 1274 1501 4503 563 1501 4504 1275 1501 4505 1276 1502 4506 1275 1502 4507 108 1502 4508 1275 1503 4509 1276 1503 4510 1274 1503 4511 108 1504 4512 1275 1504 4513 1278 1504 4514 1275 1505 4515 563 1505 4516 1277 1505 4517 1278 1506 4518 1277 1506 4519 268 1506 4520 1277 1507 4521 1278 1507 4522 1275 1507 4523 268 1508 4524 1277 1508 4525 1279 1508 4526 1277 1509 4527 563 1509 4528 1264 1509 4529 1279 1510 4530 1264 1510 4531 502 1510 4532 1264 1511 4533 1279 1511 4534 1277 1511 4535 268 1512 4536 1279 1512 4537 1281 1512 4538 1279 1513 4539 502 1513 4540 1280 1513 4541 1281 1514 4542 1280 1514 4543 21 1514 4544 1280 1515 4545 1281 1515 4546 1279 1515 4547 268 1516 4548 1281 1516 4549 1283 1516 4550 1281 1517 4551 21 1517 4552 1282 1517 4553 1283 1518 4554 1282 1518 4555 269 1518 4556 1282 1519 4557 1283 1519 4558 1281 1519 4559 268 1520 4560 1283 1520 4561 1278 1520 4562 1283 1521 4563 269 1521 4564 1284 1521 4565 1278 1522 4566 1284 1522 4567 108 1522 4568 1284 1523 4569 1278 1523 4570 1283 1523 4571 457 1524 4572 1285 1524 4573 1287 1524 4574 1285 1525 4575 288 1525 4576 1286 1525 4577 1287 1526 4578 1286 1526 4579 456 1526 4580 1286 1527 4581 1287 1527 4582 1285 1527 4583 457 1528 4584 1287 1528 4585 1289 1528 4586 1287 1529 4587 456 1529 4588 1288 1529 4589 1289 1530 4590 1288 1530 4591 399 1530 4592 1288 1531 4593 1289 1531 4594 1287 1531 4595 399 1532 4596 1288 1532 4597 1291 1532 4598 1288 1533 4599 456 1533 4600 1290 1533 4601 1291 1534 4602 1290 1534 4603 398 1534 4604 1290 1535 4605 1291 1535 4606 1288 1535 4607 399 1536 4608 1291 1536 4609 1293 1536 4610 1291 1537 4611 398 1537 4612 1292 1537 4613 1293 1538 4614 1292 1538 4615 275 1538 4616 1292 1539 4617 1293 1539 4618 1291 1539 4619 399 1540 4620 1293 1540 4621 1295 1540 4622 1293 1541 4623 275 1541 4624 1294 1541 4625 1295 1542 4626 1294 1542 4627 113 1542 4628 1294 1543 4629 1295 1543 4630 1293 1543 4631 399 1544 4632 1295 1544 4633 1289 1544 4634 1295 1545 4635 113 1545 4636 1296 1545 4637 1289 1546 4638 1296 1546 4639 457 1546 4640 1296 1547 4641 1289 1547 4642 1295 1547 4643 457 1548 4644 1296 1548 4645 1298 1548 4646 1296 1549 4647 113 1549 4648 1297 1549 4649 1298 1550 4650 1297 1550 4651 531 1550 4652 1297 1551 4653 1298 1551 4654 1296 1551 4655 457 1552 4656 1298 1552 4657 1300 1552 4658 1298 1553 4659 531 1553 4660 1299 1553 4661 1300 1554 4662 1299 1554 4663 33 1554 4664 1299 1555 4665 1300 1555 4666 1298 1555 4667 33 1556 4668 1299 1556 4669 1302 1556 4670 1299 1557 4671 531 1557 4672 1301 1557 4673 1302 1558 4674 1301 1558 4675 166 1558 4676 1301 1559 4677 1302 1559 4678 1299 1559 4679 166 1560 4680 1301 1560 4681 1304 1560 4682 1301 1561 4683 531 1561 4684 1303 1561 4685 1304 1562 4686 1303 1562 4687 347 1562 4688 1303 1563 4689 1304 1563 4690 1301 1563 4691 166 1564 4692 1304 1564 4693 1306 1564 4694 1304 1565 4695 347 1565 4696 1305 1565 4697 1306 1566 4698 1305 1566 4699 551 1566 4700 1305 1567 4701 1306 1567 4702 1304 1567 4703 551 1568 4704 1305 1568 4705 1308 1568 4706 1305 1569 4707 347 1569 4708 1307 1569 4709 1308 1570 4710 1307 1570 4711 640 1570 4712 1307 1571 4713 1308 1571 4714 1305 1571 4715 551 1572 4716 1308 1572 4717 1310 1572 4718 1308 1573 4719 640 1573 4720 1309 1573 4721 1310 1574 4722 1309 1574 4723 165 1574 4724 1309 1575 4725 1310 1575 4726 1308 1575 4727 165 1576 4728 1309 1576 4729 1312 1576 4730 1309 1577 4731 640 1577 4732 1311 1577 4733 1312 1578 4734 1311 1578 4735 354 1578 4736 1311 1579 4737 1312 1579 4738 1309 1579 4739 354 1580 4740 1311 1580 4741 1314 1580 4742 1311 1581 4743 640 1581 4744 1313 1581 4745 1314 1582 4746 1313 1582 4747 544 1582 4748 1313 1583 4749 1314 1583 4750 1311 1583 4751 544 1584 4752 1313 1584 4753 1315 1584 4754 1313 1585 4755 640 1585 4756 1307 1585 4757 1315 1586 4758 1307 1586 4759 347 1586 4760 1307 1587 4761 1315 1587 4762 1313 1587 4763 544 1588 4764 1315 1588 4765 1317 1588 4766 1315 1589 4767 347 1589 4768 1316 1589 4769 1317 1590 4770 1316 1590 4771 164 1590 4772 1316 1591 4773 1317 1591 4774 1315 1591 4775 164 1592 4776 1316 1592 4777 1319 1592 4778 1316 1593 4779 347 1593 4780 1318 1593 4781 1319 1594 4782 1318 1594 4783 598 1594 4784 1318 1595 4785 1319 1595 4786 1316 1595 4787 598 1596 4788 1318 1596 4789 1320 1596 4790 1318 1597 4791 347 1597 4792 1303 1597 4793 1320 1598 4794 1303 1598 4795 531 1598 4796 1303 1599 4797 1320 1599 4798 1318 1599 4799 598 1600 4800 1320 1600 4801 1322 1600 4802 1320 1601 4803 531 1601 4804 1321 1601 4805 1322 1602 4806 1321 1602 4807 348 1602 4808 1321 1603 4809 1322 1603 4810 1320 1603 4811 598 1604 4812 1322 1604 4813 1319 1604 4814 1322 1605 4815 348 1605 4816 1323 1605 4817 1319 1606 4818 1323 1606 4819 164 1606 4820 1323 1607 4821 1319 1607 4822 1322 1607 4823 164 1608 4824 1323 1608 4825 1325 1608 4826 1323 1609 4827 348 1609 4828 1324 1609 4829 1325 1610 4830 1324 1610 4831 438 1610 4832 1324 1611 4833 1325 1611 4834 1323 1611 4835 164 1612 4836 1325 1612 4837 1317 1612 4838 1325 1613 4839 438 1613 4840 1326 1613 4841 1317 1614 4842 1326 1614 4843 544 1614 4844 1326 1615 4845 1317 1615 4846 1325 1615 4847 544 1616 4848 1326 1616 4849 1328 1616 4850 1326 1617 4851 438 1617 4852 1327 1617 4853 1328 1618 4854 1327 1618 4855 313 1618 4856 1327 1619 4857 1328 1619 4858 1326 1619 4859 313 1620 4860 1327 1620 4861 1330 1620 4862 1327 1621 4863 438 1621 4864 1329 1621 4865 1330 1622 4866 1329 1622 4867 439 1622 4868 1329 1623 4869 1330 1623 4870 1327 1623 4871 439 1624 4872 1329 1624 4873 1331 1624 4874 1329 1625 4875 438 1625 4876 1324 1625 4877 1331 1626 4878 1324 1626 4879 348 1626 4880 1324 1627 4881 1331 1627 4882 1329 1627 4883 439 1628 4884 1331 1628 4885 1333 1628 4886 1331 1629 4887 348 1629 4888 1332 1629 4889 1333 1630 4890 1332 1630 4891 440 1630 4892 1332 1631 4893 1333 1631 4894 1331 1631 4895 440 1632 4896 1332 1632 4897 1335 1632 4898 1332 1633 4899 348 1633 4900 1334 1633 4901 1335 1634 4902 1334 1634 4903 415 1634 4904 1334 1635 4905 1335 1635 4906 1332 1635 4907 415 1636 4908 1334 1636 4909 1336 1636 4910 1334 1637 4911 348 1637 4912 1321 1637 4913 1336 1638 4914 1321 1638 4915 531 1638 4916 1321 1639 4917 1336 1639 4918 1334 1639 4919 415 1640 4920 1336 1640 4921 1338 1640 4922 1336 1641 4923 531 1641 4924 1337 1641 4925 1338 1642 4926 1337 1642 4927 430 1642 4928 1337 1643 4929 1338 1643 4930 1336 1643 4931 430 1644 4932 1337 1644 4933 1339 1644 4934 1337 1645 4935 531 1645 4936 1297 1645 4937 1339 1646 4938 1297 1646 4939 113 1646 4940 1297 1647 4941 1339 1647 4942 1337 1647 4943 430 1648 4944 1339 1648 4945 1340 1648 4946 1339 1649 4947 113 1649 4948 1294 1649 4949 1340 1650 4950 1294 1650 4951 275 1650 4952 1294 1651 4953 1340 1651 4954 1339 1651 4955 430 1652 4956 1340 1652 4957 1342 1652 4958 1340 1653 4959 275 1653 4960 1341 1653 4961 1342 1654 4962 1341 1654 4963 579 1654 4964 1341 1655 4965 1342 1655 4966 1340 1655 4967 430 1656 4968 1342 1656 4969 1338 1656 4970 1342 1657 4971 579 1657 4972 1343 1657 4973 1338 1658 4974 1343 1658 4975 415 1658 4976 1343 1659 4977 1338 1659 4978 1342 1659 4979 415 1660 4980 1343 1660 4981 1345 1660 4982 1343 1661 4983 579 1661 4984 1344 1661 4985 1345 1662 4986 1344 1662 4987 230 1662 4988 1344 1663 4989 1345 1663 4990 1343 1663 4991 415 1664 4992 1345 1664 4993 1335 1664 4994 1345 1665 4995 230 1665 4996 1346 1665 4997 1335 1666 4998 1346 1666 4999 440 1666 5000 1346 1667 5001 1335 1667 5002 1345 1667 5003 440 1668 5004 1346 1668 5005 1348 1668 5006 1346 1669 5007 230 1669 5008 1347 1669 5009 1348 1670 5010 1347 1670 5011 4 1670 5012 1347 1671 5013 1348 1671 5014 1346 1671 5015 440 1672 5016 1348 1672 5017 1333 1672 5018 1348 1673 5019 4 1673 5020 1349 1673 5021 1333 1674 5022 1349 1674 5023 439 1674 5024 1349 1675 5025 1333 1675 5026 1348 1675 5027 439 1676 5028 1349 1676 5029 1330 1676 5030 1349 1677 5031 4 1677 5032 1350 1677 5033 1330 1678 5034 1350 1678 5035 313 1678 5036 1350 1679 5037 1330 1679 5038 1349 1679 5039 313 1680 5040 1350 1680 5041 1352 1680 5042 1350 1681 5043 4 1681 5044 1351 1681 5045 1352 1682 5046 1351 1682 5047 93 1682 5048 1351 1683 5049 1352 1683 5050 1350 1683 5051 93 1684 5052 1351 1684 5053 1354 1684 5054 1351 1685 5055 4 1685 5056 1353 1685 5057 1354 1686 5058 1353 1686 5059 242 1686 5060 1353 1687 5061 1354 1687 5062 1351 1687 5063 242 1688 5064 1353 1688 5065 1356 1688 5066 1353 1689 5067 4 1689 5068 1355 1689 5069 1356 1690 5070 1355 1690 5071 373 1690 5072 1355 1691 5073 1356 1691 5074 1353 1691 5075 373 1692 5076 1355 1692 5077 1358 1692 5078 1355 1693 5079 4 1693 5080 1357 1693 5081 1358 1694 5082 1357 1694 5083 163 1694 5084 1357 1695 5085 1358 1695 5086 1355 1695 5087 163 1696 5088 1357 1696 5089 1360 1696 5090 1357 1697 5091 4 1697 5092 1359 1697 5093 1360 1698 5094 1359 1698 5095 89 1698 5096 1359 1699 5097 1360 1699 5098 1357 1699 5099 89 1700 5100 1359 1700 5101 1361 1700 5102 1359 1701 5103 4 1701 5104 1347 1701 5105 1361 1702 5106 1347 1702 5107 230 1702 5108 1347 1703 5109 1361 1703 5110 1359 1703 5111 89 1704 5112 1361 1704 5113 1363 1704 5114 1361 1705 5115 230 1705 5116 1362 1705 5117 1363 1706 5118 1362 1706 5119 91 1706 5120 1362 1707 5121 1363 1707 5122 1361 1707 5123 89 1708 5124 1363 1708 5125 1365 1708 5126 1363 1709 5127 91 1709 5128 1364 1709 5129 1365 1710 5130 1364 1710 5131 159 1710 5132 1364 1711 5133 1365 1711 5134 1363 1711 5135 89 1712 5136 1365 1712 5137 1367 1712 5138 1365 1713 5139 159 1713 5140 1366 1713 5141 1367 1714 5142 1366 1714 5143 90 1714 5144 1366 1715 5145 1367 1715 5146 1365 1715 5147 90 1716 5148 1366 1716 5149 1369 1716 5150 1366 1717 5151 159 1717 5152 1368 1717 5153 1369 1718 5154 1368 1718 5155 109 1718 5156 1368 1719 5157 1369 1719 5158 1366 1719 5159 109 1720 5160 1368 1720 5161 1371 1720 5162 1368 1721 5163 159 1721 5164 1370 1721 5165 1371 1722 5166 1370 1722 5167 110 1722 5168 1370 1723 5169 1371 1723 5170 1368 1723 5171 109 1724 5172 1371 1724 5173 1373 1724 5174 1371 1725 5175 110 1725 5176 1372 1725 5177 1373 1726 5178 1372 1726 5179 111 1726 5180 1372 1727 5181 1373 1727 5182 1371 1727 5183 109 1728 5184 1373 1728 5185 1375 1728 5186 1373 1729 5187 111 1729 5188 1374 1729 5189 1375 1730 5190 1374 1730 5191 368 1730 5192 1374 1731 5193 1375 1731 5194 1373 1731 5195 109 1732 5196 1375 1732 5197 1377 1732 5198 1375 1733 5199 368 1733 5200 1376 1733 5201 1377 1734 5202 1376 1734 5203 362 1734 5204 1376 1735 5205 1377 1735 5206 1375 1735 5207 362 1736 5208 1376 1736 5209 1379 1736 5210 1376 1737 5211 368 1737 5212 1378 1737 5213 1379 1738 5214 1378 1738 5215 156 1738 5216 1378 1739 5217 1379 1739 5218 1376 1739 5219 156 1740 5220 1378 1740 5221 1381 1740 5222 1378 1741 5223 368 1741 5224 1380 1741 5225 1381 1742 5226 1380 1742 5227 183 1742 5228 1380 1743 5229 1381 1743 5230 1378 1743 5231 156 1744 5232 1381 1744 5233 1383 1744 5234 1381 1745 5235 183 1745 5236 1382 1745 5237 1383 1746 5238 1382 1746 5239 155 1746 5240 1382 1747 5241 1383 1747 5242 1381 1747 5243 156 1748 5244 1383 1748 5245 1379 1748 5246 1383 1749 5247 155 1749 5248 1384 1749 5249 1379 1750 5250 1384 1750 5251 362 1750 5252 1384 1751 5253 1379 1751 5254 1383 1751 5255 362 1752 5256 1384 1752 5257 1377 1752 5258 1384 1753 5259 155 1753 5260 1385 1753 5261 1377 1754 5262 1385 1754 5263 109 1754 5264 1385 1755 5265 1377 1755 5266 1384 1755 5267 109 1756 5268 1385 1756 5269 1387 1756 5270 1385 1757 5271 155 1757 5272 1386 1757 5273 1387 1758 5274 1386 1758 5275 88 1758 5276 1386 1759 5277 1387 1759 5278 1385 1759 5279 109 1760 5280 1387 1760 5281 1369 1760 5282 1387 1761 5283 88 1761 5284 1388 1761 5285 1369 1762 5286 1388 1762 5287 90 1762 5288 1388 1763 5289 1369 1763 5290 1387 1763 5291 90 1764 5292 1388 1764 5293 1390 1764 5294 1388 1765 5295 88 1765 5296 1389 1765 5297 1390 1766 5298 1389 1766 5299 366 1766 5300 1389 1767 5301 1390 1767 5302 1388 1767 5303 366 1768 5304 1389 1768 5305 1392 1768 5306 1389 1769 5307 88 1769 5308 1391 1769 5309 1392 1770 5310 1391 1770 5311 276 1770 5312 1391 1771 5313 1392 1771 5314 1389 1771 5315 276 1772 5316 1391 1772 5317 1394 1772 5318 1391 1773 5319 88 1773 5320 1393 1773 5321 1394 1774 5322 1393 1774 5323 416 1774 5324 1393 1775 5325 1394 1775 5326 1391 1775 5327 416 1776 5328 1393 1776 5329 1395 1776 5330 1393 1777 5331 88 1777 5332 1386 1777 5333 1395 1778 5334 1386 1778 5335 155 1778 5336 1386 1779 5337 1395 1779 5338 1393 1779 5339 416 1780 5340 1395 1780 5341 1397 1780 5342 1395 1781 5343 155 1781 5344 1396 1781 5345 1397 1782 5346 1396 1782 5347 375 1782 5348 1396 1783 5349 1397 1783 5350 1395 1783 5351 375 1784 5352 1396 1784 5353 1398 1784 5354 1396 1785 5355 155 1785 5356 1382 1785 5357 1398 1786 5358 1382 1786 5359 183 1786 5360 1382 1787 5361 1398 1787 5362 1396 1787 5363 375 1788 5364 1398 1788 5365 1400 1788 5366 1398 1789 5367 183 1789 5368 1399 1789 5369 1400 1790 5370 1399 1790 5371 332 1790 5372 1399 1791 5373 1400 1791 5374 1398 1791 5375 375 1792 5376 1400 1792 5377 1402 1792 5378 1400 1793 5379 332 1793 5380 1401 1793 5381 1402 1794 5382 1401 1794 5383 80 1794 5384 1401 1795 5385 1402 1795 5386 1400 1795 5387 375 1796 5388 1402 1796 5389 1404 1796 5390 1402 1797 5391 80 1797 5392 1403 1797 5393 1404 1798 5394 1403 1798 5395 158 1798 5396 1403 1799 5397 1404 1799 5398 1402 1799 5399 375 1800 5400 1404 1800 5401 1406 1800 5402 1404 1801 5403 158 1801 5404 1405 1801 5405 1406 1802 5406 1405 1802 5407 157 1802 5408 1405 1803 5409 1406 1803 5410 1404 1803 5411 157 1804 5412 1405 1804 5413 1408 1804 5414 1405 1805 5415 158 1805 5416 1407 1805 5417 1408 1806 5418 1407 1806 5419 557 1806 5420 1407 1807 5421 1408 1807 5422 1405 1807 5423 157 1808 5424 1408 1808 5425 1410 1808 5426 1408 1809 5427 557 1809 5428 1409 1809 5429 1410 1810 5430 1409 1810 5431 87 1810 5432 1409 1811 5433 1410 1811 5434 1408 1811 5435 87 1812 5436 1409 1812 5437 1412 1812 5438 1409 1813 5439 557 1813 5440 1411 1813 5441 1412 1814 5442 1411 1814 5443 553 1814 5444 1411 1815 5445 1412 1815 5446 1409 1815 5447 87 1816 5448 1412 1816 5449 1414 1816 5450 1412 1817 5451 553 1817 5452 1413 1817 5453 1414 1818 5454 1413 1818 5455 291 1818 5456 1413 1819 5457 1414 1819 5458 1412 1819 5459 291 1820 5460 1413 1820 5461 1416 1820 5462 1413 1821 5463 553 1821 5464 1415 1821 5465 1416 1822 5466 1415 1822 5467 593 1822 5468 1415 1823 5469 1416 1823 5470 1413 1823 5471 291 1824 5472 1416 1824 5473 1418 1824 5474 1416 1825 5475 593 1825 5476 1417 1825 5477 1418 1826 5478 1417 1826 5479 476 1826 5480 1417 1827 5481 1418 1827 5482 1416 1827 5483 476 1828 5484 1417 1828 5485 1420 1828 5486 1417 1829 5487 593 1829 5488 1419 1829 5489 1420 1830 5490 1419 1830 5491 592 1830 5492 1419 1831 5493 1420 1831 5494 1417 1831 5495 476 1832 5496 1420 1832 5497 1422 1832 5498 1420 1833 5499 592 1833 5500 1421 1833 5501 1422 1834 5502 1421 1834 5503 206 1834 5504 1421 1835 5505 1422 1835 5506 1420 1835 5507 206 1836 5508 1421 1836 5509 1424 1836 5510 1421 1837 5511 592 1837 5512 1423 1837 5513 1424 1838 5514 1423 1838 5515 411 1838 5516 1423 1839 5517 1424 1839 5518 1421 1839 5519 411 1840 5520 1423 1840 5521 1426 1840 5522 1423 1841 5523 592 1841 5524 1425 1841 5525 1426 1842 5526 1425 1842 5527 6 1842 5528 1425 1843 5529 1426 1843 5530 1423 1843 5531 411 1844 5532 1426 1844 5533 1428 1844 5534 1426 1845 5535 6 1845 5536 1427 1845 5537 1428 1846 5538 1427 1846 5539 573 1846 5540 1427 1847 5541 1428 1847 5542 1426 1847 5543 411 1848 5544 1428 1848 5545 875 1848 5546 1428 1849 5547 573 1849 5548 884 1849 5549 875 1850 5550 884 1850 5551 126 1850 5552 884 1851 5553 875 1851 5554 1428 1851 5555 639 1852 5556 1429 1852 5557 1430 1852 5558 1429 1853 5559 354 1853 5560 1314 1853 5561 1430 1854 5562 1314 1854 5563 544 1854 5564 1314 1855 5565 1430 1855 5566 1429 1855 5567 639 1856 5568 1430 1856 5569 1431 1856 5570 1430 1857 5571 544 1857 5572 1328 1857 5573 1431 1858 5574 1328 1858 5575 313 1858 5576 1328 1859 5577 1431 1859 5578 1430 1859 5579 639 1860 5580 1431 1860 5581 1433 1860 5582 1431 1861 5583 313 1861 5584 1432 1861 5585 1433 1862 5586 1432 1862 5587 243 1862 5588 1432 1863 5589 1433 1863 5590 1431 1863 5591 243 1864 5592 1432 1864 5593 1435 1864 5594 1432 1865 5595 313 1865 5596 1434 1865 5597 1435 1866 5598 1434 1866 5599 324 1866 5600 1434 1867 5601 1435 1867 5602 1432 1867 5603 243 1868 5604 1435 1868 5605 1437 1868 5606 1435 1869 5607 324 1869 5608 1436 1869 5609 1437 1870 5610 1436 1870 5611 590 1870 5612 1436 1871 5613 1437 1871 5614 1435 1871 5615 590 1872 5616 1436 1872 5617 1439 1872 5618 1436 1873 5619 324 1873 5620 1438 1873 5621 1439 1874 5622 1438 1874 5623 207 1874 5624 1438 1875 5625 1439 1875 5626 1436 1875 5627 207 1876 5628 1438 1876 5629 1024 1876 5630 1438 1877 5631 324 1877 5632 1017 1877 5633 1024 1878 5634 1017 1878 5635 543 1878 5636 1017 1879 5637 1024 1879 5638 1438 1879 5639 98 1880 5640 1018 1880 5641 1004 1880 5642 1018 1881 5643 324 1881 5644 1440 1881 5645 1004 1882 5646 1440 1882 5647 472 1882 5648 1440 1883 5649 1004 1883 5650 1018 1883 5651 472 1884 5652 1440 1884 5653 1442 1884 5654 1440 1885 5655 324 1885 5656 1441 1885 5657 1442 1886 5658 1441 1886 5659 262 1886 5660 1441 1887 5661 1442 1887 5662 1440 1887 5663 262 1888 5664 1441 1888 5665 1443 1888 5666 1441 1889 5667 324 1889 5668 1434 1889 5669 1443 1890 5670 1434 1890 5671 313 1890 5672 1434 1891 5673 1443 1891 5674 1441 1891 5675 262 1892 5676 1443 1892 5677 1445 1892 5678 1443 1893 5679 313 1893 5680 1444 1893 5681 1445 1894 5682 1444 1894 5683 327 1894 5684 1444 1895 5685 1445 1895 5686 1443 1895 5687 262 1896 5688 1445 1896 5689 1442 1896 5690 1445 1897 5691 327 1897 5692 1005 1897 5693 1442 1898 5694 1005 1898 5695 472 1898 5696 1005 1899 5697 1442 1899 5698 1445 1899 5699 7 1900 5700 969 1900 5701 1447 1900 5702 969 1901 5703 99 1901 5704 1446 1901 5705 1447 1902 5706 1446 1902 5707 93 1902 5708 1446 1903 5709 1447 1903 5710 969 1903 5711 7 1904 5712 1447 1904 5713 1449 1904 5714 1447 1905 5715 93 1905 5716 1448 1905 5717 1449 1906 5718 1448 1906 5719 475 1906 5720 1448 1907 5721 1449 1907 5722 1447 1907 5723 475 1908 5724 1448 1908 5725 1451 1908 5726 1448 1909 5727 93 1909 5728 1450 1909 5729 1451 1910 5730 1450 1910 5731 410 1910 5732 1450 1911 5733 1451 1911 5734 1448 1911 5735 410 1912 5736 1450 1912 5737 1452 1912 5738 1450 1913 5739 93 1913 5740 1354 1913 5741 1452 1914 5742 1354 1914 5743 242 1914 5744 1354 1915 5745 1452 1915 5746 1450 1915 5747 410 1916 5748 1452 1916 5749 1454 1916 5750 1452 1917 5751 242 1917 5752 1453 1917 5753 1454 1918 5754 1453 1918 5755 261 1918 5756 1453 1919 5757 1454 1919 5758 1452 1919 5759 410 1920 5760 1454 1920 5761 1451 1920 5762 1454 1921 5763 261 1921 5764 1455 1921 5765 1451 1922 5766 1455 1922 5767 475 1922 5768 1455 1923 5769 1451 1923 5770 1454 1923 5771 475 1924 5772 1455 1924 5773 1457 1924 5774 1455 1925 5775 261 1925 5776 1456 1925 5777 1457 1926 5778 1456 1926 5779 591 1926 5780 1456 1927 5781 1457 1927 5782 1455 1927 5783 591 1928 5784 1456 1928 5785 1458 1928 5786 1456 1929 5787 261 1929 5788 1453 1929 5789 1458 1930 5790 1453 1930 5791 242 1930 5792 1453 1931 5793 1458 1931 5794 1456 1931 5795 591 1932 5796 1458 1932 5797 1460 1932 5798 1458 1933 5799 242 1933 5800 1459 1933 5801 1460 1934 5802 1459 1934 5803 228 1934 5804 1459 1935 5805 1460 1935 5806 1458 1935 5807 228 1936 5808 1459 1936 5809 1461 1936 5810 1459 1937 5811 242 1937 5812 1356 1937 5813 1461 1938 5814 1356 1938 5815 373 1938 5816 1356 1939 5817 1461 1939 5818 1459 1939 5819 228 1940 5820 1461 1940 5821 1463 1940 5822 1461 1941 5823 373 1941 5824 1462 1941 5825 1463 1942 5826 1462 1942 5827 481 1942 5828 1462 1943 5829 1463 1943 5830 1461 1943 5831 481 1944 5832 1462 1944 5833 1464 1944 5834 1462 1945 5835 373 1945 5836 1358 1945 5837 1464 1946 5838 1358 1946 5839 163 1946 5840 1358 1947 5841 1464 1947 5842 1462 1947 5843 481 1948 5844 1464 1948 5845 1465 1948 5846 1464 1949 5847 163 1949 5848 1360 1949 5849 1465 1950 5850 1360 1950 5851 89 1950 5852 1360 1951 5853 1465 1951 5854 1464 1951 5855 481 1952 5856 1465 1952 5857 1466 1952 5858 1465 1953 5859 89 1953 5860 1367 1953 5861 1466 1954 5862 1367 1954 5863 90 1954 5864 1367 1955 5865 1466 1955 5866 1465 1955 5867 481 1956 5868 1466 1956 5869 1467 1956 5870 1466 1957 5871 90 1957 5872 1390 1957 5873 1467 1958 5874 1390 1958 5875 366 1958 5876 1390 1959 5877 1467 1959 5878 1466 1959 5879 481 1960 5880 1467 1960 5881 1469 1960 5882 1467 1961 5883 366 1961 5884 1468 1961 5885 1469 1962 5886 1468 1962 5887 349 1962 5888 1468 1963 5889 1469 1963 5890 1467 1963 5891 349 1964 5892 1468 1964 5893 1470 1964 5894 1468 1965 5895 366 1965 5896 1392 1965 5897 1470 1966 5898 1392 1966 5899 276 1966 5900 1392 1967 5901 1470 1967 5902 1468 1967 5903 349 1968 5904 1470 1968 5905 1472 1968 5906 1470 1969 5907 276 1969 5908 1471 1969 5909 1472 1970 5910 1471 1970 5911 228 1970 5912 1471 1971 5913 1472 1971 5914 1470 1971 5915 349 1972 5916 1472 1972 5917 1469 1972 5918 1472 1973 5919 228 1973 5920 1463 1973 5921 1469 1974 5922 1463 1974 5923 481 1974 5924 1463 1975 5925 1469 1975 5926 1472 1975 5927 7 1976 5928 1449 1976 5929 1473 1976 5930 1449 1977 5931 475 1977 5932 1457 1977 5933 1473 1978 5934 1457 1978 5935 591 1978 5936 1457 1979 5937 1473 1979 5938 1449 1979 5939 7 1980 5940 1473 1980 5941 983 1980 5942 1473 1981 5943 591 1981 5944 1474 1981 5945 983 1982 5946 1474 1982 5947 357 1982 5948 1474 1983 5949 983 1983 5950 1473 1983 5951 357 1984 5952 1474 1984 5953 1476 1984 5954 1474 1985 5955 591 1985 5956 1475 1985 5957 1476 1986 5958 1475 1986 5959 3 1986 5960 1475 1987 5961 1476 1987 5962 1474 1987 5963 357 1988 5964 1476 1988 5965 981 1988 5966 1476 1989 5967 3 1989 5968 978 1989 5969 981 1990 5970 978 1990 5971 345 1990 5972 978 1991 5973 981 1991 5974 1476 1991 5975 276 1992 5976 1394 1992 5977 1471 1992 5978 1394 1993 5979 416 1993 5980 1477 1993 5981 1471 1994 5982 1477 1994 5983 228 1994 5984 1477 1995 5985 1471 1995 5986 1394 1995 5987 228 1996 5988 1477 1996 5989 1479 1996 5990 1477 1997 5991 416 1997 5992 1478 1997 5993 1479 1998 5994 1478 1998 5995 229 1998 5996 1478 1999 5997 1479 1999 5998 1477 1999 5999 229 2000 6000 1478 2000 6001 1481 2000 6002 1478 2001 6003 416 2001 6004 1480 2001 6005 1481 2002 6006 1480 2002 6007 87 2002 6008 1480 2003 6009 1481 2003 6010 1478 2003 6011 87 2004 6012 1480 2004 6013 1410 2004 6014 1480 2005 6015 416 2005 6016 1482 2005 6017 1410 2006 6018 1482 2006 6019 157 2006 6020 1482 2007 6021 1410 2007 6022 1480 2007 6023 157 2008 6024 1482 2008 6025 1406 2008 6026 1482 2009 6027 416 2009 6028 1397 2009 6029 1406 2010 6030 1397 2010 6031 375 2010 6032 1397 2011 6033 1406 2011 6034 1482 2011 6035 229 2012 6036 1481 2012 6037 1483 2012 6038 1481 2013 6039 87 2013 6040 1414 2013 6041 1483 2014 6042 1414 2014 6043 291 2014 6044 1414 2015 6045 1483 2015 6046 1481 2015 6047 229 2016 6048 1483 2016 6049 1484 2016 6050 1483 2017 6051 291 2017 6052 1418 2017 6053 1484 2018 6054 1418 2018 6055 476 2018 6056 1418 2019 6057 1484 2019 6058 1483 2019 6059 229 2020 6060 1484 2020 6061 1486 2020 6062 1484 2021 6063 476 2021 6064 1485 2021 6065 1486 2022 6066 1485 2022 6067 92 2022 6068 1485 2023 6069 1486 2023 6070 1484 2023 6071 92 2024 6072 1485 2024 6073 1487 2024 6074 1485 2025 6075 476 2025 6076 1422 2025 6077 1487 2026 6078 1422 2026 6079 206 2026 6080 1422 2027 6081 1487 2027 6082 1485 2027 6083 92 2028 6084 1487 2028 6085 1488 2028 6086 1487 2029 6087 206 2029 6088 1424 2029 6089 1488 2030 6090 1424 2030 6091 411 2030 6092 1424 2031 6093 1488 2031 6094 1487 2031 6095 92 2032 6096 1488 2032 6097 1489 2032 6098 1488 2033 6099 411 2033 6100 877 2033 6101 1489 2034 6102 877 2034 6103 3 2034 6104 877 2035 6105 1489 2035 6106 1488 2035 6107 92 2036 6108 1489 2036 6109 1490 2036 6110 1489 2037 6111 3 2037 6112 1475 2037 6113 1490 2038 6114 1475 2038 6115 591 2038 6116 1475 2039 6117 1490 2039 6118 1489 2039 6119 92 2040 6120 1490 2040 6121 1492 2040 6122 1490 2041 6123 591 2041 6124 1491 2041 6125 1492 2042 6126 1491 2042 6127 523 2042 6128 1491 2043 6129 1492 2043 6130 1490 2043 6131 523 2044 6132 1491 2044 6133 1493 2044 6134 1491 2045 6135 591 2045 6136 1460 2045 6137 1493 2046 6138 1460 2046 6139 228 2046 6140 1460 2047 6141 1493 2047 6142 1491 2047 6143 523 2048 6144 1493 2048 6145 1494 2048 6146 1493 2049 6147 228 2049 6148 1479 2049 6149 1494 2050 6150 1479 2050 6151 229 2050 6152 1479 2051 6153 1494 2051 6154 1493 2051 6155 523 2052 6156 1494 2052 6157 1492 2052 6158 1494 2053 6159 229 2053 6160 1486 2053 6161 1492 2054 6162 1486 2054 6163 92 2054 6164 1486 2055 6165 1492 2055 6166 1494 2055 6167 624 2056 6168 1495 2056 6169 1497 2056 6170 1495 2057 6171 340 2057 6172 1496 2057 6173 1497 2058 6174 1496 2058 6175 394 2058 6176 1496 2059 6177 1497 2059 6178 1495 2059 6179 624 2060 6180 1497 2060 6181 1499 2060 6182 1497 2061 6183 394 2061 6184 1498 2061 6185 1499 2062 6186 1498 2062 6187 427 2062 6188 1498 2063 6189 1499 2063 6190 1497 2063 6191 427 2064 6192 1498 2064 6193 1501 2064 6194 1498 2065 6195 394 2065 6196 1500 2065 6197 1501 2066 6198 1500 2066 6199 43 2066 6200 1500 2067 6201 1501 2067 6202 1498 2067 6203 43 2068 6204 1500 2068 6205 1503 2068 6206 1500 2069 6207 394 2069 6208 1502 2069 6209 1503 2070 6210 1502 2070 6211 539 2070 6212 1502 2071 6213 1503 2071 6214 1500 2071 6215 539 2072 6216 1502 2072 6217 1505 2072 6218 1502 2073 6219 394 2073 6220 1504 2073 6221 1505 2074 6222 1504 2074 6223 312 2074 6224 1504 2075 6225 1505 2075 6226 1502 2075 6227 395 2076 6228 1506 2076 6229 1508 2076 6230 1506 2077 6231 316 2077 6232 1507 2077 6233 1508 2078 6234 1507 2078 6235 624 2078 6236 1507 2079 6237 1508 2079 6238 1506 2079 6239 395 2080 6240 1508 2080 6241 1510 2080 6242 1508 2081 6243 624 2081 6244 1509 2081 6245 1510 2082 6246 1509 2082 6247 249 2082 6248 1509 2083 6249 1510 2083 6250 1508 2083 6251 249 2084 6252 1509 2084 6253 1512 2084 6254 1509 2085 6255 624 2085 6256 1511 2085 6257 1512 2086 6258 1511 2086 6259 39 2086 6260 1511 2087 6261 1512 2087 6262 1509 2087 6263 39 2088 6264 1511 2088 6265 1513 2088 6266 1511 2089 6267 624 2089 6268 1499 2089 6269 1513 2090 6270 1499 2090 6271 427 2090 6272 1499 2091 6273 1513 2091 6274 1511 2091 6275 39 2092 6276 1513 2092 6277 1515 2092 6278 1513 2093 6279 427 2093 6280 1514 2093 6281 1515 2094 6282 1514 2094 6283 188 2094 6284 1514 2095 6285 1515 2095 6286 1513 2095 6287 188 2096 6288 1514 2096 6289 1516 2096 6290 1514 2097 6291 427 2097 6292 1501 2097 6293 1516 2098 6294 1501 2098 6295 43 2098 6296 1501 2099 6297 1516 2099 6298 1514 2099 6299 188 2100 6300 1516 2100 6301 1518 2100 6302 1516 2101 6303 43 2101 6304 1517 2101 6305 1518 2102 6306 1517 2102 6307 248 2102 6308 1517 2103 6309 1518 2103 6310 1516 2103 6311 248 2104 6312 1517 2104 6313 1520 2104 6314 1517 2105 6315 43 2105 6316 1519 2105 6317 1520 2106 6318 1519 2106 6319 40 2106 6320 1519 2107 6321 1520 2107 6322 1517 2107 6323 40 2108 6324 1519 2108 6325 1522 2108 6326 1519 2109 6327 43 2109 6328 1521 2109 6329 1522 2110 6330 1521 2110 6331 42 2110 6332 1521 2111 6333 1522 2111 6334 1519 2111 6335 42 2112 6336 1521 2112 6337 1524 2112 6338 1521 2113 6339 43 2113 6340 1523 2113 6341 1524 2114 6342 1523 2114 6343 121 2114 6344 1523 2115 6345 1524 2115 6346 1521 2115 6347 121 2116 6348 1523 2116 6349 1525 2116 6350 1523 2117 6351 43 2117 6352 1503 2117 6353 1525 2118 6354 1503 2118 6355 539 2118 6356 1503 2119 6357 1525 2119 6358 1523 2119 6359 121 2120 6360 1525 2120 6361 1527 2120 6362 1525 2121 6363 539 2121 6364 1526 2121 6365 1527 2122 6366 1526 2122 6367 290 2122 6368 1526 2123 6369 1527 2123 6370 1525 2123 6371 121 2124 6372 1527 2124 6373 1529 2124 6374 1527 2125 6375 290 2125 6376 1528 2125 6377 1529 2126 6378 1528 2126 6379 119 2126 6380 1528 2127 6381 1529 2127 6382 1527 2127 6383 121 2128 6384 1529 2128 6385 1524 2128 6386 1529 2129 6387 119 2129 6388 1530 2129 6389 1524 2130 6390 1530 2130 6391 42 2130 6392 1530 2131 6393 1524 2131 6394 1529 2131 6395 248 2132 6396 1520 2132 6397 1532 2132 6398 1520 2133 6399 40 2133 6400 1531 2133 6401 1532 2134 6402 1531 2134 6403 127 2134 6404 1531 2135 6405 1532 2135 6406 1520 2135 6407 248 2136 6408 1532 2136 6409 1534 2136 6410 1532 2137 6411 127 2137 6412 1533 2137 6413 1534 2138 6414 1533 2138 6415 50 2138 6416 1533 2139 6417 1534 2139 6418 1532 2139 6419 248 2140 6420 1534 2140 6421 1518 2140 6422 1534 2141 6423 50 2141 6424 1535 2141 6425 1518 2142 6426 1535 2142 6427 188 2142 6428 1535 2143 6429 1518 2143 6430 1534 2143 6431 188 2144 6432 1535 2144 6433 1537 2144 6434 1535 2145 6435 50 2145 6436 1536 2145 6437 1537 2146 6438 1536 2146 6439 254 2146 6440 1536 2147 6441 1537 2147 6442 1535 2147 6443 254 2148 6444 1536 2148 6445 1135 2148 6446 1536 2149 6447 50 2149 6448 1538 2149 6449 1135 2150 6450 1538 2150 6451 49 2150 6452 1538 2151 6453 1135 2151 6454 1536 2151 6455 49 2152 6456 1538 2152 6457 1147 2152 6458 1538 2153 6459 50 2153 6460 1539 2153 6461 1147 2154 6462 1539 2154 6463 221 2154 6464 1539 2155 6465 1147 2155 6466 1538 2155 6467 221 2156 6468 1539 2156 6469 1541 2156 6470 1539 2157 6471 50 2157 6472 1540 2157 6473 1541 2158 6474 1540 2158 6475 621 2158 6476 1540 2159 6477 1541 2159 6478 1539 2159 6479 188 2160 6480 1537 2160 6481 1542 2160 6482 1537 2161 6483 254 2161 6484 1129 2161 6485 1542 2162 6486 1129 2162 6487 536 2162 6488 1129 2163 6489 1542 2163 6490 1537 2163 6491 188 2164 6492 1542 2164 6493 1543 2164 6494 1542 2165 6495 536 2165 6496 1087 2165 6497 1543 2166 6498 1087 2166 6499 496 2166 6500 1087 2167 6501 1543 2167 6502 1542 2167 6503 188 2168 6504 1543 2168 6505 1545 2168 6506 1543 2169 6507 496 2169 6508 1544 2169 6509 1545 2170 6510 1544 2170 6511 351 2170 6512 1544 2171 6513 1545 2171 6514 1543 2171 6515 351 2172 6516 1544 2172 6517 1546 2172 6518 1544 2173 6519 496 2173 6520 1083 2173 6521 1546 2174 6522 1083 2174 6523 425 2174 6524 1083 2175 6525 1546 2175 6526 1544 2175 6527 351 2176 6528 1546 2176 6529 1547 2176 6530 1546 2177 6531 425 2177 6532 1081 2177 6533 1547 2178 6534 1081 2178 6535 424 2178 6536 1081 2179 6537 1547 2179 6538 1546 2179 6539 351 2180 6540 1547 2180 6541 1549 2180 6542 1547 2181 6543 424 2181 6544 1548 2181 6545 1549 2182 6546 1548 2182 6547 51 2182 6548 1548 2183 6549 1549 2183 6550 1547 2183 6551 51 2184 6552 1548 2184 6553 1550 2184 6554 1548 2185 6555 424 2185 6556 1079 2185 6557 1550 2186 6558 1079 2186 6559 128 2186 6560 1079 2187 6561 1550 2187 6562 1548 2187 6563 51 2188 6564 1550 2188 6565 1551 2188 6566 1550 2189 6567 128 2189 6568 1073 2189 6569 1551 2190 6570 1073 2190 6571 63 2190 6572 1073 2191 6573 1551 2191 6574 1550 2191 6575 51 2192 6576 1551 2192 6577 1553 2192 6578 1551 2193 6579 63 2193 6580 1552 2193 6581 1553 2194 6582 1552 2194 6583 495 2194 6584 1552 2195 6585 1553 2195 6586 1551 2195 6587 495 2196 6588 1552 2196 6589 1554 2196 6590 1552 2197 6591 63 2197 6592 1069 2197 6593 1554 2198 6594 1069 2198 6595 390 2198 6596 1069 2199 6597 1554 2199 6598 1552 2199 6599 495 2200 6600 1554 2200 6601 1555 2200 6602 1554 2201 6603 390 2201 6604 1059 2201 6605 1555 2202 6606 1059 2202 6607 314 2202 6608 1059 2203 6609 1555 2203 6610 1554 2203 6611 495 2204 6612 1555 2204 6613 1557 2204 6614 1555 2205 6615 314 2205 6616 1556 2205 6617 1557 2206 6618 1556 2206 6619 423 2206 6620 1556 2207 6621 1557 2207 6622 1555 2207 6623 423 2208 6624 1556 2208 6625 1559 2208 6626 1556 2209 6627 314 2209 6628 1558 2209 6629 1559 2210 6630 1558 2210 6631 494 2210 6632 1558 2211 6633 1559 2211 6634 1556 2211 6635 494 2212 6636 1558 2212 6637 1560 2212 6638 1558 2213 6639 314 2213 6640 1057 2213 6641 1560 2214 6642 1057 2214 6643 52 2214 6644 1057 2215 6645 1560 2215 6646 1558 2215 6647 494 2216 6648 1560 2216 6649 1562 2216 6650 1560 2217 6651 52 2217 6652 1561 2217 6653 1562 2218 6654 1561 2218 6655 392 2218 6656 1561 2219 6657 1562 2219 6658 1560 2219 6659 392 2220 6660 1561 2220 6661 1564 2220 6662 1561 2221 6663 52 2221 6664 1563 2221 6665 1564 2222 6666 1563 2222 6667 278 2222 6668 1563 2223 6669 1564 2223 6670 1561 2223 6671 278 2224 6672 1563 2224 6673 1566 2224 6674 1563 2225 6675 52 2225 6676 1565 2225 6677 1566 2226 6678 1565 2226 6679 361 2226 6680 1565 2227 6681 1566 2227 6682 1563 2227 6683 361 2228 6684 1565 2228 6685 1567 2228 6686 1565 2229 6687 52 2229 6688 1056 2229 6689 1567 2230 6690 1056 2230 6691 359 2230 6692 1056 2231 6693 1567 2231 6694 1565 2231 6695 361 2232 6696 1567 2232 6697 1568 2232 6698 1567 2233 6699 359 2233 6700 1091 2233 6701 1568 2234 6702 1091 2234 6703 315 2234 6704 1091 2235 6705 1568 2235 6706 1567 2235 6707 361 2236 6708 1568 2236 6709 1570 2236 6710 1568 2237 6711 315 2237 6712 1569 2237 6713 1570 2238 6714 1569 2238 6715 572 2238 6716 1569 2239 6717 1570 2239 6718 1568 2239 6719 572 2240 6720 1569 2240 6721 1572 2240 6722 1569 2241 6723 315 2241 6724 1571 2241 6725 1572 2242 6726 1571 2242 6727 53 2242 6728 1571 2243 6729 1572 2243 6730 1569 2243 6731 36 2244 6732 1573 2244 6733 1575 2244 6734 1573 2245 6735 34 2245 6736 1574 2245 6737 1575 2246 6738 1574 2246 6739 395 2246 6740 1574 2247 6741 1575 2247 6742 1573 2247 6743 36 2248 6744 1575 2248 6745 1576 2248 6746 1575 2249 6747 395 2249 6748 1510 2249 6749 1576 2250 6750 1510 2250 6751 249 2250 6752 1510 2251 6753 1576 2251 6754 1575 2251 6755 36 2252 6756 1576 2252 6757 1578 2252 6758 1576 2253 6759 249 2253 6760 1577 2253 6761 1578 2254 6762 1577 2254 6763 41 2254 6764 1577 2255 6765 1578 2255 6766 1576 2255 6767 41 2256 6768 1577 2256 6769 1580 2256 6770 1577 2257 6771 249 2257 6772 1579 2257 6773 1580 2258 6774 1579 2258 6775 625 2258 6776 1579 2259 6777 1580 2259 6778 1577 2259 6779 625 2260 6780 1579 2260 6781 1581 2260 6782 1579 2261 6783 249 2261 6784 1512 2261 6785 1581 2262 6786 1512 2262 6787 39 2262 6788 1512 2263 6789 1581 2263 6790 1579 2263 6791 625 2264 6792 1581 2264 6793 1583 2264 6794 1581 2265 6795 39 2265 6796 1582 2265 6797 1583 2266 6798 1582 2266 6799 620 2266 6800 1582 2267 6801 1583 2267 6802 1581 2267 6803 620 2268 6804 1582 2268 6805 1585 2268 6806 1582 2269 6807 39 2269 6808 1584 2269 6809 1585 2270 6810 1584 2270 6811 365 2270 6812 1584 2271 6813 1585 2271 6814 1582 2271 6815 365 2272 6816 1584 2272 6817 1586 2272 6818 1584 2273 6819 39 2273 6820 1515 2273 6821 1586 2274 6822 1515 2274 6823 188 2274 6824 1515 2275 6825 1586 2275 6826 1584 2275 6827 365 2276 6828 1586 2276 6829 1588 2276 6830 1586 2277 6831 188 2277 6832 1587 2277 6833 1588 2278 6834 1587 2278 6835 342 2278 6836 1587 2279 6837 1588 2279 6838 1586 2279 6839 342 2280 6840 1587 2280 6841 1589 2280 6842 1587 2281 6843 188 2281 6844 1545 2281 6845 1589 2282 6846 1545 2282 6847 351 2282 6848 1545 2283 6849 1589 2283 6850 1587 2283 6851 342 2284 6852 1589 2284 6853 1591 2284 6854 1589 2285 6855 351 2285 6856 1590 2285 6857 1591 2286 6858 1590 2286 6859 625 2286 6860 1590 2287 6861 1591 2287 6862 1589 2287 6863 625 2288 6864 1590 2288 6865 1592 2288 6866 1590 2289 6867 351 2289 6868 1549 2289 6869 1592 2290 6870 1549 2290 6871 51 2290 6872 1549 2291 6873 1592 2291 6874 1590 2291 6875 625 2292 6876 1592 2292 6877 1594 2292 6878 1592 2293 6879 51 2293 6880 1593 2293 6881 1594 2294 6882 1593 2294 6883 44 2294 6884 1593 2295 6885 1594 2295 6886 1592 2295 6887 44 2296 6888 1593 2296 6889 1595 2296 6890 1593 2297 6891 51 2297 6892 1553 2297 6893 1595 2298 6894 1553 2298 6895 495 2298 6896 1553 2299 6897 1595 2299 6898 1593 2299 6899 44 2300 6900 1595 2300 6901 1597 2300 6902 1595 2301 6903 495 2301 6904 1596 2301 6905 1597 2302 6906 1596 2302 6907 454 2302 6908 1596 2303 6909 1597 2303 6910 1595 2303 6911 454 2304 6912 1596 2304 6913 1598 2304 6914 1596 2305 6915 495 2305 6916 1557 2305 6917 1598 2306 6918 1557 2306 6919 423 2306 6920 1557 2307 6921 1598 2307 6922 1596 2307 6923 454 2308 6924 1598 2308 6925 1599 2308 6926 1598 2309 6927 423 2309 6928 1559 2309 6929 1599 2310 6930 1559 2310 6931 494 2310 6932 1559 2311 6933 1599 2311 6934 1598 2311 6935 454 2312 6936 1599 2312 6937 1600 2312 6938 1599 2313 6939 494 2313 6940 1562 2313 6941 1600 2314 6942 1562 2314 6943 392 2314 6944 1562 2315 6945 1600 2315 6946 1599 2315 6947 454 2316 6948 1600 2316 6949 1602 2316 6950 1600 2317 6951 392 2317 6952 1601 2317 6953 1602 2318 6954 1601 2318 6955 497 2318 6956 1601 2319 6957 1602 2319 6958 1600 2319 6959 497 2320 6960 1601 2320 6961 1603 2320 6962 1601 2321 6963 392 2321 6964 1564 2321 6965 1603 2322 6966 1564 2322 6967 278 2322 6968 1564 2323 6969 1603 2323 6970 1601 2323 6971 497 2324 6972 1603 2324 6973 1605 2324 6974 1603 2325 6975 278 2325 6976 1604 2325 6977 1605 2326 6978 1604 2326 6979 453 2326 6980 1604 2327 6981 1605 2327 6982 1603 2327 6983 453 2328 6984 1604 2328 6985 1606 2328 6986 1604 2329 6987 278 2329 6988 1566 2329 6989 1606 2330 6990 1566 2330 6991 361 2330 6992 1566 2331 6993 1606 2331 6994 1604 2331 6995 453 2332 6996 1606 2332 6997 1608 2332 6998 1606 2333 6999 361 2333 7000 1607 2333 7001 1608 2334 7002 1607 2334 7003 251 2334 7004 1607 2335 7005 1608 2335 7006 1606 2335 7007 251 2336 7008 1607 2336 7009 1609 2336 7010 1607 2337 7011 361 2337 7012 1570 2337 7013 1609 2338 7014 1570 2338 7015 572 2338 7016 1570 2339 7017 1609 2339 7018 1607 2339 7019 251 2340 7020 1609 2340 7021 1611 2340 7022 1609 2341 7023 572 2341 7024 1610 2341 7025 1611 2342 7026 1610 2342 7027 521 2342 7028 1610 2343 7029 1611 2343 7030 1609 2343 7031 620 2344 7032 1585 2344 7033 1612 2344 7034 1585 2345 7035 365 2345 7036 1588 2345 7037 1612 2346 7038 1588 2346 7039 342 2346 7040 1588 2347 7041 1612 2347 7042 1585 2347 7043 620 2348 7044 1612 2348 7045 1583 2348 7046 1612 2349 7047 342 2349 7048 1591 2349 7049 1583 2350 7050 1591 2350 7051 625 2350 7052 1591 2351 7053 1583 2351 7054 1612 2351 7055 41 2352 7056 1580 2352 7057 1613 2352 7058 1580 2353 7059 625 2353 7060 1594 2353 7061 1613 2354 7062 1594 2354 7063 44 2354 7064 1594 2355 7065 1613 2355 7066 1580 2355 7067 41 2356 7068 1613 2356 7069 1578 2356 7070 1613 2357 7071 44 2357 7072 1614 2357 7073 1578 2358 7074 1614 2358 7075 36 2358 7076 1614 2359 7077 1578 2359 7078 1613 2359 7079 36 2360 7080 1614 2360 7081 1616 2360 7082 1614 2361 7083 44 2361 7084 1615 2361 7085 1616 2362 7086 1615 2362 7087 122 2362 7088 1615 2363 7089 1616 2363 7090 1614 2363 7091 36 2364 7092 1616 2364 7093 1618 2364 7094 1616 2365 7095 122 2365 7096 1617 2365 7097 1618 2366 7098 1617 2366 7099 35 2366 7100 1617 2367 7101 1618 2367 7102 1616 2367 7103 393 2368 7104 1619 2368 7105 1620 2368 7106 1619 2369 7107 122 2369 7108 1615 2369 7109 1620 2370 7110 1615 2370 7111 44 2370 7112 1615 2371 7113 1620 2371 7114 1619 2371 7115 393 2372 7116 1620 2372 7117 1621 2372 7118 1620 2373 7119 44 2373 7120 1597 2373 7121 1621 2374 7122 1597 2374 7123 454 2374 7124 1597 2375 7125 1621 2375 7126 1620 2375 7127 393 2376 7128 1621 2376 7129 1623 2376 7130 1621 2377 7131 454 2377 7132 1622 2377 7133 1623 2378 7134 1622 2378 7135 250 2378 7136 1622 2379 7137 1623 2379 7138 1621 2379 7139 393 2380 7140 1623 2380 7141 1625 2380 7142 1623 2381 7143 250 2381 7144 1624 2381 7145 1625 2382 7146 1624 2382 7147 277 2382 7148 1624 2383 7149 1625 2383 7150 1623 2383 7151 277 2384 7152 1624 2384 7153 1627 2384 7154 1624 2385 7155 250 2385 7156 1626 2385 7157 1627 2386 7158 1626 2386 7159 175 2386 7160 1626 2387 7161 1627 2387 7162 1624 2387 7163 277 2388 7164 1627 2388 7165 1629 2388 7166 1627 2389 7167 175 2389 7168 1628 2389 7169 1629 2390 7170 1628 2390 7171 124 2390 7172 1628 2391 7173 1629 2391 7174 1627 2391 7175 123 2392 7176 1630 2392 7177 1632 2392 7178 1630 2393 7179 507 2393 7180 1631 2393 7181 1632 2394 7182 1631 2394 7183 175 2394 7184 1631 2395 7185 1632 2395 7186 1630 2395 7187 123 2396 7188 1632 2396 7189 1633 2396 7190 1632 2397 7191 175 2397 7192 1626 2397 7193 1633 2398 7194 1626 2398 7195 250 2398 7196 1626 2399 7197 1633 2399 7198 1632 2399 7199 123 2400 7200 1633 2400 7201 1634 2400 7202 1633 2401 7203 250 2401 7204 1622 2401 7205 1634 2402 7206 1622 2402 7207 454 2402 7208 1622 2403 7209 1634 2403 7210 1633 2403 7211 123 2404 7212 1634 2404 7213 1635 2404 7214 1634 2405 7215 454 2405 7216 1602 2405 7217 1635 2406 7218 1602 2406 7219 497 2406 7220 1602 2407 7221 1635 2407 7222 1634 2407 7223 123 2408 7224 1635 2408 7225 1637 2408 7226 1635 2409 7227 497 2409 7228 1636 2409 7229 1637 2410 7230 1636 2410 7231 538 2410 7232 1636 2411 7233 1637 2411 7234 1635 2411 7235 538 2412 7236 1636 2412 7237 1638 2412 7238 1636 2413 7239 497 2413 7240 1605 2413 7241 1638 2414 7242 1605 2414 7243 453 2414 7244 1605 2415 7245 1638 2415 7246 1636 2415 7247 538 2416 7248 1638 2416 7249 1640 2416 7250 1638 2417 7251 453 2417 7252 1639 2417 7253 1640 2418 7254 1639 2418 7255 537 2418 7256 1639 2419 7257 1640 2419 7258 1638 2419 7259 537 2420 7260 1639 2420 7261 1641 2420 7262 1639 2421 7263 453 2421 7264 1608 2421 7265 1641 2422 7266 1608 2422 7267 251 2422 7268 1608 2423 7269 1641 2423 7270 1639 2423 7271 15 2424 7272 904 2424 7273 1643 2424 7274 904 2425 7275 589 2425 7276 1642 2425 7277 1643 2426 7278 1642 2426 7279 535 2426 7280 1642 2427 7281 1643 2427 7282 904 2427 7283 15 2428 7284 1643 2428 7285 1645 2428 7286 1643 2429 7287 535 2429 7288 1644 2429 7289 1645 2430 7290 1644 2430 7291 107 2430 7292 1644 2431 7293 1645 2431 7294 1643 2431 7295 15 2432 7296 1645 2432 7297 1646 2432 7298 1645 2433 7299 107 2433 7300 817 2433 7301 1646 2434 7302 817 2434 7303 585 2434 7304 817 2435 7305 1646 2435 7306 1645 2435 7307 15 2436 7308 1646 2436 7309 1648 2436 7310 1646 2437 7311 585 2437 7312 1647 2437 7313 1648 2438 7314 1647 2438 7315 213 2438 7316 1647 2439 7317 1648 2439 7318 1646 2439 7319 15 2440 7320 1648 2440 7321 907 2440 7322 1648 2441 7323 213 2441 7324 1649 2441 7325 907 2442 7326 1649 2442 7327 540 2442 7328 1649 2443 7329 907 2443 7330 1648 2443 7331 540 2444 7332 1649 2444 7333 910 2444 7334 1649 2445 7335 213 2445 7336 1650 2445 7337 910 2446 7338 1650 2446 7339 16 2446 7340 1650 2447 7341 910 2447 7342 1649 2447 7343 16 2448 7344 1650 2448 7345 1652 2448 7346 1650 2449 7347 213 2449 7348 1651 2449 7349 1652 2450 7350 1651 2450 7351 179 2450 7352 1651 2451 7353 1652 2451 7354 1650 2451 7355 179 2452 7356 1651 2452 7357 1653 2452 7358 1651 2453 7359 213 2453 7360 1647 2453 7361 1653 2454 7362 1647 2454 7363 585 2454 7364 1647 2455 7365 1653 2455 7366 1651 2455 7367 179 2456 7368 1653 2456 7369 1654 2456 7370 1653 2457 7371 585 2457 7372 815 2457 7373 1654 2458 7374 815 2458 7375 194 2458 7376 815 2459 7377 1654 2459 7378 1653 2459 7379 179 2460 7380 1654 2460 7381 1656 2460 7382 1654 2461 7383 194 2461 7384 1655 2461 7385 1656 2462 7386 1655 2462 7387 632 2462 7388 1655 2463 7389 1656 2463 7390 1654 2463 7391 179 2464 7392 1656 2464 7393 1658 2464 7394 1656 2465 7395 632 2465 7396 1657 2465 7397 1658 2466 7398 1657 2466 7399 633 2466 7400 1657 2467 7401 1658 2467 7402 1656 2467 7403 179 2468 7404 1658 2468 7405 1652 2468 7406 1658 2469 7407 633 2469 7408 1659 2469 7409 1652 2470 7410 1659 2470 7411 16 2470 7412 1659 2471 7413 1652 2471 7414 1658 2471 7415 16 2472 7416 1659 2472 7417 914 2472 7418 1659 2473 7419 633 2473 7420 1660 2473 7421 914 2474 7422 1660 2474 7423 433 2474 7424 1660 2475 7425 914 2475 7426 1659 2475 7427 433 2476 7428 1660 2476 7429 1661 2476 7430 1660 2477 7431 633 2477 7432 1657 2477 7433 1661 2478 7434 1657 2478 7435 632 2478 7436 1657 2479 7437 1661 2479 7438 1660 2479 7439 433 2480 7440 1661 2480 7441 916 2480 7442 1661 2481 7443 632 2481 7444 1662 2481 7445 916 2482 7446 1662 2482 7447 503 2482 7448 1662 2483 7449 916 2483 7450 1661 2483 7451 67 2484 7452 807 2484 7453 1664 2484 7454 807 2485 7455 386 2485 7456 1663 2485 7457 1664 2486 7458 1663 2486 7459 66 2486 7460 1663 2487 7461 1664 2487 7462 807 2487 7463 67 2488 7464 1664 2488 7465 1665 2488 7466 1664 2489 7467 66 2489 7468 928 2489 7469 1665 2490 7470 928 2490 7471 103 2490 7472 928 2491 7473 1665 2491 7474 1664 2491 7475 67 2492 7476 1665 2492 7477 1666 2492 7478 1665 2493 7479 103 2493 7480 922 2493 7481 1666 2494 7482 922 2494 7483 180 2494 7484 922 2495 7485 1666 2495 7486 1665 2495 7487 67 2496 7488 1666 2496 7489 811 2496 7490 1666 2497 7491 180 2497 7492 1667 2497 7493 811 2498 7494 1667 2498 7495 194 2498 7496 1667 2499 7497 811 2499 7498 1666 2499 7499 194 2500 7500 1667 2500 7501 1668 2500 7502 1667 2501 7503 180 2501 7504 918 2501 7505 1668 2502 7506 918 2502 7507 503 2502 7508 918 2503 7509 1668 2503 7510 1667 2503 7511 292 2504 7512 1669 2504 7513 1671 2504 7514 1669 2505 7515 465 2505 7516 1670 2505 7517 1671 2506 7518 1670 2506 7519 302 2506 7520 1670 2507 7521 1671 2507 7522 1669 2507 7523 292 2508 7524 1671 2508 7525 1673 2508 7526 1671 2509 7527 302 2509 7528 1672 2509 7529 1673 2510 7530 1672 2510 7531 372 2510 7532 1672 2511 7533 1673 2511 7534 1671 2511 7535 372 2512 7536 1672 2512 7537 1675 2512 7538 1672 2513 7539 302 2513 7540 1674 2513 7541 1675 2514 7542 1674 2514 7543 231 2514 7544 1674 2515 7545 1675 2515 7546 1672 2515 7547 372 2516 7548 1675 2516 7549 1677 2516 7550 1675 2517 7551 231 2517 7552 1676 2517 7553 1677 2518 7554 1676 2518 7555 437 2518 7556 1676 2519 7557 1677 2519 7558 1675 2519 7559 437 2520 7560 1676 2520 7561 1679 2520 7562 1676 2521 7563 231 2521 7564 1678 2521 7565 1679 2522 7566 1678 2522 7567 328 2522 7568 1678 2523 7569 1679 2523 7570 1676 2523 7571 328 2524 7572 1678 2524 7573 1681 2524 7574 1678 2525 7575 231 2525 7576 1680 2525 7577 1681 2526 7578 1680 2526 7579 353 2526 7580 1680 2527 7581 1681 2527 7582 1678 2527 7583 353 2528 7584 1680 2528 7585 1683 2528 7586 1680 2529 7587 231 2529 7588 1682 2529 7589 1683 2530 7590 1682 2530 7591 149 2530 7592 1682 2531 7593 1683 2531 7594 1680 2531 7595 149 2532 7596 1682 2532 7597 1685 2532 7598 1682 2533 7599 231 2533 7600 1684 2533 7601 1685 2534 7602 1684 2534 7603 318 2534 7604 1684 2535 7605 1685 2535 7606 1682 2535 7607 149 2536 7608 1685 2536 7609 1687 2536 7610 1685 2537 7611 318 2537 7612 1686 2537 7613 1687 2538 7614 1686 2538 7615 383 2538 7616 1686 2539 7617 1687 2539 7618 1685 2539 7619 372 2540 7620 1677 2540 7621 1689 2540 7622 1677 2541 7623 437 2541 7624 1688 2541 7625 1689 2542 7626 1688 2542 7627 514 2542 7628 1688 2543 7629 1689 2543 7630 1677 2543 7631 372 2544 7632 1689 2544 7633 1691 2544 7634 1689 2545 7635 514 2545 7636 1690 2545 7637 1691 2546 7638 1690 2546 7639 350 2546 7640 1690 2547 7641 1691 2547 7642 1689 2547 7643 372 2548 7644 1691 2548 7645 1673 2548 7646 1691 2549 7647 350 2549 7648 1692 2549 7649 1673 2550 7650 1692 2550 7651 292 2550 7652 1692 2551 7653 1673 2551 7654 1691 2551 7655 160 2552 7656 1693 2552 7657 1695 2552 7658 1693 2553 7659 524 2553 7660 1694 2553 7661 1695 2554 7662 1694 2554 7663 288 2554 7664 1694 2555 7665 1695 2555 7666 1693 2555 7667 160 2556 7668 1695 2556 7669 1696 2556 7670 1695 2557 7671 288 2557 7672 1285 2557 7673 1696 2558 7674 1285 2558 7675 457 2558 7676 1285 2559 7677 1696 2559 7678 1695 2559 7679 160 2560 7680 1696 2560 7681 1697 2560 7682 1696 2561 7683 457 2561 7684 1300 2561 7685 1697 2562 7686 1300 2562 7687 33 2562 7688 1300 2563 7689 1697 2563 7690 1696 2563 7691 631 2564 7692 1197 2564 7693 1203 2564 7694 1197 2565 7695 215 2565 7696 1196 2565 7697 1203 2566 7698 1196 2566 7699 25 2566 7700 1196 2567 7701 1203 2567 7702 1197 2567 7703 350 2568 7704 1690 2568 7705 1699 2568 7706 1690 2569 7707 514 2569 7708 1698 2569 7709 1699 2570 7710 1698 2570 7711 170 2570 7712 1698 2571 7713 1699 2571 7714 1690 2571 7715 170 2572 7716 1698 2572 7717 1701 2572 7718 1698 2573 7719 514 2573 7720 1700 2573 7721 1701 2574 7722 1700 2574 7723 293 2574 7724 1700 2575 7725 1701 2575 7726 1698 2575 7727 293 2576 7728 1700 2576 7729 1702 2576 7730 1700 2577 7731 514 2577 7732 1688 2577 7733 1702 2578 7734 1688 2578 7735 437 2578 7736 1688 2579 7737 1702 2579 7738 1700 2579 7739 293 2580 7740 1702 2580 7741 1703 2580 7742 1702 2581 7743 437 2581 7744 1679 2581 7745 1703 2582 7746 1679 2582 7747 328 2582 7748 1679 2583 7749 1703 2583 7750 1702 2583 7751 93 2584 7752 1446 2584 7753 1704 2584 7754 1446 2585 7755 99 2585 7756 1007 2585 7757 1704 2586 7758 1007 2586 7759 327 2586 7760 1007 2587 7761 1704 2587 7762 1446 2587 7763 93 2588 7764 1704 2588 7765 1352 2588 7766 1704 2589 7767 327 2589 7768 1444 2589 7769 1352 2590 7770 1444 2590 7771 313 2590 7772 1444 2591 7773 1352 2591 7774 1704 2591 7775 58 2592 7776 1705 2592 7777 1707 2592 7778 1705 2593 7779 615 2593 7780 1706 2593 7781 1707 2594 7782 1706 2594 7783 614 2594 7784 1706 2595 7785 1707 2595 7786 1705 2595 7787 623 2596 7788 1708 2596 7789 1710 2596 7790 1708 2597 7791 253 2597 7792 1709 2597 7793 1710 2598 7794 1709 2598 7795 190 2598 7796 1709 2599 7797 1710 2599 7798 1708 2599 7799 547 2600 7800 1711 2600 7801 1713 2600 7802 1711 2601 7803 546 2601 7804 1712 2601 7805 1713 2602 7806 1712 2602 7807 545 2602 7808 1712 2603 7809 1713 2603 7810 1711 2603 7811 174 2604 7812 1714 2604 7813 1715 2604 7814 1714 2605 7815 545 2605 7816 1712 2605 7817 1715 2606 7818 1712 2606 7819 546 2606 7820 1712 2607 7821 1715 2607 7822 1714 2607 7823 177 2608 7824 1716 2608 7825 1036 2608 7826 1716 2609 7827 435 2609 7828 1717 2609 7829 1036 2610 7830 1717 2610 7831 542 2610 7832 1717 2611 7833 1036 2611 7834 1716 2611 7835 436 2612 7836 1718 2612 7837 1720 2612 7838 1718 2613 7839 239 2613 7840 1719 2613 7841 1720 2614 7842 1719 2614 7843 508 2614 7844 1719 2615 7845 1720 2615 7846 1718 2615 7847 167 2616 7848 1721 2616 7849 1722 2616 7850 1721 2617 7851 231 2617 7852 1674 2617 7853 1722 2618 7854 1674 2618 7855 302 2618 7856 1674 2619 7857 1722 2619 7858 1721 2619 7859 167 2620 7860 1722 2620 7861 1724 2620 7862 1722 2621 7863 302 2621 7864 1723 2621 7865 1724 2622 7866 1723 2622 7867 18 2622 7868 1723 2623 7869 1724 2623 7870 1722 2623 7871 18 2624 7872 1723 2624 7873 1003 2624 7874 1723 2625 7875 302 2625 7876 1725 2625 7877 1003 2626 7878 1725 2626 7879 265 2626 7880 1725 2627 7881 1003 2627 7882 1723 2627 7883 265 2628 7884 1725 2628 7885 1001 2628 7886 1725 2629 7887 302 2629 7888 1726 2629 7889 1001 2630 7890 1726 2630 7891 466 2630 7892 1726 2631 7893 1001 2631 7894 1725 2631 7895 466 2632 7896 1726 2632 7897 1016 2632 7898 1726 2633 7899 302 2633 7900 1029 2633 7901 1016 2634 7902 1029 2634 7903 473 2634 7904 1029 2635 7905 1016 2635 7906 1726 2635 7907 579 2636 7908 1727 2636 7909 1728 2636 7910 1727 2637 7911 159 2637 7912 1364 2637 7913 1728 2638 7914 1364 2638 7915 91 2638 7916 1364 2639 7917 1728 2639 7918 1727 2639 7919 579 2640 7920 1728 2640 7921 1344 2640 7922 1728 2641 7923 91 2641 7924 1362 2641 7925 1344 2642 7926 1362 2642 7927 230 2642 7928 1362 2643 7929 1344 2643 7930 1728 2643 7931 194 2644 7932 1668 2644 7933 1655 2644 7934 1668 2645 7935 503 2645 7936 1662 2645 7937 1655 2646 7938 1662 2646 7939 632 2646 7940 1662 2647 7941 1655 2647 7942 1668 2647 7943 461 2648 7944 1037 2648 7945 1730 2648 7946 1037 2649 7947 401 2649 7948 1729 2649 7949 1730 2650 7950 1729 2650 7951 562 2650 7952 1729 2651 7953 1730 2651 7954 1037 2651 7955 461 2652 7956 1730 2652 7957 1732 2652 7958 1730 2653 7959 562 2653 7960 1731 2653 7961 1732 2654 7962 1731 2654 7963 431 2654 7964 1731 2655 7965 1732 2655 7966 1730 2655 7967 431 2656 7968 1731 2656 7969 1734 2656 7970 1731 2657 7971 562 2657 7972 1733 2657 7973 1734 2658 7974 1733 2658 7975 24 2658 7976 1733 2659 7977 1734 2659 7978 1731 2659 7979 24 2660 7980 1733 2660 7981 1735 2660 7982 1733 2661 7983 562 2661 7984 1213 2661 7985 1735 2662 7986 1213 2662 7987 584 2662 7988 1213 2663 7989 1735 2663 7990 1733 2663 7991 24 2664 7992 1735 2664 7993 1736 2664 7994 1735 2665 7995 584 2665 7996 1209 2665 7997 1736 2666 7998 1209 2666 7999 153 2666 8000 1209 2667 8001 1736 2667 8002 1735 2667 8003 24 2668 8004 1736 2668 8005 1738 2668 8006 1736 2669 8007 153 2669 8008 1737 2669 8009 1738 2670 8010 1737 2670 8011 111 2670 8012 1737 2671 8013 1738 2671 8014 1736 2671 8015 111 2672 8016 1737 2672 8017 1739 2672 8018 1737 2673 8019 153 2673 8020 1207 2673 8021 1739 2674 8022 1207 2674 8023 25 2674 8024 1207 2675 8025 1739 2675 8026 1737 2675 8027 111 2676 8028 1739 2676 8029 1374 2676 8030 1739 2677 8031 25 2677 8032 1740 2677 8033 1374 2678 8034 1740 2678 8035 368 2678 8036 1740 2679 8037 1374 2679 8038 1739 2679 8039 368 2680 8040 1740 2680 8041 1380 2680 8042 1740 2681 8043 25 2681 8044 1741 2681 8045 1380 2682 8046 1741 2682 8047 183 2682 8048 1741 2683 8049 1380 2683 8050 1740 2683 8051 183 2684 8052 1741 2684 8053 1399 2684 8054 1741 2685 8055 25 2685 8056 1742 2685 8057 1399 2686 8058 1742 2686 8059 332 2686 8060 1742 2687 8061 1399 2687 8062 1741 2687 8063 332 2688 8064 1742 2688 8065 1744 2688 8066 1742 2689 8067 25 2689 8068 1743 2689 8069 1744 2690 8070 1743 2690 8071 379 2690 8072 1743 2691 8073 1744 2691 8074 1742 2691 8075 379 2692 8076 1743 2692 8077 1187 2692 8078 1743 2693 8079 25 2693 8080 1195 2693 8081 1187 2694 8082 1195 2694 8083 346 2694 8084 1195 2695 8085 1187 2695 8086 1743 2695 8087 111 2696 8088 1372 2696 8089 1738 2696 8090 1372 2697 8091 110 2697 8092 1745 2697 8093 1738 2698 8094 1745 2698 8095 24 2698 8096 1745 2699 8097 1738 2699 8098 1372 2699 8099 24 2700 8100 1745 2700 8101 1746 2700 8102 1745 2701 8103 110 2701 8104 1370 2701 8105 1746 2702 8106 1370 2702 8107 159 2702 8108 1370 2703 8109 1746 2703 8110 1745 2703 8111 24 2704 8112 1746 2704 8113 1734 2704 8114 1746 2705 8115 159 2705 8116 1747 2705 8117 1734 2706 8118 1747 2706 8119 431 2706 8120 1747 2707 8121 1734 2707 8122 1746 2707 8123 431 2708 8124 1747 2708 8125 1749 2708 8126 1747 2709 8127 159 2709 8128 1748 2709 8129 1749 2710 8130 1748 2710 8131 275 2710 8132 1748 2711 8133 1749 2711 8134 1747 2711 8135 275 2712 8136 1748 2712 8137 1341 2712 8138 1748 2713 8139 159 2713 8140 1727 2713 8141 1341 2714 8142 1727 2714 8143 579 2714 8144 1727 2715 8145 1341 2715 8146 1748 2715 8147 288 2716 8148 1694 2716 8149 1286 2716 8150 1694 2717 8151 524 2717 8152 1750 2717 8153 1286 2718 8154 1750 2718 8155 456 2718 8156 1750 2719 8157 1286 2719 8158 1694 2719 8159 456 2720 8160 1750 2720 8161 1752 2720 8162 1750 2721 8163 524 2721 8164 1751 2721 8165 1752 2722 8166 1751 2722 8167 235 2722 8168 1751 2723 8169 1752 2723 8170 1750 2723 8171 456 2724 8172 1752 2724 8173 1290 2724 8174 1752 2725 8175 235 2725 8176 1753 2725 8177 1290 2726 8178 1753 2726 8179 398 2726 8180 1753 2727 8181 1290 2727 8182 1752 2727 8183 398 2728 8184 1753 2728 8185 1755 2728 8186 1753 2729 8187 235 2729 8188 1754 2729 8189 1755 2730 8190 1754 2730 8191 274 2730 8192 1754 2731 8193 1755 2731 8194 1753 2731 8195 274 2732 8196 1754 2732 8197 1757 2732 8198 1754 2733 8199 235 2733 8200 1756 2733 8201 1757 2734 8202 1756 2734 8203 462 2734 8204 1756 2735 8205 1757 2735 8206 1754 2735 8207 274 2736 8208 1757 2736 8209 1759 2736 8210 1757 2737 8211 462 2737 8212 1758 2737 8213 1759 2738 8214 1758 2738 8215 510 2738 8216 1758 2739 8217 1759 2739 8218 1757 2739 8219 274 2740 8220 1759 2740 8221 1760 2740 8222 1759 2741 8223 510 2741 8224 1044 2741 8225 1760 2742 8226 1044 2742 8227 308 2742 8228 1044 2743 8229 1760 2743 8230 1759 2743 8231 274 2744 8232 1760 2744 8233 1762 2744 8234 1760 2745 8235 308 2745 8236 1761 2745 8237 1762 2746 8238 1761 2746 8239 185 2746 8240 1761 2747 8241 1762 2747 8242 1760 2747 8243 185 2748 8244 1761 2748 8245 1764 2748 8246 1761 2749 8247 308 2749 8248 1763 2749 8249 1764 2750 8250 1763 2750 8251 330 2750 8252 1763 2751 8253 1764 2751 8254 1761 2751 8255 330 2752 8256 1763 2752 8257 1765 2752 8258 1763 2753 8259 308 2753 8260 1038 2753 8261 1765 2754 8262 1038 2754 8263 461 2754 8264 1038 2755 8265 1765 2755 8266 1763 2755 8267 330 2756 8268 1765 2756 8269 1766 2756 8270 1765 2757 8271 461 2757 8272 1732 2757 8273 1766 2758 8274 1732 2758 8275 431 2758 8276 1732 2759 8277 1766 2759 8278 1765 2759 8279 330 2760 8280 1766 2760 8281 1767 2760 8282 1766 2761 8283 431 2761 8284 1749 2761 8285 1767 2762 8286 1749 2762 8287 275 2762 8288 1749 2763 8289 1767 2763 8290 1766 2763 8291 330 2764 8292 1767 2764 8293 1764 2764 8294 1767 2765 8295 275 2765 8296 1768 2765 8297 1764 2766 8298 1768 2766 8299 185 2766 8300 1768 2767 8301 1764 2767 8302 1767 2767 8303 185 2768 8304 1768 2768 8305 1770 2768 8306 1768 2769 8307 275 2769 8308 1769 2769 8309 1770 2770 8310 1769 2770 8311 114 2770 8312 1769 2771 8313 1770 2771 8314 1768 2771 8315 114 2772 8316 1769 2772 8317 1771 2772 8318 1769 2773 8319 275 2773 8320 1292 2773 8321 1771 2774 8322 1292 2774 8323 398 2774 8324 1292 2775 8325 1771 2775 8326 1769 2775 8327 114 2776 8328 1771 2776 8329 1772 2776 8330 1771 2777 8331 398 2777 8332 1755 2777 8333 1772 2778 8334 1755 2778 8335 274 2778 8336 1755 2779 8337 1772 2779 8338 1771 2779 8339 114 2780 8340 1772 2780 8341 1770 2780 8342 1772 2781 8343 274 2781 8344 1762 2781 8345 1770 2782 8346 1762 2782 8347 185 2782 8348 1762 2783 8349 1770 2783 8350 1772 2783 8351 379 2784 8352 1186 2784 8353 1773 2784 8354 1186 2785 8355 583 2785 8356 1276 2785 8357 1773 2786 8358 1276 2786 8359 108 2786 8360 1276 2787 8361 1773 2787 8362 1186 2787 8363 379 2788 8364 1773 2788 8365 1744 2788 8366 1773 2789 8367 108 2789 8368 1774 2789 8369 1744 2790 8370 1774 2790 8371 332 2790 8372 1774 2791 8373 1744 2791 8374 1773 2791 8375 332 2792 8376 1774 2792 8377 1401 2792 8378 1774 2793 8379 108 2793 8380 1775 2793 8381 1401 2794 8382 1775 2794 8383 80 2794 8384 1775 2795 8385 1401 2795 8386 1774 2795 8387 80 2796 8388 1775 2796 8389 1777 2796 8390 1775 2797 8391 108 2797 8392 1776 2797 8393 1777 2798 8394 1776 2798 8395 319 2798 8396 1776 2799 8397 1777 2799 8398 1775 2799 8399 319 2800 8400 1776 2800 8401 1778 2800 8402 1776 2801 8403 108 2801 8404 1284 2801 8405 1778 2802 8406 1284 2802 8407 269 2802 8408 1284 2803 8409 1778 2803 8410 1776 2803 8411 319 2804 8412 1778 2804 8413 1780 2804 8414 1778 2805 8415 269 2805 8416 1779 2805 8417 1780 2806 8418 1779 2806 8419 216 2806 8420 1779 2807 8421 1780 2807 8422 1778 2807 8423 216 2808 8424 1779 2808 8425 1781 2808 8426 1779 2809 8427 269 2809 8428 1282 2809 8429 1781 2810 8430 1282 2810 8431 21 2810 8432 1282 2811 8433 1781 2811 8434 1779 2811 8435 216 2812 8436 1782 2812 8437 1780 2812 8438 1782 2813 8439 200 2813 8440 1783 2813 8441 1780 2814 8442 1783 2814 8443 319 2814 8444 1783 2815 8445 1780 2815 8446 1782 2815 8447 319 2816 8448 1783 2816 8449 1777 2816 8450 1783 2817 8451 200 2817 8452 1784 2817 8453 1777 2818 8454 1784 2818 8455 80 2818 8456 1784 2819 8457 1777 2819 8458 1783 2819 8459 80 2820 8460 1784 2820 8461 1403 2820 8462 1784 2821 8463 200 2821 8464 1785 2821 8465 1403 2822 8466 1785 2822 8467 158 2822 8468 1785 2823 8469 1403 2823 8470 1784 2823 8471 290 2824 8472 1526 2824 8473 1786 2824 8474 1526 2825 8475 539 2825 8476 1505 2825 8477 1786 2826 8478 1505 2826 8479 312 2826 8480 1505 2827 8481 1786 2827 8482 1526 2827 8483 290 2828 8484 1786 2828 8485 1788 2828 8486 1786 2829 8487 312 2829 8488 1787 2829 8489 1788 2830 8490 1787 2830 8491 117 2830 8492 1787 2831 8493 1788 2831 8494 1786 2831 8495 290 2832 8496 1788 2832 8497 1528 2832 8498 1788 2833 8499 117 2833 8500 1789 2833 8501 1528 2834 8502 1789 2834 8503 119 2834 8504 1789 2835 8505 1528 2835 8506 1788 2835 8507 119 2836 8508 1789 2836 8509 1791 2836 8510 1789 2837 8511 117 2837 8512 1790 2837 8513 1791 2838 8514 1790 2838 8515 554 2838 8516 1790 2839 8517 1791 2839 8518 1789 2839 8519 119 2840 8520 1791 2840 8521 1793 2840 8522 1791 2841 8523 554 2841 8524 1792 2841 8525 1793 2842 8526 1792 2842 8527 120 2842 8528 1792 2843 8529 1793 2843 8530 1791 2843 8531 312 2844 8532 1504 2844 8533 1794 2844 8534 1504 2845 8535 394 2845 8536 1496 2845 8537 1794 2846 8538 1496 2846 8539 340 2846 8540 1496 2847 8541 1794 2847 8542 1504 2847 8543 312 2848 8544 1794 2848 8545 1796 2848 8546 1794 2849 8547 340 2849 8548 1795 2849 8549 1796 2850 8550 1795 2850 8551 627 2850 8552 1795 2851 8553 1796 2851 8554 1794 2851 8555 627 2852 8556 1795 2852 8557 1798 2852 8558 1795 2853 8559 340 2853 8560 1797 2853 8561 1798 2854 8562 1797 2854 8563 599 2854 8564 1797 2855 8565 1798 2855 8566 1795 2855 8567 599 2856 8568 1797 2856 8569 1800 2856 8570 1797 2857 8571 340 2857 8572 1799 2857 8573 1800 2858 8574 1799 2858 8575 417 2858 8576 1799 2859 8577 1800 2859 8578 1797 2859 8579 599 2860 8580 1800 2860 8581 1802 2860 8582 1800 2861 8583 417 2861 8584 1801 2861 8585 1802 2862 8586 1801 2862 8587 202 2862 8588 1801 2863 8589 1802 2863 8590 1800 2863 8591 202 2864 8592 1801 2864 8593 1804 2864 8594 1801 2865 8595 417 2865 8596 1803 2865 8597 1804 2866 8598 1803 2866 8599 86 2866 8600 1803 2867 8601 1804 2867 8602 1801 2867 8603 202 2868 8604 1804 2868 8605 1806 2868 8606 1804 2869 8607 86 2869 8608 1805 2869 8609 1806 2870 8610 1805 2870 8611 627 2870 8612 1805 2871 8613 1806 2871 8614 1804 2871 8615 627 2872 8616 1805 2872 8617 1807 2872 8618 1805 2873 8619 86 2873 8620 871 2873 8621 1807 2874 8622 871 2874 8623 628 2874 8624 871 2875 8625 1807 2875 8626 1805 2875 8627 627 2876 8628 1807 2876 8629 1808 2876 8630 1807 2877 8631 628 2877 8632 663 2877 8633 1808 2878 8634 663 2878 8635 203 2878 8636 663 2879 8637 1808 2879 8638 1807 2879 8639 627 2880 8640 1808 2880 8641 1796 2880 8642 1808 2881 8643 203 2881 8644 1809 2881 8645 1796 2882 8646 1809 2882 8647 312 2882 8648 1809 2883 8649 1796 2883 8650 1808 2883 8651 312 2884 8652 1809 2884 8653 1787 2884 8654 1809 2885 8655 203 2885 8656 1810 2885 8657 1787 2886 8658 1810 2886 8659 117 2886 8660 1810 2887 8661 1787 2887 8662 1809 2887 8663 117 2888 8664 1810 2888 8665 1812 2888 8666 1810 2889 8667 203 2889 8668 1811 2889 8669 1812 2890 8670 1811 2890 8671 356 2890 8672 1811 2891 8673 1812 2891 8674 1810 2891 8675 356 2892 8676 1811 2892 8677 1813 2892 8678 1811 2893 8679 203 2893 8680 653 2893 8681 1813 2894 8682 653 2894 8683 576 2894 8684 653 2895 8685 1813 2895 8686 1811 2895 8687 356 2896 8688 1813 2896 8689 1815 2896 8690 1813 2897 8691 576 2897 8692 1814 2897 8693 1815 2898 8694 1814 2898 8695 162 2898 8696 1814 2899 8697 1815 2899 8698 1813 2899 8699 356 2900 8700 1815 2900 8701 1817 2900 8702 1815 2901 8703 162 2901 8704 1816 2901 8705 1817 2902 8706 1816 2902 8707 554 2902 8708 1816 2903 8709 1817 2903 8710 1815 2903 8711 356 2904 8712 1817 2904 8713 1812 2904 8714 1817 2905 8715 554 2905 8716 1790 2905 8717 1812 2906 8718 1790 2906 8719 117 2906 8720 1790 2907 8721 1812 2907 8722 1817 2907 8723 202 2908 8724 1806 2908 8725 1819 2908 8726 1806 2909 8727 627 2909 8728 1818 2909 8729 1819 2910 8730 1818 2910 8731 2 2910 8732 1818 2911 8733 1819 2911 8734 1806 2911 8735 2 2912 8736 1818 2912 8737 1820 2912 8738 1818 2913 8739 627 2913 8740 1798 2913 8741 1820 2914 8742 1798 2914 8743 599 2914 8744 1798 2915 8745 1820 2915 8746 1818 2915 8747 2 2916 8748 1820 2916 8749 1819 2916 8750 1820 2917 8751 599 2917 8752 1802 2917 8753 1819 2918 8754 1802 2918 8755 202 2918 8756 1802 2919 8757 1819 2919 8758 1820 2919 8759 409 2920 8760 1821 2920 8761 1823 2920 8762 1821 2921 8763 590 2921 8764 1822 2921 8765 1823 2922 8766 1822 2922 8767 636 2922 8768 1822 2923 8769 1823 2923 8770 1821 2923 8771 409 2924 8772 1823 2924 8773 1825 2924 8774 1823 2925 8775 636 2925 8776 1824 2925 8777 1825 2926 8778 1824 2926 8779 548 2926 8780 1824 2927 8781 1825 2927 8782 1823 2927 8783 409 2928 8784 1825 2928 8785 1827 2928 8786 1825 2929 8787 548 2929 8788 1826 2929 8789 1827 2930 8790 1826 2930 8791 638 2930 8792 1826 2931 8793 1827 2931 8794 1825 2931 8795 638 2932 8796 1826 2932 8797 1829 2932 8798 1826 2933 8799 548 2933 8800 1828 2933 8801 1829 2934 8802 1828 2934 8803 354 2934 8804 1828 2935 8805 1829 2935 8806 1826 2935 8807 1 2936 8808 1830 2936 8809 1832 2936 8810 1830 2937 8811 165 2937 8812 1831 2937 8813 1832 2938 8814 1831 2938 8815 548 2938 8816 1831 2939 8817 1832 2939 8818 1830 2939 8819 1 2940 8820 1832 2940 8821 1834 2940 8822 1832 2941 8823 548 2941 8824 1833 2941 8825 1834 2942 8826 1833 2942 8827 550 2942 8828 1833 2943 8829 1834 2943 8830 1832 2943 8831 1 2944 8832 1834 2944 8833 1836 2944 8834 1834 2945 8835 550 2945 8836 1835 2945 8837 1836 2946 8838 1835 2946 8839 551 2946 8840 1835 2947 8841 1836 2947 8842 1834 2947 8843 551 2948 8844 1835 2948 8845 1306 2948 8846 1835 2949 8847 550 2949 8848 1837 2949 8849 1306 2950 8850 1837 2950 8851 166 2950 8852 1837 2951 8853 1306 2951 8854 1835 2951 8855 166 2952 8856 1837 2952 8857 1839 2952 8858 1837 2953 8859 550 2953 8860 1838 2953 8861 1839 2954 8862 1838 2954 8863 160 2954 8864 1838 2955 8865 1839 2955 8866 1837 2955 8867 160 2956 8868 1838 2956 8869 1841 2956 8870 1838 2957 8871 550 2957 8872 1840 2957 8873 1841 2958 8874 1840 2958 8875 295 2958 8876 1840 2959 8877 1841 2959 8878 1838 2959 8879 295 2960 8880 1840 2960 8881 1842 2960 8882 1840 2961 8883 550 2961 8884 1833 2961 8885 1842 2962 8886 1833 2962 8887 548 2962 8888 1833 2963 8889 1842 2963 8890 1840 2963 8891 295 2964 8892 1842 2964 8893 1844 2964 8894 1842 2965 8895 548 2965 8896 1843 2965 8897 1844 2966 8898 1843 2966 8899 511 2966 8900 1843 2967 8901 1844 2967 8902 1842 2967 8903 511 2968 8904 1843 2968 8905 1846 2968 8906 1843 2969 8907 548 2969 8908 1845 2969 8909 1846 2970 8910 1845 2970 8911 169 2970 8912 1845 2971 8913 1846 2971 8914 1843 2971 8915 169 2972 8916 1845 2972 8917 1848 2972 8918 1845 2973 8919 548 2973 8920 1847 2973 8921 1848 2974 8922 1847 2974 8923 8 2974 8924 1847 2975 8925 1848 2975 8926 1845 2975 8927 8 2976 8928 1847 2976 8929 1849 2976 8930 1847 2977 8931 548 2977 8932 1824 2977 8933 1849 2978 8934 1824 2978 8935 636 2978 8936 1824 2979 8937 1849 2979 8938 1847 2979 8939 8 2980 8940 1849 2980 8941 1851 2980 8942 1849 2981 8943 636 2981 8944 1850 2981 8945 1851 2982 8946 1850 2982 8947 9 2982 8948 1850 2983 8949 1851 2983 8950 1849 2983 8951 8 2984 8952 1851 2984 8953 1853 2984 8954 1851 2985 8955 9 2985 8956 1852 2985 8957 1853 2986 8958 1852 2986 8959 435 2986 8960 1852 2987 8961 1853 2987 8962 1851 2987 8963 8 2988 8964 1853 2988 8965 1855 2988 8966 1853 2989 8967 435 2989 8968 1854 2989 8969 1855 2990 8970 1854 2990 8971 405 2990 8972 1854 2991 8973 1855 2991 8974 1853 2991 8975 8 2992 8976 1855 2992 8977 1857 2992 8978 1855 2993 8979 405 2993 8980 1856 2993 8981 1857 2994 8982 1856 2994 8983 252 2994 8984 1856 2995 8985 1857 2995 8986 1855 2995 8987 8 2996 8988 1857 2996 8989 1848 2996 8990 1857 2997 8991 252 2997 8992 1858 2997 8993 1848 2998 8994 1858 2998 8995 169 2998 8996 1858 2999 8997 1848 2999 8998 1857 2999 8999 169 3000 9000 1858 3000 9001 1860 3000 9002 1858 3001 9003 252 3001 9004 1859 3001 9005 1860 3002 9006 1859 3002 9007 232 3002 9008 1859 3003 9009 1860 3003 9010 1858 3003 9011 232 3004 9012 1859 3004 9013 1862 3004 9014 1859 3005 9015 252 3005 9016 1861 3005 9017 1862 3006 9018 1861 3006 9019 253 3006 9020 1861 3007 9021 1862 3007 9022 1859 3007 9023 253 3008 9024 1861 3008 9025 1864 3008 9026 1861 3009 9027 252 3009 9028 1863 3009 9029 1864 3010 9030 1863 3010 9031 471 3010 9032 1863 3011 9033 1864 3011 9034 1861 3011 9035 524 3012 9036 1693 3012 9037 1865 3012 9038 1693 3013 9039 160 3013 9040 1841 3013 9041 1865 3014 9042 1841 3014 9043 295 3014 9044 1841 3015 9045 1865 3015 9046 1693 3015 9047 524 3016 9048 1865 3016 9049 1867 3016 9050 1865 3017 9051 295 3017 9052 1866 3017 9053 1867 3018 9054 1866 3018 9055 236 3018 9056 1866 3019 9057 1867 3019 9058 1865 3019 9059 236 3020 9060 1866 3020 9061 1868 3020 9062 1866 3021 9063 295 3021 9064 1844 3021 9065 1868 3022 9066 1844 3022 9067 511 3022 9068 1844 3023 9069 1868 3023 9070 1866 3023 9071 236 3024 9072 1868 3024 9073 1870 3024 9074 1868 3025 9075 511 3025 9076 1869 3025 9077 1870 3026 9078 1869 3026 9079 338 3026 9080 1869 3027 9081 1870 3027 9082 1868 3027 9083 236 3028 9084 1870 3028 9085 1872 3028 9086 1870 3029 9087 338 3029 9088 1871 3029 9089 1872 3030 9090 1871 3030 9091 462 3030 9092 1871 3031 9093 1872 3031 9094 1870 3031 9095 509 3032 9096 1873 3032 9097 1874 3032 9098 1873 3033 9099 338 3033 9100 1869 3033 9101 1874 3034 9102 1869 3034 9103 511 3034 9104 1869 3035 9105 1874 3035 9106 1873 3035 9107 509 3036 9108 1874 3036 9109 1876 3036 9110 1874 3037 9111 511 3037 9112 1875 3037 9113 1876 3038 9114 1875 3038 9115 245 3038 9116 1875 3039 9117 1876 3039 9118 1874 3039 9119 509 3040 9120 1876 3040 9121 1878 3040 9122 1876 3041 9123 245 3041 9124 1877 3041 9125 1878 3042 9126 1877 3042 9127 487 3042 9128 1877 3043 9129 1878 3043 9130 1876 3043 9131 451 3044 9132 1879 3044 9133 1881 3044 9134 1879 3045 9135 279 3045 9136 1880 3045 9137 1881 3046 9138 1880 3046 9139 530 3046 9140 1880 3047 9141 1881 3047 9142 1879 3047 9143 451 3048 9144 1881 3048 9145 1883 3048 9146 1881 3049 9147 530 3049 9148 1882 3049 9149 1883 3050 9150 1882 3050 9151 511 3050 9152 1882 3051 9153 1883 3051 9154 1881 3051 9155 511 3052 9156 1882 3052 9157 1885 3052 9158 1882 3053 9159 530 3053 9160 1884 3053 9161 1885 3054 9162 1884 3054 9163 360 3054 9164 1884 3055 9165 1885 3055 9166 1882 3055 9167 360 3056 9168 1884 3056 9169 1887 3056 9170 1884 3057 9171 530 3057 9172 1886 3057 9173 1887 3058 9174 1886 3058 9175 296 3058 9176 1886 3059 9177 1887 3059 9178 1884 3059 9179 360 3060 9180 1887 3060 9181 1889 3060 9182 1887 3061 9183 296 3061 9184 1888 3061 9185 1889 3062 9186 1888 3062 9187 173 3062 9188 1888 3063 9189 1889 3063 9190 1887 3063 9191 296 3064 9192 1886 3064 9193 1891 3064 9194 1886 3065 9195 530 3065 9196 1890 3065 9197 1891 3066 9198 1890 3066 9199 479 3066 9200 1890 3067 9201 1891 3067 9202 1886 3067 9203 296 3068 9204 1891 3068 9205 1892 3068 9206 1891 3069 9207 479 3069 9208 1182 3069 9209 1892 3070 9210 1182 3070 9211 517 3070 9212 1182 3071 9213 1892 3071 9214 1891 3071 9215 370 3072 9216 1893 3072 9217 1895 3072 9218 1893 3073 9219 245 3073 9220 1894 3073 9221 1895 3074 9222 1894 3074 9223 297 3074 9224 1894 3075 9225 1895 3075 9226 1893 3075 9227 297 3076 9228 1894 3076 9229 1896 3076 9230 1894 3077 9231 245 3077 9232 1875 3077 9233 1896 3078 9234 1875 3078 9235 511 3078 9236 1875 3079 9237 1896 3079 9238 1894 3079 9239 297 3080 9240 1896 3080 9241 1897 3080 9242 1896 3081 9243 511 3081 9244 1885 3081 9245 1897 3082 9246 1885 3082 9247 360 3082 9248 1885 3083 9249 1897 3083 9250 1896 3083 9251 297 3084 9252 1897 3084 9253 1899 3084 9254 1897 3085 9255 360 3085 9256 1898 3085 9257 1899 3086 9258 1898 3086 9259 240 3086 9260 1898 3087 9261 1899 3087 9262 1897 3087 9263 240 3088 9264 1898 3088 9265 1901 3088 9266 1898 3089 9267 360 3089 9268 1900 3089 9269 1901 3090 9270 1900 3090 9271 547 3090 9272 1900 3091 9273 1901 3091 9274 1898 3091 9275 547 3092 9276 1900 3092 9277 1711 3092 9278 1900 3093 9279 360 3093 9280 1902 3093 9281 1711 3094 9282 1902 3094 9283 546 3094 9284 1902 3095 9285 1711 3095 9286 1900 3095 9287 297 3096 9288 1899 3096 9289 1904 3096 9290 1899 3097 9291 240 3097 9292 1903 3097 9293 1904 3098 9294 1903 3098 9295 508 3098 9296 1903 3099 9297 1904 3099 9298 1899 3099 9299 508 3100 9300 1903 3100 9301 1906 3100 9302 1903 3101 9303 240 3101 9304 1905 3101 9305 1906 3102 9306 1905 3102 9307 237 3102 9308 1905 3103 9309 1906 3103 9310 1903 3103 9311 580 3104 9312 1907 3104 9313 1909 3104 9314 1907 3105 9315 353 3105 9316 1908 3105 9317 1909 3106 9318 1908 3106 9319 383 3106 9320 1908 3107 9321 1909 3107 9322 1907 3107 9323 580 3108 9324 1909 3108 9325 1911 3108 9326 1909 3109 9327 383 3109 9328 1910 3109 9329 1911 3110 9330 1910 3110 9331 224 3110 9332 1910 3111 9333 1911 3111 9334 1909 3111 9335 224 3112 9336 1910 3112 9337 1913 3112 9338 1910 3113 9339 383 3113 9340 1912 3113 9341 1913 3114 9342 1912 3114 9343 459 3114 9344 1912 3115 9345 1913 3115 9346 1910 3115 9347 459 3116 9348 1912 3116 9349 1915 3116 9350 1912 3117 9351 383 3117 9352 1914 3117 9353 1915 3118 9354 1914 3118 9355 525 3118 9356 1914 3119 9357 1915 3119 9358 1912 3119 9359 459 3120 9360 1915 3120 9361 1917 3120 9362 1915 3121 9363 525 3121 9364 1916 3121 9365 1917 3122 9366 1916 3122 9367 112 3122 9368 1916 3123 9369 1917 3123 9370 1915 3123 9371 112 3124 9372 1916 3124 9373 1919 3124 9374 1916 3125 9375 525 3125 9376 1918 3125 9377 1919 3126 9378 1918 3126 9379 273 3126 9380 1918 3127 9381 1919 3127 9382 1916 3127 9383 112 3128 9384 1919 3128 9385 1921 3128 9386 1919 3129 9387 273 3129 9388 1920 3129 9389 1921 3130 9390 1920 3130 9391 272 3130 9392 1920 3131 9393 1921 3131 9394 1919 3131 9395 112 3132 9396 1921 3132 9397 1923 3132 9398 1921 3133 9399 272 3133 9400 1922 3133 9401 1923 3134 9402 1922 3134 9403 458 3134 9404 1922 3135 9405 1923 3135 9406 1921 3135 9407 458 3136 9408 1922 3136 9409 1925 3136 9410 1922 3137 9411 272 3137 9412 1924 3137 9413 1925 3138 9414 1924 3138 9415 81 3138 9416 1924 3139 9417 1925 3139 9418 1922 3139 9419 81 3140 9420 1924 3140 9421 1927 3140 9422 1924 3141 9423 272 3141 9424 1926 3141 9425 1927 3142 9426 1926 3142 9427 287 3142 9428 1926 3143 9429 1927 3143 9430 1924 3143 9431 81 3144 9432 1927 3144 9433 1928 3144 9434 1927 3145 9435 287 3145 9436 754 3145 9437 1928 3146 9438 754 3146 9439 82 3146 9440 754 3147 9441 1928 3147 9442 1927 3147 9443 81 3148 9444 1928 3148 9445 1929 3148 9446 1928 3149 9447 82 3149 9448 752 3149 9449 1929 3150 9450 752 3150 9451 533 3150 9452 752 3151 9453 1929 3151 9454 1928 3151 9455 81 3152 9456 1929 3152 9457 1931 3152 9458 1929 3153 9459 533 3153 9460 1930 3153 9461 1931 3154 9462 1930 3154 9463 83 3154 9464 1930 3155 9465 1931 3155 9466 1929 3155 9467 81 3156 9468 1931 3156 9469 1925 3156 9470 1931 3157 9471 83 3157 9472 1932 3157 9473 1925 3158 9474 1932 3158 9475 458 3158 9476 1932 3159 9477 1925 3159 9478 1931 3159 9479 458 3160 9480 1932 3160 9481 1934 3160 9482 1932 3161 9483 83 3161 9484 1933 3161 9485 1934 3162 9486 1933 3162 9487 532 3162 9488 1933 3163 9489 1934 3163 9490 1932 3163 9491 458 3164 9492 1934 3164 9493 1936 3164 9494 1934 3165 9495 532 3165 9496 1935 3165 9497 1936 3166 9498 1935 3166 9499 374 3166 9500 1935 3167 9501 1936 3167 9502 1934 3167 9503 458 3168 9504 1936 3168 9505 1938 3168 9506 1936 3169 9507 374 3169 9508 1937 3169 9509 1938 3170 9510 1937 3170 9511 595 3170 9512 1937 3171 9513 1938 3171 9514 1936 3171 9515 595 3172 9516 1937 3172 9517 1940 3172 9518 1937 3173 9519 374 3173 9520 1939 3173 9521 1940 3174 9522 1939 3174 9523 161 3174 9524 1939 3175 9525 1940 3175 9526 1937 3175 9527 595 3176 9528 1940 3176 9529 1942 3176 9530 1940 3177 9531 161 3177 9532 1941 3177 9533 1942 3178 9534 1941 3178 9535 413 3178 9536 1941 3179 9537 1942 3179 9538 1940 3179 9539 232 3180 9540 1862 3180 9541 1943 3180 9542 1862 3181 9543 253 3181 9544 1708 3181 9545 1943 3182 9546 1708 3182 9547 623 3182 9548 1708 3183 9549 1943 3183 9550 1862 3183 9551 232 3184 9552 1943 3184 9553 1945 3184 9554 1943 3185 9555 623 3185 9556 1944 3185 9557 1945 3186 9558 1944 3186 9559 426 3186 9560 1944 3187 9561 1945 3187 9562 1943 3187 9563 232 3188 9564 1945 3188 9565 1947 3188 9566 1945 3189 9567 426 3189 9568 1946 3189 9569 1947 3190 9570 1946 3190 9571 549 3190 9572 1946 3191 9573 1947 3191 9574 1945 3191 9575 232 3192 9576 1947 3192 9577 1949 3192 9578 1947 3193 9579 549 3193 9580 1948 3193 9581 1949 3194 9582 1948 3194 9583 168 3194 9584 1948 3195 9585 1949 3195 9586 1947 3195 9587 168 3196 9588 1948 3196 9589 1951 3196 9590 1948 3197 9591 549 3197 9592 1950 3197 9593 1951 3198 9594 1950 3198 9595 170 3198 9596 1950 3199 9597 1951 3199 9598 1948 3199 9599 168 3200 9600 1951 3200 9601 1952 3200 9602 1951 3201 9603 170 3201 9604 1701 3201 9605 1952 3202 9606 1701 3202 9607 293 3202 9608 1701 3203 9609 1952 3203 9610 1951 3203 9611 168 3204 9612 1952 3204 9613 1954 3204 9614 1952 3205 9615 293 3205 9616 1953 3205 9617 1954 3206 9618 1953 3206 9619 169 3206 9620 1953 3207 9621 1954 3207 9622 1952 3207 9623 168 3208 9624 1954 3208 9625 1949 3208 9626 1954 3209 9627 169 3209 9628 1860 3209 9629 1949 3210 9630 1860 3210 9631 232 3210 9632 1860 3211 9633 1949 3211 9634 1954 3211 9635 512 3212 9636 1955 3212 9637 1957 3212 9638 1955 3213 9639 233 3213 9640 1956 3213 9641 1957 3214 9642 1956 3214 9643 478 3214 9644 1956 3215 9645 1957 3215 9646 1955 3215 9647 512 3216 9648 1957 3216 9649 1959 3216 9650 1957 3217 9651 478 3217 9652 1958 3217 9653 1959 3218 9654 1958 3218 9655 595 3218 9656 1958 3219 9657 1959 3219 9658 1957 3219 9659 595 3220 9660 1958 3220 9661 1961 3220 9662 1958 3221 9663 478 3221 9664 1960 3221 9665 1961 3222 9666 1960 3222 9667 247 3222 9668 1960 3223 9669 1961 3223 9670 1958 3223 9671 247 3224 9672 1960 3224 9673 1963 3224 9674 1960 3225 9675 478 3225 9676 1962 3225 9677 1963 3226 9678 1962 3226 9679 187 3226 9680 1962 3227 9681 1963 3227 9682 1960 3227 9683 247 3228 9684 1963 3228 9685 1965 3228 9686 1963 3229 9687 187 3229 9688 1964 3229 9689 1965 3230 9690 1964 3230 9691 38 3230 9692 1964 3231 9693 1965 3231 9694 1963 3231 9695 38 3232 9696 1964 3232 9697 1967 3232 9698 1964 3233 9699 187 3233 9700 1966 3233 9701 1967 3234 9702 1966 3234 9703 125 3234 9704 1966 3235 9705 1967 3235 9706 1964 3235 9707 38 3236 9708 1967 3236 9709 1969 3236 9710 1967 3237 9711 125 3237 9712 1968 3237 9713 1969 3238 9714 1968 3238 9715 234 3238 9716 1968 3239 9717 1969 3239 9718 1967 3239 9719 234 3240 9720 1968 3240 9721 1971 3240 9722 1968 3241 9723 125 3241 9724 1970 3241 9725 1971 3242 9726 1970 3242 9727 522 3242 9728 1970 3243 9729 1971 3243 9730 1968 3243 9731 234 3244 9732 1971 3244 9733 1973 3244 9734 1971 3245 9735 522 3245 9736 1972 3245 9737 1973 3246 9738 1972 3246 9739 371 3246 9740 1972 3247 9741 1973 3247 9742 1971 3247 9743 371 3248 9744 1972 3248 9745 1975 3248 9746 1972 3249 9747 522 3249 9748 1974 3249 9749 1975 3250 9750 1974 3250 9751 189 3250 9752 1974 3251 9753 1975 3251 9754 1972 3251 9755 371 3252 9756 1975 3252 9757 1977 3252 9758 1975 3253 9759 189 3253 9760 1976 3253 9761 1977 3254 9762 1976 3254 9763 521 3254 9764 1976 3255 9765 1977 3255 9766 1975 3255 9767 371 3256 9768 1977 3256 9769 1979 3256 9770 1977 3257 9771 521 3257 9772 1978 3257 9773 1979 3258 9774 1978 3258 9775 53 3258 9776 1978 3259 9777 1979 3259 9778 1977 3259 9779 371 3260 9780 1979 3260 9781 1981 3260 9782 1979 3261 9783 53 3261 9784 1980 3261 9785 1981 3262 9786 1980 3262 9787 506 3262 9788 1980 3263 9789 1981 3263 9790 1979 3263 9791 371 3264 9792 1981 3264 9793 1983 3264 9794 1981 3265 9795 506 3265 9796 1982 3265 9797 1983 3266 9798 1982 3266 9799 172 3266 9800 1982 3267 9801 1983 3267 9802 1981 3267 9803 172 3268 9804 1982 3268 9805 1985 3268 9806 1982 3269 9807 506 3269 9808 1984 3269 9809 1985 3270 9810 1984 3270 9811 171 3270 9812 1984 3271 9813 1985 3271 9814 1982 3271 9815 171 3272 9816 1984 3272 9817 1987 3272 9818 1984 3273 9819 506 3273 9820 1986 3273 9821 1987 3274 9822 1986 3274 9823 480 3274 9824 1986 3275 9825 1987 3275 9826 1984 3275 9827 171 3276 9828 1987 3276 9829 1989 3276 9830 1987 3277 9831 480 3277 9832 1988 3277 9833 1989 3278 9834 1988 3278 9835 451 3278 9836 1988 3279 9837 1989 3279 9838 1987 3279 9839 171 3280 9840 1989 3280 9841 1991 3280 9842 1989 3281 9843 451 3281 9844 1990 3281 9845 1991 3282 9846 1990 3282 9847 294 3282 9848 1990 3283 9849 1991 3283 9850 1989 3283 9851 294 3284 9852 1990 3284 9853 1992 3284 9854 1990 3285 9855 451 3285 9856 1883 3285 9857 1992 3286 9858 1883 3286 9859 511 3286 9860 1883 3287 9861 1992 3287 9862 1990 3287 9863 294 3288 9864 1992 3288 9865 1993 3288 9866 1992 3289 9867 511 3289 9868 1846 3289 9869 1993 3290 9870 1846 3290 9871 169 3290 9872 1846 3291 9873 1993 3291 9874 1992 3291 9875 294 3292 9876 1993 3292 9877 1994 3292 9878 1993 3293 9879 169 3293 9880 1953 3293 9881 1994 3294 9882 1953 3294 9883 293 3294 9884 1953 3295 9885 1994 3295 9886 1993 3295 9887 294 3296 9888 1994 3296 9889 1996 3296 9890 1994 3297 9891 293 3297 9892 1995 3297 9893 1996 3298 9894 1995 3298 9895 513 3298 9896 1995 3299 9897 1996 3299 9898 1994 3299 9899 513 3300 9900 1995 3300 9901 1997 3300 9902 1995 3301 9903 293 3301 9904 1703 3301 9905 1997 3302 9906 1703 3302 9907 328 3302 9908 1703 3303 9909 1997 3303 9910 1995 3303 9911 513 3304 9912 1997 3304 9913 1999 3304 9914 1997 3305 9915 328 3305 9916 1998 3305 9917 1999 3306 9918 1998 3306 9919 581 3306 9920 1998 3307 9921 1999 3307 9922 1997 3307 9923 513 3308 9924 1999 3308 9925 2001 3308 9926 1999 3309 9927 581 3309 9928 2000 3309 9929 2001 3310 9930 2000 3310 9931 580 3310 9932 2000 3311 9933 2001 3311 9934 1999 3311 9935 513 3312 9936 2001 3312 9937 1996 3312 9938 2001 3313 9939 580 3313 9940 2002 3313 9941 1996 3314 9942 2002 3314 9943 294 3314 9944 2002 3315 9945 1996 3315 9946 2001 3315 9947 294 3316 9948 2002 3316 9949 2003 3316 9950 2002 3317 9951 580 3317 9952 1911 3317 9953 2003 3318 9954 1911 3318 9955 224 3318 9956 1911 3319 9957 2003 3319 9958 2002 3319 9959 294 3320 9960 2003 3320 9961 2004 3320 9962 2003 3321 9963 224 3321 9964 1913 3321 9965 2004 3322 9966 1913 3322 9967 459 3322 9968 1913 3323 9969 2004 3323 9970 2003 3323 9971 294 3324 9972 2004 3324 9973 2005 3324 9974 2004 3325 9975 459 3325 9976 1917 3325 9977 2005 3326 9978 1917 3326 9979 112 3326 9980 1917 3327 9981 2005 3327 9982 2004 3327 9983 294 3328 9984 2005 3328 9985 2006 3328 9986 2005 3329 9987 112 3329 9988 1923 3329 9989 2006 3330 9990 1923 3330 9991 458 3330 9992 1923 3331 9993 2006 3331 9994 2005 3331 9995 294 3332 9996 2006 3332 9997 2007 3332 9998 2006 3333 9999 458 3333 10000 1938 3333 10001 2007 3334 10002 1938 3334 10003 595 3334 10004 1938 3335 10005 2007 3335 10006 2006 3335 10007 294 3336 10008 2007 3336 10009 2009 3336 10010 2007 3337 10011 595 3337 10012 2008 3337 10013 2009 3338 10014 2008 3338 10015 234 3338 10016 2008 3339 10017 2009 3339 10018 2007 3339 10019 234 3340 10020 2008 3340 10021 1969 3340 10022 2008 3341 10023 595 3341 10024 2010 3341 10025 1969 3342 10026 2010 3342 10027 38 3342 10028 2010 3343 10029 1969 3343 10030 2008 3343 10031 38 3344 10032 2010 3344 10033 1965 3344 10034 2010 3345 10035 595 3345 10036 1961 3345 10037 1965 3346 10038 1961 3346 10039 247 3346 10040 1961 3347 10041 1965 3347 10042 2010 3347 10043 172 3348 10044 1985 3348 10045 2011 3348 10046 1985 3349 10047 171 3349 10048 1991 3349 10049 2011 3350 10050 1991 3350 10051 294 3350 10052 1991 3351 10053 2011 3351 10054 1985 3351 10055 172 3352 10056 2011 3352 10057 1983 3352 10058 2011 3353 10059 294 3353 10060 2012 3353 10061 1983 3354 10062 2012 3354 10063 371 3354 10064 2012 3355 10065 1983 3355 10066 2011 3355 10067 371 3356 10068 2012 3356 10069 1973 3356 10070 2012 3357 10071 294 3357 10072 2009 3357 10073 1973 3358 10074 2009 3358 10075 234 3358 10076 2009 3359 10077 1973 3359 10078 2012 3359 10079 528 3360 10080 2013 3360 10081 2015 3360 10082 2013 3361 10083 27 3361 10084 2014 3361 10085 2015 3362 10086 2014 3362 10087 101 3362 10088 2014 3363 10089 2015 3363 10090 2013 3363 10091 528 3364 10092 2015 3364 10093 2017 3364 10094 2015 3365 10095 101 3365 10096 2016 3365 10097 2017 3366 10098 2016 3366 10099 408 3366 10100 2016 3367 10101 2017 3367 10102 2015 3367 10103 528 3368 10104 2017 3368 10105 2019 3368 10106 2017 3369 10107 408 3369 10108 2018 3369 10109 2019 3370 10110 2018 3370 10111 626 3370 10112 2018 3371 10113 2019 3371 10114 2017 3371 10115 626 3372 10116 2018 3372 10117 2021 3372 10118 2018 3373 10119 408 3373 10120 2020 3373 10121 2021 3374 10122 2020 3374 10123 5 3374 10124 2020 3375 10125 2021 3375 10126 2018 3375 10127 5 3376 10128 2020 3376 10129 2023 3376 10130 2020 3377 10131 408 3377 10132 2022 3377 10133 2023 3378 10134 2022 3378 10135 637 3378 10136 2022 3379 10137 2023 3379 10138 2020 3379 10139 637 3380 10140 2022 3380 10141 2025 3380 10142 2022 3381 10143 408 3381 10144 2024 3381 10145 2025 3382 10146 2024 3382 10147 94 3382 10148 2024 3383 10149 2025 3383 10150 2022 3383 10151 94 3384 10152 2024 3384 10153 2027 3384 10154 2024 3385 10155 408 3385 10156 2026 3385 10157 2027 3386 10158 2026 3386 10159 404 3386 10160 2026 3387 10161 2027 3387 10162 2024 3387 10163 637 3388 10164 2025 3388 10165 2028 3388 10166 2025 3389 10167 94 3389 10168 886 3389 10169 2028 3390 10170 886 3390 10171 573 3390 10172 886 3391 10173 2028 3391 10174 2025 3391 10175 637 3392 10176 2028 3392 10177 2029 3392 10178 2028 3393 10179 573 3393 10180 1427 3393 10181 2029 3394 10182 1427 3394 10183 6 3394 10184 1427 3395 10185 2029 3395 10186 2028 3395 10187 637 3396 10188 2029 3396 10189 2023 3396 10190 2029 3397 10191 6 3397 10192 2030 3397 10193 2023 3398 10194 2030 3398 10195 5 3398 10196 2030 3399 10197 2023 3399 10198 2029 3399 10199 5 3400 10200 2030 3400 10201 2031 3400 10202 2030 3401 10203 6 3401 10204 1425 3401 10205 2031 3402 10206 1425 3402 10207 592 3402 10208 1425 3403 10209 2031 3403 10210 2030 3403 10211 5 3404 10212 2031 3404 10213 2032 3404 10214 2031 3405 10215 592 3405 10216 1419 3405 10217 2032 3406 10218 1419 3406 10219 593 3406 10220 1419 3407 10221 2032 3407 10222 2031 3407 10223 5 3408 10224 2032 3408 10225 2034 3408 10226 2032 3409 10227 593 3409 10228 2033 3409 10229 2034 3410 10230 2033 3410 10231 641 3410 10232 2033 3411 10233 2034 3411 10234 2032 3411 10235 5 3412 10236 2034 3412 10237 2021 3412 10238 2034 3413 10239 641 3413 10240 2035 3413 10241 2021 3414 10242 2035 3414 10243 626 3414 10244 2035 3415 10245 2021 3415 10246 2034 3415 10247 626 3416 10248 2035 3416 10249 2037 3416 10250 2035 3417 10251 641 3417 10252 2036 3417 10253 2037 3418 10254 2036 3418 10255 363 3418 10256 2036 3419 10257 2037 3419 10258 2035 3419 10259 363 3420 10260 2036 3420 10261 2039 3420 10262 2036 3421 10263 641 3421 10264 2038 3421 10265 2039 3422 10266 2038 3422 10267 578 3422 10268 2038 3423 10269 2039 3423 10270 2036 3423 10271 578 3424 10272 2038 3424 10273 2040 3424 10274 2038 3425 10275 641 3425 10276 2033 3425 10277 2040 3426 10278 2033 3426 10279 593 3426 10280 2033 3427 10281 2040 3427 10282 2038 3427 10283 578 3428 10284 2040 3428 10285 2041 3428 10286 2040 3429 10287 593 3429 10288 1415 3429 10289 2041 3430 10290 1415 3430 10291 553 3430 10292 1415 3431 10293 2041 3431 10294 2040 3431 10295 578 3432 10296 2041 3432 10297 2043 3432 10298 2041 3433 10299 553 3433 10300 2042 3433 10301 2043 3434 10302 2042 3434 10303 552 3434 10304 2042 3435 10305 2043 3435 10306 2041 3435 10307 552 3436 10308 2042 3436 10309 2044 3436 10310 2042 3437 10311 553 3437 10312 1411 3437 10313 2044 3438 10314 1411 3438 10315 557 3438 10316 1411 3439 10317 2044 3439 10318 2042 3439 10319 552 3440 10320 2044 3440 10321 2046 3440 10322 2044 3441 10323 557 3441 10324 2045 3441 10325 2046 3442 10326 2045 3442 10327 556 3442 10328 2045 3443 10329 2046 3443 10330 2044 3443 10331 556 3444 10332 2045 3444 10333 2047 3444 10334 2045 3445 10335 557 3445 10336 1407 3445 10337 2047 3446 10338 1407 3446 10339 158 3446 10340 1407 3447 10341 2047 3447 10342 2045 3447 10343 556 3448 10344 2047 3448 10345 2048 3448 10346 2047 3449 10347 158 3449 10348 1785 3449 10349 2048 3450 10350 1785 3450 10351 200 3450 10352 1785 3451 10353 2048 3451 10354 2047 3451 10355 556 3452 10356 2048 3452 10357 2050 3452 10358 2048 3453 10359 200 3453 10360 2049 3453 10361 2050 3454 10362 2049 3454 10363 500 3454 10364 2049 3455 10365 2050 3455 10366 2048 3455 10367 500 3456 10368 2049 3456 10369 2052 3456 10370 2049 3457 10371 200 3457 10372 2051 3457 10373 2052 3458 10374 2051 3458 10375 463 3458 10376 2051 3459 10377 2052 3459 10378 2049 3459 10379 463 3460 10380 2051 3460 10381 2053 3460 10382 2051 3461 10383 200 3461 10384 1782 3461 10385 2053 3462 10386 1782 3462 10387 216 3462 10388 1782 3463 10389 2053 3463 10390 2051 3463 10391 500 3464 10392 2054 3464 10393 2056 3464 10394 2054 3465 10395 515 3465 10396 2055 3465 10397 2056 3466 10398 2055 3466 10399 285 3466 10400 2055 3467 10401 2056 3467 10402 2054 3467 10403 500 3468 10404 2056 3468 10405 2058 3468 10406 2056 3469 10407 285 3469 10408 2057 3469 10409 2058 3470 10410 2057 3470 10411 460 3470 10412 2057 3471 10413 2058 3471 10414 2056 3471 10415 460 3472 10416 2057 3472 10417 2060 3472 10418 2057 3473 10419 285 3473 10420 2059 3473 10421 2060 3474 10422 2059 3474 10423 219 3474 10424 2059 3475 10425 2060 3475 10426 2057 3475 10427 460 3476 10428 2060 3476 10429 2062 3476 10430 2060 3477 10431 219 3477 10432 2061 3477 10433 2062 3478 10434 2061 3478 10435 397 3478 10436 2061 3479 10437 2062 3479 10438 2060 3479 10439 397 3480 10440 2061 3480 10441 2064 3480 10442 2061 3481 10443 219 3481 10444 2063 3481 10445 2064 3482 10446 2063 3482 10447 434 3482 10448 2063 3483 10449 2064 3483 10450 2061 3483 10451 397 3484 10452 2064 3484 10453 2066 3484 10454 2064 3485 10455 434 3485 10456 2065 3485 10457 2066 3486 10458 2065 3486 10459 115 3486 10460 2065 3487 10461 2066 3487 10462 2064 3487 10463 397 3488 10464 2066 3488 10465 2068 3488 10466 2066 3489 10467 115 3489 10468 2067 3489 10469 2068 3490 10470 2067 3490 10471 578 3490 10472 2067 3491 10473 2068 3491 10474 2066 3491 10475 578 3492 10476 2067 3492 10477 2070 3492 10478 2067 3493 10479 115 3493 10480 2069 3493 10481 2070 3494 10482 2069 3494 10483 300 3494 10484 2069 3495 10485 2070 3495 10486 2067 3495 10487 578 3496 10488 2070 3496 10489 2039 3496 10490 2070 3497 10491 300 3497 10492 2071 3497 10493 2039 3498 10494 2071 3498 10495 363 3498 10496 2071 3499 10497 2039 3499 10498 2070 3499 10499 363 3500 10500 2071 3500 10501 2073 3500 10502 2071 3501 10503 300 3501 10504 2072 3501 10505 2073 3502 10506 2072 3502 10507 412 3502 10508 2072 3503 10509 2073 3503 10510 2071 3503 10511 363 3504 10512 2073 3504 10513 2075 3504 10514 2073 3505 10515 412 3505 10516 2074 3505 10517 2075 3506 10518 2074 3506 10519 260 3506 10520 2074 3507 10521 2075 3507 10522 2073 3507 10523 260 3508 10524 2074 3508 10525 2077 3508 10526 2074 3509 10527 412 3509 10528 2076 3509 10529 2077 3510 10530 2076 3510 10531 205 3510 10532 2076 3511 10533 2077 3511 10534 2074 3511 10535 260 3512 10536 2077 3512 10537 2079 3512 10538 2077 3513 10539 205 3513 10540 2078 3513 10541 2079 3514 10542 2078 3514 10543 528 3514 10544 2078 3515 10545 2079 3515 10546 2077 3515 10547 260 3516 10548 2079 3516 10549 2080 3516 10550 2079 3517 10551 528 3517 10552 2019 3517 10553 2080 3518 10554 2019 3518 10555 626 3518 10556 2019 3519 10557 2080 3519 10558 2079 3519 10559 260 3520 10560 2080 3520 10561 2075 3520 10562 2080 3521 10563 626 3521 10564 2037 3521 10565 2075 3522 10566 2037 3522 10567 363 3522 10568 2037 3523 10569 2075 3523 10570 2080 3523 10571 556 3524 10572 2050 3524 10573 2081 3524 10574 2050 3525 10575 500 3525 10576 2058 3525 10577 2081 3526 10578 2058 3526 10579 460 3526 10580 2058 3527 10581 2081 3527 10582 2050 3527 10583 556 3528 10584 2081 3528 10585 2046 3528 10586 2081 3529 10587 460 3529 10588 2082 3529 10589 2046 3530 10590 2082 3530 10591 552 3530 10592 2082 3531 10593 2046 3531 10594 2081 3531 10595 552 3532 10596 2082 3532 10597 2084 3532 10598 2082 3533 10599 460 3533 10600 2083 3533 10601 2084 3534 10602 2083 3534 10603 396 3534 10604 2083 3535 10605 2084 3535 10606 2082 3535 10607 396 3536 10608 2083 3536 10609 2085 3536 10610 2083 3537 10611 460 3537 10612 2062 3537 10613 2085 3538 10614 2062 3538 10615 397 3538 10616 2062 3539 10617 2085 3539 10618 2083 3539 10619 396 3540 10620 2085 3540 10621 2086 3540 10622 2085 3541 10623 397 3541 10624 2068 3541 10625 2086 3542 10626 2068 3542 10627 578 3542 10628 2068 3543 10629 2086 3543 10630 2085 3543 10631 396 3544 10632 2086 3544 10633 2084 3544 10634 2086 3545 10635 578 3545 10636 2043 3545 10637 2084 3546 10638 2043 3546 10639 552 3546 10640 2043 3547 10641 2084 3547 10642 2086 3547 10643 500 3548 10644 2052 3548 10645 2088 3548 10646 2052 3549 10647 463 3549 10648 2087 3549 10649 2088 3550 10650 2087 3550 10651 380 3550 10652 2087 3551 10653 2088 3551 10654 2052 3551 10655 500 3552 10656 2088 3552 10657 2090 3552 10658 2088 3553 10659 380 3553 10660 2089 3553 10661 2090 3554 10662 2089 3554 10663 147 3554 10664 2089 3555 10665 2090 3555 10666 2088 3555 10667 61 3556 10668 1148 3556 10669 2092 3556 10670 1148 3557 10671 221 3557 10672 2091 3557 10673 2092 3558 10674 2091 3558 10675 520 3558 10676 2091 3559 10677 2092 3559 10678 1148 3559 10679 61 3560 10680 2092 3560 10681 2094 3560 10682 2092 3561 10683 520 3561 10684 2093 3561 10685 2094 3562 10686 2093 3562 10687 421 3562 10688 2093 3563 10689 2094 3563 10690 2092 3563 10691 61 3564 10692 2094 3564 10693 2096 3564 10694 2094 3565 10695 421 3565 10696 2095 3565 10697 2096 3566 10698 2095 3566 10699 193 3566 10700 2095 3567 10701 2096 3567 10702 2094 3567 10703 193 3568 10704 2095 3568 10705 2098 3568 10706 2095 3569 10707 421 3569 10708 2097 3569 10709 2098 3570 10710 2097 3570 10711 60 3570 10712 2097 3571 10713 2098 3571 10714 2095 3571 10715 193 3572 10716 2098 3572 10717 2100 3572 10718 2098 3573 10719 60 3573 10720 2099 3573 10721 2100 3574 10722 2099 3574 10723 492 3574 10724 2099 3575 10725 2100 3575 10726 2098 3575 10727 193 3576 10728 2100 3576 10729 2102 3576 10730 2100 3577 10731 492 3577 10732 2101 3577 10733 2102 3578 10734 2101 3578 10735 192 3578 10736 2101 3579 10737 2102 3579 10738 2100 3579 10739 192 3580 10740 2101 3580 10741 2104 3580 10742 2101 3581 10743 492 3581 10744 2103 3581 10745 2104 3582 10746 2103 3582 10747 614 3582 10748 2103 3583 10749 2104 3583 10750 2101 3583 10751 192 3584 10752 2104 3584 10753 2105 3584 10754 2104 3585 10755 614 3585 10756 1706 3585 10757 2105 3586 10758 1706 3586 10759 615 3586 10760 1706 3587 10761 2105 3587 10762 2104 3587 10763 192 3588 10764 2105 3588 10765 2107 3588 10766 2105 3589 10767 615 3589 10768 2106 3589 10769 2107 3590 10770 2106 3590 10771 57 3590 10772 2106 3591 10773 2107 3591 10774 2105 3591 10775 192 3592 10776 2107 3592 10777 2102 3592 10778 2107 3593 10779 57 3593 10780 2108 3593 10781 2102 3594 10782 2108 3594 10783 193 3594 10784 2108 3595 10785 2102 3595 10786 2107 3595 10787 193 3596 10788 2108 3596 10789 2110 3596 10790 2108 3597 10791 57 3597 10792 2109 3597 10793 2110 3598 10794 2109 3598 10795 344 3598 10796 2109 3599 10797 2110 3599 10798 2108 3599 10799 344 3600 10800 2109 3600 10801 2112 3600 10802 2109 3601 10803 57 3601 10804 2111 3601 10805 2112 3602 10806 2111 3602 10807 450 3602 10808 2111 3603 10809 2112 3603 10810 2109 3603 10811 450 3604 10812 2111 3604 10813 2114 3604 10814 2111 3605 10815 57 3605 10816 2113 3605 10817 2114 3606 10818 2113 3606 10819 616 3606 10820 2113 3607 10821 2114 3607 10822 2111 3607 10823 515 3608 10824 2054 3608 10825 2115 3608 10826 2054 3609 10827 500 3609 10828 2090 3609 10829 2115 3610 10830 2090 3610 10831 147 3610 10832 2090 3611 10833 2115 3611 10834 2054 3611 10835 515 3612 10836 2115 3612 10837 2117 3612 10838 2115 3613 10839 147 3613 10840 2116 3613 10841 2117 3614 10842 2116 3614 10843 145 3614 10844 2116 3615 10845 2117 3615 10846 2115 3615 10847 145 3616 10848 2116 3616 10849 2119 3616 10850 2116 3617 10851 147 3617 10852 2118 3617 10853 2119 3618 10854 2118 3618 10855 384 3618 10856 2118 3619 10857 2119 3619 10858 2116 3619 10859 145 3620 10860 2119 3620 10861 2121 3620 10862 2119 3621 10863 384 3621 10864 2120 3621 10865 2121 3622 10866 2120 3622 10867 283 3622 10868 2120 3623 10869 2121 3623 10870 2119 3623 10871 283 3624 10872 2120 3624 10873 2123 3624 10874 2120 3625 10875 384 3625 10876 2122 3625 10877 2123 3626 10878 2122 3626 10879 144 3626 10880 2122 3627 10881 2123 3627 10882 2120 3627 10883 144 3628 10884 2122 3628 10885 2125 3628 10886 2122 3629 10887 384 3629 10888 2124 3629 10889 2125 3630 10890 2124 3630 10891 565 3630 10892 2124 3631 10893 2125 3631 10894 2122 3631 10895 144 3632 10896 2125 3632 10897 2127 3632 10898 2125 3633 10899 565 3633 10900 2126 3633 10901 2127 3634 10902 2126 3634 10903 516 3634 10904 2126 3635 10905 2127 3635 10906 2125 3635 10907 516 3636 10908 2126 3636 10909 2129 3636 10910 2126 3637 10911 565 3637 10912 2128 3637 10913 2129 3638 10914 2128 3638 10915 449 3638 10916 2128 3639 10917 2129 3639 10918 2126 3639 10919 449 3640 10920 2128 3640 10921 2130 3640 10922 2128 3641 10923 565 3641 10924 2124 3641 10925 2130 3642 10926 2124 3642 10927 384 3642 10928 2124 3643 10929 2130 3643 10930 2128 3643 10931 449 3644 10932 2130 3644 10933 2132 3644 10934 2130 3645 10935 384 3645 10936 2131 3645 10937 2132 3646 10938 2131 3646 10939 448 3646 10940 2131 3647 10941 2132 3647 10942 2130 3647 10943 448 3648 10944 2131 3648 10945 2133 3648 10946 2131 3649 10947 384 3649 10948 2118 3649 10949 2133 3650 10950 2118 3650 10951 147 3650 10952 2118 3651 10953 2133 3651 10954 2131 3651 10955 448 3652 10956 2133 3652 10957 2135 3652 10958 2133 3653 10959 147 3653 10960 2134 3653 10961 2135 3654 10962 2134 3654 10963 317 3654 10964 2134 3655 10965 2135 3655 10966 2133 3655 10967 317 3656 10968 2134 3656 10969 2136 3656 10970 2134 3657 10971 147 3657 10972 2089 3657 10973 2136 3658 10974 2089 3658 10975 380 3658 10976 2089 3659 10977 2136 3659 10978 2134 3659 10979 317 3660 10980 2136 3660 10981 2138 3660 10982 2136 3661 10983 380 3661 10984 2137 3661 10985 2138 3662 10986 2137 3662 10987 181 3662 10988 2137 3663 10989 2138 3663 10990 2136 3663 10991 317 3664 10992 2138 3664 10993 2135 3664 10994 2138 3665 10995 181 3665 10996 2139 3665 10997 2135 3666 10998 2139 3666 10999 448 3666 11000 2139 3667 11001 2135 3667 11002 2138 3667 11003 448 3668 11004 2139 3668 11005 2141 3668 11006 2139 3669 11007 181 3669 11008 2140 3669 11009 2141 3670 11010 2140 3670 11011 68 3670 11012 2140 3671 11013 2141 3671 11014 2139 3671 11015 68 3672 11016 2140 3672 11017 1273 3672 11018 2140 3673 11019 181 3673 11020 2142 3673 11021 1273 3674 11022 2142 3674 11023 564 3674 11024 2142 3675 11025 1273 3675 11026 2140 3675 11027 564 3676 11028 2142 3676 11029 1266 3676 11030 2142 3677 11031 181 3677 11032 2143 3677 11033 1266 3678 11034 2143 3678 11035 502 3678 11036 2143 3679 11037 1266 3679 11038 2142 3679 11039 502 3680 11040 2143 3680 11041 1280 3680 11042 2143 3681 11043 181 3681 11044 2144 3681 11045 1280 3682 11046 2144 3682 11047 21 3682 11048 2144 3683 11049 1280 3683 11050 2143 3683 11051 21 3684 11052 2144 3684 11053 2145 3684 11054 2144 3685 11055 181 3685 11056 2137 3685 11057 2145 3686 11058 2137 3686 11059 380 3686 11060 2137 3687 11061 2145 3687 11062 2144 3687 11063 21 3688 11064 2145 3688 11065 2146 3688 11066 2145 3689 11067 380 3689 11068 2087 3689 11069 2146 3690 11070 2087 3690 11071 463 3690 11072 2087 3691 11073 2146 3691 11074 2145 3691 11075 21 3692 11076 2146 3692 11077 1781 3692 11078 2146 3693 11079 463 3693 11080 2053 3693 11081 1781 3694 11082 2053 3694 11083 216 3694 11084 2053 3695 11085 1781 3695 11086 2146 3695 11087 516 3696 11088 2129 3696 11089 2148 3696 11090 2129 3697 11091 449 3697 11092 2147 3697 11093 2148 3698 11094 2147 3698 11095 450 3698 11096 2147 3699 11097 2148 3699 11098 2129 3699 11099 450 3700 11100 2147 3700 11101 2112 3700 11102 2147 3701 11103 449 3701 11104 2149 3701 11105 2112 3702 11106 2149 3702 11107 344 3702 11108 2149 3703 11109 2112 3703 11110 2147 3703 11111 344 3704 11112 2149 3704 11113 2150 3704 11114 2149 3705 11115 449 3705 11116 2132 3705 11117 2150 3706 11118 2132 3706 11119 448 3706 11120 2132 3707 11121 2150 3707 11122 2149 3707 11123 344 3708 11124 2150 3708 11125 2151 3708 11126 2150 3709 11127 448 3709 11128 2141 3709 11129 2151 3710 11130 2141 3710 11131 68 3710 11132 2141 3711 11133 2151 3711 11134 2150 3711 11135 344 3712 11136 2151 3712 11137 2153 3712 11138 2151 3713 11139 68 3713 11140 2152 3713 11141 2153 3714 11142 2152 3714 11143 130 3714 11144 2152 3715 11145 2153 3715 11146 2151 3715 11147 130 3716 11148 2152 3716 11149 2154 3716 11150 2152 3717 11151 68 3717 11152 1271 3717 11153 2154 3718 11154 1271 3718 11155 132 3718 11156 1271 3719 11157 2154 3719 11158 2152 3719 11159 130 3720 11160 2154 3720 11161 2155 3720 11162 2154 3721 11163 132 3721 11164 1145 3721 11165 2155 3722 11166 1145 3722 11167 61 3722 11168 1145 3723 11169 2155 3723 11170 2154 3723 11171 130 3724 11172 2155 3724 11173 2156 3724 11174 2155 3725 11175 61 3725 11176 2096 3725 11177 2156 3726 11178 2096 3726 11179 193 3726 11180 2096 3727 11181 2156 3727 11182 2155 3727 11183 130 3728 11184 2156 3728 11185 2153 3728 11186 2156 3729 11187 193 3729 11188 2110 3729 11189 2153 3730 11190 2110 3730 11191 344 3730 11192 2110 3731 11193 2153 3731 11194 2156 3731 11195 383 3732 11196 1686 3732 11197 1914 3732 11198 1686 3733 11199 318 3733 11200 2157 3733 11201 1914 3734 11202 2157 3734 11203 525 3734 11204 2157 3735 11205 1914 3735 11206 1686 3735 11207 525 3736 11208 2157 3736 11209 764 3736 11210 2157 3737 11211 318 3737 11212 2158 3737 11213 764 3738 11214 2158 3738 11215 602 3738 11216 2158 3739 11217 764 3739 11218 2157 3739 11219 602 3740 11220 2158 3740 11221 769 3740 11222 2158 3741 11223 318 3741 11224 2159 3741 11225 769 3742 11226 2159 3742 11227 561 3742 11228 2159 3743 11229 769 3743 11230 2158 3743 11231 561 3744 11232 2159 3744 11233 773 3744 11234 2159 3745 11235 318 3745 11236 2160 3745 11237 773 3746 11238 2160 3746 11239 445 3746 11240 2160 3747 11241 773 3747 11242 2159 3747 11243 525 3748 11244 763 3748 11245 1918 3748 11246 763 3749 11247 444 3749 11248 2161 3749 11249 1918 3750 11250 2161 3750 11251 273 3750 11252 2161 3751 11253 1918 3751 11254 763 3751 11255 273 3752 11256 2161 3752 11257 2162 3752 11258 2161 3753 11259 444 3753 11260 762 3753 11261 2162 3754 11262 762 3754 11263 218 3754 11264 762 3755 11265 2162 3755 11266 2161 3755 11267 273 3756 11268 2162 3756 11269 1920 3756 11270 2162 3757 11271 218 3757 11272 2163 3757 11273 1920 3758 11274 2163 3758 11275 272 3758 11276 2163 3759 11277 1920 3759 11278 2162 3759 11279 302 3760 11280 1670 3760 11281 2165 3760 11282 1670 3761 11283 465 3761 11284 2164 3761 11285 2165 3762 11286 2164 3762 11287 190 3762 11288 2164 3763 11289 2165 3763 11290 1670 3763 11291 302 3764 11292 2165 3764 11293 2167 3764 11294 2165 3765 11295 190 3765 11296 2166 3765 11297 2167 3766 11298 2166 3766 11299 263 3766 11300 2166 3767 11301 2167 3767 11302 2165 3767 11303 263 3768 11304 2166 3768 11305 2169 3768 11306 2166 3769 11307 190 3769 11308 2168 3769 11309 2169 3770 11310 2168 3770 11311 471 3770 11312 2168 3771 11313 2169 3771 11314 2166 3771 11315 526 3772 11316 1030 3772 11317 2170 3772 11318 1030 3773 11319 302 3773 11320 2167 3773 11321 2170 3774 11322 2167 3774 11323 263 3774 11324 2167 3775 11325 2170 3775 11326 1030 3775 11327 526 3776 11328 2170 3776 11329 1028 3776 11330 2170 3777 11331 263 3777 11332 2171 3777 11333 1028 3778 11334 2171 3778 11335 100 3778 11336 2171 3779 11337 1028 3779 11338 2170 3779 11339 235 3780 11340 1751 3780 11341 2172 3780 11342 1751 3781 11343 524 3781 11344 1867 3781 11345 2172 3782 11346 1867 3782 11347 236 3782 11348 1867 3783 11349 2172 3783 11350 1751 3783 11351 235 3784 11352 2172 3784 11353 1756 3784 11354 2172 3785 11355 236 3785 11356 1872 3785 11357 1756 3786 11358 1872 3786 11359 462 3786 11360 1872 3787 11361 1756 3787 11362 2172 3787 11363 237 3788 11364 2173 3788 11365 1906 3788 11366 2173 3789 11367 436 3789 11368 1720 3789 11369 1906 3790 11370 1720 3790 11371 508 3790 11372 1720 3791 11373 1906 3791 11374 2173 3791 11375 538 3792 11376 2174 3792 11377 2175 3792 11378 2174 3793 11379 522 3793 11380 1970 3793 11381 2175 3794 11382 1970 3794 11383 125 3794 11384 1970 3795 11385 2175 3795 11386 2174 3795 11387 538 3796 11388 2175 3796 11389 1637 3796 11390 2175 3797 11391 125 3797 11392 2176 3797 11393 1637 3798 11394 2176 3798 11395 123 3798 11396 2176 3799 11397 1637 3799 11398 2175 3799 11399 123 3800 11400 2176 3800 11401 1630 3800 11402 2176 3801 11403 125 3801 11404 2177 3801 11405 1630 3802 11406 2177 3802 11407 507 3802 11408 2177 3803 11409 1630 3803 11410 2176 3803 11411 507 3804 11412 2177 3804 11413 2178 3804 11414 2177 3805 11415 125 3805 11416 1966 3805 11417 2178 3806 11418 1966 3806 11419 187 3806 11420 1966 3807 11421 2178 3807 11422 2177 3807 11423 629 3808 11424 2179 3808 11425 2181 3808 11426 2179 3809 11427 367 3809 11428 2180 3809 11429 2181 3810 11430 2180 3810 11431 198 3810 11432 2180 3811 11433 2181 3811 11434 2179 3811 11435 629 3812 11436 2181 3812 11437 643 3812 11438 2181 3813 11439 198 3813 11440 2182 3813 11441 643 3814 11442 2182 3814 11443 400 3814 11444 2182 3815 11445 643 3815 11446 2181 3815 11447 95 3816 11448 887 3816 11449 2183 3816 11450 887 3817 11451 94 3817 11452 2027 3817 11453 2183 3818 11454 2027 3818 11455 404 3818 11456 2027 3819 11457 2183 3819 11458 887 3819 11459 95 3820 11460 2183 3820 11461 888 3820 11462 2183 3821 11463 404 3821 11464 2184 3821 11465 888 3822 11466 2184 3822 11467 45 3822 11468 2184 3823 11469 888 3823 11470 2183 3823 11471 409 3824 11472 1827 3824 11473 2186 3824 11474 1827 3825 11475 638 3825 11476 2185 3825 11477 2186 3826 11478 2185 3826 11479 639 3826 11480 2185 3827 11481 2186 3827 11482 1827 3827 11483 409 3828 11484 2186 3828 11485 2187 3828 11486 2186 3829 11487 639 3829 11488 1433 3829 11489 2187 3830 11490 1433 3830 11491 243 3830 11492 1433 3831 11493 2187 3831 11494 2186 3831 11495 409 3832 11496 2187 3832 11497 1821 3832 11498 2187 3833 11499 243 3833 11500 1437 3833 11501 1821 3834 11502 1437 3834 11503 590 3834 11504 1437 3835 11505 1821 3835 11506 2187 3835 11507 413 3836 11508 1941 3836 11509 2189 3836 11510 1941 3837 11511 161 3837 11512 2188 3837 11513 2189 3838 11514 2188 3838 11515 529 3838 11516 2188 3839 11517 2189 3839 11518 1941 3839 11519 413 3840 11520 2189 3840 11521 2191 3840 11522 2189 3841 11523 529 3841 11524 2190 3841 11525 2191 3842 11526 2190 3842 11527 259 3842 11528 2190 3843 11529 2191 3843 11530 2189 3843 11531 231 3844 11532 2192 3844 11533 2194 3844 11534 2192 3845 11535 73 3845 11536 2193 3845 11537 2194 3846 11538 2193 3846 11539 22 3846 11540 2193 3847 11541 2194 3847 11542 2192 3847 11543 231 3848 11544 2194 3848 11545 1684 3848 11546 2194 3849 11547 22 3849 11548 2195 3849 11549 1684 3850 11550 2195 3850 11551 318 3850 11552 2195 3851 11553 1684 3851 11554 2194 3851 11555 318 3852 11556 2195 3852 11557 2160 3852 11558 2195 3853 11559 22 3853 11560 2196 3853 11561 2160 3854 11562 2196 3854 11563 445 3854 11564 2196 3855 11565 2160 3855 11566 2195 3855 11567 562 3856 11568 1729 3856 11569 1217 3856 11570 1729 3857 11571 401 3857 11572 1168 3857 11573 1217 3858 11574 1168 3858 11575 446 3858 11576 1168 3859 11577 1217 3859 11578 1729 3859 11579 33 3860 11580 1302 3860 11581 1697 3860 11582 1302 3861 11583 166 3861 11584 1839 3861 11585 1697 3862 11586 1839 3862 11587 160 3862 11588 1839 3863 11589 1697 3863 11590 1302 3863 11591 296 3864 11592 1892 3864 11593 2197 3864 11594 1892 3865 11595 517 3865 11596 1177 3865 11597 2197 3866 11598 1177 3866 11599 369 3866 11600 1177 3867 11601 2197 3867 11602 1892 3867 11603 296 3868 11604 2197 3868 11605 1888 3868 11606 2197 3869 11607 369 3869 11608 2198 3869 11609 1888 3870 11610 2198 3870 11611 173 3870 11612 2198 3871 11613 1888 3871 11614 2197 3871 11615 173 3872 11616 2198 3872 11617 1889 3872 11618 2198 3873 11619 369 3873 11620 2199 3873 11621 1889 3874 11622 2199 3874 11623 360 3874 11624 2199 3875 11625 1889 3875 11626 2198 3875 11627 360 3876 11628 2199 3876 11629 1902 3876 11630 2199 3877 11631 369 3877 11632 2200 3877 11633 1902 3878 11634 2200 3878 11635 546 3878 11636 2200 3879 11637 1902 3879 11638 2199 3879 11639 289 3880 11640 687 3880 11641 2201 3880 11642 687 3881 11643 78 3881 11644 680 3881 11645 2201 3882 11646 680 3882 11647 226 3882 11648 680 3883 11649 2201 3883 11650 687 3883 11651 84 3884 11652 721 3884 11653 2202 3884 11654 721 3885 11655 374 3885 11656 1935 3885 11657 2202 3886 11658 1935 3886 11659 532 3886 11660 1935 3887 11661 2202 3887 11662 721 3887 11663 84 3888 11664 2202 3888 11665 723 3888 11666 2202 3889 11667 532 3889 11668 2203 3889 11669 723 3890 11670 2203 3890 11671 482 3890 11672 2203 3891 11673 723 3891 11674 2202 3891 11675 482 3892 11676 2203 3892 11677 2204 3892 11678 2203 3893 11679 532 3893 11680 1933 3893 11681 2204 3894 11682 1933 3894 11683 83 3894 11684 1933 3895 11685 2204 3895 11686 2203 3895 11687 555 3896 11688 701 3896 11689 719 3896 11690 701 3897 11691 161 3897 11692 1939 3897 11693 719 3898 11694 1939 3898 11695 374 3898 11696 1939 3899 11697 719 3899 11698 701 3899 11699 530 3900 11700 1880 3900 11701 2206 3900 11702 1880 3901 11703 279 3901 11704 2205 3901 11705 2206 3902 11706 2205 3902 11707 597 3902 11708 2205 3903 11709 2206 3903 11710 1880 3903 11711 530 3904 11712 2206 3904 11713 1890 3904 11714 2206 3905 11715 597 3905 11716 1184 3905 11717 1890 3906 11718 1184 3906 11719 479 3906 11720 1184 3907 11721 1890 3907 11722 2206 3907 11723 210 3908 11724 929 3908 11725 952 3908 11726 929 3909 11727 66 3909 11728 2207 3909 11729 952 3910 11730 2207 3910 11731 64 3910 11732 2207 3911 11733 952 3911 11734 929 3911 11735 64 3912 11736 2207 3912 11737 2209 3912 11738 2207 3913 11739 66 3913 11740 2208 3913 11741 2209 3914 11742 2208 3914 11743 387 3914 11744 2208 3915 11745 2209 3915 11746 2207 3915 11747 387 3916 11748 2208 3916 11749 801 3916 11750 2208 3917 11751 66 3917 11752 1663 3917 11753 801 3918 11754 1663 3918 11755 386 3918 11756 1663 3919 11757 801 3919 11758 2208 3919 11759 387 3920 11760 800 3920 11761 2209 3920 11762 800 3921 11763 65 3921 11764 2210 3921 11765 2209 3922 11766 2210 3922 11767 64 3922 11768 2210 3923 11769 2209 3923 11770 800 3923 11771 64 3924 11772 2210 3924 11773 953 3924 11774 2210 3925 11775 65 3925 11776 2211 3925 11777 953 3926 11778 2211 3926 11779 571 3926 11780 2211 3927 11781 953 3927 11782 2210 3927 11783 571 3928 11784 2211 3928 11785 2213 3928 11786 2211 3929 11787 65 3929 11788 2212 3929 11789 2213 3930 11790 2212 3930 11791 129 3930 11792 2212 3931 11793 2213 3931 11794 2211 3931 11795 571 3932 11796 2213 3932 11797 951 3932 11798 2213 3933 11799 129 3933 11800 2214 3933 11801 951 3934 11802 2214 3934 11803 104 3934 11804 2214 3935 11805 951 3935 11806 2213 3935 11807 104 3936 11808 2214 3936 11809 975 3936 11810 2214 3937 11811 129 3937 11812 2215 3937 11813 975 3938 11814 2215 3938 11815 211 3938 11816 2215 3939 11817 975 3939 11818 2214 3939 11819 211 3940 11820 2215 3940 11821 2217 3940 11822 2215 3941 11823 129 3941 11824 2216 3941 11825 2217 3942 11826 2216 3942 11827 402 3942 11828 2216 3943 11829 2217 3943 11830 2215 3943 11831 211 3944 11832 2217 3944 11833 984 3944 11834 2217 3945 11835 402 3945 11836 988 3945 11837 984 3946 11838 988 3946 11839 467 3946 11840 988 3947 11841 984 3947 11842 2217 3947 11843 568 3948 11844 792 3948 11845 2218 3948 11846 792 3949 11847 432 3949 11848 776 3949 11849 2218 3950 11850 776 3950 11851 382 3950 11852 776 3951 11853 2218 3951 11854 792 3951 11855 568 3952 11856 2218 3952 11857 2220 3952 11858 2218 3953 11859 382 3953 11860 2219 3953 11861 2220 3954 11862 2219 3954 11863 75 3954 11864 2219 3955 11865 2220 3955 11866 2218 3955 11867 568 3956 11868 2220 3956 11869 799 3956 11870 2220 3957 11871 75 3957 11872 2221 3957 11873 799 3958 11874 2221 3958 11875 65 3958 11876 2221 3959 11877 799 3959 11878 2220 3959 11879 65 3960 11880 2221 3960 11881 2212 3960 11882 2221 3961 11883 75 3961 11884 2222 3961 11885 2212 3962 11886 2222 3962 11887 129 3962 11888 2222 3963 11889 2212 3963 11890 2221 3963 11891 129 3964 11892 2222 3964 11893 2216 3964 11894 2222 3965 11895 75 3965 11896 2223 3965 11897 2216 3966 11898 2223 3966 11899 402 3966 11900 2223 3967 11901 2216 3967 11902 2222 3967 11903 402 3968 11904 2223 3968 11905 2225 3968 11906 2223 3969 11907 75 3969 11908 2224 3969 11909 2225 3970 11910 2224 3970 11911 305 3970 11912 2224 3971 11913 2225 3971 11914 2223 3971 11915 305 3972 11916 2224 3972 11917 2226 3972 11918 2224 3973 11919 75 3973 11920 2219 3973 11921 2226 3974 11922 2219 3974 11923 382 3974 11924 2219 3975 11925 2226 3975 11926 2224 3975 11927 305 3976 11928 2226 3976 11929 2227 3976 11930 2226 3977 11931 382 3977 11932 775 3977 11933 2227 3978 11934 775 3978 11935 488 3978 11936 775 3979 11937 2227 3979 11938 2226 3979 11939 305 3980 11940 2227 3980 11941 2228 3980 11942 2227 3981 11943 488 3981 11944 781 3981 11945 2228 3982 11946 781 3982 11947 419 3982 11948 781 3983 11949 2228 3983 11950 2227 3983 11951 305 3984 11952 2228 3984 11953 2230 3984 11954 2228 3985 11955 419 3985 11956 2229 3985 11957 2230 3986 11958 2229 3986 11959 299 3986 11960 2229 3987 11961 2230 3987 11962 2228 3987 11963 299 3988 11964 2229 3988 11965 2232 3988 11966 2229 3989 11967 419 3989 11968 2231 3989 11969 2232 3990 11970 2231 3990 11971 74 3990 11972 2231 3991 11973 2232 3991 11974 2229 3991 11975 74 3992 11976 2231 3992 11977 2234 3992 11978 2231 3993 11979 419 3993 11980 2233 3993 11981 2234 3994 11982 2233 3994 11983 73 3994 11984 2233 3995 11985 2234 3995 11986 2231 3995 11987 74 3996 11988 2234 3996 11989 2235 3996 11990 2234 3997 11991 73 3997 11992 2192 3997 11993 2235 3998 11994 2192 3998 11995 231 3998 11996 2192 3999 11997 2235 3999 11998 2234 3999 11999 74 4000 12000 2235 4000 12001 2232 4000 12002 2235 4001 12003 231 4001 12004 2236 4001 12005 2232 4002 12006 2236 4002 12007 299 4002 12008 2236 4003 12009 2232 4003 12010 2235 4003 12011 299 4004 12012 2236 4004 12013 2237 4004 12014 2236 4005 12015 231 4005 12016 1721 4005 12017 2237 4006 12018 1721 4006 12019 167 4006 12020 1721 4007 12021 2237 4007 12022 2236 4007 12023 299 4008 12024 2237 4008 12025 2238 4008 12026 2237 4009 12027 167 4009 12028 1724 4009 12029 2238 4010 12030 1724 4010 12031 18 4010 12032 1724 4011 12033 2238 4011 12034 2237 4011 12035 299 4012 12036 2238 4012 12037 2239 4012 12038 2238 4013 12039 18 4013 12040 1002 4013 12041 2239 4014 12042 1002 4014 12043 264 4014 12044 1002 4015 12045 2239 4015 12046 2238 4015 12047 299 4016 12048 2239 4016 12049 2240 4016 12050 2239 4017 12051 264 4017 12052 996 4017 12053 2240 4018 12054 996 4018 12055 17 4018 12056 996 4019 12057 2240 4019 12058 2239 4019 12059 299 4020 12060 2240 4020 12061 2230 4020 12062 2240 4021 12063 17 4021 12064 2241 4021 12065 2230 4022 12066 2241 4022 12067 305 4022 12068 2241 4023 12069 2230 4023 12070 2240 4023 12071 305 4024 12072 2241 4024 12073 2242 4024 12074 2241 4025 12075 17 4025 12076 994 4025 12077 2242 4026 12078 994 4026 12079 266 4026 12080 994 4027 12081 2242 4027 12082 2241 4027 12083 305 4028 12084 2242 4028 12085 2225 4028 12086 2242 4029 12087 266 4029 12088 990 4029 12089 2225 4030 12090 990 4030 12091 402 4030 12092 990 4031 12093 2225 4031 12094 2242 4031 12095 445 4032 12096 2196 4032 12097 2243 4032 12098 2196 4033 12099 22 4033 12100 2193 4033 12101 2243 4034 12102 2193 4034 12103 73 4034 12104 2193 4035 12105 2243 4035 12106 2196 4035 12107 445 4036 12108 2243 4036 12109 2244 4036 12110 2243 4037 12111 73 4037 12112 2233 4037 12113 2244 4038 12114 2233 4038 12115 419 4038 12116 2233 4039 12117 2244 4039 12118 2243 4039 12119 445 4040 12120 2244 4040 12121 774 4040 12122 2244 4041 12123 419 4041 12124 2245 4041 12125 774 4042 12126 2245 4042 12127 560 4042 12128 2245 4043 12129 774 4043 12130 2244 4043 12131 560 4044 12132 2245 4044 12133 772 4044 12134 2245 4045 12135 419 4045 12136 785 4045 12137 772 4046 12138 785 4046 12139 485 4046 12140 785 4047 12141 772 4047 12142 2245 4047 12143 510 4048 12144 1758 4048 12145 2246 4048 12146 1758 4049 12147 462 4049 12148 1871 4049 12149 2246 4050 12150 1871 4050 12151 338 4050 12152 1871 4051 12153 2246 4051 12154 1758 4051 12155 510 4052 12156 2246 4052 12157 2247 4052 12158 2246 4053 12159 338 4053 12160 1873 4053 12161 2247 4054 12162 1873 4054 12163 509 4054 12164 1873 4055 12165 2247 4055 12166 2246 4055 12167 510 4056 12168 2247 4056 12169 1048 4056 12170 2247 4057 12171 509 4057 12172 1878 4057 12173 1048 4058 12174 1878 4058 12175 487 4058 12176 1878 4059 12177 1048 4059 12178 2247 4059 12179 101 4060 12180 2014 4060 12181 2249 4060 12182 2014 4061 12183 27 4061 12184 2248 4061 12185 2249 4062 12186 2248 4062 12187 470 4062 12188 2248 4063 12189 2249 4063 12190 2014 4063 12191 636 4064 12192 2250 4064 12193 2251 4064 12194 2250 4065 12195 207 4065 12196 1023 4065 12197 2251 4066 12198 1023 4066 12199 542 4066 12200 1023 4067 12201 2251 4067 12202 2250 4067 12203 636 4068 12204 2251 4068 12205 1850 4068 12206 2251 4069 12207 542 4069 12208 2252 4069 12209 1850 4070 12210 2252 4070 12211 9 4070 12212 2252 4071 12213 1850 4071 12214 2251 4071 12215 465 4072 12216 1669 4072 12217 2254 4072 12218 1669 4073 12219 292 4073 12220 2253 4073 12221 2254 4074 12222 2253 4074 12223 426 4074 12224 2253 4075 12225 2254 4075 12226 1669 4075 12227 426 4076 12228 2253 4076 12229 1946 4076 12230 2253 4077 12231 292 4077 12232 2255 4077 12233 1946 4078 12234 2255 4078 12235 549 4078 12236 2255 4079 12237 1946 4079 12238 2253 4079 12239 549 4080 12240 2255 4080 12241 1950 4080 12242 2255 4081 12243 292 4081 12244 2256 4081 12245 1950 4082 12246 2256 4082 12247 170 4082 12248 2256 4083 12249 1950 4083 12250 2255 4083 12251 170 4084 12252 2256 4084 12253 1699 4084 12254 2256 4085 12255 292 4085 12256 1692 4085 12257 1699 4086 12258 1692 4086 12259 350 4086 12260 1692 4087 12261 1699 4087 12262 2256 4087 12263 451 4088 12264 1988 4088 12265 2258 4088 12266 1988 4089 12267 480 4089 12268 2257 4089 12269 2258 4090 12270 2257 4090 12271 335 4090 12272 2257 4091 12273 2258 4091 12274 1988 4091 12275 414 4092 12276 1185 4092 12277 1150 4092 12278 1185 4093 12279 597 4093 12280 2259 4093 12281 1150 4094 12282 2259 4094 12283 335 4094 12284 2259 4095 12285 1150 4095 12286 1185 4095 12287 239 4096 12288 1718 4096 12289 2261 4096 12290 1718 4097 12291 436 4097 12292 2260 4097 12293 2261 4098 12294 2260 4098 12295 464 4098 12296 2260 4099 12297 2261 4099 12298 1718 4099 12299 464 4100 12300 2260 4100 12301 1052 4100 12302 2260 4101 12303 436 4101 12304 2262 4101 12305 1052 4102 12306 2262 4102 12307 238 4102 12308 2262 4103 12309 1052 4103 12310 2260 4103 12311 238 4104 12312 2262 4104 12313 2264 4104 12314 2262 4105 12315 436 4105 12316 2263 4105 12317 2264 4106 12318 2263 4106 12319 0 4106 12320 2263 4107 12321 2264 4107 12322 2262 4107 12323 53 4108 12324 1571 4108 12325 1980 4108 12326 1571 4109 12327 315 4109 12328 2265 4109 12329 1980 4110 12330 2265 4110 12331 506 4110 12332 2265 4111 12333 1980 4111 12334 1571 4111 12335 506 4112 12336 2265 4112 12337 1986 4112 12338 2265 4113 12339 315 4113 12340 2266 4113 12341 1986 4114 12342 2266 4114 12343 480 4114 12344 2266 4115 12345 1986 4115 12346 2265 4115 12347 187 4116 12348 1962 4116 12349 2268 4116 12350 1962 4117 12351 478 4117 12352 2267 4117 12353 2268 4118 12354 2267 4118 12355 241 4118 12356 2267 4119 12357 2268 4119 12358 1962 4119 12359 406 4120 12360 2269 4120 12361 2270 4120 12362 2269 4121 12363 405 4121 12364 1854 4121 12365 2270 4122 12366 1854 4122 12367 435 4122 12368 1854 4123 12369 2270 4123 12370 2269 4123 12371 406 4124 12372 2270 4124 12373 1035 4124 12374 2270 4125 12375 435 4125 12376 1716 4125 12377 1035 4126 12378 1716 4126 12379 177 4126 12380 1716 4127 12381 1035 4127 12382 2270 4127 12383 174 4128 12384 2271 4128 12385 2272 4128 12386 2271 4129 12387 369 4129 12388 1175 4129 12389 2272 4130 12390 1175 4130 12391 238 4130 12392 1175 4131 12393 2272 4131 12394 2271 4131 12395 174 4132 12396 2272 4132 12397 1714 4132 12398 2272 4133 12399 238 4133 12400 2273 4133 12401 1714 4134 12402 2273 4134 12403 545 4134 12404 2273 4135 12405 1714 4135 12406 2272 4135 12407 480 4136 12408 2266 4136 12409 2257 4136 12410 2266 4137 12411 315 4137 12412 1093 4137 12413 2257 4138 12414 1093 4138 12415 335 4138 12416 1093 4139 12417 2257 4139 12418 2266 4139 12419 471 4140 12420 1863 4140 12421 2274 4140 12422 1863 4141 12423 252 4141 12424 1856 4141 12425 2274 4142 12426 1856 4142 12427 405 4142 12428 1856 4143 12429 2274 4143 12430 1863 4143 12431 478 4144 12432 1956 4144 12433 2276 4144 12434 1956 4145 12435 233 4145 12436 2275 4145 12437 2276 4146 12438 2275 4146 12439 413 4146 12440 2275 4147 12441 2276 4147 12442 1956 4147 12443 512 4148 12444 1959 4148 12445 2277 4148 12446 1959 4149 12447 595 4149 12448 1942 4149 12449 2277 4150 12450 1942 4150 12451 413 4150 12452 1942 4151 12453 2277 4151 12454 1959 4151 12455 537 4152 12456 2278 4152 12457 2279 4152 12458 2278 4153 12459 189 4153 12460 1974 4153 12461 2279 4154 12462 1974 4154 12463 522 4154 12464 1974 4155 12465 2279 4155 12466 2278 4155 12467 537 4156 12468 2279 4156 12469 1640 4156 12470 2279 4157 12471 522 4157 12472 2174 4157 12473 1640 4158 12474 2174 4158 12475 538 4158 12476 2174 4159 12477 1640 4159 12478 2279 4159 12479 487 4160 12480 1877 4160 12481 1050 4160 12482 1877 4161 12483 245 4161 12484 2280 4161 12485 1050 4162 12486 2280 4162 12487 464 4162 12488 2280 4163 12489 1050 4163 12490 1877 4163 12491 263 4164 12492 2281 4164 12493 1033 4164 12494 2281 4165 12495 405 4165 12496 2269 4165 12497 1033 4166 12498 2269 4166 12499 406 4166 12500 2269 4167 12501 1033 4167 12502 2281 4167 12503 471 4168 12504 2274 4168 12505 2169 4168 12506 2274 4169 12507 405 4169 12508 2281 4169 12509 2169 4170 12510 2281 4170 12511 263 4170 12512 2281 4171 12513 2169 4171 12514 2274 4171 12515 353 4172 12516 1907 4172 12517 2282 4172 12518 1907 4173 12519 580 4173 12520 2000 4173 12521 2282 4174 12522 2000 4174 12523 581 4174 12524 2000 4175 12525 2282 4175 12526 1907 4175 12527 353 4176 12528 2282 4176 12529 1681 4176 12530 2282 4177 12531 581 4177 12532 1998 4177 12533 1681 4178 12534 1998 4178 12535 328 4178 12536 1998 4179 12537 1681 4179 12538 2282 4179 12539 548 4180 12540 1831 4180 12541 1828 4180 12542 1831 4181 12543 165 4181 12544 1312 4181 12545 1828 4182 12546 1312 4182 12547 354 4182 12548 1312 4183 12549 1828 4183 12550 1831 4183 12551 279 4184 12552 1879 4184 12553 2283 4184 12554 1879 4185 12555 451 4185 12556 2258 4185 12557 2283 4186 12558 2258 4186 12559 335 4186 12560 2258 4187 12561 2283 4187 12562 1879 4187 12563 303 4188 12564 1025 4188 12565 1031 4188 12566 1025 4189 12567 100 4189 12568 2171 4189 12569 1031 4190 12570 2171 4190 12571 263 4190 12572 2171 4191 12573 1031 4191 12574 1025 4191 12575 638 4192 12576 1829 4192 12577 2185 4192 12578 1829 4193 12579 354 4193 12580 1429 4193 12581 2185 4194 12582 1429 4194 12583 639 4194 12584 1429 4195 12585 2185 4195 12586 1829 4195 12587 353 4196 12588 1683 4196 12589 1908 4196 12590 1683 4197 12591 149 4197 12592 1687 4197 12593 1908 4198 12594 1687 4198 12595 383 4198 12596 1687 4199 12597 1908 4199 12598 1683 4199 12599 1 4200 12600 1836 4200 12601 1830 4200 12602 1836 4201 12603 551 4201 12604 1310 4201 12605 1830 4202 12606 1310 4202 12607 165 4202 12608 1310 4203 12609 1830 4203 12610 1836 4203 12611 521 4204 12612 1976 4204 12613 1611 4204 12614 1976 4205 12615 189 4205 12616 2284 4205 12617 1611 4206 12618 2284 4206 12619 251 4206 12620 2284 4207 12621 1611 4207 12622 1976 4207 12623 251 4208 12624 2284 4208 12625 1641 4208 12626 2284 4209 12627 189 4209 12628 2278 4209 12629 1641 4210 12630 2278 4210 12631 537 4210 12632 2278 4211 12633 1641 4211 12634 2284 4211 12635 245 4212 12636 1893 4212 12637 2280 4212 12638 1893 4213 12639 370 4213 12640 2285 4213 12641 2280 4214 12642 2285 4214 12643 464 4214 12644 2285 4215 12645 2280 4215 12646 1893 4215 12647 464 4216 12648 2285 4216 12649 2261 4216 12650 2285 4217 12651 370 4217 12652 2286 4217 12653 2261 4218 12654 2286 4218 12655 239 4218 12656 2286 4219 12657 2261 4219 12658 2285 4219 12659 590 4220 12660 1439 4220 12661 1822 4220 12662 1439 4221 12663 207 4221 12664 2250 4221 12665 1822 4222 12666 2250 4222 12667 636 4222 12668 2250 4223 12669 1822 4223 12670 1439 4223 12671 471 4224 12672 2168 4224 12673 1864 4224 12674 2168 4225 12675 190 4225 12676 1709 4225 12677 1864 4226 12678 1709 4226 12679 253 4226 12680 1709 4227 12681 1864 4227 12682 2168 4227 12683 286 4228 12684 756 4228 12685 2287 4228 12686 756 4229 12687 287 4229 12688 1926 4229 12689 2287 4230 12690 1926 4230 12691 272 4230 12692 1926 4231 12693 2287 4231 12694 756 4231 12695 190 4232 12696 2164 4232 12697 2288 4232 12698 2164 4233 12699 465 4233 12700 2254 4233 12701 2288 4234 12702 2254 4234 12703 426 4234 12704 2254 4235 12705 2288 4235 12706 2164 4235 12707 190 4236 12708 2288 4236 12709 1710 4236 12710 2288 4237 12711 426 4237 12712 1944 4237 12713 1710 4238 12714 1944 4238 12715 623 4238 12716 1944 4239 12717 1710 4239 12718 2288 4239 12719 238 4240 12720 2264 4240 12721 2290 4240 12722 2264 4241 12723 0 4241 12724 2289 4241 12725 2290 4242 12726 2289 4242 12727 547 4242 12728 2289 4243 12729 2290 4243 12730 2264 4243 12731 547 4244 12732 2289 4244 12733 1901 4244 12734 2289 4245 12735 0 4245 12736 2291 4245 12737 1901 4246 12738 2291 4246 12739 240 4246 12740 2291 4247 12741 1901 4247 12742 2289 4247 12743 240 4248 12744 2291 4248 12745 2292 4248 12746 2291 4249 12747 0 4249 12748 2263 4249 12749 2292 4250 12750 2263 4250 12751 436 4250 12752 2263 4251 12753 2292 4251 12754 2291 4251 12755 240 4252 12756 2292 4252 12757 1905 4252 12758 2292 4253 12759 436 4253 12760 2173 4253 12761 1905 4254 12762 2173 4254 12763 237 4254 12764 2173 4255 12765 1905 4255 12766 2292 4255 12767 597 4256 12768 2205 4256 12769 2259 4256 12770 2205 4257 12771 279 4257 12772 2283 4257 12773 2259 4258 12774 2283 4258 12775 335 4258 12776 2283 4259 12777 2259 4259 12778 2205 4259 12779 233 4260 12780 1955 4260 12781 2275 4260 12782 1955 4261 12783 512 4261 12784 2277 4261 12785 2275 4262 12786 2277 4262 12787 413 4262 12788 2277 4263 12789 2275 4263 12790 1955 4263 12791 572 4264 12792 1572 4264 12793 1610 4264 12794 1572 4265 12795 53 4265 12796 1978 4265 12797 1610 4266 12798 1978 4266 12799 521 4266 12800 1978 4267 12801 1610 4267 12802 1572 4267 12803 369 4268 12804 2271 4268 12805 2200 4268 12806 2271 4269 12807 174 4269 12808 1715 4269 12809 2200 4270 12810 1715 4270 12811 546 4270 12812 1715 4271 12813 2200 4271 12814 2271 4271 12815 218 4272 12816 761 4272 12817 2163 4272 12818 761 4273 12819 286 4273 12820 2287 4273 12821 2163 4274 12822 2287 4274 12823 272 4274 12824 2287 4275 12825 2163 4275 12826 761 4275 12827 545 4276 12828 2273 4276 12829 1713 4276 12830 2273 4277 12831 238 4277 12832 2290 4277 12833 1713 4278 12834 2290 4278 12835 547 4278 12836 2290 4279 12837 1713 4279 12838 2273 4279 12839 239 4280 12840 2286 4280 12841 2293 4280 12842 2286 4281 12843 370 4281 12844 1895 4281 12845 2293 4282 12846 1895 4282 12847 297 4282 12848 1895 4283 12849 2293 4283 12850 2286 4283 12851 239 4284 12852 2293 4284 12853 1719 4284 12854 2293 4285 12855 297 4285 12856 1904 4285 12857 1719 4286 12858 1904 4286 12859 508 4286 12860 1904 4287 12861 1719 4287 12862 2293 4287 12863 609 4288 12864 2294 4288 12865 2296 4288 12866 2294 4289 12867 610 4289 12868 2295 4289 12869 2296 4290 12870 2295 4290 12871 196 4290 12872 2295 4291 12873 2296 4291 12874 2294 4291 12875 83 4292 12876 1930 4292 12877 2204 4292 12878 1930 4293 12879 533 4293 12880 750 4293 12881 2204 4294 12882 750 4294 12883 482 4294 12884 750 4295 12885 2204 4295 12886 1930 4295 12887 435 4296 12888 1852 4296 12889 1717 4296 12890 1852 4297 12891 9 4297 12892 2252 4297 12893 1717 4298 12894 2252 4298 12895 542 4298 12896 2252 4299 12897 1717 4299 12898 1852 4299 12899 316 4300 12900 1506 4300 12901 2297 4300 12902 1506 4301 12903 395 4301 12904 1574 4301 12905 2297 4302 12906 1574 4302 12907 34 4302 12908 1574 4303 12909 2297 4303 12910 1506 4303 12911 316 4304 12912 2297 4304 12913 2299 4304 12914 2297 4305 12915 34 4305 12916 2298 4305 12917 2299 4306 12918 2298 4306 12919 37 4306 12920 2298 4307 12921 2299 4307 12922 2297 4307 12923 37 4308 12924 2298 4308 12925 2300 4308 12926 2298 4309 12927 34 4309 12928 1573 4309 12929 2300 4310 12930 1573 4310 12931 36 4310 12932 1573 4311 12933 2300 4311 12934 2298 4311 12935 37 4312 12936 2300 4312 12937 2301 4312 12938 2300 4313 12939 36 4313 12940 1618 4313 12941 2301 4314 12942 1618 4314 12943 35 4314 12944 1618 4315 12945 2301 4315 12946 2300 4315 12947 37 4316 12948 2301 4316 12949 2303 4316 12950 2301 4317 12951 35 4317 12952 2302 4317 12953 2303 4318 12954 2302 4318 12955 85 4318 12956 2302 4319 12957 2303 4319 12958 2301 4319 12959 85 4320 12960 2302 4320 12961 676 4320 12962 2302 4321 12963 35 4321 12964 2304 4321 12965 676 4322 12966 2304 4322 12967 227 4322 12968 2304 4323 12969 676 4323 12970 2302 4323 12971 227 4324 12972 2304 4324 12973 2306 4324 12974 2304 4325 12975 35 4325 12976 2305 4325 12977 2306 4326 12978 2305 4326 12979 429 4326 12980 2305 4327 12981 2306 4327 12982 2304 4327 12983 227 4328 12984 2306 4328 12985 678 4328 12986 2306 4329 12987 429 4329 12988 2307 4329 12989 678 4330 12990 2307 4330 12991 226 4330 12992 2307 4331 12993 678 4331 12994 2306 4331 12995 226 4332 12996 2307 4332 12997 2201 4332 12998 2307 4333 12999 429 4333 13000 691 4333 13001 2201 4334 13002 691 4334 13003 289 4334 13004 691 4335 13005 2201 4335 13006 2307 4335 13007 86 4336 13008 1803 4336 13009 874 4336 13010 1803 4337 13011 417 4337 13012 2308 4337 13013 874 4338 13014 2308 4338 13015 32 4338 13016 2308 4339 13017 874 4339 13018 1803 4339 13019 32 4340 13020 2308 4340 13021 2310 4340 13022 2308 4341 13023 417 4341 13024 2309 4341 13025 2310 4342 13026 2309 4342 13027 37 4342 13028 2309 4343 13029 2310 4343 13030 2308 4343 13031 32 4344 13032 2310 4344 13033 672 4344 13034 2310 4345 13035 37 4345 13036 2303 4345 13037 672 4346 13038 2303 4346 13039 85 4346 13040 2303 4347 13041 672 4347 13042 2310 4347 13043 37 4348 13044 2309 4348 13045 2299 4348 13046 2309 4349 13047 417 4349 13048 2311 4349 13049 2299 4350 13050 2311 4350 13051 316 4350 13052 2311 4351 13053 2299 4351 13054 2309 4351 13055 316 4352 13056 2311 4352 13057 2312 4352 13058 2311 4353 13059 417 4353 13060 1799 4353 13061 2312 4354 13062 1799 4354 13063 340 4354 13064 1799 4355 13065 2312 4355 13066 2311 4355 13067 316 4356 13068 2312 4356 13069 1507 4356 13070 2312 4357 13071 340 4357 13072 1495 4357 13073 1507 4358 13074 1495 4358 13075 624 4358 13076 1495 4359 13077 1507 4359 13078 2312 4359 13079 35 4360 13080 1617 4360 13081 2313 4360 13082 1617 4361 13083 122 4361 13084 1619 4361 13085 2313 4362 13086 1619 4362 13087 393 4362 13088 1619 4363 13089 2313 4363 13090 1617 4363 13091 35 4364 13092 2313 4364 13093 2314 4364 13094 2313 4365 13095 393 4365 13096 1625 4365 13097 2314 4366 13098 1625 4366 13099 277 4366 13100 1625 4367 13101 2314 4367 13102 2313 4367 13103 35 4368 13104 2314 4368 13105 2316 4368 13106 2314 4369 13107 277 4369 13108 2315 4369 13109 2316 4370 13110 2315 4370 13111 311 4370 13112 2315 4371 13113 2316 4371 13114 2314 4371 13115 35 4372 13116 2316 4372 13117 2305 4372 13118 2316 4373 13119 311 4373 13120 2317 4373 13121 2305 4374 13122 2317 4374 13123 429 4374 13124 2317 4375 13125 2305 4375 13126 2316 4375 13127 429 4376 13128 2317 4376 13129 2319 4376 13130 2317 4377 13131 311 4377 13132 2318 4377 13133 2319 4378 13134 2318 4378 13135 364 4378 13136 2318 4379 13137 2319 4379 13138 2317 4379 13139 364 4380 13140 2318 4380 13141 2320 4380 13142 2318 4381 13143 311 4381 13144 2315 4381 13145 2320 4382 13146 2315 4382 13147 277 4382 13148 2315 4383 13149 2320 4383 13150 2318 4383 13151 364 4384 13152 2320 4384 13153 2321 4384 13154 2320 4385 13155 277 4385 13156 1629 4385 13157 2321 4386 13158 1629 4386 13159 124 4386 13160 1629 4387 13161 2321 4387 13162 2320 4387 13163 364 4388 13164 2321 4388 13165 2323 4388 13166 2321 4389 13167 124 4389 13168 2322 4389 13169 2323 4390 13170 2322 4390 13171 596 4390 13172 2322 4391 13173 2323 4391 13174 2321 4391 13175 364 4392 13176 2323 4392 13177 2319 4392 13178 2323 4393 13179 596 4393 13180 2324 4393 13181 2319 4394 13182 2324 4394 13183 429 4394 13184 2324 4395 13185 2319 4395 13186 2323 4395 13187 429 4396 13188 2324 4396 13189 695 4396 13190 2324 4397 13191 596 4397 13192 2325 4397 13193 695 4398 13194 2325 4398 13195 118 4398 13196 2325 4399 13197 695 4399 13198 2324 4399 13199 118 4400 13200 2325 4400 13201 699 4400 13202 2325 4401 13203 596 4401 13204 2326 4401 13205 699 4402 13206 2326 4402 13207 477 4402 13208 2326 4403 13209 699 4403 13210 2325 4403 13211 477 4404 13212 2326 4404 13213 2328 4404 13214 2326 4405 13215 596 4405 13216 2327 4405 13217 2328 4406 13218 2327 4406 13219 298 4406 13220 2327 4407 13221 2328 4407 13222 2326 4407 13223 298 4408 13224 2327 4408 13225 2329 4408 13226 2327 4409 13227 596 4409 13228 2322 4409 13229 2329 4410 13230 2322 4410 13231 124 4410 13232 2322 4411 13233 2329 4411 13234 2327 4411 13235 298 4412 13236 2329 4412 13237 2330 4412 13238 2329 4413 13239 124 4413 13240 1628 4413 13241 2330 4414 13242 1628 4414 13243 175 4414 13244 1628 4415 13245 2330 4415 13246 2329 4415 13247 298 4416 13248 2330 4416 13249 2332 4416 13250 2330 4417 13251 175 4417 13252 2331 4417 13253 2332 4418 13254 2331 4418 13255 259 4418 13256 2331 4419 13257 2332 4419 13258 2330 4419 13259 298 4420 13260 2332 4420 13261 2328 4420 13262 2332 4421 13263 259 4421 13264 2333 4421 13265 2328 4422 13266 2333 4422 13267 477 4422 13268 2333 4423 13269 2328 4423 13270 2332 4423 13271 477 4424 13272 2333 4424 13273 2334 4424 13274 2333 4425 13275 259 4425 13276 2190 4425 13277 2334 4426 13278 2190 4426 13279 529 4426 13280 2190 4427 13281 2334 4427 13282 2333 4427 13283 477 4428 13284 2334 4428 13285 2335 4428 13286 2334 4429 13287 529 4429 13288 2188 4429 13289 2335 4430 13290 2188 4430 13291 161 4430 13292 2188 4431 13293 2335 4431 13294 2334 4431 13295 477 4432 13296 2335 4432 13297 700 4432 13298 2335 4433 13299 161 4433 13300 703 4433 13301 700 4434 13302 703 4434 13303 575 4434 13304 703 4435 13305 700 4435 13306 2335 4435 13307 478 4436 13308 2276 4436 13309 2336 4436 13310 2276 4437 13311 413 4437 13312 2191 4437 13313 2336 4438 13314 2191 4438 13315 259 4438 13316 2191 4439 13317 2336 4439 13318 2276 4439 13319 478 4440 13320 2336 4440 13321 2267 4440 13322 2336 4441 13323 259 4441 13324 2337 4441 13325 2267 4442 13326 2337 4442 13327 241 4442 13328 2337 4443 13329 2267 4443 13330 2336 4443 13331 241 4444 13332 2337 4444 13333 2338 4444 13334 2337 4445 13335 259 4445 13336 2331 4445 13337 2338 4446 13338 2331 4446 13339 175 4446 13340 2331 4447 13341 2338 4447 13342 2337 4447 13343 241 4448 13344 2338 4448 13345 2339 4448 13346 2338 4449 13347 175 4449 13348 1631 4449 13349 2339 4450 13350 1631 4450 13351 507 4450 13352 1631 4451 13353 2339 4451 13354 2338 4451 13355 241 4452 13356 2339 4452 13357 2268 4452 13358 2339 4453 13359 507 4453 13360 2178 4453 13361 2268 4454 13362 2178 4454 13363 187 4454 13364 2178 4455 13365 2268 4455 13366 2339 4455 13367 621 4456 13368 1540 4456 13369 2340 4456 13370 1540 4457 13371 50 4457 13372 1533 4457 13373 2340 4458 13374 1533 4458 13375 127 4458 13376 1533 4459 13377 2340 4459 13378 1540 4459 13379 621 4460 13380 2340 4460 13381 2342 4460 13382 2340 4461 13383 127 4461 13384 2341 4461 13385 2342 4462 13386 2341 4462 13387 47 4462 13388 2341 4463 13389 2342 4463 13390 2340 4463 13391 47 4464 13392 2341 4464 13393 2344 4464 13394 2341 4465 13395 127 4465 13396 2343 4465 13397 2344 4466 13398 2343 4466 13399 42 4466 13400 2343 4467 13401 2344 4467 13402 2341 4467 13403 42 4468 13404 2343 4468 13405 1522 4468 13406 2343 4469 13407 127 4469 13408 1531 4469 13409 1522 4470 13410 1531 4470 13411 40 4470 13412 1531 4471 13413 1522 4471 13414 2343 4471 13415 60 4472 13416 2097 4472 13417 2346 4472 13418 2097 4473 13419 421 4473 13420 2345 4473 13421 2346 4474 13422 2345 4474 13423 422 4474 13424 2345 4475 13425 2346 4475 13426 2097 4475 13427 422 4476 13428 2345 4476 13429 2348 4476 13430 2345 4477 13431 421 4477 13432 2347 4477 13433 2348 4478 13434 2347 4478 13435 47 4478 13436 2347 4479 13437 2348 4479 13438 2345 4479 13439 47 4480 13440 2347 4480 13441 2342 4480 13442 2347 4481 13443 421 4481 13444 2349 4481 13445 2342 4482 13446 2349 4482 13447 621 4482 13448 2349 4483 13449 2342 4483 13450 2347 4483 13451 621 4484 13452 2349 4484 13453 2350 4484 13454 2349 4485 13455 421 4485 13456 2093 4485 13457 2350 4486 13458 2093 4486 13459 520 4486 13460 2093 4487 13461 2350 4487 13462 2349 4487 13463 621 4488 13464 2350 4488 13465 1541 4488 13466 2350 4489 13467 520 4489 13468 2091 4489 13469 1541 4490 13470 2091 4490 13471 221 4490 13472 2091 4491 13473 1541 4491 13474 2350 4491 13475 191 4492 13476 2351 4492 13477 2352 4492 13478 2351 4493 13479 422 4493 13480 2348 4493 13481 2352 4494 13482 2348 4494 13483 47 4494 13484 2348 4495 13485 2352 4495 13486 2351 4495 13487 191 4496 13488 2352 4496 13489 2354 4496 13490 2352 4497 13491 47 4497 13492 2353 4497 13493 2354 4498 13494 2353 4498 13495 455 4498 13496 2353 4499 13497 2354 4499 13498 2352 4499 13499 455 4500 13500 2353 4500 13501 2355 4500 13502 2353 4501 13503 47 4501 13504 2344 4501 13505 2355 4502 13506 2344 4502 13507 42 4502 13508 2344 4503 13509 2355 4503 13510 2353 4503 13511 455 4504 13512 2355 4504 13513 2357 4504 13514 2355 4505 13515 42 4505 13516 2356 4505 13517 2357 4506 13518 2356 4506 13519 120 4506 13520 2356 4507 13521 2357 4507 13522 2355 4507 13523 120 4508 13524 2356 4508 13525 1793 4508 13526 2356 4509 13527 42 4509 13528 1530 4509 13529 1793 4510 13530 1530 4510 13531 119 4510 13532 1530 4511 13533 1793 4511 13534 2356 4511 13535 320 4512 13536 2358 4512 13537 2359 4512 13538 2358 4513 13539 191 4513 13540 2354 4513 13541 2359 4514 13542 2354 4514 13543 455 4514 13544 2354 4515 13545 2359 4515 13546 2358 4515 13547 320 4516 13548 2359 4516 13549 2361 4516 13550 2359 4517 13551 455 4517 13552 2360 4517 13553 2361 4518 13554 2360 4518 13555 574 4518 13556 2360 4519 13557 2361 4519 13558 2359 4519 13559 574 4520 13560 2360 4520 13561 2363 4520 13562 2360 4521 13563 455 4521 13564 2362 4521 13565 2363 4522 13566 2362 4522 13567 220 4522 13568 2362 4523 13569 2363 4523 13570 2360 4523 13571 220 4524 13572 2362 4524 13573 2364 4524 13574 2362 4525 13575 455 4525 13576 2357 4525 13577 2364 4526 13578 2357 4526 13579 120 4526 13580 2357 4527 13581 2364 4527 13582 2362 4527 13583 220 4528 13584 2364 4528 13585 2366 4528 13586 2364 4529 13587 120 4529 13588 2365 4529 13589 2366 4530 13590 2365 4530 13591 162 4530 13592 2365 4531 13593 2366 4531 13594 2364 4531 13595 162 4532 13596 2365 4532 13597 1816 4532 13598 2365 4533 13599 120 4533 13600 1792 4533 13601 1816 4534 13602 1792 4534 13603 554 4534 13604 1792 4535 13605 1816 4535 13606 2365 4535 13607 246 4536 13608 2367 4536 13609 2368 4536 13610 2367 4537 13611 574 4537 13612 2363 4537 13613 2368 4538 13614 2363 4538 13615 220 4538 13616 2363 4539 13617 2368 4539 13618 2367 4539 13619 246 4540 13620 2368 4540 13621 2370 4540 13622 2368 4541 13623 220 4541 13624 2369 4541 13625 2370 4542 13626 2369 4542 13627 29 4542 13628 2369 4543 13629 2370 4543 13630 2368 4543 13631 246 4544 13632 2370 4544 13633 2372 4544 13634 2370 4545 13635 29 4545 13636 2371 4545 13637 2372 4546 13638 2371 4546 13639 498 4546 13640 2371 4547 13641 2372 4547 13642 2370 4547 13643 498 4548 13644 2371 4548 13645 2374 4548 13646 2371 4549 13647 29 4549 13648 2373 4549 13649 2374 4550 13650 2373 4550 13651 28 4550 13652 2373 4551 13653 2374 4551 13654 2371 4551 13655 28 4552 13656 2373 4552 13657 2376 4552 13658 2373 4553 13659 29 4553 13660 2375 4553 13661 2376 4554 13662 2375 4554 13663 367 4554 13664 2375 4555 13665 2376 4555 13666 2373 4555 13667 367 4556 13668 2375 4556 13669 2180 4556 13670 2375 4557 13671 29 4557 13672 2377 4557 13673 2180 4558 13674 2377 4558 13675 198 4558 13676 2377 4559 13677 2180 4559 13678 2375 4559 13679 198 4560 13680 2377 4560 13681 2379 4560 13682 2377 4561 13683 29 4561 13684 2378 4561 13685 2379 4562 13686 2378 4562 13687 116 4562 13688 2378 4563 13689 2379 4563 13690 2377 4563 13691 116 4564 13692 2378 4564 13693 2380 4564 13694 2378 4565 13695 29 4565 13696 2369 4565 13697 2380 4566 13698 2369 4566 13699 220 4566 13700 2369 4567 13701 2380 4567 13702 2378 4567 13703 116 4568 13704 2380 4568 13705 2381 4568 13706 2380 4569 13707 220 4569 13708 2366 4569 13709 2381 4570 13710 2366 4570 13711 162 4570 13712 2366 4571 13713 2381 4571 13714 2380 4571 13715 116 4572 13716 2381 4572 13717 2382 4572 13718 2381 4573 13719 162 4573 13720 1814 4573 13721 2382 4574 13722 1814 4574 13723 576 4574 13724 1814 4575 13725 2382 4575 13726 2381 4575 13727 116 4576 13728 2382 4576 13729 2383 4576 13730 2382 4577 13731 576 4577 13732 651 4577 13733 2383 4578 13734 651 4578 13735 376 4578 13736 651 4579 13737 2383 4579 13738 2382 4579 13739 116 4580 13740 2383 4580 13741 2379 4580 13742 2383 4581 13743 376 4581 13744 2384 4581 13745 2379 4582 13746 2384 4582 13747 198 4582 13748 2384 4583 13749 2379 4583 13750 2383 4583 13751 198 4584 13752 2384 4584 13753 2182 4584 13754 2384 4585 13755 376 4585 13756 647 4585 13757 2182 4586 13758 647 4586 13759 400 4586 13760 647 4587 13761 2182 4587 13762 2384 4587 13763 516 4588 13764 2148 4588 13765 2385 4588 13766 2148 4589 13767 450 4589 13768 2114 4589 13769 2385 4590 13770 2114 4590 13771 616 4590 13772 2114 4591 13773 2385 4591 13774 2148 4591 13775 516 4592 13776 2385 4592 13777 2387 4592 13778 2385 4593 13779 616 4593 13780 2386 4593 13781 2387 4594 13782 2386 4594 13783 601 4594 13784 2386 4595 13785 2387 4595 13786 2385 4595 13787 516 4596 13788 2387 4596 13789 2127 4596 13790 2387 4597 13791 601 4597 13792 2388 4597 13793 2127 4598 13794 2388 4598 13795 144 4598 13796 2388 4599 13797 2127 4599 13798 2387 4599 13799 144 4600 13800 2388 4600 13801 2123 4600 13802 2388 4601 13803 601 4601 13804 2389 4601 13805 2123 4602 13806 2389 4602 13807 283 4602 13808 2389 4603 13809 2123 4603 13810 2388 4603 13811 283 4604 13812 2389 4604 13813 2391 4604 13814 2389 4605 13815 601 4605 13816 2390 4605 13817 2391 4606 13818 2390 4606 13819 146 4606 13820 2390 4607 13821 2391 4607 13822 2389 4607 13823 283 4608 13824 2391 4608 13825 2121 4608 13826 2391 4609 13827 146 4609 13828 2392 4609 13829 2121 4610 13830 2392 4610 13831 145 4610 13832 2392 4611 13833 2121 4611 13834 2391 4611 13835 145 4612 13836 2392 4612 13837 2117 4612 13838 2392 4613 13839 146 4613 13840 2393 4613 13841 2117 4614 13842 2393 4614 13843 515 4614 13844 2393 4615 13845 2117 4615 13846 2392 4615 13847 515 4616 13848 2393 4616 13849 2395 4616 13850 2393 4617 13851 146 4617 13852 2394 4617 13853 2395 4618 13854 2394 4618 13855 199 4618 13856 2394 4619 13857 2395 4619 13858 2393 4619 13859 199 4620 13860 2394 4620 13861 2396 4620 13862 2394 4621 13863 146 4621 13864 2390 4621 13865 2396 4622 13866 2390 4622 13867 601 4622 13868 2390 4623 13869 2396 4623 13870 2394 4623 13871 199 4624 13872 2396 4624 13873 2398 4624 13874 2396 4625 13875 601 4625 13876 2397 4625 13877 2398 4626 13878 2397 4626 13879 58 4626 13880 2397 4627 13881 2398 4627 13882 2396 4627 13883 58 4628 13884 2397 4628 13885 2399 4628 13886 2397 4629 13887 601 4629 13888 2386 4629 13889 2399 4630 13890 2386 4630 13891 616 4630 13892 2386 4631 13893 2399 4631 13894 2397 4631 13895 58 4632 13896 2399 4632 13897 2400 4632 13898 2399 4633 13899 616 4633 13900 2113 4633 13901 2400 4634 13902 2113 4634 13903 57 4634 13904 2113 4635 13905 2400 4635 13906 2399 4635 13907 58 4636 13908 2400 4636 13909 1705 4636 13910 2400 4637 13911 57 4637 13912 2106 4637 13913 1705 4638 13914 2106 4638 13915 615 4638 13916 2106 4639 13917 1705 4639 13918 2400 4639 13919 518 4640 13920 2401 4640 13921 2403 4640 13922 2401 4641 13923 493 4641 13924 2402 4641 13925 2403 4642 13926 2402 4642 13927 622 4642 13928 2402 4643 13929 2403 4643 13930 2401 4643 13931 518 4644 13932 2403 4644 13933 2405 4644 13934 2403 4645 13935 622 4645 13936 2404 4645 13937 2405 4646 13938 2404 4646 13939 26 4646 13940 2404 4647 13941 2405 4647 13942 2403 4647 13943 26 4648 13944 2404 4648 13945 2407 4648 13946 2404 4649 13947 622 4649 13948 2406 4649 13949 2407 4650 13950 2406 4650 13951 470 4650 13952 2406 4651 13953 2407 4651 13954 2404 4651 13955 26 4652 13956 2407 4652 13957 2408 4652 13958 2407 4653 13959 470 4653 13960 2248 4653 13961 2408 4654 13962 2248 4654 13963 27 4654 13964 2248 4655 13965 2408 4655 13966 2407 4655 13967 26 4656 13968 2408 4656 13969 2410 4656 13970 2408 4657 13971 27 4657 13972 2409 4657 13973 2410 4658 13974 2409 4658 13975 504 4658 13976 2409 4659 13977 2410 4659 13978 2408 4659 13979 504 4660 13980 2409 4660 13981 2411 4660 13982 2409 4661 13983 27 4661 13984 2013 4661 13985 2411 4662 13986 2013 4662 13987 528 4662 13988 2013 4663 13989 2411 4663 13990 2409 4663 13991 504 4664 13992 2411 4664 13993 2413 4664 13994 2411 4665 13995 528 4665 13996 2412 4665 13997 2413 4666 13998 2412 4666 13999 594 4666 14000 2412 4667 14001 2413 4667 14002 2411 4667 14003 594 4668 14004 2412 4668 14005 2414 4668 14006 2412 4669 14007 528 4669 14008 2078 4669 14009 2414 4670 14010 2078 4670 14011 205 4670 14012 2078 4671 14013 2414 4671 14014 2412 4671 14015 594 4672 14016 2414 4672 14017 2415 4672 14018 2414 4673 14019 205 4673 14020 2076 4673 14021 2415 4674 14022 2076 4674 14023 412 4674 14024 2076 4675 14025 2415 4675 14026 2414 4675 14027 594 4676 14028 2415 4676 14029 2416 4676 14030 2415 4677 14031 412 4677 14032 2072 4677 14033 2416 4678 14034 2072 4678 14035 300 4678 14036 2072 4679 14037 2416 4679 14038 2415 4679 14039 594 4680 14040 2416 4680 14041 2413 4680 14042 2416 4681 14043 300 4681 14044 2417 4681 14045 2413 4682 14046 2417 4682 14047 504 4682 14048 2417 4683 14049 2413 4683 14050 2416 4683 14051 504 4684 14052 2417 4684 14053 2418 4684 14054 2417 4685 14055 300 4685 14056 2069 4685 14057 2418 4686 14058 2069 4686 14059 115 4686 14060 2069 4687 14061 2418 4687 14062 2417 4687 14063 504 4688 14064 2418 4688 14065 2420 4688 14066 2418 4689 14067 115 4689 14068 2419 4689 14069 2420 4690 14070 2419 4690 14071 577 4690 14072 2419 4691 14073 2420 4691 14074 2418 4691 14075 577 4692 14076 2419 4692 14077 2421 4692 14078 2419 4693 14079 115 4693 14080 2065 4693 14081 2421 4694 14082 2065 4694 14083 434 4694 14084 2065 4695 14085 2421 4695 14086 2419 4695 14087 577 4696 14088 2421 4696 14089 2423 4696 14090 2421 4697 14091 434 4697 14092 2422 4697 14093 2423 4698 14094 2422 4698 14095 199 4698 14096 2422 4699 14097 2423 4699 14098 2421 4699 14099 577 4700 14100 2423 4700 14101 2420 4700 14102 2423 4701 14103 199 4701 14104 2424 4701 14105 2420 4702 14106 2424 4702 14107 504 4702 14108 2424 4703 14109 2420 4703 14110 2423 4703 14111 504 4704 14112 2424 4704 14113 2410 4704 14114 2424 4705 14115 199 4705 14116 2425 4705 14117 2410 4706 14118 2425 4706 14119 26 4706 14120 2425 4707 14121 2410 4707 14122 2424 4707 14123 26 4708 14124 2425 4708 14125 2427 4708 14126 2425 4709 14127 199 4709 14128 2426 4709 14129 2427 4710 14130 2426 4710 14131 618 4710 14132 2426 4711 14133 2427 4711 14134 2425 4711 14135 618 4712 14136 2426 4712 14137 2429 4712 14138 2426 4713 14139 199 4713 14140 2428 4713 14141 2429 4714 14142 2428 4714 14143 606 4714 14144 2428 4715 14145 2429 4715 14146 2426 4715 14147 606 4716 14148 2428 4716 14149 2431 4716 14150 2428 4717 14151 199 4717 14152 2430 4717 14153 2431 4718 14154 2430 4718 14155 607 4718 14156 2430 4719 14157 2431 4719 14158 2428 4719 14159 607 4720 14160 2430 4720 14161 2432 4720 14162 2430 4721 14163 199 4721 14164 2398 4721 14165 2432 4722 14166 2398 4722 14167 58 4722 14168 2398 4723 14169 2432 4723 14170 2430 4723 14171 607 4724 14172 2432 4724 14173 2434 4724 14174 2432 4725 14175 58 4725 14176 2433 4725 14177 2434 4726 14178 2433 4726 14179 59 4726 14180 2433 4727 14181 2434 4727 14182 2432 4727 14183 59 4728 14184 2433 4728 14185 2435 4728 14186 2433 4729 14187 58 4729 14188 1707 4729 14189 2435 4730 14190 1707 4730 14191 614 4730 14192 1707 4731 14193 2435 4731 14194 2433 4731 14195 59 4732 14196 2435 4732 14197 2436 4732 14198 2435 4733 14199 614 4733 14200 2103 4733 14201 2436 4734 14202 2103 4734 14203 492 4734 14204 2103 4735 14205 2436 4735 14206 2435 4735 14207 59 4736 14208 2436 4736 14209 2438 4736 14210 2436 4737 14211 492 4737 14212 2437 4737 14213 2438 4738 14214 2437 4738 14215 491 4738 14216 2437 4739 14217 2438 4739 14218 2436 4739 14219 491 4740 14220 2437 4740 14221 2439 4740 14222 2437 4741 14223 492 4741 14224 2099 4741 14225 2439 4742 14226 2099 4742 14227 60 4742 14228 2099 4743 14229 2439 4743 14230 2437 4743 14231 491 4744 14232 2439 4744 14233 2441 4744 14234 2439 4745 14235 60 4745 14236 2440 4745 14237 2441 4746 14238 2440 4746 14239 255 4746 14240 2440 4747 14241 2441 4747 14242 2439 4747 14243 255 4748 14244 2440 4748 14245 2442 4748 14246 2440 4749 14247 60 4749 14248 2346 4749 14249 2442 4750 14250 2346 4750 14251 422 4750 14252 2346 4751 14253 2442 4751 14254 2440 4751 14255 255 4752 14256 2442 4752 14257 2444 4752 14258 2442 4753 14259 422 4753 14260 2443 4753 14261 2444 4754 14262 2443 4754 14263 617 4754 14264 2443 4755 14265 2444 4755 14266 2442 4755 14267 617 4756 14268 2443 4756 14269 2445 4756 14270 2443 4757 14271 422 4757 14272 2351 4757 14273 2445 4758 14274 2351 4758 14275 191 4758 14276 2351 4759 14277 2445 4759 14278 2443 4759 14279 617 4760 14280 2445 4760 14281 2446 4760 14282 2445 4761 14283 191 4761 14284 2358 4761 14285 2446 4762 14286 2358 4762 14287 320 4762 14288 2358 4763 14289 2446 4763 14290 2445 4763 14291 617 4764 14292 2446 4764 14293 2444 4764 14294 2446 4765 14295 320 4765 14296 2447 4765 14297 2444 4766 14298 2447 4766 14299 255 4766 14300 2447 4767 14301 2444 4767 14302 2446 4767 14303 255 4768 14304 2447 4768 14305 2449 4768 14306 2447 4769 14307 320 4769 14308 2448 4769 14309 2449 4770 14310 2448 4770 14311 608 4770 14312 2448 4771 14313 2449 4771 14314 2447 4771 14315 608 4772 14316 2448 4772 14317 2450 4772 14318 2448 4773 14319 320 4773 14320 2361 4773 14321 2450 4774 14322 2361 4774 14323 574 4774 14324 2361 4775 14325 2450 4775 14326 2448 4775 14327 608 4776 14328 2450 4776 14329 2451 4776 14330 2450 4777 14331 574 4777 14332 2367 4777 14333 2451 4778 14334 2367 4778 14335 246 4778 14336 2367 4779 14337 2451 4779 14338 2450 4779 14339 608 4780 14340 2451 4780 14341 2453 4780 14342 2451 4781 14343 246 4781 14344 2452 4781 14345 2453 4782 14346 2452 4782 14347 428 4782 14348 2452 4783 14349 2453 4783 14350 2451 4783 14351 428 4784 14352 2452 4784 14353 2454 4784 14354 2452 4785 14355 246 4785 14356 2372 4785 14357 2454 4786 14358 2372 4786 14359 498 4786 14360 2372 4787 14361 2454 4787 14362 2452 4787 14363 428 4788 14364 2454 4788 14365 2455 4788 14366 2454 4789 14367 498 4789 14368 2374 4789 14369 2455 4790 14370 2374 4790 14371 28 4790 14372 2374 4791 14373 2455 4791 14374 2454 4791 14375 428 4792 14376 2455 4792 14377 2457 4792 14378 2455 4793 14379 28 4793 14380 2456 4793 14381 2457 4794 14382 2456 4794 14383 55 4794 14384 2456 4795 14385 2457 4795 14386 2455 4795 14387 55 4796 14388 2456 4796 14389 2459 4796 14390 2456 4797 14391 28 4797 14392 2458 4797 14393 2459 4798 14394 2458 4798 14395 56 4798 14396 2458 4799 14397 2459 4799 14398 2456 4799 14399 55 4800 14400 2459 4800 14401 2461 4800 14402 2459 4801 14403 56 4801 14404 2460 4801 14405 2461 4802 14406 2460 4802 14407 26 4802 14408 2460 4803 14409 2461 4803 14410 2459 4803 14411 26 4804 14412 2460 4804 14413 2463 4804 14414 2460 4805 14415 56 4805 14416 2462 4805 14417 2463 4806 14418 2462 4806 14419 223 4806 14420 2462 4807 14421 2463 4807 14422 2460 4807 14423 26 4808 14424 2463 4808 14425 2465 4808 14426 2463 4809 14427 223 4809 14428 2464 4809 14429 2465 4810 14430 2464 4810 14431 490 4810 14432 2464 4811 14433 2465 4811 14434 2463 4811 14435 490 4812 14436 2464 4812 14437 2467 4812 14438 2464 4813 14439 223 4813 14440 2466 4813 14441 2467 4814 14442 2466 4814 14443 321 4814 14444 2466 4815 14445 2467 4815 14446 2464 4815 14447 490 4816 14448 2467 4816 14449 2469 4816 14450 2467 4817 14451 321 4817 14452 2468 4817 14453 2469 4818 14454 2468 4818 14455 610 4818 14456 2468 4819 14457 2469 4819 14458 2467 4819 14459 490 4820 14460 2469 4820 14461 2470 4820 14462 2469 4821 14463 610 4821 14464 2294 4821 14465 2470 4822 14466 2294 4822 14467 609 4822 14468 2294 4823 14469 2470 4823 14470 2469 4823 14471 490 4824 14472 2470 4824 14473 2465 4824 14474 2470 4825 14475 609 4825 14476 2471 4825 14477 2465 4826 14478 2471 4826 14479 26 4826 14480 2471 4827 14481 2465 4827 14482 2470 4827 14483 26 4828 14484 2471 4828 14485 2405 4828 14486 2471 4829 14487 609 4829 14488 2472 4829 14489 2405 4830 14490 2472 4830 14491 518 4830 14492 2472 4831 14493 2405 4831 14494 2471 4831 14495 608 4832 14496 2453 4832 14497 2473 4832 14498 2453 4833 14499 428 4833 14500 2457 4833 14501 2473 4834 14502 2457 4834 14503 55 4834 14504 2457 4835 14505 2473 4835 14506 2453 4835 14507 608 4836 14508 2473 4836 14509 2474 4836 14510 2473 4837 14511 55 4837 14512 2461 4837 14513 2474 4838 14514 2461 4838 14515 26 4838 14516 2461 4839 14517 2474 4839 14518 2473 4839 14519 608 4840 14520 2474 4840 14521 2475 4840 14522 2474 4841 14523 26 4841 14524 2427 4841 14525 2475 4842 14526 2427 4842 14527 618 4842 14528 2427 4843 14529 2475 4843 14530 2474 4843 14531 608 4844 14532 2475 4844 14533 2449 4844 14534 2475 4845 14535 618 4845 14536 2476 4845 14537 2449 4846 14538 2476 4846 14539 255 4846 14540 2476 4847 14541 2449 4847 14542 2475 4847 14543 255 4848 14544 2476 4848 14545 2441 4848 14546 2476 4849 14547 618 4849 14548 2477 4849 14549 2441 4850 14550 2477 4850 14551 491 4850 14552 2477 4851 14553 2441 4851 14554 2476 4851 14555 491 4852 14556 2477 4852 14557 2479 4852 14558 2477 4853 14559 618 4853 14560 2478 4853 14561 2479 4854 14562 2478 4854 14563 323 4854 14564 2478 4855 14565 2479 4855 14566 2477 4855 14567 323 4856 14568 2478 4856 14569 2480 4856 14570 2478 4857 14571 618 4857 14572 2429 4857 14573 2480 4858 14574 2429 4858 14575 606 4858 14576 2429 4859 14577 2480 4859 14578 2478 4859 14579 323 4860 14580 2480 4860 14581 2481 4860 14582 2480 4861 14583 606 4861 14584 2431 4861 14585 2481 4862 14586 2431 4862 14587 607 4862 14588 2431 4863 14589 2481 4863 14590 2480 4863 14591 323 4864 14592 2481 4864 14593 2482 4864 14594 2481 4865 14595 607 4865 14596 2434 4865 14597 2482 4866 14598 2434 4866 14599 59 4866 14600 2434 4867 14601 2482 4867 14602 2481 4867 14603 323 4868 14604 2482 4868 14605 2479 4868 14606 2482 4869 14607 59 4869 14608 2438 4869 14609 2479 4870 14610 2438 4870 14611 491 4870 14612 2438 4871 14613 2479 4871 14614 2482 4871 14615 199 4872 14616 2422 4872 14617 2484 4872 14618 2422 4873 14619 434 4873 14620 2483 4873 14621 2484 4874 14622 2483 4874 14623 13 4874 14624 2483 4875 14625 2484 4875 14626 2422 4875 14627 13 4876 14628 2483 4876 14629 2485 4876 14630 2483 4877 14631 434 4877 14632 2063 4877 14633 2485 4878 14634 2063 4878 14635 219 4878 14636 2063 4879 14637 2485 4879 14638 2483 4879 14639 13 4880 14640 2485 4880 14641 2487 4880 14642 2485 4881 14643 219 4881 14644 2486 4881 14645 2487 4882 14646 2486 4882 14647 178 4882 14648 2486 4883 14649 2487 4883 14650 2485 4883 14651 13 4884 14652 2487 4884 14653 2484 4884 14654 2487 4885 14655 178 4885 14656 2488 4885 14657 2484 4886 14658 2488 4886 14659 199 4886 14660 2488 4887 14661 2484 4887 14662 2487 4887 14663 199 4888 14664 2488 4888 14665 2490 4888 14666 2488 4889 14667 178 4889 14668 2489 4889 14669 2490 4890 14670 2489 4890 14671 270 4890 14672 2489 4891 14673 2490 4891 14674 2488 4891 14675 270 4892 14676 2489 4892 14677 2491 4892 14678 2489 4893 14679 178 4893 14680 2486 4893 14681 2491 4894 14682 2486 4894 14683 219 4894 14684 2486 4895 14685 2491 4895 14686 2489 4895 14687 270 4896 14688 2491 4896 14689 2492 4896 14690 2491 4897 14691 219 4897 14692 2059 4897 14693 2492 4898 14694 2059 4898 14695 285 4898 14696 2059 4899 14697 2492 4899 14698 2491 4899 14699 270 4900 14700 2492 4900 14701 2493 4900 14702 2492 4901 14703 285 4901 14704 2055 4901 14705 2493 4902 14706 2055 4902 14707 515 4902 14708 2055 4903 14709 2493 4903 14710 2492 4903 14711 270 4904 14712 2493 4904 14713 2490 4904 14714 2493 4905 14715 515 4905 14716 2395 4905 14717 2490 4906 14718 2395 4906 14719 199 4906 14720 2395 4907 14721 2490 4907 14722 2493 4907 14723 629 4908 14724 642 4908 14725 2494 4908 14726 642 4909 14727 151 4909 14728 825 4909 14729 2494 4910 14730 825 4910 14731 566 4910 14732 825 4911 14733 2494 4911 14734 642 4911 14735 629 4912 14736 2494 4912 14737 2496 4912 14738 2494 4913 14739 566 4913 14740 2495 4913 14741 2496 4914 14742 2495 4914 14743 385 4914 14744 2495 4915 14745 2496 4915 14746 2494 4915 14747 629 4916 14748 2496 4916 14749 2179 4916 14750 2496 4917 14751 385 4917 14752 2497 4917 14753 2179 4918 14754 2497 4918 14755 367 4918 14756 2497 4919 14757 2179 4919 14758 2496 4919 14759 367 4920 14760 2497 4920 14761 2499 4920 14762 2497 4921 14763 385 4921 14764 2498 4921 14765 2499 4922 14766 2498 4922 14767 582 4922 14768 2498 4923 14769 2499 4923 14770 2497 4923 14771 582 4924 14772 2498 4924 14773 2501 4924 14774 2498 4925 14775 385 4925 14776 2500 4925 14777 2501 4926 14778 2500 4926 14779 195 4926 14780 2500 4927 14781 2501 4927 14782 2498 4927 14783 195 4928 14784 2500 4928 14785 2502 4928 14786 2500 4929 14787 385 4929 14788 2495 4929 14789 2502 4930 14790 2495 4930 14791 566 4930 14792 2495 4931 14793 2502 4931 14794 2500 4931 14795 195 4932 14796 2502 4932 14797 2504 4932 14798 2502 4933 14799 566 4933 14800 2503 4933 14801 2504 4934 14802 2503 4934 14803 611 4934 14804 2503 4935 14805 2504 4935 14806 2502 4935 14807 611 4936 14808 2503 4936 14809 2505 4936 14810 2503 4937 14811 566 4937 14812 823 4937 14813 2505 4938 14814 823 4938 14815 567 4938 14816 823 4939 14817 2505 4939 14818 2503 4939 14819 611 4940 14820 2505 4940 14821 2507 4940 14822 2505 4941 14823 567 4941 14824 2506 4941 14825 2507 4942 14826 2506 4942 14827 244 4942 14828 2506 4943 14829 2507 4943 14830 2505 4943 14831 244 4944 14832 2506 4944 14833 2508 4944 14834 2506 4945 14835 567 4945 14836 819 4945 14837 2508 4946 14838 819 4946 14839 107 4946 14840 819 4947 14841 2508 4947 14842 2506 4947 14843 244 4948 14844 2508 4948 14845 2509 4948 14846 2508 4949 14847 107 4949 14848 1644 4949 14849 2509 4950 14850 1644 4950 14851 535 4950 14852 1644 4951 14853 2509 4951 14854 2508 4951 14855 244 4952 14856 2509 4952 14857 2511 4952 14858 2509 4953 14859 535 4953 14860 2510 4953 14861 2511 4954 14862 2510 4954 14863 14 4954 14864 2510 4955 14865 2511 4955 14866 2509 4955 14867 14 4956 14868 2510 4956 14869 2512 4956 14870 2510 4957 14871 535 4957 14872 1642 4957 14873 2512 4958 14874 1642 4958 14875 589 4958 14876 1642 4959 14877 2512 4959 14878 2510 4959 14879 14 4960 14880 2512 4960 14881 2514 4960 14882 2512 4961 14883 589 4961 14884 2513 4961 14885 2514 4962 14886 2513 4962 14887 404 4962 14888 2513 4963 14889 2514 4963 14890 2512 4963 14891 404 4964 14892 2513 4964 14893 2184 4964 14894 2513 4965 14895 589 4965 14896 902 4965 14897 2184 4966 14898 902 4966 14899 45 4966 14900 902 4967 14901 2184 4967 14902 2513 4967 14903 56 4968 14904 2458 4968 14905 2515 4968 14906 2458 4969 14907 28 4969 14908 2376 4969 14909 2515 4970 14910 2376 4970 14911 367 4970 14912 2376 4971 14913 2515 4971 14914 2458 4971 14915 56 4972 14916 2515 4972 14917 2517 4972 14918 2515 4973 14919 367 4973 14920 2516 4973 14921 2517 4974 14922 2516 4974 14923 499 4974 14924 2516 4975 14925 2517 4975 14926 2515 4975 14927 499 4976 14928 2516 4976 14929 2518 4976 14930 2516 4977 14931 367 4977 14932 2499 4977 14933 2518 4978 14934 2499 4978 14935 582 4978 14936 2499 4979 14937 2518 4979 14938 2516 4979 14939 499 4980 14940 2518 4980 14941 2520 4980 14942 2518 4981 14943 582 4981 14944 2519 4981 14945 2520 4982 14946 2519 4982 14947 143 4982 14948 2519 4983 14949 2520 4983 14950 2518 4983 14951 143 4984 14952 2519 4984 14953 2522 4984 14954 2519 4985 14955 582 4985 14956 2521 4985 14957 2522 4986 14958 2521 4986 14959 420 4986 14960 2521 4987 14961 2522 4987 14962 2519 4987 14963 420 4988 14964 2521 4988 14965 2523 4988 14966 2521 4989 14967 582 4989 14968 2501 4989 14969 2523 4990 14970 2501 4990 14971 195 4990 14972 2501 4991 14973 2523 4991 14974 2521 4991 14975 420 4992 14976 2523 4992 14977 2525 4992 14978 2523 4993 14979 195 4993 14980 2524 4993 14981 2525 4994 14982 2524 4994 14983 321 4994 14984 2524 4995 14985 2525 4995 14986 2523 4995 14987 420 4996 14988 2525 4996 14989 2526 4996 14990 2525 4997 14991 321 4997 14992 2466 4997 14993 2526 4998 14994 2466 4998 14995 223 4998 14996 2466 4999 14997 2526 4999 14998 2525 4999 14999 420 5000 15000 2526 5000 15001 2522 5000 15002 2526 5001 15003 223 5001 15004 2527 5001 15005 2522 5002 15006 2527 5002 15007 143 5002 15008 2527 5003 15009 2522 5003 15010 2526 5003 15011 143 5004 15012 2527 5004 15013 2520 5004 15014 2527 5005 15015 223 5005 15016 2528 5005 15017 2520 5006 15018 2528 5006 15019 499 5006 15020 2528 5007 15021 2520 5007 15022 2527 5007 15023 499 5008 15024 2528 5008 15025 2517 5008 15026 2528 5009 15027 223 5009 15028 2462 5009 15029 2517 5010 15030 2462 5010 15031 56 5010 15032 2462 5011 15033 2517 5011 15034 2528 5011 15035 611 5012 15036 2507 5012 15037 2504 5012 15038 2507 5013 15039 244 5013 15040 2529 5013 15041 2504 5014 15042 2529 5014 15043 195 5014 15044 2529 5015 15045 2504 5015 15046 2507 5015 15047 195 5016 15048 2529 5016 15049 2531 5016 15050 2529 5017 15051 244 5017 15052 2530 5017 15053 2531 5018 15054 2530 5018 15055 541 5018 15056 2530 5019 15057 2531 5019 15058 2529 5019 15059 541 5020 15060 2530 5020 15061 2532 5020 15062 2530 5021 15063 244 5021 15064 2511 5021 15065 2532 5022 15066 2511 5022 15067 14 5022 15068 2511 5023 15069 2532 5023 15070 2530 5023 15071 541 5024 15072 2532 5024 15073 2534 5024 15074 2532 5025 15075 14 5025 15076 2533 5025 15077 2534 5026 15078 2533 5026 15079 333 5026 15080 2533 5027 15081 2534 5027 15082 2532 5027 15083 333 5028 15084 2533 5028 15085 2536 5028 15086 2533 5029 15087 14 5029 15088 2535 5029 15089 2536 5030 15090 2535 5030 15091 309 5030 15092 2535 5031 15093 2536 5031 15094 2533 5031 15095 309 5032 15096 2535 5032 15097 2537 5032 15098 2535 5033 15099 14 5033 15100 2514 5033 15101 2537 5034 15102 2514 5034 15103 404 5034 15104 2514 5035 15105 2537 5035 15106 2535 5035 15107 309 5036 15108 2537 5036 15109 2538 5036 15110 2537 5037 15111 404 5037 15112 2026 5037 15113 2538 5038 15114 2026 5038 15115 408 5038 15116 2026 5039 15117 2538 5039 15118 2537 5039 15119 309 5040 15120 2538 5040 15121 2540 5040 15122 2538 5041 15123 408 5041 15124 2539 5041 15125 2540 5042 15126 2539 5042 15127 46 5042 15128 2539 5043 15129 2540 5043 15130 2538 5043 15131 46 5044 15132 2539 5044 15133 2541 5044 15134 2539 5045 15135 408 5045 15136 2016 5045 15137 2541 5046 15138 2016 5046 15139 101 5046 15140 2016 5047 15141 2541 5047 15142 2539 5047 15143 46 5048 15144 2541 5048 15145 2542 5048 15146 2541 5049 15147 101 5049 15148 2249 5049 15149 2542 5050 15150 2249 5050 15151 470 5050 15152 2249 5051 15153 2542 5051 15154 2541 5051 15155 46 5052 15156 2542 5052 15157 2543 5052 15158 2542 5053 15159 470 5053 15160 2406 5053 15161 2543 5054 15162 2406 5054 15163 622 5054 15164 2406 5055 15165 2543 5055 15166 2542 5055 15167 46 5056 15168 2543 5056 15169 2545 5056 15170 2543 5057 15171 622 5057 15172 2544 5057 15173 2545 5058 15174 2544 5058 15175 54 5058 15176 2544 5059 15177 2545 5059 15178 2543 5059 15179 54 5060 15180 2544 5060 15181 2546 5060 15182 2544 5061 15183 622 5061 15184 2402 5061 15185 2546 5062 15186 2402 5062 15187 493 5062 15188 2402 5063 15189 2546 5063 15190 2544 5063 15191 54 5064 15192 2546 5064 15193 2548 5064 15194 2546 5065 15195 493 5065 15196 2547 5065 15197 2548 5066 15198 2547 5066 15199 619 5066 15200 2547 5067 15201 2548 5067 15202 2546 5067 15203 54 5068 15204 2548 5068 15205 2545 5068 15206 2548 5069 15207 619 5069 15208 2549 5069 15209 2545 5070 15210 2549 5070 15211 46 5070 15212 2549 5071 15213 2545 5071 15214 2548 5071 15215 46 5072 15216 2549 5072 15217 2551 5072 15218 2549 5073 15219 619 5073 15220 2550 5073 15221 2551 5074 15222 2550 5074 15223 333 5074 15224 2550 5075 15225 2551 5075 15226 2549 5075 15227 46 5076 15228 2551 5076 15229 2540 5076 15230 2551 5077 15231 333 5077 15232 2536 5077 15233 2540 5078 15234 2536 5078 15235 309 5078 15236 2536 5079 15237 2540 5079 15238 2551 5079 15239 196 5080 15240 2295 5080 15241 2552 5080 15242 2295 5081 15243 610 5081 15244 2468 5081 15245 2552 5082 15246 2468 5082 15247 321 5082 15248 2468 5083 15249 2552 5083 15250 2295 5083 15251 196 5084 15252 2552 5084 15253 2553 5084 15254 2552 5085 15255 321 5085 15256 2524 5085 15257 2553 5086 15258 2524 5086 15259 195 5086 15260 2524 5087 15261 2553 5087 15262 2552 5087 15263 196 5088 15264 2553 5088 15265 2554 5088 15266 2553 5089 15267 195 5089 15268 2531 5089 15269 2554 5090 15270 2531 5090 15271 541 5090 15272 2531 5091 15273 2554 5091 15274 2553 5091 15275 196 5092 15276 2554 5092 15277 2556 5092 15278 2554 5093 15279 541 5093 15280 2555 5093 15281 2556 5094 15282 2555 5094 15283 634 5094 15284 2555 5095 15285 2556 5095 15286 2554 5095 15287 634 5096 15288 2555 5096 15289 2557 5096 15290 2555 5097 15291 541 5097 15292 2534 5097 15293 2557 5098 15294 2534 5098 15295 333 5098 15296 2534 5099 15297 2557 5099 15298 2555 5099 15299 634 5100 15300 2557 5100 15301 2558 5100 15302 2557 5101 15303 333 5101 15304 2550 5101 15305 2558 5102 15306 2550 5102 15307 619 5102 15308 2550 5103 15309 2558 5103 15310 2557 5103 15311 634 5104 15312 2558 5104 15313 2559 5104 15314 2558 5105 15315 619 5105 15316 2547 5105 15317 2559 5106 15318 2547 5106 15319 493 5106 15320 2547 5107 15321 2559 5107 15322 2558 5107 15323 634 5108 15324 2559 5108 15325 2560 5108 15326 2559 5109 15327 493 5109 15328 2401 5109 15329 2560 5110 15330 2401 5110 15331 518 5110 15332 2401 5111 15333 2560 5111 15334 2559 5111 15335 634 5112 15336 2560 5112 15337 2556 5112 15338 2560 5113 15339 518 5113 15340 2561 5113 15341 2556 5114 15342 2561 5114 15343 196 5114 15344 2561 5115 15345 2556 5115 15346 2560 5115 15347 196 5116 15348 2561 5116 15349 2296 5116 15350 2561 5117 15351 518 5117 15352 2472 5117 15353 2296 5118 15354 2472 5118 15355 609 5118 15356 2472 5119 15357 2296 5119 15358 2561 5119 15359</p>
                </triangles>
            </mesh>
        </geometry>
    </library_geometries>
    <library_visual_scenes>
        <visual_scene id="VisualSceneNode" name="VisualScene">
            <node id="node" name="node">
                <instance_geometry url="#shape0-lib">
                    <bind_material>
                        <technique_common>
                            <instance_material symbol="material0" target="#material0">
                                <bind_vertex_input semantic="UVSET0" input_semantic="TEXCOORD"/>
                            </instance_material>
                        </technique_common>
                    </bind_material>
                </instance_geometry>
            </node>
        </visual_scene>
    </library_visual_scenes>
    <scene>
        <instance_visual_scene url="#VisualSceneNode"/>
    </scene>
</COLLADA>
